ocel_event_id;ocel_object_id;ocel_qualifier
lodge_Pcp497;Pcp497;lodged pickup plan
lodge_Pcp497;Cr14;cargo to be picked up
lodge_Pcp465;Pcp465;lodged pickup plan
lodge_Pcp465;Cr18;cargo to be picked up
lodge_Pcp156;Pcp156;lodged pickup plan
lodge_Pcp156;Cr3;cargo to be picked up
lodge_Pcp12;Pcp12;lodged pickup plan
lodge_Pcp12;Cr4;cargo to be picked up
lodge_Pcp385;Pcp385;lodged pickup plan
lodge_Pcp385;Cr7;cargo to be picked up
lodge_Pcp395;Pcp395;lodged pickup plan
lodge_Pcp395;Cr20;cargo to be picked up
lodge_Pcp46;Pcp46;lodged pickup plan
lodge_Pcp46;Cr15;cargo to be picked up
lodge_Pcp110;Pcp110;lodged pickup plan
lodge_Pcp110;Cr5;cargo to be picked up
lodge_Pcp407;Pcp407;lodged pickup plan
lodge_Pcp407;Cr19;cargo to be picked up
lodge_Pcp9;Pcp9;lodged pickup plan
lodge_Pcp9;Cr13;cargo to be picked up
lodge_Pcp95;Pcp95;lodged pickup plan
lodge_Pcp95;Cr17;cargo to be picked up
lodge_Pcp107;Pcp107;lodged pickup plan
lodge_Pcp107;Cr12;cargo to be picked up
lodge_Pcp89;Pcp89;lodged pickup plan
lodge_Pcp89;Cr16;cargo to be picked up
lodge_Pcp41;Pcp41;lodged pickup plan
lodge_Pcp41;Cr18;cargo to be picked up
lodge_Pcp294;Pcp294;lodged pickup plan
lodge_Pcp294;Cr2;cargo to be picked up
lodge_Pcp483;Pcp483;lodged pickup plan
lodge_Pcp483;Cr1;cargo to be picked up
lodge_Pcp69;Pcp69;lodged pickup plan
lodge_Pcp69;Cr7;cargo to be picked up
lodge_Pcp324;Pcp324;lodged pickup plan
lodge_Pcp324;Cr8;cargo to be picked up
lodge_Pcp119;Pcp119;lodged pickup plan
lodge_Pcp119;Cr5;cargo to be picked up
lodge_Pcp320;Pcp320;lodged pickup plan
lodge_Pcp320;Cr6;cargo to be picked up
lodge_Pcp291;Pcp291;lodged pickup plan
lodge_Pcp291;Cr19;cargo to be picked up
lodge_Pcp490;Pcp490;lodged pickup plan
lodge_Pcp490;Cr20;cargo to be picked up
lodge_Pcp100;Pcp100;lodged pickup plan
lodge_Pcp100;Cr17;cargo to be picked up
lodge_Pcp116;Pcp116;lodged pickup plan
lodge_Pcp116;Cr13;cargo to be picked up
lodge_Pcp134;Pcp134;lodged pickup plan
lodge_Pcp134;Cr4;cargo to be picked up
lodge_Pcp391;Pcp391;lodged pickup plan
lodge_Pcp391;Cr18;cargo to be picked up
lodge_Pcp360;Pcp360;lodged pickup plan
lodge_Pcp360;Cr3;cargo to be picked up
lodge_Pcp245;Pcp245;lodged pickup plan
lodge_Pcp245;Cr7;cargo to be picked up
lodge_Pcp106;Pcp106;lodged pickup plan
lodge_Pcp106;Cr9;cargo to be picked up
lodge_Pcp219;Pcp219;lodged pickup plan
lodge_Pcp219;Cr11;cargo to be picked up
lodge_Pcp268;Pcp268;lodged pickup plan
lodge_Pcp268;Cr10;cargo to be picked up
lodge_Pcp130;Pcp130;lodged pickup plan
lodge_Pcp130;Cr1;cargo to be picked up
lodge_Pcp159;Pcp159;lodged pickup plan
lodge_Pcp159;Cr13;cargo to be picked up
lodge_Pcp145;Pcp145;lodged pickup plan
lodge_Pcp145;Cr16;cargo to be picked up
lodge_Pcp454;Pcp454;lodged pickup plan
lodge_Pcp454;Cr3;cargo to be picked up
lodge_Pcp434;Pcp434;lodged pickup plan
lodge_Pcp434;Cr8;cargo to be picked up
lodge_Pcp208;Pcp208;lodged pickup plan
lodge_Pcp208;Cr14;cargo to be picked up
lodge_Pcp105;Pcp105;lodged pickup plan
lodge_Pcp105;Cr5;cargo to be picked up
lodge_Pcp290;Pcp290;lodged pickup plan
lodge_Pcp290;Cr15;cargo to be picked up
lodge_Pcp296;Pcp296;lodged pickup plan
lodge_Pcp296;Cr12;cargo to be picked up
lodge_Pcp161;Pcp161;lodged pickup plan
lodge_Pcp161;Cr6;cargo to be picked up
lodge_Pcp240;Pcp240;lodged pickup plan
lodge_Pcp240;Cr2;cargo to be picked up
lodge_Pcp415;Pcp415;lodged pickup plan
lodge_Pcp415;Cr7;cargo to be picked up
lodge_Pcp270;Pcp270;lodged pickup plan
lodge_Pcp270;Cr17;cargo to be picked up
lodge_Pcp170;Pcp170;lodged pickup plan
lodge_Pcp170;Cr18;cargo to be picked up
lodge_Pcp226;Pcp226;lodged pickup plan
lodge_Pcp226;Cr10;cargo to be picked up
lodge_Pcp103;Pcp103;lodged pickup plan
lodge_Pcp103;Cr20;cargo to be picked up
lodge_Pcp4;Pcp4;lodged pickup plan
lodge_Pcp4;Cr19;cargo to be picked up
lodge_Pcp73;Pcp73;lodged pickup plan
lodge_Pcp73;Cr9;cargo to be picked up
lodge_Pcp14;Pcp14;lodged pickup plan
lodge_Pcp14;Cr11;cargo to be picked up
lodge_Pcp396;Pcp396;lodged pickup plan
lodge_Pcp396;Cr4;cargo to be picked up
lodge_Pcp451;Pcp451;lodged pickup plan
lodge_Pcp451;Cr14;cargo to be picked up
lodge_Pcp126;Pcp126;lodged pickup plan
lodge_Pcp126;Cr13;cargo to be picked up
lodge_Pcp365;Pcp365;lodged pickup plan
lodge_Pcp365;Cr3;cargo to be picked up
lodge_Pcp151;Pcp151;lodged pickup plan
lodge_Pcp151;Cr18;cargo to be picked up
lodge_Pcp35;Pcp35;lodged pickup plan
lodge_Pcp35;Cr1;cargo to be picked up
assess_Pcp35;Pcp35;pickup plan to be assessed
approve_Pcp35;Pcp35;pickup plan approved
lodge_Pcp85;Pcp85;lodged pickup plan
lodge_Pcp85;Cr8;cargo to be picked up
lodge_Pcp258;Pcp258;lodged pickup plan
lodge_Pcp258;Cr5;cargo to be picked up
lodge_Pcp7;Pcp7;lodged pickup plan
lodge_Pcp7;Cr16;cargo to be picked up
lodge_Pcp76;Pcp76;lodged pickup plan
lodge_Pcp76;Cr19;cargo to be picked up
lodge_Pcp284;Pcp284;lodged pickup plan
lodge_Pcp284;Cr11;cargo to be picked up
lodge_Pcp48;Pcp48;lodged pickup plan
lodge_Pcp48;Cr2;cargo to be picked up
lodge_Pcp433;Pcp433;lodged pickup plan
lodge_Pcp433;Cr12;cargo to be picked up
lodge_Pcp155;Pcp155;lodged pickup plan
lodge_Pcp155;Cr20;cargo to be picked up
lodge_Pcp403;Pcp403;lodged pickup plan
lodge_Pcp403;Cr3;cargo to be picked up
lodge_Pcp88;Pcp88;lodged pickup plan
lodge_Pcp88;Cr14;cargo to be picked up
assess_Pcp88;Pcp88;pickup plan to be assessed
approve_Pcp88;Pcp88;pickup plan approved
lodge_Pcp436;Pcp436;lodged pickup plan
lodge_Pcp436;Cr1;cargo to be picked up
lodge_Pcp158;Pcp158;lodged pickup plan
lodge_Pcp158;Cr10;cargo to be picked up
lodge_Pcp93;Pcp93;lodged pickup plan
lodge_Pcp93;Cr9;cargo to be picked up
lodge_Pcp468;Pcp468;lodged pickup plan
lodge_Pcp468;Cr7;cargo to be picked up
lodge_Pcp249;Pcp249;lodged pickup plan
lodge_Pcp249;Cr18;cargo to be picked up
lodge_Pcp56;Pcp56;lodged pickup plan
lodge_Pcp56;Cr15;cargo to be picked up
lodge_Pcp306;Pcp306;lodged pickup plan
lodge_Pcp306;Cr17;cargo to be picked up
lodge_Pcp70;Pcp70;lodged pickup plan
lodge_Pcp70;Cr8;cargo to be picked up
lodge_Pcp217;Pcp217;lodged pickup plan
lodge_Pcp217;Cr19;cargo to be picked up
lodge_Pcp185;Pcp185;lodged pickup plan
lodge_Pcp185;Cr4;cargo to be picked up
lodge_Pcp466;Pcp466;lodged pickup plan
lodge_Pcp466;Cr16;cargo to be picked up
lodge_Pcp369;Pcp369;lodged pickup plan
lodge_Pcp369;Cr6;cargo to be picked up
lodge_Pcp379;Pcp379;lodged pickup plan
lodge_Pcp379;Cr14;cargo to be picked up
lodge_Pcp1;Pcp1;lodged pickup plan
lodge_Pcp1;Cr13;cargo to be picked up
lodge_Pcp253;Pcp253;lodged pickup plan
lodge_Pcp253;Cr12;cargo to be picked up
lodge_Pcp82;Pcp82;lodged pickup plan
lodge_Pcp82;Cr5;cargo to be picked up
lodge_Pcp342;Pcp342;lodged pickup plan
lodge_Pcp342;Cr3;cargo to be picked up
lodge_Pcp338;Pcp338;lodged pickup plan
lodge_Pcp338;Cr7;cargo to be picked up
lodge_Pcp209;Pcp209;lodged pickup plan
lodge_Pcp209;Cr18;cargo to be picked up
lodge_Pcp498;Pcp498;lodged pickup plan
lodge_Pcp498;Cr9;cargo to be picked up
lodge_Pcp168;Pcp168;lodged pickup plan
lodge_Pcp168;Cr2;cargo to be picked up
lodge_Pcp459;Pcp459;lodged pickup plan
lodge_Pcp459;Cr11;cargo to be picked up
lodge_Pcp211;Pcp211;lodged pickup plan
lodge_Pcp211;Cr19;cargo to be picked up
lodge_Pcp343;Pcp343;lodged pickup plan
lodge_Pcp343;Cr10;cargo to be picked up
lodge_Pcp404;Pcp404;lodged pickup plan
lodge_Pcp404;Cr5;cargo to be picked up
lodge_Pcp419;Pcp419;lodged pickup plan
lodge_Pcp419;Cr15;cargo to be picked up
lodge_Pcp346;Pcp346;lodged pickup plan
lodge_Pcp346;Cr8;cargo to be picked up
lodge_Pcp36;Pcp36;lodged pickup plan
lodge_Pcp36;Cr16;cargo to be picked up
assess_Pcp89;Pcp89;pickup plan to be assessed
lodge_Pcp330;Pcp330;lodged pickup plan
lodge_Pcp330;Cr20;cargo to be picked up
approve_Pcp89;Pcp89;pickup plan approved
lodge_Pcp220;Pcp220;lodged pickup plan
lodge_Pcp220;Cr1;cargo to be picked up
lodge_Pcp464;Pcp464;lodged pickup plan
lodge_Pcp464;Cr17;cargo to be picked up
lodge_Pcp34;Pcp34;lodged pickup plan
lodge_Pcp34;Cr12;cargo to be picked up
lodge_Pcp146;Pcp146;lodged pickup plan
lodge_Pcp146;Cr7;cargo to be picked up
assess_Pcp338;Pcp338;pickup plan to be assessed
approve_Pcp338;Pcp338;pickup plan approved
lodge_Pcp339;Pcp339;lodged pickup plan
lodge_Pcp339;Cr4;cargo to be picked up
lodge_Pcp487;Pcp487;lodged pickup plan
lodge_Pcp487;Cr9;cargo to be picked up
lodge_Pcp374;Pcp374;lodged pickup plan
lodge_Pcp374;Cr6;cargo to be picked up
lodge_Pcp438;Pcp438;lodged pickup plan
lodge_Pcp438;Cr11;cargo to be picked up
lodge_Pcp99;Pcp99;lodged pickup plan
lodge_Pcp99;Cr2;cargo to be picked up
lodge_Pcp367;Pcp367;lodged pickup plan
lodge_Pcp367;Cr14;cargo to be picked up
lodge_Pcp228;Pcp228;lodged pickup plan
lodge_Pcp228;Cr7;cargo to be picked up
lodge_Pcp205;Pcp205;lodged pickup plan
lodge_Pcp205;Cr3;cargo to be picked up
lodge_Pcp166;Pcp166;lodged pickup plan
lodge_Pcp166;Cr13;cargo to be picked up
lodge_Pcp311;Pcp311;lodged pickup plan
lodge_Pcp311;Cr12;cargo to be picked up
lodge_Pcp174;Pcp174;lodged pickup plan
lodge_Pcp174;Cr18;cargo to be picked up
lodge_Pcp77;Pcp77;lodged pickup plan
lodge_Pcp77;Cr6;cargo to be picked up
lodge_Pcp431;Pcp431;lodged pickup plan
lodge_Pcp431;Cr11;cargo to be picked up
lodge_Pcp495;Pcp495;lodged pickup plan
lodge_Pcp495;Cr1;cargo to be picked up
lodge_Pcp450;Pcp450;lodged pickup plan
lodge_Pcp450;Cr2;cargo to be picked up
lodge_Pcp38;Pcp38;lodged pickup plan
lodge_Pcp38;Cr9;cargo to be picked up
lodge_Pcp198;Pcp198;lodged pickup plan
lodge_Pcp198;Cr16;cargo to be picked up
lodge_Pcp469;Pcp469;lodged pickup plan
lodge_Pcp469;Cr8;cargo to be picked up
lodge_Pcp190;Pcp190;lodged pickup plan
lodge_Pcp190;Cr7;cargo to be picked up
lodge_Pcp440;Pcp440;lodged pickup plan
lodge_Pcp440;Cr5;cargo to be picked up
lodge_Pcp214;Pcp214;lodged pickup plan
lodge_Pcp214;Cr10;cargo to be picked up
assign_tr7_Pcp35;tr7;Pickup plan trucks assignment
enter_tr7_Pcp35;tr7;Entry evaluation for truck
assign_tr38_Pcp35;tr38;Pickup plan trucks assignment
enter_tr38_Pcp35;tr38;Entry evaluation for truck
register_arrival_tr38_Pcp35;tr38;truck for arrival registeration
register_arrival_tr7_Pcp35;tr7;truck for arrival registeration
weigh_empty_tr38_Pcp35;tr38;Empty truck weighed
weigh_empty_tr7_Pcp35;tr7;Empty truck weighed
check_abnorm_tr38_Pcp35;tr38;truck exmained for empty weight abnormality
arrive_Silo3_tr38_Pcp35;Silo3;Silo for truck load
check_abnorm_tr7_Pcp35;tr7;truck exmained for empty weight abnormality
arrive_Silo3_tr7_Pcp35;Silo3;Silo for truck load
determine_continu_tr38_Pcp35_Silo3;Silo3;silo evaluated for pickup continuance
determine_continu_tr7_Pcp35_Silo3;Silo3;silo evaluated for pickup continuance
load_tr7_Pcp35;tr7;cargo load for truck
load_tr38_Pcp35;tr38;cargo load for truck
weigh_loaded_tr7_Pcp35;tr7;Truck weighed
issue_ticket_tr7_Pcp35;tr7;Printed weighing ticket for pickup plan
input_tally_tr7_Pcp35;tr7;Tally Sheet for pickup plan
eval_tr7exit_Pcp35;tr7;Exit evaluation for truck
exit_tr7_Pcp35;tr7;Exit for truck
weigh_loaded_tr38_Pcp35;tr38;Truck weighed
issue_ticket_tr38_Pcp35;tr38;Printed weighing ticket for pickup plan
input_tally_tr38_Pcp35;tr38;Tally Sheet for pickup plan
eval_tr38exit_Pcp35;tr38;Exit evaluation for truck
exit_tr38_Pcp35;tr38;Exit for truck
lodge_Pcp224;Pcp224;lodged pickup plan
lodge_Pcp224;Cr14;cargo to be picked up
lodge_Pcp443;Pcp443;lodged pickup plan
lodge_Pcp443;Cr20;cargo to be picked up
lodge_Pcp22;Pcp22;lodged pickup plan
lodge_Pcp22;Cr13;cargo to be picked up
lodge_Pcp252;Pcp252;lodged pickup plan
lodge_Pcp252;Cr15;cargo to be picked up
lodge_Pcp279;Pcp279;lodged pickup plan
lodge_Pcp279;Cr19;cargo to be picked up
lodge_Pcp482;Pcp482;lodged pickup plan
lodge_Pcp482;Cr2;cargo to be picked up
lodge_Pcp460;Pcp460;lodged pickup plan
lodge_Pcp460;Cr4;cargo to be picked up
lodge_Pcp221;Pcp221;lodged pickup plan
lodge_Pcp221;Cr3;cargo to be picked up
lodge_Pcp162;Pcp162;lodged pickup plan
lodge_Pcp162;Cr11;cargo to be picked up
lodge_Pcp287;Pcp287;lodged pickup plan
lodge_Pcp287;Cr5;cargo to be picked up
lodge_Pcp421;Pcp421;lodged pickup plan
lodge_Pcp421;Cr8;cargo to be picked up
lodge_Pcp117;Pcp117;lodged pickup plan
lodge_Pcp117;Cr12;cargo to be picked up
assign_tr17_Pcp88;tr17;Pickup plan trucks assignment
assign_tr6_Pcp88;tr6;Pickup plan trucks assignment
enter_tr6_Pcp88;tr6;Entry evaluation for truck
enter_tr17_Pcp88;tr17;Entry evaluation for truck
register_arrival_tr17_Pcp88;tr17;truck for arrival registeration
lodge_Pcp182;Pcp182;lodged pickup plan
lodge_Pcp182;Cr17;cargo to be picked up
weigh_empty_tr17_Pcp88;tr17;Empty truck weighed
check_abnorm_tr17_Pcp88;tr17;truck exmained for empty weight abnormality
register_arrival_tr6_Pcp88;tr6;truck for arrival registeration
arrive_Silo4_tr17_Pcp88;Silo4;Silo for truck load
determine_continu_tr17_Pcp88_Silo4;Silo4;silo evaluated for pickup continuance
lodge_Pcp234;Pcp234;lodged pickup plan
lodge_Pcp234;Cr7;cargo to be picked up
weigh_empty_tr6_Pcp88;tr6;Empty truck weighed
check_abnorm_tr6_Pcp88;tr6;truck exmained for empty weight abnormality
arrive_Silo4_tr6_Pcp88;Silo4;Silo for truck load
load_tr17_Pcp88;tr17;cargo load for truck
determine_continu_tr6_Pcp88_Silo4;Silo4;silo evaluated for pickup continuance
load_tr6_Pcp88;tr6;cargo load for truck
weigh_loaded_tr17_Pcp88;tr17;Truck weighed
issue_ticket_tr17_Pcp88;tr17;Printed weighing ticket for pickup plan
input_tally_tr17_Pcp88;tr17;Tally Sheet for pickup plan
eval_tr17exit_Pcp88;tr17;Exit evaluation for truck
lodge_Pcp389;Pcp389;lodged pickup plan
lodge_Pcp389;Cr6;cargo to be picked up
exit_tr17_Pcp88;tr17;Exit for truck
lodge_Pcp186;Pcp186;lodged pickup plan
lodge_Pcp186;Cr10;cargo to be picked up
weigh_loaded_tr6_Pcp88;tr6;Truck weighed
issue_ticket_tr6_Pcp88;tr6;Printed weighing ticket for pickup plan
input_tally_tr6_Pcp88;tr6;Tally Sheet for pickup plan
eval_tr6exit_Pcp88;tr6;Exit evaluation for truck
exit_tr6_Pcp88;tr6;Exit for truck
lodge_Pcp124;Pcp124;lodged pickup plan
lodge_Pcp124;Cr9;cargo to be picked up
lodge_Pcp447;Pcp447;lodged pickup plan
lodge_Pcp447;Cr18;cargo to be picked up
lodge_Pcp410;Pcp410;lodged pickup plan
lodge_Pcp410;Cr4;cargo to be picked up
lodge_Pcp177;Pcp177;lodged pickup plan
lodge_Pcp177;Cr20;cargo to be picked up
lodge_Pcp428;Pcp428;lodged pickup plan
lodge_Pcp428;Cr1;cargo to be picked up
lodge_Pcp94;Pcp94;lodged pickup plan
lodge_Pcp94;Cr14;cargo to be picked up
lodge_Pcp271;Pcp271;lodged pickup plan
lodge_Pcp271;Cr8;cargo to be picked up
lodge_Pcp248;Pcp248;lodged pickup plan
lodge_Pcp248;Cr2;cargo to be picked up
lodge_Pcp411;Pcp411;lodged pickup plan
lodge_Pcp411;Cr15;cargo to be picked up
lodge_Pcp196;Pcp196;lodged pickup plan
lodge_Pcp196;Cr19;cargo to be picked up
lodge_Pcp479;Pcp479;lodged pickup plan
lodge_Pcp479;Cr13;cargo to be picked up
lodge_Pcp281;Pcp281;lodged pickup plan
lodge_Pcp281;Cr16;cargo to be picked up
lodge_Pcp121;Pcp121;lodged pickup plan
lodge_Pcp121;Cr11;cargo to be picked up
lodge_Pcp81;Pcp81;lodged pickup plan
lodge_Pcp81;Cr5;cargo to be picked up
lodge_Pcp197;Pcp197;lodged pickup plan
lodge_Pcp197;Cr12;cargo to be picked up
lodge_Pcp223;Pcp223;lodged pickup plan
lodge_Pcp223;Cr14;cargo to be picked up
lodge_Pcp230;Pcp230;lodged pickup plan
lodge_Pcp230;Cr1;cargo to be picked up
lodge_Pcp314;Pcp314;lodged pickup plan
lodge_Pcp314;Cr9;cargo to be picked up
lodge_Pcp414;Pcp414;lodged pickup plan
lodge_Pcp414;Cr17;cargo to be picked up
lodge_Pcp397;Pcp397;lodged pickup plan
lodge_Pcp397;Cr19;cargo to be picked up
lodge_Pcp72;Pcp72;lodged pickup plan
lodge_Pcp72;Cr3;cargo to be picked up
lodge_Pcp427;Pcp427;lodged pickup plan
lodge_Pcp427;Cr2;cargo to be picked up
lodge_Pcp327;Pcp327;lodged pickup plan
lodge_Pcp327;Cr10;cargo to be picked up
lodge_Pcp169;Pcp169;lodged pickup plan
lodge_Pcp169;Cr7;cargo to be picked up
assess_Pcp69;Pcp69;pickup plan to be assessed
approve_Pcp69;Pcp69;pickup plan approved
assess_Pcp415;Pcp415;pickup plan to be assessed
assess_Pcp228;Pcp228;pickup plan to be assessed
approve_Pcp415;Pcp415;pickup plan approved
approve_Pcp228;Pcp228;pickup plan approved
assess_Pcp169;Pcp169;pickup plan to be assessed
assess_Pcp385;Pcp385;pickup plan to be assessed
approve_Pcp169;Pcp169;pickup plan approved
approve_Pcp385;Pcp385;pickup plan approved
assess_Pcp468;Pcp468;pickup plan to be assessed
assess_Pcp190;Pcp190;pickup plan to be assessed
approve_Pcp468;Pcp468;pickup plan approved
assess_Pcp146;Pcp146;pickup plan to be assessed
approve_Pcp190;Pcp190;pickup plan approved
approve_Pcp146;Pcp146;pickup plan approved
assess_Pcp234;Pcp234;pickup plan to be assessed
assess_Pcp245;Pcp245;pickup plan to be assessed
approve_Pcp234;Pcp234;pickup plan approved
approve_Pcp245;Pcp245;pickup plan approved
lodge_Pcp128;Pcp128;lodged pickup plan
lodge_Pcp128;Cr5;cargo to be picked up
assess_Pcp119;Pcp119;pickup plan to be assessed
assess_Pcp110;Pcp110;pickup plan to be assessed
approve_Pcp119;Pcp119;pickup plan approved
assess_Pcp81;Pcp81;pickup plan to be assessed
approve_Pcp110;Pcp110;pickup plan approved
assess_Pcp287;Pcp287;pickup plan to be assessed
approve_Pcp81;Pcp81;pickup plan approved
approve_Pcp287;Pcp287;pickup plan approved
assess_Pcp128;Pcp128;pickup plan to be assessed
assess_Pcp258;Pcp258;pickup plan to be assessed
approve_Pcp128;Pcp128;pickup plan approved
lodge_Pcp20;Pcp20;lodged pickup plan
lodge_Pcp20;Cr20;cargo to be picked up
approve_Pcp258;Pcp258;pickup plan approved
assess_Pcp105;Pcp105;pickup plan to be assessed
approve_Pcp105;Pcp105;pickup plan approved
assess_Pcp404;Pcp404;pickup plan to be assessed
lodge_Pcp430;Pcp430;lodged pickup plan
lodge_Pcp430;Cr12;cargo to be picked up
assess_Pcp440;Pcp440;pickup plan to be assessed
approve_Pcp404;Pcp404;pickup plan approved
assess_Pcp82;Pcp82;pickup plan to be assessed
approve_Pcp440;Pcp440;pickup plan approved
approve_Pcp82;Pcp82;pickup plan approved
assign_tr13_Pcp89;tr13;Pickup plan trucks assignment
enter_tr13_Pcp89;tr13;Entry evaluation for truck
assign_tr3_Pcp89;tr3;Pickup plan trucks assignment
register_arrival_tr13_Pcp89;tr13;truck for arrival registeration
enter_tr3_Pcp89;tr3;Entry evaluation for truck
register_arrival_tr3_Pcp89;tr3;truck for arrival registeration
weigh_empty_tr13_Pcp89;tr13;Empty truck weighed
check_abnorm_tr13_Pcp89;tr13;truck exmained for empty weight abnormality
arrive_Silo18_tr13_Pcp89;Silo18;Silo for truck load
weigh_empty_tr3_Pcp89;tr3;Empty truck weighed
check_abnorm_tr3_Pcp89;tr3;truck exmained for empty weight abnormality
determine_continu_tr13_Pcp89_Silo18;Silo18;silo evaluated for pickup continuance
arrive_Silo18_tr3_Pcp89;Silo18;Silo for truck load
load_tr13_Pcp89;tr13;cargo load for truck
determine_continu_tr3_Pcp89_Silo18;Silo18;silo evaluated for pickup continuance
lodge_Pcp452;Pcp452;lodged pickup plan
lodge_Pcp452;Cr8;cargo to be picked up
load_tr3_Pcp89;tr3;cargo load for truck
weigh_loaded_tr13_Pcp89;tr13;Truck weighed
issue_ticket_tr13_Pcp89;tr13;Printed weighing ticket for pickup plan
input_tally_tr13_Pcp89;tr13;Tally Sheet for pickup plan
eval_tr13exit_Pcp89;tr13;Exit evaluation for truck
exit_tr13_Pcp89;tr13;Exit for truck
lodge_Pcp341;Pcp341;lodged pickup plan
lodge_Pcp341;Cr4;cargo to be picked up
assign_tr34_Pcp338;tr34;Pickup plan trucks assignment
assign_tr50_Pcp338;tr50;Pickup plan trucks assignment
enter_tr34_Pcp338;tr34;Entry evaluation for truck
register_arrival_tr34_Pcp338;tr34;truck for arrival registeration
enter_tr50_Pcp338;tr50;Entry evaluation for truck
weigh_empty_tr34_Pcp338;tr34;Empty truck weighed
check_abnorm_tr34_Pcp338;tr34;truck exmained for empty weight abnormality
arrive_Silo11_tr34_Pcp338;Silo11;Silo for truck load
register_arrival_tr50_Pcp338;tr50;truck for arrival registeration
determine_continu_tr34_Pcp338_Silo11;Silo11;silo evaluated for pickup continuance
load_tr34_Pcp338;tr34;cargo load for truck
weigh_empty_tr50_Pcp338;tr50;Empty truck weighed
check_abnorm_tr50_Pcp338;tr50;truck exmained for empty weight abnormality
arrive_Silo11_tr50_Pcp338;Silo11;Silo for truck load
determine_continu_tr50_Pcp338_Silo11;Silo11;silo evaluated for pickup continuance
load_tr50_Pcp338;tr50;cargo load for truck
weigh_loaded_tr3_Pcp89;tr3;Truck weighed
issue_ticket_tr3_Pcp89;tr3;Printed weighing ticket for pickup plan
input_tally_tr3_Pcp89;tr3;Tally Sheet for pickup plan
eval_tr3exit_Pcp89;tr3;Exit evaluation for truck
exit_tr3_Pcp89;tr3;Exit for truck
weigh_loaded_tr34_Pcp338;tr34;Truck weighed
issue_ticket_tr34_Pcp338;tr34;Printed weighing ticket for pickup plan
input_tally_tr34_Pcp338;tr34;Tally Sheet for pickup plan
eval_tr34exit_Pcp338;tr34;Exit evaluation for truck
exit_tr34_Pcp338;tr34;Exit for truck
lodge_Pcp354;Pcp354;lodged pickup plan
lodge_Pcp354;Cr9;cargo to be picked up
lodge_Pcp467;Pcp467;lodged pickup plan
lodge_Pcp467;Cr6;cargo to be picked up
weigh_loaded_tr50_Pcp338;tr50;Truck weighed
issue_ticket_tr50_Pcp338;tr50;Printed weighing ticket for pickup plan
input_tally_tr50_Pcp338;tr50;Tally Sheet for pickup plan
eval_tr50exit_Pcp338;tr50;Exit evaluation for truck
exit_tr50_Pcp338;tr50;Exit for truck
lodge_Pcp23;Pcp23;lodged pickup plan
lodge_Pcp23;Cr13;cargo to be picked up
lodge_Pcp179;Pcp179;lodged pickup plan
lodge_Pcp179;Cr15;cargo to be picked up
lodge_Pcp432;Pcp432;lodged pickup plan
lodge_Pcp432;Cr11;cargo to be picked up
assess_Pcp438;Pcp438;pickup plan to be assessed
assess_Pcp121;Pcp121;pickup plan to be assessed
approve_Pcp438;Pcp438;pickup plan approved
assess_Pcp432;Pcp432;pickup plan to be assessed
approve_Pcp121;Pcp121;pickup plan approved
assess_Pcp459;Pcp459;pickup plan to be assessed
approve_Pcp432;Pcp432;pickup plan approved
approve_Pcp459;Pcp459;pickup plan approved
assess_Pcp14;Pcp14;pickup plan to be assessed
assess_Pcp219;Pcp219;pickup plan to be assessed
approve_Pcp14;Pcp14;pickup plan approved
approve_Pcp219;Pcp219;pickup plan approved
assess_Pcp284;Pcp284;pickup plan to be assessed
assess_Pcp431;Pcp431;pickup plan to be assessed
approve_Pcp284;Pcp284;pickup plan approved
assess_Pcp162;Pcp162;pickup plan to be assessed
approve_Pcp431;Pcp431;pickup plan approved
approve_Pcp162;Pcp162;pickup plan approved
lodge_Pcp213;Pcp213;lodged pickup plan
lodge_Pcp213;Cr2;cargo to be picked up
lodge_Pcp64;Pcp64;lodged pickup plan
lodge_Pcp64;Cr18;cargo to be picked up
assess_Pcp209;Pcp209;pickup plan to be assessed
approve_Pcp209;Pcp209;pickup plan approved
lodge_Pcp423;Pcp423;lodged pickup plan
lodge_Pcp423;Cr4;cargo to be picked up
lodge_Pcp293;Pcp293;lodged pickup plan
lodge_Pcp293;Cr8;cargo to be picked up
lodge_Pcp171;Pcp171;lodged pickup plan
lodge_Pcp171;Cr17;cargo to be picked up
lodge_Pcp207;Pcp207;lodged pickup plan
lodge_Pcp207;Cr20;cargo to be picked up
lodge_Pcp470;Pcp470;lodged pickup plan
lodge_Pcp470;Cr6;cargo to be picked up
lodge_Pcp74;Pcp74;lodged pickup plan
lodge_Pcp74;Cr16;cargo to be picked up
lodge_Pcp113;Pcp113;lodged pickup plan
lodge_Pcp113;Cr3;cargo to be picked up
lodge_Pcp476;Pcp476;lodged pickup plan
lodge_Pcp476;Cr15;cargo to be picked up
lodge_Pcp285;Pcp285;lodged pickup plan
lodge_Pcp285;Cr19;cargo to be picked up
lodge_Pcp275;Pcp275;lodged pickup plan
lodge_Pcp275;Cr4;cargo to be picked up
lodge_Pcp336;Pcp336;lodged pickup plan
lodge_Pcp336;Cr14;cargo to be picked up
assess_Pcp208;Pcp208;pickup plan to be assessed
assess_Pcp94;Pcp94;pickup plan to be assessed
approve_Pcp208;Pcp208;pickup plan approved
assess_Pcp224;Pcp224;pickup plan to be assessed
approve_Pcp94;Pcp94;pickup plan approved
assess_Pcp451;Pcp451;pickup plan to be assessed
approve_Pcp224;Pcp224;pickup plan approved
assess_Pcp379;Pcp379;pickup plan to be assessed
approve_Pcp451;Pcp451;pickup plan approved
assess_Pcp336;Pcp336;pickup plan to be assessed
approve_Pcp379;Pcp379;pickup plan approved
lodge_Pcp104;Pcp104;lodged pickup plan
lodge_Pcp104;Cr13;cargo to be picked up
approve_Pcp336;Pcp336;pickup plan approved
assess_Pcp223;Pcp223;pickup plan to be assessed
approve_Pcp223;Pcp223;pickup plan approved
assess_Pcp497;Pcp497;pickup plan to be assessed
approve_Pcp497;Pcp497;pickup plan approved
assess_Pcp367;Pcp367;pickup plan to be assessed
approve_Pcp367;Pcp367;pickup plan approved
lodge_Pcp334;Pcp334;lodged pickup plan
lodge_Pcp334;Cr1;cargo to be picked up
lodge_Pcp153;Pcp153;lodged pickup plan
lodge_Pcp153;Cr9;cargo to be picked up
assess_Pcp314;Pcp314;pickup plan to be assessed
assess_Pcp124;Pcp124;pickup plan to be assessed
approve_Pcp314;Pcp314;pickup plan approved
assess_Pcp106;Pcp106;pickup plan to be assessed
approve_Pcp124;Pcp124;pickup plan approved
approve_Pcp106;Pcp106;pickup plan approved
assess_Pcp487;Pcp487;pickup plan to be assessed
assess_Pcp354;Pcp354;pickup plan to be assessed
approve_Pcp487;Pcp487;pickup plan approved
assess_Pcp38;Pcp38;pickup plan to be assessed
approve_Pcp354;Pcp354;pickup plan approved
approve_Pcp38;Pcp38;pickup plan approved
assess_Pcp498;Pcp498;pickup plan to be assessed
approve_Pcp498;Pcp498;pickup plan approved
assess_Pcp73;Pcp73;pickup plan to be assessed
assess_Pcp93;Pcp93;pickup plan to be assessed
approve_Pcp73;Pcp73;pickup plan approved
approve_Pcp93;Pcp93;pickup plan approved
assess_Pcp153;Pcp153;pickup plan to be assessed
approve_Pcp153;Pcp153;pickup plan approved
lodge_Pcp363;Pcp363;lodged pickup plan
lodge_Pcp363;Cr2;cargo to be picked up
assess_Pcp482;Pcp482;pickup plan to be assessed
assess_Pcp213;Pcp213;pickup plan to be assessed
approve_Pcp482;Pcp482;pickup plan approved
assess_Pcp427;Pcp427;pickup plan to be assessed
approve_Pcp213;Pcp213;pickup plan approved
assess_Pcp168;Pcp168;pickup plan to be assessed
approve_Pcp427;Pcp427;pickup plan approved
assess_Pcp240;Pcp240;pickup plan to be assessed
approve_Pcp168;Pcp168;pickup plan approved
assess_Pcp248;Pcp248;pickup plan to be assessed
approve_Pcp240;Pcp240;pickup plan approved
approve_Pcp248;Pcp248;pickup plan approved
assess_Pcp99;Pcp99;pickup plan to be assessed
assess_Pcp294;Pcp294;pickup plan to be assessed
approve_Pcp99;Pcp99;pickup plan approved
assess_Pcp450;Pcp450;pickup plan to be assessed
approve_Pcp294;Pcp294;pickup plan approved
assess_Pcp363;Pcp363;pickup plan to be assessed
approve_Pcp450;Pcp450;pickup plan approved
approve_Pcp363;Pcp363;pickup plan approved
assess_Pcp48;Pcp48;pickup plan to be assessed
approve_Pcp48;Pcp48;pickup plan approved
lodge_Pcp204;Pcp204;lodged pickup plan
lodge_Pcp204;Cr18;cargo to be picked up
lodge_Pcp383;Pcp383;lodged pickup plan
lodge_Pcp383;Cr12;cargo to be picked up
lodge_Pcp398;Pcp398;lodged pickup plan
lodge_Pcp398;Cr20;cargo to be picked up
lodge_Pcp194;Pcp194;lodged pickup plan
lodge_Pcp194;Cr8;cargo to be picked up
assess_Pcp85;Pcp85;pickup plan to be assessed
assess_Pcp434;Pcp434;pickup plan to be assessed
approve_Pcp85;Pcp85;pickup plan approved
assess_Pcp421;Pcp421;pickup plan to be assessed
approve_Pcp434;Pcp434;pickup plan approved
assess_Pcp346;Pcp346;pickup plan to be assessed
approve_Pcp421;Pcp421;pickup plan approved
assess_Pcp194;Pcp194;pickup plan to be assessed
approve_Pcp346;Pcp346;pickup plan approved
assess_Pcp324;Pcp324;pickup plan to be assessed
approve_Pcp194;Pcp194;pickup plan approved
assess_Pcp293;Pcp293;pickup plan to be assessed
approve_Pcp324;Pcp324;pickup plan approved
assess_Pcp452;Pcp452;pickup plan to be assessed
approve_Pcp293;Pcp293;pickup plan approved
assess_Pcp70;Pcp70;pickup plan to be assessed
approve_Pcp452;Pcp452;pickup plan approved
approve_Pcp70;Pcp70;pickup plan approved
assess_Pcp469;Pcp469;pickup plan to be assessed
approve_Pcp469;Pcp469;pickup plan approved
assess_Pcp271;Pcp271;pickup plan to be assessed
approve_Pcp271;Pcp271;pickup plan approved
lodge_Pcp202;Pcp202;lodged pickup plan
lodge_Pcp202;Cr10;cargo to be picked up
lodge_Pcp370;Pcp370;lodged pickup plan
lodge_Pcp370;Cr17;cargo to be picked up
lodge_Pcp49;Pcp49;lodged pickup plan
lodge_Pcp49;Cr15;cargo to be picked up
lodge_Pcp435;Pcp435;lodged pickup plan
lodge_Pcp435;Cr16;cargo to be picked up
lodge_Pcp163;Pcp163;lodged pickup plan
lodge_Pcp163;Cr13;cargo to be picked up
lodge_Pcp303;Pcp303;lodged pickup plan
lodge_Pcp303;Cr6;cargo to be picked up
lodge_Pcp263;Pcp263;lodged pickup plan
lodge_Pcp263;Cr17;cargo to be picked up
lodge_Pcp388;Pcp388;lodged pickup plan
lodge_Pcp388;Cr1;cargo to be picked up
lodge_Pcp362;Pcp362;lodged pickup plan
lodge_Pcp362;Cr20;cargo to be picked up
lodge_Pcp456;Pcp456;lodged pickup plan
lodge_Pcp456;Cr19;cargo to be picked up
lodge_Pcp309;Pcp309;lodged pickup plan
lodge_Pcp309;Cr3;cargo to be picked up
lodge_Pcp193;Pcp193;lodged pickup plan
lodge_Pcp193;Cr18;cargo to be picked up
lodge_Pcp478;Pcp478;lodged pickup plan
lodge_Pcp478;Cr15;cargo to be picked up
assign_tr29_Pcp69;tr29;Pickup plan trucks assignment
assign_tr38_Pcp69;tr38;Pickup plan trucks assignment
enter_tr29_Pcp69;tr29;Entry evaluation for truck
assign_tr26_Pcp415;tr26;Pickup plan trucks assignment
assign_tr9_Pcp415;tr9;Pickup plan trucks assignment
assign_tr11_Pcp228;tr11;Pickup plan trucks assignment
register_arrival_tr29_Pcp69;tr29;truck for arrival registeration
assign_tr21_Pcp228;tr21;Pickup plan trucks assignment
enter_tr11_Pcp228;tr11;Entry evaluation for truck
assign_tr39_Pcp169;tr39;Pickup plan trucks assignment
assign_tr44_Pcp169;tr44;Pickup plan trucks assignment
enter_tr21_Pcp228;tr21;Entry evaluation for truck
assign_tr10_Pcp385;tr10;Pickup plan trucks assignment
enter_tr39_Pcp169;tr39;Entry evaluation for truck
enter_tr9_Pcp415;tr9;Entry evaluation for truck
enter_tr38_Pcp69;tr38;Entry evaluation for truck
enter_tr10_Pcp385;tr10;Entry evaluation for truck
enter_tr44_Pcp169;tr44;Entry evaluation for truck
assign_tr35_Pcp385;tr35;Pickup plan trucks assignment
register_arrival_tr21_Pcp228;tr21;truck for arrival registeration
register_arrival_tr39_Pcp169;tr39;truck for arrival registeration
register_arrival_tr9_Pcp415;tr9;truck for arrival registeration
register_arrival_tr38_Pcp69;tr38;truck for arrival registeration
enter_tr35_Pcp385;tr35;Entry evaluation for truck
assign_tr23_Pcp468;tr23;Pickup plan trucks assignment
assign_tr27_Pcp190;tr27;Pickup plan trucks assignment
register_arrival_tr11_Pcp228;tr11;truck for arrival registeration
register_arrival_tr10_Pcp385;tr10;truck for arrival registeration
weigh_empty_tr9_Pcp415;tr9;Empty truck weighed
assign_tr46_Pcp190;tr46;Pickup plan trucks assignment
register_arrival_tr44_Pcp169;tr44;truck for arrival registeration
assign_tr43_Pcp468;tr43;Pickup plan trucks assignment
enter_tr23_Pcp468;tr23;Entry evaluation for truck
weigh_empty_tr39_Pcp169;tr39;Empty truck weighed
check_abnorm_tr9_Pcp415;tr9;truck exmained for empty weight abnormality
enter_tr46_Pcp190;tr46;Entry evaluation for truck
enter_tr43_Pcp468;tr43;Entry evaluation for truck
check_abnorm_tr39_Pcp169;tr39;truck exmained for empty weight abnormality
enter_tr26_Pcp415;tr26;Entry evaluation for truck
arrive_Silo11_tr9_Pcp415;Silo11;Silo for truck load
weigh_empty_tr11_Pcp228;tr11;Empty truck weighed
weigh_empty_tr21_Pcp228;tr21;Empty truck weighed
register_arrival_tr26_Pcp415;tr26;truck for arrival registeration
assign_tr45_Pcp146;tr45;Pickup plan trucks assignment
assign_tr33_Pcp146;tr33;Pickup plan trucks assignment
check_abnorm_tr21_Pcp228;tr21;truck exmained for empty weight abnormality
check_abnorm_tr11_Pcp228;tr11;truck exmained for empty weight abnormality
arrive_Silo11_tr39_Pcp169;Silo11;Silo for truck load
enter_tr45_Pcp146;tr45;Entry evaluation for truck
register_arrival_tr43_Pcp468;tr43;truck for arrival registeration
weigh_empty_tr44_Pcp169;tr44;Empty truck weighed
arrive_Silo11_tr11_Pcp228;Silo11;Silo for truck load
enter_tr27_Pcp190;tr27;Entry evaluation for truck
register_arrival_tr35_Pcp385;tr35;truck for arrival registeration
arrive_Silo11_tr21_Pcp228;Silo11;Silo for truck load
enter_tr33_Pcp146;tr33;Entry evaluation for truck
weigh_empty_tr10_Pcp385;tr10;Empty truck weighed
determine_continu_tr11_Pcp228_Silo11;Silo11;silo evaluated for pickup continuance
check_abnorm_tr44_Pcp169;tr44;truck exmained for empty weight abnormality
weigh_empty_tr43_Pcp468;tr43;Empty truck weighed
check_abnorm_tr10_Pcp385;tr10;truck exmained for empty weight abnormality
fail_weigh_tr10_Pcp385;tr10;Truck failed to be weighed
weigh_empty_tr26_Pcp415;tr26;Empty truck weighed
register_arrival_tr45_Pcp146;tr45;truck for arrival registeration
assign_tr15_Pcp234;tr15;Pickup plan trucks assignment
check_abnorm_tr43_Pcp468;tr43;truck exmained for empty weight abnormality
fail_weigh_tr43_Pcp468;tr43;Truck failed to be weighed
assign_tr8_Pcp234;tr8;Pickup plan trucks assignment
assign_tr5_Pcp245;tr5;Pickup plan trucks assignment
arrive_Silo11_tr44_Pcp169;Silo11;Silo for truck load
assign_tr40_Pcp245;tr40;Pickup plan trucks assignment
assign_tr6_Pcp119;tr6;Pickup plan trucks assignment
register_arrival_tr27_Pcp190;tr27;truck for arrival registeration
weigh_empty_tr35_Pcp385;tr35;Empty truck weighed
check_abnorm_tr35_Pcp385;tr35;truck exmained for empty weight abnormality
fail_weigh_tr35_Pcp385;tr35;Truck failed to be weighed
enter_tr6_Pcp119;tr6;Entry evaluation for truck
enter_tr5_Pcp245;tr5;Entry evaluation for truck
determine_continu_tr21_Pcp228_Silo11;Silo11;silo evaluated for pickup continuance
assign_tr18_Pcp110;tr18;Pickup plan trucks assignment
enter_tr8_Pcp234;tr8;Entry evaluation for truck
check_abnorm_tr26_Pcp415;tr26;truck exmained for empty weight abnormality
register_arrival_tr23_Pcp468;tr23;truck for arrival registeration
register_arrival_tr33_Pcp146;tr33;truck for arrival registeration
assign_tr19_Pcp119;tr19;Pickup plan trucks assignment
assign_tr25_Pcp110;tr25;Pickup plan trucks assignment
determine_continu_tr39_Pcp169_Silo11;Silo11;silo evaluated for pickup continuance
load_tr11_Pcp228;tr11;cargo load for truck
register_arrival_tr5_Pcp245;tr5;truck for arrival registeration
register_arrival_tr46_Pcp190;tr46;truck for arrival registeration
enter_tr19_Pcp119;tr19;Entry evaluation for truck
arrive_Silo11_tr26_Pcp415;Silo11;Silo for truck load
load_tr39_Pcp169;tr39;cargo load for truck
assign_tr37_Pcp81;tr37;Pickup plan trucks assignment
enter_tr25_Pcp110;tr25;Entry evaluation for truck
enter_tr40_Pcp245;tr40;Entry evaluation for truck
enter_tr37_Pcp81;tr37;Entry evaluation for truck
assign_tr17_Pcp81;tr17;Pickup plan trucks assignment
assign_tr32_Pcp287;tr32;Pickup plan trucks assignment
assign_tr30_Pcp128;tr30;Pickup plan trucks assignment
register_arrival_tr8_Pcp234;tr8;truck for arrival registeration
load_tr21_Pcp228;tr21;cargo load for truck
register_arrival_tr6_Pcp119;tr6;truck for arrival registeration
determine_continu_tr9_Pcp415_Silo11;Silo11;silo evaluated for pickup continuance
enter_tr15_Pcp234;tr15;Entry evaluation for truck
weigh_empty_tr45_Pcp146;tr45;Empty truck weighed
assign_tr4_Pcp287;tr4;Pickup plan trucks assignment
weigh_empty_tr33_Pcp146;tr33;Empty truck weighed
check_abnorm_tr33_Pcp146;tr33;truck exmained for empty weight abnormality
check_abnorm_tr45_Pcp146;tr45;truck exmained for empty weight abnormality
weigh_empty_tr38_Pcp69;tr38;Empty truck weighed
weigh_empty_tr8_Pcp234;tr8;Empty truck weighed
arrive_Silo11_tr33_Pcp146;Silo11;Silo for truck load
load_tr9_Pcp415;tr9;cargo load for truck
arrive_Silo11_tr45_Pcp146;Silo11;Silo for truck load
check_abnorm_tr38_Pcp69;tr38;truck exmained for empty weight abnormality
register_arrival_tr19_Pcp119;tr19;truck for arrival registeration
register_arrival_tr15_Pcp234;tr15;truck for arrival registeration
assign_tr49_Pcp258;tr49;Pickup plan trucks assignment
enter_tr4_Pcp287;tr4;Entry evaluation for truck
determine_continu_tr44_Pcp169_Silo11;Silo11;silo evaluated for pickup continuance
arrive_Silo11_tr38_Pcp69;Silo11;Silo for truck load
check_abnorm_tr8_Pcp234;tr8;truck exmained for empty weight abnormality
weigh_empty_tr27_Pcp190;tr27;Empty truck weighed
determine_continu_tr33_Pcp146_Silo11;Silo11;silo evaluated for pickup continuance
assign_tr7_Pcp258;tr7;Pickup plan trucks assignment
assign_tr31_Pcp105;tr31;Pickup plan trucks assignment
weigh_empty_tr5_Pcp245;tr5;Empty truck weighed
weigh_empty_tr6_Pcp119;tr6;Empty truck weighed
enter_tr18_Pcp110;tr18;Entry evaluation for truck
weigh_empty_tr29_Pcp69;tr29;Empty truck weighed
arrive_Silo11_tr8_Pcp234;Silo11;Silo for truck load
register_arrival_tr25_Pcp110;tr25;truck for arrival registeration
enter_tr32_Pcp287;tr32;Entry evaluation for truck
check_abnorm_tr6_Pcp119;tr6;truck exmained for empty weight abnormality
assign_tr14_Pcp404;tr14;Pickup plan trucks assignment
assign_tr28_Pcp105;tr28;Pickup plan trucks assignment
check_abnorm_tr5_Pcp245;tr5;truck exmained for empty weight abnormality
register_arrival_tr40_Pcp245;tr40;truck for arrival registeration
register_arrival_tr4_Pcp287;tr4;truck for arrival registeration
weigh_empty_tr46_Pcp190;tr46;Empty truck weighed
load_tr44_Pcp169;tr44;cargo load for truck
weigh_loaded_tr11_Pcp228;tr11;Truck weighed
check_abnorm_tr29_Pcp69;tr29;truck exmained for empty weight abnormality
determine_continu_tr45_Pcp146_Silo11;Silo11;silo evaluated for pickup continuance
arrive_Silo7_tr6_Pcp119;Silo7;Silo for truck load
arrive_Silo11_tr5_Pcp245;Silo11;Silo for truck load
determine_continu_tr26_Pcp415_Silo11;Silo11;silo evaluated for pickup continuance
enter_tr31_Pcp105;tr31;Entry evaluation for truck
check_abnorm_tr27_Pcp190;tr27;truck exmained for empty weight abnormality
weigh_empty_tr23_Pcp468;tr23;Empty truck weighed
arrive_Silo11_tr29_Pcp69;Silo11;Silo for truck load
assign_tr1_Pcp404;tr1;Pickup plan trucks assignment
enter_tr49_Pcp258;tr49;Entry evaluation for truck
register_arrival_tr32_Pcp287;tr32;truck for arrival registeration
enter_tr30_Pcp128;tr30;Entry evaluation for truck
enter_tr7_Pcp258;tr7;Entry evaluation for truck
issue_ticket_tr11_Pcp228;tr11;Printed weighing ticket for pickup plan
input_tally_tr11_Pcp228;tr11;Tally Sheet for pickup plan
eval_tr11exit_Pcp228;tr11;Exit evaluation for truck
check_abnorm_tr23_Pcp468;tr23;truck exmained for empty weight abnormality
determine_continu_tr38_Pcp69_Silo11;Silo11;silo evaluated for pickup continuance
check_abnorm_tr46_Pcp190;tr46;truck exmained for empty weight abnormality
enter_tr17_Pcp81;tr17;Entry evaluation for truck
assign_tr16_Pcp440;tr16;Pickup plan trucks assignment
assign_tr42_Pcp440;tr42;Pickup plan trucks assignment
weigh_empty_tr40_Pcp245;tr40;Empty truck weighed
register_arrival_tr30_Pcp128;tr30;truck for arrival registeration
arrive_Silo11_tr27_Pcp190;Silo11;Silo for truck load
register_arrival_tr31_Pcp105;tr31;truck for arrival registeration
arrive_Silo11_tr23_Pcp468;Silo11;Silo for truck load
arrive_Silo11_tr46_Pcp190;Silo11;Silo for truck load
load_tr38_Pcp69;tr38;cargo load for truck
register_arrival_tr7_Pcp258;tr7;truck for arrival registeration
assign_tr20_Pcp82;tr20;Pickup plan trucks assignment
check_abnorm_tr40_Pcp245;tr40;truck exmained for empty weight abnormality
assign_tr24_Pcp82;tr24;Pickup plan trucks assignment
weigh_empty_tr4_Pcp287;tr4;Empty truck weighed
enter_tr14_Pcp404;tr14;Entry evaluation for truck
register_arrival_tr18_Pcp110;tr18;truck for arrival registeration
exit_tr11_Pcp228;tr11;Exit for truck
register_arrival_tr37_Pcp81;tr37;truck for arrival registeration
weigh_loaded_tr21_Pcp228;tr21;Truck weighed
weigh_empty_tr30_Pcp128;tr30;Empty truck weighed
enter_tr24_Pcp82;tr24;Entry evaluation for truck
register_arrival_tr17_Pcp81;tr17;truck for arrival registeration
check_abnorm_tr4_Pcp287;tr4;truck exmained for empty weight abnormality
arrive_Silo11_tr40_Pcp245;Silo11;Silo for truck load
enter_tr28_Pcp105;tr28;Entry evaluation for truck
enter_tr1_Pcp404;tr1;Entry evaluation for truck
register_arrival_tr49_Pcp258;tr49;truck for arrival registeration
weigh_empty_tr31_Pcp105;tr31;Empty truck weighed
load_tr45_Pcp146;tr45;cargo load for truck
weigh_empty_tr25_Pcp110;tr25;Empty truck weighed
determine_continu_tr5_Pcp245_Silo11;Silo11;silo evaluated for pickup continuance
load_tr33_Pcp146;tr33;cargo load for truck
weigh_empty_tr15_Pcp234;tr15;Empty truck weighed
weigh_loaded_tr44_Pcp169;tr44;Truck weighed
check_abnorm_tr31_Pcp105;tr31;truck exmained for empty weight abnormality
load_tr26_Pcp415;tr26;cargo load for truck
arrive_Silo7_tr4_Pcp287;Silo7;Silo for truck load
enter_tr16_Pcp440;tr16;Entry evaluation for truck
check_abnorm_tr30_Pcp128;tr30;truck exmained for empty weight abnormality
arrive_Silo7_tr31_Pcp105;Silo7;Silo for truck load
check_abnorm_tr15_Pcp234;tr15;truck exmained for empty weight abnormality
issue_ticket_tr21_Pcp228;tr21;Printed weighing ticket for pickup plan
input_tally_tr21_Pcp228;tr21;Tally Sheet for pickup plan
eval_tr21exit_Pcp228;tr21;Exit evaluation for truck
determine_continu_tr8_Pcp234_Silo11;Silo11;silo evaluated for pickup continuance
check_abnorm_tr25_Pcp110;tr25;truck exmained for empty weight abnormality
register_arrival_tr16_Pcp440;tr16;truck for arrival registeration
weigh_empty_tr18_Pcp110;tr18;Empty truck weighed
load_tr8_Pcp234;tr8;cargo load for truck
arrive_Silo11_tr15_Pcp234;Silo11;Silo for truck load
arrive_Silo7_tr30_Pcp128;Silo7;Silo for truck load
arrive_Silo7_tr25_Pcp110;Silo7;Silo for truck load
weigh_empty_tr37_Pcp81;tr37;Empty truck weighed
enter_tr42_Pcp440;tr42;Entry evaluation for truck
load_tr5_Pcp245;tr5;cargo load for truck
check_abnorm_tr18_Pcp110;tr18;truck exmained for empty weight abnormality
check_abnorm_tr37_Pcp81;tr37;truck exmained for empty weight abnormality
issue_ticket_tr44_Pcp169;tr44;Printed weighing ticket for pickup plan
input_tally_tr44_Pcp169;tr44;Tally Sheet for pickup plan
weigh_empty_tr32_Pcp287;tr32;Empty truck weighed
determine_continu_tr4_Pcp287_Silo7;Silo7;silo evaluated for pickup continuance
eval_tr44exit_Pcp169;tr44;Exit evaluation for truck
lodge_Pcp408;Pcp408;lodged pickup plan
lodge_Pcp408;Cr10;cargo to be picked up
determine_continu_tr6_Pcp119_Silo7;Silo7;silo evaluated for pickup continuance
determine_continu_tr46_Pcp190_Silo11;Silo11;silo evaluated for pickup continuance
exit_tr44_Pcp169;tr44;Exit for truck
arrive_Silo7_tr37_Pcp81;Silo7;Silo for truck load
weigh_empty_tr16_Pcp440;tr16;Empty truck weighed
arrive_Silo7_tr18_Pcp110;Silo7;Silo for truck load
check_abnorm_tr32_Pcp287;tr32;truck exmained for empty weight abnormality
exit_tr21_Pcp228;tr21;Exit for truck
check_abnorm_tr16_Pcp440;tr16;truck exmained for empty weight abnormality
determine_continu_tr31_Pcp105_Silo7;Silo7;silo evaluated for pickup continuance
register_arrival_tr14_Pcp404;tr14;truck for arrival registeration
weigh_empty_tr7_Pcp258;tr7;Empty truck weighed
determine_continu_tr29_Pcp69_Silo11;Silo11;silo evaluated for pickup continuance
register_arrival_tr1_Pcp404;tr1;truck for arrival registeration
arrive_Silo7_tr16_Pcp440;Silo7;Silo for truck load
load_tr31_Pcp105;tr31;cargo load for truck
register_arrival_tr24_Pcp82;tr24;truck for arrival registeration
arrive_Silo7_tr32_Pcp287;Silo7;Silo for truck load
determine_continu_tr30_Pcp128_Silo7;Silo7;silo evaluated for pickup continuance
load_tr6_Pcp119;tr6;cargo load for truck
check_abnorm_tr7_Pcp258;tr7;truck exmained for empty weight abnormality
determine_continu_tr23_Pcp468_Silo11;Silo11;silo evaluated for pickup continuance
enter_tr20_Pcp82;tr20;Entry evaluation for truck
load_tr46_Pcp190;tr46;cargo load for truck
weigh_empty_tr49_Pcp258;tr49;Empty truck weighed
load_tr4_Pcp287;tr4;cargo load for truck
weigh_empty_tr19_Pcp119;tr19;Empty truck weighed
arrive_Silo7_tr7_Pcp258;Silo7;Silo for truck load
check_abnorm_tr49_Pcp258;tr49;truck exmained for empty weight abnormality
register_arrival_tr28_Pcp105;tr28;truck for arrival registeration
check_abnorm_tr19_Pcp119;tr19;truck exmained for empty weight abnormality
weigh_empty_tr1_Pcp404;tr1;Empty truck weighed
arrive_Silo7_tr49_Pcp258;Silo7;Silo for truck load
load_tr23_Pcp468;tr23;cargo load for truck
load_tr30_Pcp128;tr30;cargo load for truck
check_abnorm_tr1_Pcp404;tr1;truck exmained for empty weight abnormality
arrive_Silo7_tr19_Pcp119;Silo7;Silo for truck load
register_arrival_tr42_Pcp440;tr42;truck for arrival registeration
determine_continu_tr7_Pcp258_Silo7;Silo7;silo evaluated for pickup continuance
load_tr7_Pcp258;tr7;cargo load for truck
arrive_Silo7_tr1_Pcp404;Silo7;Silo for truck load
load_tr29_Pcp69;tr29;cargo load for truck
weigh_empty_tr17_Pcp81;tr17;Empty truck weighed
weigh_empty_tr14_Pcp404;tr14;Empty truck weighed
weigh_loaded_tr33_Pcp146;tr33;Truck weighed
weigh_empty_tr24_Pcp82;tr24;Empty truck weighed
weigh_empty_tr42_Pcp440;tr42;Empty truck weighed
determine_continu_tr32_Pcp287_Silo7;Silo7;silo evaluated for pickup continuance
determine_continu_tr15_Pcp234_Silo11;Silo11;silo evaluated for pickup continuance
check_abnorm_tr42_Pcp440;tr42;truck exmained for empty weight abnormality
check_abnorm_tr14_Pcp404;tr14;truck exmained for empty weight abnormality
check_abnorm_tr24_Pcp82;tr24;truck exmained for empty weight abnormality
arrive_Silo7_tr42_Pcp440;Silo7;Silo for truck load
arrive_Silo7_tr14_Pcp404;Silo7;Silo for truck load
determine_continu_tr27_Pcp190_Silo11;Silo11;silo evaluated for pickup continuance
arrive_Silo7_tr24_Pcp82;Silo7;Silo for truck load
check_abnorm_tr17_Pcp81;tr17;truck exmained for empty weight abnormality
determine_continu_tr25_Pcp110_Silo7;Silo7;silo evaluated for pickup continuance
determine_continu_tr40_Pcp245_Silo11;Silo11;silo evaluated for pickup continuance
load_tr15_Pcp234;tr15;cargo load for truck
determine_continu_tr49_Pcp258_Silo7;Silo7;silo evaluated for pickup continuance
arrive_Silo7_tr17_Pcp81;Silo7;Silo for truck load
weigh_loaded_tr4_Pcp287;tr4;Truck weighed
load_tr32_Pcp287;tr32;cargo load for truck
determine_continu_tr42_Pcp440_Silo7;Silo7;silo evaluated for pickup continuance
load_tr27_Pcp190;tr27;cargo load for truck
determine_continu_tr24_Pcp82_Silo7;Silo7;silo evaluated for pickup continuance
load_tr49_Pcp258;tr49;cargo load for truck
determine_continu_tr18_Pcp110_Silo7;Silo7;silo evaluated for pickup continuance
load_tr42_Pcp440;tr42;cargo load for truck
issue_ticket_tr4_Pcp287;tr4;Printed weighing ticket for pickup plan
input_tally_tr4_Pcp287;tr4;Tally Sheet for pickup plan
weigh_loaded_tr5_Pcp245;tr5;Truck weighed
load_tr40_Pcp245;tr40;cargo load for truck
lodge_Pcp45;Pcp45;lodged pickup plan
lodge_Pcp45;Cr17;cargo to be picked up
eval_tr4exit_Pcp287;tr4;Exit evaluation for truck
issue_ticket_tr33_Pcp146;tr33;Printed weighing ticket for pickup plan
input_tally_tr33_Pcp146;tr33;Tally Sheet for pickup plan
eval_tr33exit_Pcp146;tr33;Exit evaluation for truck
exit_tr4_Pcp287;tr4;Exit for truck
issue_ticket_tr5_Pcp245;tr5;Printed weighing ticket for pickup plan
input_tally_tr5_Pcp245;tr5;Tally Sheet for pickup plan
eval_tr5exit_Pcp245;tr5;Exit evaluation for truck
register_arrival_tr20_Pcp82;tr20;truck for arrival registeration
exit_tr33_Pcp146;tr33;Exit for truck
weigh_empty_tr28_Pcp105;tr28;Empty truck weighed
determine_continu_tr16_Pcp440_Silo7;Silo7;silo evaluated for pickup continuance
determine_continu_tr19_Pcp119_Silo7;Silo7;silo evaluated for pickup continuance
determine_continu_tr37_Pcp81_Silo7;Silo7;silo evaluated for pickup continuance
load_tr25_Pcp110;tr25;cargo load for truck
load_tr19_Pcp119;tr19;cargo load for truck
load_tr16_Pcp440;tr16;cargo load for truck
determine_continu_tr1_Pcp404_Silo7;Silo7;silo evaluated for pickup continuance
load_tr24_Pcp82;tr24;cargo load for truck
load_tr37_Pcp81;tr37;cargo load for truck
exit_tr5_Pcp245;tr5;Exit for truck
load_tr18_Pcp110;tr18;cargo load for truck
load_tr1_Pcp404;tr1;cargo load for truck
weigh_empty_tr20_Pcp82;tr20;Empty truck weighed
check_abnorm_tr28_Pcp105;tr28;truck exmained for empty weight abnormality
determine_continu_tr14_Pcp404_Silo7;Silo7;silo evaluated for pickup continuance
check_abnorm_tr20_Pcp82;tr20;truck exmained for empty weight abnormality
load_tr14_Pcp404;tr14;cargo load for truck
arrive_Silo7_tr28_Pcp105;Silo7;Silo for truck load
weigh_loaded_tr32_Pcp287;tr32;Truck weighed
weigh_loaded_tr40_Pcp245;tr40;Truck weighed
arrive_Silo7_tr20_Pcp82;Silo7;Silo for truck load
issue_ticket_tr40_Pcp245;tr40;Printed weighing ticket for pickup plan
input_tally_tr40_Pcp245;tr40;Tally Sheet for pickup plan
eval_tr40exit_Pcp245;tr40;Exit evaluation for truck
weigh_loaded_tr30_Pcp128;tr30;Truck weighed
exit_tr40_Pcp245;tr40;Exit for truck
weigh_loaded_tr26_Pcp415;tr26;Truck weighed
issue_ticket_tr32_Pcp287;tr32;Printed weighing ticket for pickup plan
input_tally_tr32_Pcp287;tr32;Tally Sheet for pickup plan
eval_tr32exit_Pcp287;tr32;Exit evaluation for truck
exit_tr32_Pcp287;tr32;Exit for truck
determine_continu_tr28_Pcp105_Silo7;Silo7;silo evaluated for pickup continuance
weigh_loaded_tr23_Pcp468;tr23;Truck weighed
determine_continu_tr17_Pcp81_Silo7;Silo7;silo evaluated for pickup continuance
load_tr28_Pcp105;tr28;cargo load for truck
weigh_loaded_tr6_Pcp119;tr6;Truck weighed
load_tr17_Pcp81;tr17;cargo load for truck
issue_ticket_tr30_Pcp128;tr30;Printed weighing ticket for pickup plan
input_tally_tr30_Pcp128;tr30;Tally Sheet for pickup plan
eval_tr30exit_Pcp128;tr30;Exit evaluation for truck
weigh_loaded_tr19_Pcp119;tr19;Truck weighed
issue_ticket_tr6_Pcp119;tr6;Printed weighing ticket for pickup plan
input_tally_tr6_Pcp119;tr6;Tally Sheet for pickup plan
weigh_loaded_tr37_Pcp81;tr37;Truck weighed
exit_tr30_Pcp128;tr30;Exit for truck
eval_tr6exit_Pcp119;tr6;Exit evaluation for truck
issue_ticket_tr26_Pcp415;tr26;Printed weighing ticket for pickup plan
input_tally_tr26_Pcp415;tr26;Tally Sheet for pickup plan
eval_tr26exit_Pcp415;tr26;Exit evaluation for truck
exit_tr6_Pcp119;tr6;Exit for truck
issue_ticket_tr19_Pcp119;tr19;Printed weighing ticket for pickup plan
input_tally_tr19_Pcp119;tr19;Tally Sheet for pickup plan
weigh_loaded_tr38_Pcp69;tr38;Truck weighed
issue_ticket_tr23_Pcp468;tr23;Printed weighing ticket for pickup plan
input_tally_tr23_Pcp468;tr23;Tally Sheet for pickup plan
eval_tr23exit_Pcp468;tr23;Exit evaluation for truck
weigh_loaded_tr15_Pcp234;tr15;Truck weighed
exit_tr26_Pcp415;tr26;Exit for truck
eval_tr19exit_Pcp119;tr19;Exit evaluation for truck
exit_tr19_Pcp119;tr19;Exit for truck
lodge_Pcp141;Pcp141;lodged pickup plan
lodge_Pcp141;Cr4;cargo to be picked up
exit_tr23_Pcp468;tr23;Exit for truck
issue_ticket_tr15_Pcp234;tr15;Printed weighing ticket for pickup plan
input_tally_tr15_Pcp234;tr15;Tally Sheet for pickup plan
eval_tr15exit_Pcp234;tr15;Exit evaluation for truck
weigh_loaded_tr39_Pcp169;tr39;Truck weighed
issue_ticket_tr37_Pcp81;tr37;Printed weighing ticket for pickup plan
input_tally_tr37_Pcp81;tr37;Tally Sheet for pickup plan
eval_tr37exit_Pcp81;tr37;Exit evaluation for truck
weigh_loaded_tr49_Pcp258;tr49;Truck weighed
exit_tr37_Pcp81;tr37;Exit for truck
exit_tr15_Pcp234;tr15;Exit for truck
weigh_loaded_tr28_Pcp105;tr28;Truck weighed
issue_ticket_tr38_Pcp69;tr38;Printed weighing ticket for pickup plan
input_tally_tr38_Pcp69;tr38;Tally Sheet for pickup plan
eval_tr38exit_Pcp69;tr38;Exit evaluation for truck
issue_ticket_tr49_Pcp258;tr49;Printed weighing ticket for pickup plan
input_tally_tr49_Pcp258;tr49;Tally Sheet for pickup plan
eval_tr49exit_Pcp258;tr49;Exit evaluation for truck
exit_tr38_Pcp69;tr38;Exit for truck
issue_ticket_tr39_Pcp169;tr39;Printed weighing ticket for pickup plan
input_tally_tr39_Pcp169;tr39;Tally Sheet for pickup plan
eval_tr39exit_Pcp169;tr39;Exit evaluation for truck
exit_tr39_Pcp169;tr39;Exit for truck
determine_continu_tr20_Pcp82_Silo7;Silo7;silo evaluated for pickup continuance
issue_ticket_tr28_Pcp105;tr28;Printed weighing ticket for pickup plan
input_tally_tr28_Pcp105;tr28;Tally Sheet for pickup plan
eval_tr28exit_Pcp105;tr28;Exit evaluation for truck
exit_tr28_Pcp105;tr28;Exit for truck
exit_tr49_Pcp258;tr49;Exit for truck
load_tr20_Pcp82;tr20;cargo load for truck
weigh_loaded_tr8_Pcp234;tr8;Truck weighed
weigh_loaded_tr16_Pcp440;tr16;Truck weighed
issue_ticket_tr8_Pcp234;tr8;Printed weighing ticket for pickup plan
input_tally_tr8_Pcp234;tr8;Tally Sheet for pickup plan
weigh_loaded_tr29_Pcp69;tr29;Truck weighed
eval_tr8exit_Pcp234;tr8;Exit evaluation for truck
issue_ticket_tr16_Pcp440;tr16;Printed weighing ticket for pickup plan
input_tally_tr16_Pcp440;tr16;Tally Sheet for pickup plan
weigh_loaded_tr7_Pcp258;tr7;Truck weighed
eval_tr16exit_Pcp440;tr16;Exit evaluation for truck
exit_tr8_Pcp234;tr8;Exit for truck
exit_tr16_Pcp440;tr16;Exit for truck
weigh_loaded_tr20_Pcp82;tr20;Truck weighed
issue_ticket_tr7_Pcp258;tr7;Printed weighing ticket for pickup plan
issue_ticket_tr29_Pcp69;tr29;Printed weighing ticket for pickup plan
input_tally_tr7_Pcp258;tr7;Tally Sheet for pickup plan
input_tally_tr29_Pcp69;tr29;Tally Sheet for pickup plan
eval_tr29exit_Pcp69;tr29;Exit evaluation for truck
eval_tr7exit_Pcp258;tr7;Exit evaluation for truck
exit_tr29_Pcp69;tr29;Exit for truck
weigh_loaded_tr25_Pcp110;tr25;Truck weighed
weigh_loaded_tr9_Pcp415;tr9;Truck weighed
exit_tr7_Pcp258;tr7;Exit for truck
issue_ticket_tr9_Pcp415;tr9;Printed weighing ticket for pickup plan
input_tally_tr9_Pcp415;tr9;Tally Sheet for pickup plan
issue_ticket_tr25_Pcp110;tr25;Printed weighing ticket for pickup plan
input_tally_tr25_Pcp110;tr25;Tally Sheet for pickup plan
eval_tr25exit_Pcp110;tr25;Exit evaluation for truck
exit_tr25_Pcp110;tr25;Exit for truck
weigh_loaded_tr24_Pcp82;tr24;Truck weighed
eval_tr9exit_Pcp415;tr9;Exit evaluation for truck
exit_tr9_Pcp415;tr9;Exit for truck
weigh_loaded_tr46_Pcp190;tr46;Truck weighed
issue_ticket_tr24_Pcp82;tr24;Printed weighing ticket for pickup plan
input_tally_tr24_Pcp82;tr24;Tally Sheet for pickup plan
eval_tr24exit_Pcp82;tr24;Exit evaluation for truck
weigh_loaded_tr27_Pcp190;tr27;Truck weighed
issue_ticket_tr46_Pcp190;tr46;Printed weighing ticket for pickup plan
input_tally_tr46_Pcp190;tr46;Tally Sheet for pickup plan
exit_tr24_Pcp82;tr24;Exit for truck
issue_ticket_tr20_Pcp82;tr20;Printed weighing ticket for pickup plan
input_tally_tr20_Pcp82;tr20;Tally Sheet for pickup plan
eval_tr20exit_Pcp82;tr20;Exit evaluation for truck
exit_tr20_Pcp82;tr20;Exit for truck
issue_ticket_tr27_Pcp190;tr27;Printed weighing ticket for pickup plan
input_tally_tr27_Pcp190;tr27;Tally Sheet for pickup plan
eval_tr27exit_Pcp190;tr27;Exit evaluation for truck
eval_tr46exit_Pcp190;tr46;Exit evaluation for truck
exit_tr46_Pcp190;tr46;Exit for truck
weigh_loaded_tr17_Pcp81;tr17;Truck weighed
issue_ticket_tr17_Pcp81;tr17;Printed weighing ticket for pickup plan
input_tally_tr17_Pcp81;tr17;Tally Sheet for pickup plan
eval_tr17exit_Pcp81;tr17;Exit evaluation for truck
weigh_loaded_tr31_Pcp105;tr31;Truck weighed
exit_tr17_Pcp81;tr17;Exit for truck
exit_tr27_Pcp190;tr27;Exit for truck
weigh_loaded_tr45_Pcp146;tr45;Truck weighed
weigh_loaded_tr18_Pcp110;tr18;Truck weighed
issue_ticket_tr31_Pcp105;tr31;Printed weighing ticket for pickup plan
input_tally_tr31_Pcp105;tr31;Tally Sheet for pickup plan
eval_tr31exit_Pcp105;tr31;Exit evaluation for truck
exit_tr31_Pcp105;tr31;Exit for truck
weigh_loaded_tr14_Pcp404;tr14;Truck weighed
issue_ticket_tr45_Pcp146;tr45;Printed weighing ticket for pickup plan
input_tally_tr45_Pcp146;tr45;Tally Sheet for pickup plan
eval_tr45exit_Pcp146;tr45;Exit evaluation for truck
exit_tr45_Pcp146;tr45;Exit for truck
issue_ticket_tr18_Pcp110;tr18;Printed weighing ticket for pickup plan
input_tally_tr18_Pcp110;tr18;Tally Sheet for pickup plan
eval_tr18exit_Pcp110;tr18;Exit evaluation for truck
issue_ticket_tr14_Pcp404;tr14;Printed weighing ticket for pickup plan
input_tally_tr14_Pcp404;tr14;Tally Sheet for pickup plan
exit_tr18_Pcp110;tr18;Exit for truck
eval_tr14exit_Pcp404;tr14;Exit evaluation for truck
weigh_loaded_tr42_Pcp440;tr42;Truck weighed
exit_tr14_Pcp404;tr14;Exit for truck
issue_ticket_tr42_Pcp440;tr42;Printed weighing ticket for pickup plan
input_tally_tr42_Pcp440;tr42;Tally Sheet for pickup plan
eval_tr42exit_Pcp440;tr42;Exit evaluation for truck
exit_tr42_Pcp440;tr42;Exit for truck
weigh_loaded_tr1_Pcp404;tr1;Truck weighed
issue_ticket_tr1_Pcp404;tr1;Printed weighing ticket for pickup plan
input_tally_tr1_Pcp404;tr1;Tally Sheet for pickup plan
eval_tr1exit_Pcp404;tr1;Exit evaluation for truck
exit_tr1_Pcp404;tr1;Exit for truck
lodge_Pcp102;Pcp102;lodged pickup plan
lodge_Pcp102;Cr12;cargo to be picked up
lodge_Pcp473;Pcp473;lodged pickup plan
lodge_Pcp473;Cr1;cargo to be picked up
assess_Pcp130;Pcp130;pickup plan to be assessed
assess_Pcp473;Pcp473;pickup plan to be assessed
approve_Pcp130;Pcp130;pickup plan approved
assess_Pcp495;Pcp495;pickup plan to be assessed
approve_Pcp473;Pcp473;pickup plan approved
assess_Pcp388;Pcp388;pickup plan to be assessed
approve_Pcp495;Pcp495;pickup plan approved
assess_Pcp220;Pcp220;pickup plan to be assessed
approve_Pcp388;Pcp388;pickup plan approved
approve_Pcp220;Pcp220;pickup plan approved
assess_Pcp428;Pcp428;pickup plan to be assessed
approve_Pcp428;Pcp428;pickup plan approved
assess_Pcp230;Pcp230;pickup plan to be assessed
approve_Pcp230;Pcp230;pickup plan approved
assess_Pcp334;Pcp334;pickup plan to be assessed
approve_Pcp334;Pcp334;pickup plan approved
assess_Pcp483;Pcp483;pickup plan to be assessed
approve_Pcp483;Pcp483;pickup plan approved
assess_Pcp436;Pcp436;pickup plan to be assessed
approve_Pcp436;Pcp436;pickup plan approved
lodge_Pcp382;Pcp382;lodged pickup plan
lodge_Pcp382;Cr3;cargo to be picked up
assess_Pcp309;Pcp309;pickup plan to be assessed
assess_Pcp205;Pcp205;pickup plan to be assessed
approve_Pcp309;Pcp309;pickup plan approved
assess_Pcp360;Pcp360;pickup plan to be assessed
approve_Pcp205;Pcp205;pickup plan approved
lodge_Pcp380;Pcp380;lodged pickup plan
lodge_Pcp380;Cr16;cargo to be picked up
assess_Pcp382;Pcp382;pickup plan to be assessed
approve_Pcp360;Pcp360;pickup plan approved
assess_Pcp342;Pcp342;pickup plan to be assessed
approve_Pcp382;Pcp382;pickup plan approved
assess_Pcp72;Pcp72;pickup plan to be assessed
approve_Pcp342;Pcp342;pickup plan approved
approve_Pcp72;Pcp72;pickup plan approved
assess_Pcp113;Pcp113;pickup plan to be assessed
assess_Pcp365;Pcp365;pickup plan to be assessed
approve_Pcp113;Pcp113;pickup plan approved
assess_Pcp403;Pcp403;pickup plan to be assessed
approve_Pcp365;Pcp365;pickup plan approved
assess_Pcp454;Pcp454;pickup plan to be assessed
approve_Pcp403;Pcp403;pickup plan approved
assess_Pcp156;Pcp156;pickup plan to be assessed
approve_Pcp454;Pcp454;pickup plan approved
assess_Pcp221;Pcp221;pickup plan to be assessed
approve_Pcp156;Pcp156;pickup plan approved
approve_Pcp221;Pcp221;pickup plan approved
lodge_Pcp86;Pcp86;lodged pickup plan
lodge_Pcp86;Cr13;cargo to be picked up
assess_Pcp22;Pcp22;pickup plan to be assessed
assess_Pcp126;Pcp126;pickup plan to be assessed
approve_Pcp22;Pcp22;pickup plan approved
assess_Pcp163;Pcp163;pickup plan to be assessed
approve_Pcp126;Pcp126;pickup plan approved
approve_Pcp163;Pcp163;pickup plan approved
assess_Pcp159;Pcp159;pickup plan to be assessed
assess_Pcp479;Pcp479;pickup plan to be assessed
approve_Pcp159;Pcp159;pickup plan approved
assess_Pcp9;Pcp9;pickup plan to be assessed
approve_Pcp479;Pcp479;pickup plan approved
assess_Pcp86;Pcp86;pickup plan to be assessed
approve_Pcp9;Pcp9;pickup plan approved
assess_Pcp104;Pcp104;pickup plan to be assessed
approve_Pcp86;Pcp86;pickup plan approved
approve_Pcp104;Pcp104;pickup plan approved
assess_Pcp1;Pcp1;pickup plan to be assessed
assess_Pcp116;Pcp116;pickup plan to be assessed
approve_Pcp1;Pcp1;pickup plan approved
approve_Pcp116;Pcp116;pickup plan approved
assess_Pcp166;Pcp166;pickup plan to be assessed
assess_Pcp23;Pcp23;pickup plan to be assessed
approve_Pcp166;Pcp166;pickup plan approved
approve_Pcp23;Pcp23;pickup plan approved
assign_tr13_Pcp438;tr13;Pickup plan trucks assignment
assign_tr47_Pcp438;tr47;Pickup plan trucks assignment
enter_tr47_Pcp438;tr47;Entry evaluation for truck
assign_tr48_Pcp121;tr48;Pickup plan trucks assignment
assign_tr12_Pcp432;tr12;Pickup plan trucks assignment
assign_tr34_Pcp121;tr34;Pickup plan trucks assignment
enter_tr34_Pcp121;tr34;Entry evaluation for truck
assign_tr22_Pcp14;tr22;Pickup plan trucks assignment
register_arrival_tr47_Pcp438;tr47;truck for arrival registeration
assign_tr2_Pcp14;tr2;Pickup plan trucks assignment
enter_tr48_Pcp121;tr48;Entry evaluation for truck
assign_tr36_Pcp432;tr36;Pickup plan trucks assignment
register_arrival_tr34_Pcp121;tr34;truck for arrival registeration
enter_tr2_Pcp14;tr2;Entry evaluation for truck
assign_tr50_Pcp459;tr50;Pickup plan trucks assignment
assign_tr41_Pcp459;tr41;Pickup plan trucks assignment
assign_tr3_Pcp219;tr3;Pickup plan trucks assignment
register_arrival_tr48_Pcp121;tr48;truck for arrival registeration
weigh_empty_tr47_Pcp438;tr47;Empty truck weighed
check_abnorm_tr47_Pcp438;tr47;truck exmained for empty weight abnormality
enter_tr50_Pcp459;tr50;Entry evaluation for truck
weigh_empty_tr48_Pcp121;tr48;Empty truck weighed
enter_tr12_Pcp432;tr12;Entry evaluation for truck
arrive_Silo8_tr47_Pcp438;Silo8;Silo for truck load
check_abnorm_tr48_Pcp121;tr48;truck exmained for empty weight abnormality
enter_tr13_Pcp438;tr13;Entry evaluation for truck
determine_continu_tr47_Pcp438_Silo8;Silo8;silo evaluated for pickup continuance
arrive_Silo8_tr48_Pcp121;Silo8;Silo for truck load
weigh_empty_tr34_Pcp121;tr34;Empty truck weighed
enter_tr22_Pcp14;tr22;Entry evaluation for truck
load_tr47_Pcp438;tr47;cargo load for truck
register_arrival_tr2_Pcp14;tr2;truck for arrival registeration
check_abnorm_tr34_Pcp121;tr34;truck exmained for empty weight abnormality
determine_continu_tr48_Pcp121_Silo8;Silo8;silo evaluated for pickup continuance
register_arrival_tr13_Pcp438;tr13;truck for arrival registeration
load_tr48_Pcp121;tr48;cargo load for truck
arrive_Silo8_tr34_Pcp121;Silo8;Silo for truck load
enter_tr41_Pcp459;tr41;Entry evaluation for truck
register_arrival_tr22_Pcp14;tr22;truck for arrival registeration
register_arrival_tr50_Pcp459;tr50;truck for arrival registeration
weigh_empty_tr13_Pcp438;tr13;Empty truck weighed
check_abnorm_tr13_Pcp438;tr13;truck exmained for empty weight abnormality
enter_tr36_Pcp432;tr36;Entry evaluation for truck
arrive_Silo8_tr13_Pcp438;Silo8;Silo for truck load
register_arrival_tr41_Pcp459;tr41;truck for arrival registeration
register_arrival_tr36_Pcp432;tr36;truck for arrival registeration
weigh_empty_tr50_Pcp459;tr50;Empty truck weighed
enter_tr3_Pcp219;tr3;Entry evaluation for truck
check_abnorm_tr50_Pcp459;tr50;truck exmained for empty weight abnormality
weigh_empty_tr2_Pcp14;tr2;Empty truck weighed
arrive_Silo8_tr50_Pcp459;Silo8;Silo for truck load
register_arrival_tr12_Pcp432;tr12;truck for arrival registeration
register_arrival_tr3_Pcp219;tr3;truck for arrival registeration
check_abnorm_tr2_Pcp14;tr2;truck exmained for empty weight abnormality
determine_continu_tr34_Pcp121_Silo8;Silo8;silo evaluated for pickup continuance
arrive_Silo8_tr2_Pcp14;Silo8;Silo for truck load
weigh_empty_tr41_Pcp459;tr41;Empty truck weighed
determine_continu_tr50_Pcp459_Silo8;Silo8;silo evaluated for pickup continuance
weigh_empty_tr12_Pcp432;tr12;Empty truck weighed
check_abnorm_tr41_Pcp459;tr41;truck exmained for empty weight abnormality
check_abnorm_tr12_Pcp432;tr12;truck exmained for empty weight abnormality
arrive_Silo8_tr41_Pcp459;Silo8;Silo for truck load
weigh_empty_tr22_Pcp14;tr22;Empty truck weighed
load_tr50_Pcp459;tr50;cargo load for truck
arrive_Silo8_tr12_Pcp432;Silo8;Silo for truck load
weigh_empty_tr36_Pcp432;tr36;Empty truck weighed
determine_continu_tr2_Pcp14_Silo8;Silo8;silo evaluated for pickup continuance
check_abnorm_tr22_Pcp14;tr22;truck exmained for empty weight abnormality
check_abnorm_tr36_Pcp432;tr36;truck exmained for empty weight abnormality
weigh_empty_tr3_Pcp219;tr3;Empty truck weighed
arrive_Silo8_tr22_Pcp14;Silo8;Silo for truck load
arrive_Silo8_tr36_Pcp432;Silo8;Silo for truck load
load_tr2_Pcp14;tr2;cargo load for truck
check_abnorm_tr3_Pcp219;tr3;truck exmained for empty weight abnormality
determine_continu_tr41_Pcp459_Silo8;Silo8;silo evaluated for pickup continuance
arrive_Silo8_tr3_Pcp219;Silo8;Silo for truck load
load_tr34_Pcp121;tr34;cargo load for truck
determine_continu_tr13_Pcp438_Silo8;Silo8;silo evaluated for pickup continuance
determine_continu_tr36_Pcp432_Silo8;Silo8;silo evaluated for pickup continuance
load_tr13_Pcp438;tr13;cargo load for truck
load_tr36_Pcp432;tr36;cargo load for truck
determine_continu_tr3_Pcp219_Silo8;Silo8;silo evaluated for pickup continuance
load_tr41_Pcp459;tr41;cargo load for truck
determine_continu_tr12_Pcp432_Silo8;Silo8;silo evaluated for pickup continuance
load_tr3_Pcp219;tr3;cargo load for truck
load_tr12_Pcp432;tr12;cargo load for truck
weigh_loaded_tr13_Pcp438;tr13;Truck weighed
determine_continu_tr22_Pcp14_Silo8;Silo8;silo evaluated for pickup continuance
issue_ticket_tr13_Pcp438;tr13;Printed weighing ticket for pickup plan
input_tally_tr13_Pcp438;tr13;Tally Sheet for pickup plan
eval_tr13exit_Pcp438;tr13;Exit evaluation for truck
load_tr22_Pcp14;tr22;cargo load for truck
exit_tr13_Pcp438;tr13;Exit for truck
weigh_loaded_tr12_Pcp432;tr12;Truck weighed
weigh_loaded_tr41_Pcp459;tr41;Truck weighed
weigh_loaded_tr34_Pcp121;tr34;Truck weighed
issue_ticket_tr41_Pcp459;tr41;Printed weighing ticket for pickup plan
input_tally_tr41_Pcp459;tr41;Tally Sheet for pickup plan
weigh_loaded_tr48_Pcp121;tr48;Truck weighed
eval_tr41exit_Pcp459;tr41;Exit evaluation for truck
exit_tr41_Pcp459;tr41;Exit for truck
issue_ticket_tr34_Pcp121;tr34;Printed weighing ticket for pickup plan
input_tally_tr34_Pcp121;tr34;Tally Sheet for pickup plan
eval_tr34exit_Pcp121;tr34;Exit evaluation for truck
issue_ticket_tr12_Pcp432;tr12;Printed weighing ticket for pickup plan
input_tally_tr12_Pcp432;tr12;Tally Sheet for pickup plan
eval_tr12exit_Pcp432;tr12;Exit evaluation for truck
issue_ticket_tr48_Pcp121;tr48;Printed weighing ticket for pickup plan
input_tally_tr48_Pcp121;tr48;Tally Sheet for pickup plan
eval_tr48exit_Pcp121;tr48;Exit evaluation for truck
exit_tr12_Pcp432;tr12;Exit for truck
exit_tr34_Pcp121;tr34;Exit for truck
exit_tr48_Pcp121;tr48;Exit for truck
weigh_loaded_tr50_Pcp459;tr50;Truck weighed
issue_ticket_tr50_Pcp459;tr50;Printed weighing ticket for pickup plan
input_tally_tr50_Pcp459;tr50;Tally Sheet for pickup plan
eval_tr50exit_Pcp459;tr50;Exit evaluation for truck
exit_tr50_Pcp459;tr50;Exit for truck
weigh_loaded_tr2_Pcp14;tr2;Truck weighed
issue_ticket_tr2_Pcp14;tr2;Printed weighing ticket for pickup plan
input_tally_tr2_Pcp14;tr2;Tally Sheet for pickup plan
eval_tr2exit_Pcp14;tr2;Exit evaluation for truck
exit_tr2_Pcp14;tr2;Exit for truck
weigh_loaded_tr3_Pcp219;tr3;Truck weighed
issue_ticket_tr3_Pcp219;tr3;Printed weighing ticket for pickup plan
input_tally_tr3_Pcp219;tr3;Tally Sheet for pickup plan
eval_tr3exit_Pcp219;tr3;Exit evaluation for truck
exit_tr3_Pcp219;tr3;Exit for truck
weigh_loaded_tr36_Pcp432;tr36;Truck weighed
issue_ticket_tr36_Pcp432;tr36;Printed weighing ticket for pickup plan
input_tally_tr36_Pcp432;tr36;Tally Sheet for pickup plan
eval_tr36exit_Pcp432;tr36;Exit evaluation for truck
exit_tr36_Pcp432;tr36;Exit for truck
weigh_loaded_tr22_Pcp14;tr22;Truck weighed
issue_ticket_tr22_Pcp14;tr22;Printed weighing ticket for pickup plan
input_tally_tr22_Pcp14;tr22;Tally Sheet for pickup plan
eval_tr22exit_Pcp14;tr22;Exit evaluation for truck
exit_tr22_Pcp14;tr22;Exit for truck
weigh_loaded_tr47_Pcp438;tr47;Truck weighed
issue_ticket_tr47_Pcp438;tr47;Printed weighing ticket for pickup plan
input_tally_tr47_Pcp438;tr47;Tally Sheet for pickup plan
eval_tr47exit_Pcp438;tr47;Exit evaluation for truck
exit_tr47_Pcp438;tr47;Exit for truck
lodge_Pcp236;Pcp236;lodged pickup plan
lodge_Pcp236;Cr20;cargo to be picked up
assess_Pcp177;Pcp177;pickup plan to be assessed
assess_Pcp330;Pcp330;pickup plan to be assessed
approve_Pcp177;Pcp177;pickup plan approved
assess_Pcp207;Pcp207;pickup plan to be assessed
approve_Pcp330;Pcp330;pickup plan approved
assess_Pcp443;Pcp443;pickup plan to be assessed
approve_Pcp207;Pcp207;pickup plan approved
approve_Pcp443;Pcp443;pickup plan approved
assess_Pcp362;Pcp362;pickup plan to be assessed
assess_Pcp20;Pcp20;pickup plan to be assessed
approve_Pcp362;Pcp362;pickup plan approved
approve_Pcp20;Pcp20;pickup plan approved
assess_Pcp490;Pcp490;pickup plan to be assessed
assess_Pcp398;Pcp398;pickup plan to be assessed
approve_Pcp490;Pcp490;pickup plan approved
assess_Pcp236;Pcp236;pickup plan to be assessed
approve_Pcp398;Pcp398;pickup plan approved
assess_Pcp395;Pcp395;pickup plan to be assessed
approve_Pcp236;Pcp236;pickup plan approved
assess_Pcp103;Pcp103;pickup plan to be assessed
approve_Pcp395;Pcp395;pickup plan approved
approve_Pcp103;Pcp103;pickup plan approved
assess_Pcp155;Pcp155;pickup plan to be assessed
approve_Pcp155;Pcp155;pickup plan approved
lodge_Pcp237;Pcp237;lodged pickup plan
lodge_Pcp237;Cr7;cargo to be picked up
lodge_Pcp484;Pcp484;lodged pickup plan
lodge_Pcp484;Cr6;cargo to be picked up
lodge_Pcp344;Pcp344;lodged pickup plan
lodge_Pcp344;Cr18;cargo to be picked up
lodge_Pcp175;Pcp175;lodged pickup plan
lodge_Pcp175;Cr17;cargo to be picked up
assess_Pcp182;Pcp182;pickup plan to be assessed
assess_Pcp175;Pcp175;pickup plan to be assessed
approve_Pcp182;Pcp182;pickup plan approved
assess_Pcp414;Pcp414;pickup plan to be assessed
approve_Pcp175;Pcp175;pickup plan approved
assess_Pcp270;Pcp270;pickup plan to be assessed
approve_Pcp414;Pcp414;pickup plan approved
assess_Pcp306;Pcp306;pickup plan to be assessed
approve_Pcp270;Pcp270;pickup plan approved
assess_Pcp464;Pcp464;pickup plan to be assessed
approve_Pcp306;Pcp306;pickup plan approved
assess_Pcp171;Pcp171;pickup plan to be assessed
approve_Pcp464;Pcp464;pickup plan approved
assess_Pcp95;Pcp95;pickup plan to be assessed
approve_Pcp171;Pcp171;pickup plan approved
approve_Pcp95;Pcp95;pickup plan approved
assess_Pcp45;Pcp45;pickup plan to be assessed
approve_Pcp45;Pcp45;pickup plan approved
assess_Pcp100;Pcp100;pickup plan to be assessed
approve_Pcp100;Pcp100;pickup plan approved
assess_Pcp263;Pcp263;pickup plan to be assessed
approve_Pcp263;Pcp263;pickup plan approved
assess_Pcp370;Pcp370;pickup plan to be assessed
approve_Pcp370;Pcp370;pickup plan approved
lodge_Pcp260;Pcp260;lodged pickup plan
lodge_Pcp260;Cr12;cargo to be picked up
assess_Pcp296;Pcp296;pickup plan to be assessed
assess_Pcp117;Pcp117;pickup plan to be assessed
approve_Pcp296;Pcp296;pickup plan approved
assess_Pcp102;Pcp102;pickup plan to be assessed
approve_Pcp117;Pcp117;pickup plan approved
assess_Pcp107;Pcp107;pickup plan to be assessed
approve_Pcp102;Pcp102;pickup plan approved
assess_Pcp253;Pcp253;pickup plan to be assessed
approve_Pcp107;Pcp107;pickup plan approved
assess_Pcp311;Pcp311;pickup plan to be assessed
approve_Pcp253;Pcp253;pickup plan approved
assess_Pcp197;Pcp197;pickup plan to be assessed
approve_Pcp311;Pcp311;pickup plan approved
assess_Pcp383;Pcp383;pickup plan to be assessed
approve_Pcp197;Pcp197;pickup plan approved
assess_Pcp260;Pcp260;pickup plan to be assessed
approve_Pcp383;Pcp383;pickup plan approved
assess_Pcp433;Pcp433;pickup plan to be assessed
approve_Pcp260;Pcp260;pickup plan approved
assess_Pcp430;Pcp430;pickup plan to be assessed
approve_Pcp433;Pcp433;pickup plan approved
assess_Pcp34;Pcp34;pickup plan to be assessed
approve_Pcp430;Pcp430;pickup plan approved
approve_Pcp34;Pcp34;pickup plan approved
lodge_Pcp485;Pcp485;lodged pickup plan
lodge_Pcp485;Cr19;cargo to be picked up
assess_Pcp397;Pcp397;pickup plan to be assessed
assess_Pcp211;Pcp211;pickup plan to be assessed
approve_Pcp397;Pcp397;pickup plan approved
assess_Pcp4;Pcp4;pickup plan to be assessed
approve_Pcp211;Pcp211;pickup plan approved
assess_Pcp196;Pcp196;pickup plan to be assessed
approve_Pcp4;Pcp4;pickup plan approved
assess_Pcp456;Pcp456;pickup plan to be assessed
approve_Pcp196;Pcp196;pickup plan approved
assess_Pcp279;Pcp279;pickup plan to be assessed
approve_Pcp456;Pcp456;pickup plan approved
assess_Pcp76;Pcp76;pickup plan to be assessed
approve_Pcp279;Pcp279;pickup plan approved
assess_Pcp291;Pcp291;pickup plan to be assessed
approve_Pcp76;Pcp76;pickup plan approved
assess_Pcp285;Pcp285;pickup plan to be assessed
approve_Pcp291;Pcp291;pickup plan approved
approve_Pcp285;Pcp285;pickup plan approved
assess_Pcp217;Pcp217;pickup plan to be assessed
assess_Pcp407;Pcp407;pickup plan to be assessed
approve_Pcp217;Pcp217;pickup plan approved
approve_Pcp407;Pcp407;pickup plan approved
assess_Pcp485;Pcp485;pickup plan to be assessed
approve_Pcp485;Pcp485;pickup plan approved
lodge_Pcp142;Pcp142;lodged pickup plan
lodge_Pcp142;Cr4;cargo to be picked up
lodge_Pcp63;Pcp63;lodged pickup plan
lodge_Pcp63;Cr16;cargo to be picked up
assess_Pcp63;Pcp63;pickup plan to be assessed
assess_Pcp7;Pcp7;pickup plan to be assessed
approve_Pcp63;Pcp63;pickup plan approved
lodge_Pcp172;Pcp172;lodged pickup plan
lodge_Pcp172;Cr15;cargo to be picked up
assess_Pcp74;Pcp74;pickup plan to be assessed
approve_Pcp7;Pcp7;pickup plan approved
assess_Pcp281;Pcp281;pickup plan to be assessed
approve_Pcp74;Pcp74;pickup plan approved
assess_Pcp145;Pcp145;pickup plan to be assessed
approve_Pcp281;Pcp281;pickup plan approved
approve_Pcp145;Pcp145;pickup plan approved
assess_Pcp466;Pcp466;pickup plan to be assessed
assess_Pcp198;Pcp198;pickup plan to be assessed
approve_Pcp466;Pcp466;pickup plan approved
approve_Pcp198;Pcp198;pickup plan approved
assess_Pcp435;Pcp435;pickup plan to be assessed
approve_Pcp435;Pcp435;pickup plan approved
assess_Pcp380;Pcp380;pickup plan to be assessed
assess_Pcp36;Pcp36;pickup plan to be assessed
approve_Pcp380;Pcp380;pickup plan approved
approve_Pcp36;Pcp36;pickup plan approved
lodge_Pcp453;Pcp453;lodged pickup plan
lodge_Pcp453;Cr10;cargo to be picked up
lodge_Pcp472;Pcp472;lodged pickup plan
lodge_Pcp472;Cr6;cargo to be picked up
lodge_Pcp138;Pcp138;lodged pickup plan
lodge_Pcp138;Cr15;cargo to be picked up
lodge_Pcp96;Pcp96;lodged pickup plan
lodge_Pcp96;Cr6;cargo to be picked up
lodge_Pcp413;Pcp413;lodged pickup plan
lodge_Pcp413;Cr7;cargo to be picked up
lodge_Pcp457;Pcp457;lodged pickup plan
lodge_Pcp457;Cr18;cargo to be picked up
assess_Pcp204;Pcp204;pickup plan to be assessed
approve_Pcp204;Pcp204;pickup plan approved
assess_Pcp193;Pcp193;pickup plan to be assessed
approve_Pcp193;Pcp193;pickup plan approved
assess_Pcp170;Pcp170;pickup plan to be assessed
assess_Pcp465;Pcp465;pickup plan to be assessed
approve_Pcp170;Pcp170;pickup plan approved
assess_Pcp174;Pcp174;pickup plan to be assessed
approve_Pcp465;Pcp465;pickup plan approved
approve_Pcp174;Pcp174;pickup plan approved
assess_Pcp151;Pcp151;pickup plan to be assessed
assess_Pcp344;Pcp344;pickup plan to be assessed
approve_Pcp151;Pcp151;pickup plan approved
approve_Pcp344;Pcp344;pickup plan approved
assess_Pcp249;Pcp249;pickup plan to be assessed
assess_Pcp391;Pcp391;pickup plan to be assessed
approve_Pcp249;Pcp249;pickup plan approved
assess_Pcp41;Pcp41;pickup plan to be assessed
approve_Pcp391;Pcp391;pickup plan approved
assess_Pcp447;Pcp447;pickup plan to be assessed
approve_Pcp41;Pcp41;pickup plan approved
assess_Pcp457;Pcp457;pickup plan to be assessed
approve_Pcp447;Pcp447;pickup plan approved
assess_Pcp64;Pcp64;pickup plan to be assessed
approve_Pcp457;Pcp457;pickup plan approved
approve_Pcp64;Pcp64;pickup plan approved
lodge_Pcp187;Pcp187;lodged pickup plan
lodge_Pcp187;Cr10;cargo to be picked up
lodge_Pcp305;Pcp305;lodged pickup plan
lodge_Pcp305;Cr15;cargo to be picked up
assess_Pcp138;Pcp138;pickup plan to be assessed
assess_Pcp411;Pcp411;pickup plan to be assessed
approve_Pcp138;Pcp138;pickup plan approved
assess_Pcp179;Pcp179;pickup plan to be assessed
approve_Pcp411;Pcp411;pickup plan approved
assess_Pcp305;Pcp305;pickup plan to be assessed
approve_Pcp179;Pcp179;pickup plan approved
assess_Pcp478;Pcp478;pickup plan to be assessed
approve_Pcp305;Pcp305;pickup plan approved
assess_Pcp290;Pcp290;pickup plan to be assessed
approve_Pcp478;Pcp478;pickup plan approved
assess_Pcp419;Pcp419;pickup plan to be assessed
approve_Pcp290;Pcp290;pickup plan approved
assess_Pcp49;Pcp49;pickup plan to be assessed
approve_Pcp419;Pcp419;pickup plan approved
approve_Pcp49;Pcp49;pickup plan approved
assess_Pcp476;Pcp476;pickup plan to be assessed
assess_Pcp56;Pcp56;pickup plan to be assessed
approve_Pcp476;Pcp476;pickup plan approved
approve_Pcp56;Pcp56;pickup plan approved
assess_Pcp46;Pcp46;pickup plan to be assessed
approve_Pcp46;Pcp46;pickup plan approved
assess_Pcp252;Pcp252;pickup plan to be assessed
assess_Pcp172;Pcp172;pickup plan to be assessed
approve_Pcp252;Pcp252;pickup plan approved
approve_Pcp172;Pcp172;pickup plan approved
lodge_Pcp257;Pcp257;lodged pickup plan
lodge_Pcp257;Cr7;cargo to be picked up
assess_Pcp237;Pcp237;pickup plan to be assessed
approve_Pcp237;Pcp237;pickup plan approved
assess_Pcp257;Pcp257;pickup plan to be assessed
approve_Pcp257;Pcp257;pickup plan approved
assess_Pcp413;Pcp413;pickup plan to be assessed
approve_Pcp413;Pcp413;pickup plan approved
lodge_Pcp276;Pcp276;lodged pickup plan
lodge_Pcp276;Cr6;cargo to be picked up
assess_Pcp369;Pcp369;pickup plan to be assessed
assess_Pcp467;Pcp467;pickup plan to be assessed
approve_Pcp369;Pcp369;pickup plan approved
assess_Pcp470;Pcp470;pickup plan to be assessed
approve_Pcp467;Pcp467;pickup plan approved
assess_Pcp276;Pcp276;pickup plan to be assessed
approve_Pcp470;Pcp470;pickup plan approved
assess_Pcp77;Pcp77;pickup plan to be assessed
approve_Pcp276;Pcp276;pickup plan approved
assess_Pcp303;Pcp303;pickup plan to be assessed
approve_Pcp77;Pcp77;pickup plan approved
assess_Pcp320;Pcp320;pickup plan to be assessed
approve_Pcp303;Pcp303;pickup plan approved
assess_Pcp389;Pcp389;pickup plan to be assessed
approve_Pcp320;Pcp320;pickup plan approved
assess_Pcp161;Pcp161;pickup plan to be assessed
approve_Pcp389;Pcp389;pickup plan approved
assess_Pcp374;Pcp374;pickup plan to be assessed
approve_Pcp161;Pcp161;pickup plan approved
assess_Pcp484;Pcp484;pickup plan to be assessed
approve_Pcp374;Pcp374;pickup plan approved
assess_Pcp96;Pcp96;pickup plan to be assessed
approve_Pcp484;Pcp484;pickup plan approved
assess_Pcp472;Pcp472;pickup plan to be assessed
approve_Pcp96;Pcp96;pickup plan approved
approve_Pcp472;Pcp472;pickup plan approved
lodge_Pcp315;Pcp315;lodged pickup plan
lodge_Pcp315;Cr4;cargo to be picked up
assign_tr10_Pcp271;tr10;Pickup plan trucks assignment
enter_tr10_Pcp271;tr10;Entry evaluation for truck
assign_tr43_Pcp99;tr43;Pickup plan trucks assignment
register_arrival_tr10_Pcp271;tr10;truck for arrival registeration
assign_tr35_Pcp434;tr35;Pickup plan trucks assignment
weigh_empty_tr10_Pcp271;tr10;Empty truck weighed
check_abnorm_tr10_Pcp271;tr10;truck exmained for empty weight abnormality
enter_tr43_Pcp99;tr43;Entry evaluation for truck
arrive_Silo17_tr10_Pcp271;Silo17;Silo for truck load
enter_tr35_Pcp434;tr35;Entry evaluation for truck
determine_continu_tr10_Pcp271_Silo17;Silo17;silo evaluated for pickup continuance
load_tr10_Pcp271;tr10;cargo load for truck
register_arrival_tr43_Pcp99;tr43;truck for arrival registeration
weigh_empty_tr43_Pcp99;tr43;Empty truck weighed
register_arrival_tr35_Pcp434;tr35;truck for arrival registeration
check_abnorm_tr43_Pcp99;tr43;truck exmained for empty weight abnormality
arrive_Silo15_tr43_Pcp99;Silo15;Silo for truck load
assign_tr11_Pcp99;tr11;Pickup plan trucks assignment
enter_tr11_Pcp99;tr11;Entry evaluation for truck
weigh_loaded_tr10_Pcp271;tr10;Truck weighed
assign_tr44_Pcp223;tr44;Pickup plan trucks assignment
assign_tr21_Pcp421;tr21;Pickup plan trucks assignment
weigh_empty_tr35_Pcp434;tr35;Empty truck weighed
enter_tr21_Pcp421;tr21;Entry evaluation for truck
enter_tr44_Pcp223;tr44;Entry evaluation for truck
determine_continu_tr43_Pcp99_Silo15;Silo15;silo evaluated for pickup continuance
check_abnorm_tr35_Pcp434;tr35;truck exmained for empty weight abnormality
issue_ticket_tr10_Pcp271;tr10;Printed weighing ticket for pickup plan
input_tally_tr10_Pcp271;tr10;Tally Sheet for pickup plan
eval_tr10exit_Pcp271;tr10;Exit evaluation for truck
load_tr43_Pcp99;tr43;cargo load for truck
arrive_Silo17_tr35_Pcp434;Silo17;Silo for truck load
exit_tr10_Pcp271;tr10;Exit for truck
register_arrival_tr11_Pcp99;tr11;truck for arrival registeration
register_arrival_tr44_Pcp223;tr44;truck for arrival registeration
register_arrival_tr21_Pcp421;tr21;truck for arrival registeration
determine_continu_tr35_Pcp434_Silo17;Silo17;silo evaluated for pickup continuance
weigh_empty_tr21_Pcp421;tr21;Empty truck weighed
weigh_empty_tr44_Pcp223;tr44;Empty truck weighed
check_abnorm_tr21_Pcp421;tr21;truck exmained for empty weight abnormality
load_tr35_Pcp434;tr35;cargo load for truck
check_abnorm_tr44_Pcp223;tr44;truck exmained for empty weight abnormality
arrive_Silo17_tr21_Pcp421;Silo17;Silo for truck load
arrive_Silo4_tr44_Pcp223;Silo4;Silo for truck load
assign_tr4_Pcp219;tr4;Pickup plan trucks assignment
assign_tr33_Pcp354;tr33;Pickup plan trucks assignment
determine_continu_tr44_Pcp223_Silo4;Silo4;silo evaluated for pickup continuance
determine_continu_tr21_Pcp421_Silo17;Silo17;silo evaluated for pickup continuance
load_tr21_Pcp421;tr21;cargo load for truck
load_tr44_Pcp223;tr44;cargo load for truck
assign_tr5_Pcp194;tr5;Pickup plan trucks assignment
weigh_empty_tr11_Pcp99;tr11;Empty truck weighed
check_abnorm_tr11_Pcp99;tr11;truck exmained for empty weight abnormality
enter_tr33_Pcp354;tr33;Entry evaluation for truck
arrive_Silo15_tr11_Pcp99;Silo15;Silo for truck load
enter_tr4_Pcp219;tr4;Entry evaluation for truck
register_arrival_tr33_Pcp354;tr33;truck for arrival registeration
assign_tr32_Pcp487;tr32;Pickup plan trucks assignment
enter_tr32_Pcp487;tr32;Entry evaluation for truck
register_arrival_tr4_Pcp219;tr4;truck for arrival registeration
enter_tr5_Pcp194;tr5;Entry evaluation for truck
assign_tr40_Pcp482;tr40;Pickup plan trucks assignment
determine_continu_tr11_Pcp99_Silo15;Silo15;silo evaluated for pickup continuance
register_arrival_tr5_Pcp194;tr5;truck for arrival registeration
enter_tr40_Pcp482;tr40;Entry evaluation for truck
load_tr11_Pcp99;tr11;cargo load for truck
register_arrival_tr32_Pcp487;tr32;truck for arrival registeration
weigh_empty_tr4_Pcp219;tr4;Empty truck weighed
assign_tr30_Pcp497;tr30;Pickup plan trucks assignment
check_abnorm_tr4_Pcp219;tr4;truck exmained for empty weight abnormality
enter_tr30_Pcp497;tr30;Entry evaluation for truck
assign_tr6_Pcp363;tr6;Pickup plan trucks assignment
assign_tr26_Pcp209;tr26;Pickup plan trucks assignment
assign_tr19_Pcp354;tr19;Pickup plan trucks assignment
enter_tr6_Pcp363;tr6;Entry evaluation for truck
arrive_Silo8_tr4_Pcp219;Silo8;Silo for truck load
weigh_empty_tr5_Pcp194;tr5;Empty truck weighed
check_abnorm_tr5_Pcp194;tr5;truck exmained for empty weight abnormality
assign_tr23_Pcp434;tr23;Pickup plan trucks assignment
register_arrival_tr40_Pcp482;tr40;truck for arrival registeration
determine_continu_tr4_Pcp219_Silo8;Silo8;silo evaluated for pickup continuance
register_arrival_tr30_Pcp497;tr30;truck for arrival registeration
arrive_Silo17_tr5_Pcp194;Silo17;Silo for truck load
enter_tr26_Pcp209;tr26;Entry evaluation for truck
assign_tr15_Pcp208;tr15;Pickup plan trucks assignment
assign_tr37_Pcp38;tr37;Pickup plan trucks assignment
load_tr4_Pcp219;tr4;cargo load for truck
register_arrival_tr6_Pcp363;tr6;truck for arrival registeration
enter_tr23_Pcp434;tr23;Entry evaluation for truck
enter_tr15_Pcp208;tr15;Entry evaluation for truck
assign_tr38_Pcp421;tr38;Pickup plan trucks assignment
weigh_empty_tr30_Pcp497;tr30;Empty truck weighed
check_abnorm_tr30_Pcp497;tr30;truck exmained for empty weight abnormality
register_arrival_tr26_Pcp209;tr26;truck for arrival registeration
register_arrival_tr23_Pcp434;tr23;truck for arrival registeration
determine_continu_tr5_Pcp194_Silo17;Silo17;silo evaluated for pickup continuance
arrive_Silo4_tr30_Pcp497;Silo4;Silo for truck load
weigh_empty_tr33_Pcp354;tr33;Empty truck weighed
weigh_empty_tr32_Pcp487;tr32;Empty truck weighed
enter_tr37_Pcp38;tr37;Entry evaluation for truck
assign_tr39_Pcp248;tr39;Pickup plan trucks assignment
assign_tr28_Pcp223;tr28;Pickup plan trucks assignment
check_abnorm_tr33_Pcp354;tr33;truck exmained for empty weight abnormality
check_abnorm_tr32_Pcp487;tr32;truck exmained for empty weight abnormality
assign_tr49_Pcp213;tr49;Pickup plan trucks assignment
register_arrival_tr37_Pcp38;tr37;truck for arrival registeration
register_arrival_tr15_Pcp208;tr15;truck for arrival registeration
arrive_Silo5_tr33_Pcp354;Silo5;Silo for truck load
weigh_empty_tr23_Pcp434;tr23;Empty truck weighed
arrive_Silo5_tr32_Pcp487;Silo5;Silo for truck load
enter_tr19_Pcp354;tr19;Entry evaluation for truck
weigh_empty_tr6_Pcp363;tr6;Empty truck weighed
check_abnorm_tr6_Pcp363;tr6;truck exmained for empty weight abnormality
check_abnorm_tr23_Pcp434;tr23;truck exmained for empty weight abnormality
load_tr5_Pcp194;tr5;cargo load for truck
weigh_empty_tr26_Pcp209;tr26;Empty truck weighed
arrive_Silo15_tr6_Pcp363;Silo15;Silo for truck load
enter_tr49_Pcp213;tr49;Entry evaluation for truck
register_arrival_tr19_Pcp354;tr19;truck for arrival registeration
arrive_Silo17_tr23_Pcp434;Silo17;Silo for truck load
weigh_empty_tr40_Pcp482;tr40;Empty truck weighed
determine_continu_tr32_Pcp487_Silo5;Silo5;silo evaluated for pickup continuance
enter_tr28_Pcp223;tr28;Entry evaluation for truck
enter_tr38_Pcp421;tr38;Entry evaluation for truck
check_abnorm_tr26_Pcp209;tr26;truck exmained for empty weight abnormality
weigh_empty_tr15_Pcp208;tr15;Empty truck weighed
check_abnorm_tr40_Pcp482;tr40;truck exmained for empty weight abnormality
register_arrival_tr49_Pcp213;tr49;truck for arrival registeration
arrive_Silo20_tr26_Pcp209;Silo20;Silo for truck load
check_abnorm_tr15_Pcp208;tr15;truck exmained for empty weight abnormality
arrive_Silo15_tr40_Pcp482;Silo15;Silo for truck load
load_tr32_Pcp487;tr32;cargo load for truck
determine_continu_tr30_Pcp497_Silo4;Silo4;silo evaluated for pickup continuance
arrive_Silo4_tr15_Pcp208;Silo4;Silo for truck load
weigh_empty_tr19_Pcp354;tr19;Empty truck weighed
determine_continu_tr26_Pcp209_Silo20;Silo20;silo evaluated for pickup continuance
load_tr30_Pcp497;tr30;cargo load for truck
enter_tr39_Pcp248;tr39;Entry evaluation for truck
register_arrival_tr28_Pcp223;tr28;truck for arrival registeration
check_abnorm_tr19_Pcp354;tr19;truck exmained for empty weight abnormality
load_tr26_Pcp209;tr26;cargo load for truck
weigh_loaded_tr4_Pcp219;tr4;Truck weighed
weigh_empty_tr49_Pcp213;tr49;Empty truck weighed
arrive_Silo5_tr19_Pcp354;Silo5;Silo for truck load
weigh_empty_tr37_Pcp38;tr37;Empty truck weighed
assign_tr16_Pcp70;tr16;Pickup plan trucks assignment
assign_tr8_Pcp73;tr8;Pickup plan trucks assignment
check_abnorm_tr49_Pcp213;tr49;truck exmained for empty weight abnormality
determine_continu_tr15_Pcp208_Silo4;Silo4;silo evaluated for pickup continuance
weigh_empty_tr28_Pcp223;tr28;Empty truck weighed
arrive_Silo15_tr49_Pcp213;Silo15;Silo for truck load
determine_continu_tr23_Pcp434_Silo17;Silo17;silo evaluated for pickup continuance
check_abnorm_tr28_Pcp223;tr28;truck exmained for empty weight abnormality
assign_tr29_Pcp240;tr29;Pickup plan trucks assignment
check_abnorm_tr37_Pcp38;tr37;truck exmained for empty weight abnormality
determine_continu_tr6_Pcp363_Silo15;Silo15;silo evaluated for pickup continuance
arrive_Silo4_tr28_Pcp223;Silo4;Silo for truck load
enter_tr8_Pcp73;tr8;Entry evaluation for truck
register_arrival_tr38_Pcp421;tr38;truck for arrival registeration
load_tr15_Pcp208;tr15;cargo load for truck
arrive_Silo5_tr37_Pcp38;Silo5;Silo for truck load
determine_continu_tr40_Pcp482_Silo15;Silo15;silo evaluated for pickup continuance
determine_continu_tr49_Pcp213_Silo15;Silo15;silo evaluated for pickup continuance
assign_tr7_Pcp94;tr7;Pickup plan trucks assignment
load_tr49_Pcp213;tr49;cargo load for truck
register_arrival_tr8_Pcp73;tr8;truck for arrival registeration
determine_continu_tr37_Pcp38_Silo5;Silo5;silo evaluated for pickup continuance
load_tr23_Pcp434;tr23;cargo load for truck
assign_tr25_Pcp293;tr25;Pickup plan trucks assignment
determine_continu_tr33_Pcp354_Silo5;Silo5;silo evaluated for pickup continuance
load_tr6_Pcp363;tr6;cargo load for truck
issue_ticket_tr4_Pcp219;tr4;Printed weighing ticket for pickup plan
input_tally_tr4_Pcp219;tr4;Tally Sheet for pickup plan
eval_tr4exit_Pcp219;tr4;Exit evaluation for truck
load_tr40_Pcp482;tr40;cargo load for truck
assign_tr9_Pcp451;tr9;Pickup plan trucks assignment
enter_tr29_Pcp240;tr29;Entry evaluation for truck
enter_tr25_Pcp293;tr25;Entry evaluation for truck
weigh_empty_tr8_Pcp73;tr8;Empty truck weighed
load_tr33_Pcp354;tr33;cargo load for truck
exit_tr4_Pcp219;tr4;Exit for truck
register_arrival_tr25_Pcp293;tr25;truck for arrival registeration
assign_tr24_Pcp70;tr24;Pickup plan trucks assignment
enter_tr9_Pcp451;tr9;Entry evaluation for truck
enter_tr16_Pcp70;tr16;Entry evaluation for truck
register_arrival_tr29_Pcp240;tr29;truck for arrival registeration
check_abnorm_tr8_Pcp73;tr8;truck exmained for empty weight abnormality
register_arrival_tr16_Pcp70;tr16;truck for arrival registeration
arrive_Silo5_tr8_Pcp73;Silo5;Silo for truck load
assign_tr20_Pcp498;tr20;Pickup plan trucks assignment
weigh_loaded_tr26_Pcp209;tr26;Truck weighed
load_tr37_Pcp38;tr37;cargo load for truck
register_arrival_tr39_Pcp248;tr39;truck for arrival registeration
register_arrival_tr9_Pcp451;tr9;truck for arrival registeration
assign_tr46_Pcp106;tr46;Pickup plan trucks assignment
enter_tr24_Pcp70;tr24;Entry evaluation for truck
determine_continu_tr19_Pcp354_Silo5;Silo5;silo evaluated for pickup continuance
weigh_loaded_tr23_Pcp434;tr23;Truck weighed
weigh_empty_tr16_Pcp70;tr16;Empty truck weighed
weigh_loaded_tr44_Pcp223;tr44;Truck weighed
check_abnorm_tr16_Pcp70;tr16;truck exmained for empty weight abnormality
enter_tr7_Pcp94;tr7;Entry evaluation for truck
determine_continu_tr28_Pcp223_Silo4;Silo4;silo evaluated for pickup continuance
weigh_empty_tr29_Pcp240;tr29;Empty truck weighed
weigh_empty_tr25_Pcp293;tr25;Empty truck weighed
issue_ticket_tr23_Pcp434;tr23;Printed weighing ticket for pickup plan
input_tally_tr23_Pcp434;tr23;Tally Sheet for pickup plan
arrive_Silo17_tr16_Pcp70;Silo17;Silo for truck load
check_abnorm_tr25_Pcp293;tr25;truck exmained for empty weight abnormality
eval_tr23exit_Pcp434;tr23;Exit evaluation for truck
enter_tr46_Pcp106;tr46;Entry evaluation for truck
exit_tr23_Pcp434;tr23;Exit for truck
enter_tr20_Pcp498;tr20;Entry evaluation for truck
arrive_Silo17_tr25_Pcp293;Silo17;Silo for truck load
check_abnorm_tr29_Pcp240;tr29;truck exmained for empty weight abnormality
weigh_empty_tr9_Pcp451;tr9;Empty truck weighed
check_abnorm_tr9_Pcp451;tr9;truck exmained for empty weight abnormality
load_tr19_Pcp354;tr19;cargo load for truck
register_arrival_tr46_Pcp106;tr46;truck for arrival registeration
arrive_Silo15_tr29_Pcp240;Silo15;Silo for truck load
register_arrival_tr7_Pcp94;tr7;truck for arrival registeration
load_tr28_Pcp223;tr28;cargo load for truck
assign_tr27_Pcp94;tr27;Pickup plan trucks assignment
assign_tr17_Pcp248;tr17;Pickup plan trucks assignment
arrive_Silo4_tr9_Pcp451;Silo4;Silo for truck load
register_arrival_tr20_Pcp498;tr20;truck for arrival registeration
enter_tr27_Pcp94;tr27;Entry evaluation for truck
register_arrival_tr24_Pcp70;tr24;truck for arrival registeration
issue_ticket_tr26_Pcp209;tr26;Printed weighing ticket for pickup plan
input_tally_tr26_Pcp209;tr26;Tally Sheet for pickup plan
eval_tr26exit_Pcp209;tr26;Exit evaluation for truck
weigh_loaded_tr35_Pcp434;tr35;Truck weighed
issue_ticket_tr44_Pcp223;tr44;Printed weighing ticket for pickup plan
input_tally_tr44_Pcp223;tr44;Tally Sheet for pickup plan
eval_tr44exit_Pcp223;tr44;Exit evaluation for truck
weigh_empty_tr7_Pcp94;tr7;Empty truck weighed
weigh_empty_tr20_Pcp498;tr20;Empty truck weighed
weigh_empty_tr39_Pcp248;tr39;Empty truck weighed
exit_tr26_Pcp209;tr26;Exit for truck
determine_continu_tr16_Pcp70_Silo17;Silo17;silo evaluated for pickup continuance
weigh_empty_tr24_Pcp70;tr24;Empty truck weighed
check_abnorm_tr39_Pcp248;tr39;truck exmained for empty weight abnormality
check_abnorm_tr24_Pcp70;tr24;truck exmained for empty weight abnormality
check_abnorm_tr7_Pcp94;tr7;truck exmained for empty weight abnormality
check_abnorm_tr20_Pcp498;tr20;truck exmained for empty weight abnormality
exit_tr44_Pcp223;tr44;Exit for truck
arrive_Silo17_tr24_Pcp70;Silo17;Silo for truck load
assign_tr31_Pcp208;tr31;Pickup plan trucks assignment
arrive_Silo5_tr20_Pcp498;Silo5;Silo for truck load
arrive_Silo15_tr39_Pcp248;Silo15;Silo for truck load
determine_continu_tr9_Pcp451_Silo4;Silo4;silo evaluated for pickup continuance
determine_continu_tr8_Pcp73_Silo5;Silo5;silo evaluated for pickup continuance
weigh_loaded_tr30_Pcp497;tr30;Truck weighed
arrive_Silo4_tr7_Pcp94;Silo4;Silo for truck load
weigh_loaded_tr40_Pcp482;tr40;Truck weighed
assign_tr45_Pcp294;tr45;Pickup plan trucks assignment
enter_tr31_Pcp208;tr31;Entry evaluation for truck
enter_tr17_Pcp248;tr17;Entry evaluation for truck
load_tr8_Pcp73;tr8;cargo load for truck
issue_ticket_tr35_Pcp434;tr35;Printed weighing ticket for pickup plan
input_tally_tr35_Pcp434;tr35;Tally Sheet for pickup plan
eval_tr35exit_Pcp434;tr35;Exit evaluation for truck
determine_continu_tr24_Pcp70_Silo17;Silo17;silo evaluated for pickup continuance
determine_continu_tr29_Pcp240_Silo15;Silo15;silo evaluated for pickup continuance
determine_continu_tr25_Pcp293_Silo17;Silo17;silo evaluated for pickup continuance
enter_tr45_Pcp294;tr45;Entry evaluation for truck
exit_tr35_Pcp434;tr35;Exit for truck
register_arrival_tr27_Pcp94;tr27;truck for arrival registeration
load_tr25_Pcp293;tr25;cargo load for truck
issue_ticket_tr40_Pcp482;tr40;Printed weighing ticket for pickup plan
input_tally_tr40_Pcp482;tr40;Tally Sheet for pickup plan
determine_continu_tr7_Pcp94_Silo4;Silo4;silo evaluated for pickup continuance
load_tr16_Pcp70;tr16;cargo load for truck
register_arrival_tr45_Pcp294;tr45;truck for arrival registeration
weigh_empty_tr38_Pcp421;tr38;Empty truck weighed
weigh_empty_tr46_Pcp106;tr46;Empty truck weighed
eval_tr40exit_Pcp482;tr40;Exit evaluation for truck
check_abnorm_tr46_Pcp106;tr46;truck exmained for empty weight abnormality
determine_continu_tr20_Pcp498_Silo5;Silo5;silo evaluated for pickup continuance
exit_tr40_Pcp482;tr40;Exit for truck
load_tr29_Pcp240;tr29;cargo load for truck
load_tr9_Pcp451;tr9;cargo load for truck
load_tr20_Pcp498;tr20;cargo load for truck
arrive_Silo5_tr46_Pcp106;Silo5;Silo for truck load
weigh_empty_tr45_Pcp294;tr45;Empty truck weighed
check_abnorm_tr45_Pcp294;tr45;truck exmained for empty weight abnormality
lodge_Pcp131;Pcp131;lodged pickup plan
lodge_Pcp131;Cr10;cargo to be picked up
check_abnorm_tr38_Pcp421;tr38;truck exmained for empty weight abnormality
issue_ticket_tr30_Pcp497;tr30;Printed weighing ticket for pickup plan
input_tally_tr30_Pcp497;tr30;Tally Sheet for pickup plan
eval_tr30exit_Pcp497;tr30;Exit evaluation for truck
assign_tr18_Pcp452;tr18;Pickup plan trucks assignment
exit_tr30_Pcp497;tr30;Exit for truck
arrive_Silo15_tr45_Pcp294;Silo15;Silo for truck load
load_tr7_Pcp94;tr7;cargo load for truck
arrive_Silo17_tr38_Pcp421;Silo17;Silo for truck load
register_arrival_tr17_Pcp248;tr17;truck for arrival registeration
weigh_empty_tr27_Pcp94;tr27;Empty truck weighed
determine_continu_tr46_Pcp106_Silo5;Silo5;silo evaluated for pickup continuance
weigh_loaded_tr49_Pcp213;tr49;Truck weighed
check_abnorm_tr27_Pcp94;tr27;truck exmained for empty weight abnormality
load_tr24_Pcp70;tr24;cargo load for truck
register_arrival_tr31_Pcp208;tr31;truck for arrival registeration
arrive_Silo4_tr27_Pcp94;Silo4;Silo for truck load
determine_continu_tr45_Pcp294_Silo15;Silo15;silo evaluated for pickup continuance
weigh_empty_tr17_Pcp248;tr17;Empty truck weighed
assign_tr14_Pcp497;tr14;Pickup plan trucks assignment
issue_ticket_tr49_Pcp213;tr49;Printed weighing ticket for pickup plan
input_tally_tr49_Pcp213;tr49;Tally Sheet for pickup plan
determine_continu_tr39_Pcp248_Silo15;Silo15;silo evaluated for pickup continuance
eval_tr49exit_Pcp213;tr49;Exit evaluation for truck
load_tr39_Pcp248;tr39;cargo load for truck
check_abnorm_tr17_Pcp248;tr17;truck exmained for empty weight abnormality
load_tr46_Pcp106;tr46;cargo load for truck
weigh_loaded_tr20_Pcp498;tr20;Truck weighed
enter_tr14_Pcp497;tr14;Entry evaluation for truck
exit_tr49_Pcp213;tr49;Exit for truck
enter_tr18_Pcp452;tr18;Entry evaluation for truck
arrive_Silo15_tr17_Pcp248;Silo15;Silo for truck load
assign_tr42_Pcp450;tr42;Pickup plan trucks assignment
determine_continu_tr38_Pcp421_Silo17;Silo17;silo evaluated for pickup continuance
load_tr45_Pcp294;tr45;cargo load for truck
load_tr38_Pcp421;tr38;cargo load for truck
weigh_empty_tr31_Pcp208;tr31;Empty truck weighed
weigh_loaded_tr29_Pcp240;tr29;Truck weighed
check_abnorm_tr31_Pcp208;tr31;truck exmained for empty weight abnormality
enter_tr42_Pcp450;tr42;Entry evaluation for truck
register_arrival_tr18_Pcp452;tr18;truck for arrival registeration
arrive_Silo4_tr31_Pcp208;Silo4;Silo for truck load
weigh_loaded_tr11_Pcp99;tr11;Truck weighed
weigh_loaded_tr46_Pcp106;tr46;Truck weighed
determine_continu_tr27_Pcp94_Silo4;Silo4;silo evaluated for pickup continuance
weigh_empty_tr18_Pcp452;tr18;Empty truck weighed
weigh_loaded_tr43_Pcp99;tr43;Truck weighed
issue_ticket_tr20_Pcp498;tr20;Printed weighing ticket for pickup plan
input_tally_tr20_Pcp498;tr20;Tally Sheet for pickup plan
eval_tr20exit_Pcp498;tr20;Exit evaluation for truck
check_abnorm_tr18_Pcp452;tr18;truck exmained for empty weight abnormality
exit_tr20_Pcp498;tr20;Exit for truck
issue_ticket_tr43_Pcp99;tr43;Printed weighing ticket for pickup plan
input_tally_tr43_Pcp99;tr43;Tally Sheet for pickup plan
weigh_loaded_tr21_Pcp421;tr21;Truck weighed
determine_continu_tr31_Pcp208_Silo4;Silo4;silo evaluated for pickup continuance
weigh_loaded_tr33_Pcp354;tr33;Truck weighed
eval_tr43exit_Pcp99;tr43;Exit evaluation for truck
register_arrival_tr42_Pcp450;tr42;truck for arrival registeration
arrive_Silo17_tr18_Pcp452;Silo17;Silo for truck load
load_tr27_Pcp94;tr27;cargo load for truck
issue_ticket_tr46_Pcp106;tr46;Printed weighing ticket for pickup plan
input_tally_tr46_Pcp106;tr46;Tally Sheet for pickup plan
eval_tr46exit_Pcp106;tr46;Exit evaluation for truck
exit_tr43_Pcp99;tr43;Exit for truck
load_tr31_Pcp208;tr31;cargo load for truck
issue_ticket_tr29_Pcp240;tr29;Printed weighing ticket for pickup plan
input_tally_tr29_Pcp240;tr29;Tally Sheet for pickup plan
eval_tr29exit_Pcp240;tr29;Exit evaluation for truck
exit_tr29_Pcp240;tr29;Exit for truck
exit_tr46_Pcp106;tr46;Exit for truck
issue_ticket_tr21_Pcp421;tr21;Printed weighing ticket for pickup plan
input_tally_tr21_Pcp421;tr21;Tally Sheet for pickup plan
determine_continu_tr18_Pcp452_Silo17;Silo17;silo evaluated for pickup continuance
determine_continu_tr17_Pcp248_Silo15;Silo15;silo evaluated for pickup continuance
eval_tr21exit_Pcp421;tr21;Exit evaluation for truck
load_tr18_Pcp452;tr18;cargo load for truck
exit_tr21_Pcp421;tr21;Exit for truck
weigh_loaded_tr19_Pcp354;tr19;Truck weighed
issue_ticket_tr33_Pcp354;tr33;Printed weighing ticket for pickup plan
input_tally_tr33_Pcp354;tr33;Tally Sheet for pickup plan
eval_tr33exit_Pcp354;tr33;Exit evaluation for truck
load_tr17_Pcp248;tr17;cargo load for truck
exit_tr33_Pcp354;tr33;Exit for truck
weigh_empty_tr42_Pcp450;tr42;Empty truck weighed
weigh_loaded_tr27_Pcp94;tr27;Truck weighed
issue_ticket_tr11_Pcp99;tr11;Printed weighing ticket for pickup plan
input_tally_tr11_Pcp99;tr11;Tally Sheet for pickup plan
eval_tr11exit_Pcp99;tr11;Exit evaluation for truck
check_abnorm_tr42_Pcp450;tr42;truck exmained for empty weight abnormality
exit_tr11_Pcp99;tr11;Exit for truck
register_arrival_tr14_Pcp497;tr14;truck for arrival registeration
arrive_Silo15_tr42_Pcp450;Silo15;Silo for truck load
issue_ticket_tr19_Pcp354;tr19;Printed weighing ticket for pickup plan
input_tally_tr19_Pcp354;tr19;Tally Sheet for pickup plan
eval_tr19exit_Pcp354;tr19;Exit evaluation for truck
detain_tr19_Pcp354;tr19;Detain examination for truck
weigh_loaded_tr45_Pcp294;tr45;Truck weighed
weigh_loaded_tr15_Pcp208;tr15;Truck weighed
issue_ticket_tr27_Pcp94;tr27;Printed weighing ticket for pickup plan
input_tally_tr27_Pcp94;tr27;Tally Sheet for pickup plan
eval_tr27exit_Pcp94;tr27;Exit evaluation for truck
weigh_loaded_tr18_Pcp452;tr18;Truck weighed
exit_tr27_Pcp94;tr27;Exit for truck
weigh_loaded_tr39_Pcp248;tr39;Truck weighed
determine_continu_tr42_Pcp450_Silo15;Silo15;silo evaluated for pickup continuance
assign_tr1_Pcp451;tr1;Pickup plan trucks assignment
issue_ticket_tr18_Pcp452;tr18;Printed weighing ticket for pickup plan
input_tally_tr18_Pcp452;tr18;Tally Sheet for pickup plan
eval_tr18exit_Pcp452;tr18;Exit evaluation for truck
exit_tr19_Pcp354;tr19;Exit for truck
load_tr42_Pcp450;tr42;cargo load for truck
exit_tr18_Pcp452;tr18;Exit for truck
weigh_empty_tr14_Pcp497;tr14;Empty truck weighed
weigh_loaded_tr37_Pcp38;tr37;Truck weighed
check_abnorm_tr14_Pcp497;tr14;truck exmained for empty weight abnormality
arrive_Silo4_tr14_Pcp497;Silo4;Silo for truck load
weigh_loaded_tr31_Pcp208;tr31;Truck weighed
issue_ticket_tr15_Pcp208;tr15;Printed weighing ticket for pickup plan
input_tally_tr15_Pcp208;tr15;Tally Sheet for pickup plan
eval_tr15exit_Pcp208;tr15;Exit evaluation for truck
determine_continu_tr14_Pcp497_Silo4;Silo4;silo evaluated for pickup continuance
enter_tr1_Pcp451;tr1;Entry evaluation for truck
issue_ticket_tr39_Pcp248;tr39;Printed weighing ticket for pickup plan
input_tally_tr39_Pcp248;tr39;Tally Sheet for pickup plan
eval_tr39exit_Pcp248;tr39;Exit evaluation for truck
exit_tr15_Pcp208;tr15;Exit for truck
weigh_loaded_tr7_Pcp94;tr7;Truck weighed
issue_ticket_tr7_Pcp94;tr7;Printed weighing ticket for pickup plan
input_tally_tr7_Pcp94;tr7;Tally Sheet for pickup plan
register_arrival_tr1_Pcp451;tr1;truck for arrival registeration
exit_tr39_Pcp248;tr39;Exit for truck
eval_tr7exit_Pcp94;tr7;Exit evaluation for truck
load_tr14_Pcp497;tr14;cargo load for truck
weigh_loaded_tr24_Pcp70;tr24;Truck weighed
issue_ticket_tr31_Pcp208;tr31;Printed weighing ticket for pickup plan
input_tally_tr31_Pcp208;tr31;Tally Sheet for pickup plan
exit_tr7_Pcp94;tr7;Exit for truck
weigh_loaded_tr42_Pcp450;tr42;Truck weighed
issue_ticket_tr37_Pcp38;tr37;Printed weighing ticket for pickup plan
input_tally_tr37_Pcp38;tr37;Tally Sheet for pickup plan
eval_tr37exit_Pcp38;tr37;Exit evaluation for truck
eval_tr31exit_Pcp208;tr31;Exit evaluation for truck
exit_tr31_Pcp208;tr31;Exit for truck
issue_ticket_tr24_Pcp70;tr24;Printed weighing ticket for pickup plan
input_tally_tr24_Pcp70;tr24;Tally Sheet for pickup plan
exit_tr37_Pcp38;tr37;Exit for truck
issue_ticket_tr45_Pcp294;tr45;Printed weighing ticket for pickup plan
input_tally_tr45_Pcp294;tr45;Tally Sheet for pickup plan
eval_tr45exit_Pcp294;tr45;Exit evaluation for truck
eval_tr24exit_Pcp70;tr24;Exit evaluation for truck
exit_tr45_Pcp294;tr45;Exit for truck
issue_ticket_tr42_Pcp450;tr42;Printed weighing ticket for pickup plan
input_tally_tr42_Pcp450;tr42;Tally Sheet for pickup plan
weigh_loaded_tr8_Pcp73;tr8;Truck weighed
eval_tr42exit_Pcp450;tr42;Exit evaluation for truck
exit_tr42_Pcp450;tr42;Exit for truck
exit_tr24_Pcp70;tr24;Exit for truck
weigh_loaded_tr38_Pcp421;tr38;Truck weighed
weigh_empty_tr1_Pcp451;tr1;Empty truck weighed
check_abnorm_tr1_Pcp451;tr1;truck exmained for empty weight abnormality
weigh_loaded_tr25_Pcp293;tr25;Truck weighed
arrive_Silo4_tr1_Pcp451;Silo4;Silo for truck load
issue_ticket_tr38_Pcp421;tr38;Printed weighing ticket for pickup plan
input_tally_tr38_Pcp421;tr38;Tally Sheet for pickup plan
eval_tr38exit_Pcp421;tr38;Exit evaluation for truck
exit_tr38_Pcp421;tr38;Exit for truck
issue_ticket_tr8_Pcp73;tr8;Printed weighing ticket for pickup plan
input_tally_tr8_Pcp73;tr8;Tally Sheet for pickup plan
eval_tr8exit_Pcp73;tr8;Exit evaluation for truck
exit_tr8_Pcp73;tr8;Exit for truck
weigh_loaded_tr17_Pcp248;tr17;Truck weighed
weigh_loaded_tr6_Pcp363;tr6;Truck weighed
issue_ticket_tr25_Pcp293;tr25;Printed weighing ticket for pickup plan
input_tally_tr25_Pcp293;tr25;Tally Sheet for pickup plan
eval_tr25exit_Pcp293;tr25;Exit evaluation for truck
exit_tr25_Pcp293;tr25;Exit for truck
issue_ticket_tr17_Pcp248;tr17;Printed weighing ticket for pickup plan
input_tally_tr17_Pcp248;tr17;Tally Sheet for pickup plan
eval_tr17exit_Pcp248;tr17;Exit evaluation for truck
weigh_loaded_tr32_Pcp487;tr32;Truck weighed
exit_tr17_Pcp248;tr17;Exit for truck
issue_ticket_tr6_Pcp363;tr6;Printed weighing ticket for pickup plan
input_tally_tr6_Pcp363;tr6;Tally Sheet for pickup plan
eval_tr6exit_Pcp363;tr6;Exit evaluation for truck
exit_tr6_Pcp363;tr6;Exit for truck
determine_continu_tr1_Pcp451_Silo4;Silo4;silo evaluated for pickup continuance
fail_load_tr1_Pcp451;tr1;Truck fail to load
issue_ticket_tr32_Pcp487;tr32;Printed weighing ticket for pickup plan
input_tally_tr32_Pcp487;tr32;Tally Sheet for pickup plan
eval_tr32exit_Pcp487;tr32;Exit evaluation for truck
exit_tr32_Pcp487;tr32;Exit for truck
weigh_loaded_tr16_Pcp70;tr16;Truck weighed
weigh_loaded_tr14_Pcp497;tr14;Truck weighed
issue_ticket_tr14_Pcp497;tr14;Printed weighing ticket for pickup plan
input_tally_tr14_Pcp497;tr14;Tally Sheet for pickup plan
eval_tr14exit_Pcp497;tr14;Exit evaluation for truck
exit_tr14_Pcp497;tr14;Exit for truck
issue_ticket_tr16_Pcp70;tr16;Printed weighing ticket for pickup plan
input_tally_tr16_Pcp70;tr16;Tally Sheet for pickup plan
eval_tr16exit_Pcp70;tr16;Exit evaluation for truck
exit_tr16_Pcp70;tr16;Exit for truck
weigh_loaded_tr5_Pcp194;tr5;Truck weighed
issue_ticket_tr5_Pcp194;tr5;Printed weighing ticket for pickup plan
input_tally_tr5_Pcp194;tr5;Tally Sheet for pickup plan
eval_tr5exit_Pcp194;tr5;Exit evaluation for truck
exit_tr5_Pcp194;tr5;Exit for truck
weigh_loaded_tr9_Pcp451;tr9;Truck weighed
issue_ticket_tr9_Pcp451;tr9;Printed weighing ticket for pickup plan
input_tally_tr9_Pcp451;tr9;Tally Sheet for pickup plan
eval_tr9exit_Pcp451;tr9;Exit evaluation for truck
weigh_loaded_tr28_Pcp223;tr28;Truck weighed
exit_tr9_Pcp451;tr9;Exit for truck
issue_ticket_tr28_Pcp223;tr28;Printed weighing ticket for pickup plan
input_tally_tr28_Pcp223;tr28;Tally Sheet for pickup plan
eval_tr28exit_Pcp223;tr28;Exit evaluation for truck
exit_tr28_Pcp223;tr28;Exit for truck
assign_tr13_Pcp73;tr13;Pickup plan trucks assignment
enter_tr13_Pcp73;tr13;Entry evaluation for truck
register_arrival_tr13_Pcp73;tr13;truck for arrival registeration
weigh_empty_tr13_Pcp73;tr13;Empty truck weighed
check_abnorm_tr13_Pcp73;tr13;truck exmained for empty weight abnormality
arrive_Silo5_tr13_Pcp73;Silo5;Silo for truck load
determine_continu_tr13_Pcp73_Silo5;Silo5;silo evaluated for pickup continuance
assign_tr41_Pcp86;tr41;Pickup plan trucks assignment
load_tr13_Pcp73;tr13;cargo load for truck
enter_tr41_Pcp86;tr41;Entry evaluation for truck
assign_tr12_Pcp162;tr12;Pickup plan trucks assignment
assign_tr34_Pcp205;tr34;Pickup plan trucks assignment
enter_tr12_Pcp162;tr12;Entry evaluation for truck
assign_tr48_Pcp365;tr48;Pickup plan trucks assignment
enter_tr48_Pcp365;tr48;Entry evaluation for truck
register_arrival_tr41_Pcp86;tr41;truck for arrival registeration
register_arrival_tr12_Pcp162;tr12;truck for arrival registeration
assign_tr50_Pcp482;tr50;Pickup plan trucks assignment
enter_tr50_Pcp482;tr50;Entry evaluation for truck
register_arrival_tr48_Pcp365;tr48;truck for arrival registeration
enter_tr34_Pcp205;tr34;Entry evaluation for truck
register_arrival_tr50_Pcp482;tr50;truck for arrival registeration
register_arrival_tr34_Pcp205;tr34;truck for arrival registeration
weigh_empty_tr41_Pcp86;tr41;Empty truck weighed
weigh_empty_tr12_Pcp162;tr12;Empty truck weighed
check_abnorm_tr41_Pcp86;tr41;truck exmained for empty weight abnormality
check_abnorm_tr12_Pcp162;tr12;truck exmained for empty weight abnormality
arrive_Silo1_tr41_Pcp86;Silo1;Silo for truck load
arrive_Silo8_tr12_Pcp162;Silo8;Silo for truck load
assign_tr2_Pcp495;tr2;Pickup plan trucks assignment
determine_continu_tr12_Pcp162_Silo8;Silo8;silo evaluated for pickup continuance
weigh_empty_tr48_Pcp365;tr48;Empty truck weighed
check_abnorm_tr48_Pcp365;tr48;truck exmained for empty weight abnormality
determine_continu_tr41_Pcp86_Silo1;Silo1;silo evaluated for pickup continuance
weigh_empty_tr34_Pcp205;tr34;Empty truck weighed
arrive_Silo14_tr48_Pcp365;Silo14;Silo for truck load
check_abnorm_tr34_Pcp205;tr34;truck exmained for empty weight abnormality
weigh_empty_tr50_Pcp482;tr50;Empty truck weighed
enter_tr2_Pcp495;tr2;Entry evaluation for truck
check_abnorm_tr50_Pcp482;tr50;truck exmained for empty weight abnormality
determine_continu_tr48_Pcp365_Silo14;Silo14;silo evaluated for pickup continuance
load_tr41_Pcp86;tr41;cargo load for truck
arrive_Silo14_tr34_Pcp205;Silo14;Silo for truck load
arrive_Silo15_tr50_Pcp482;Silo15;Silo for truck load
fail_load_tr48_Pcp365;tr48;Truck fail to load
load_tr12_Pcp162;tr12;cargo load for truck
register_arrival_tr2_Pcp495;tr2;truck for arrival registeration
assign_tr3_Pcp104;tr3;Pickup plan trucks assignment
weigh_empty_tr2_Pcp495;tr2;Empty truck weighed
determine_continu_tr50_Pcp482_Silo15;Silo15;silo evaluated for pickup continuance
determine_continu_tr34_Pcp205_Silo14;Silo14;silo evaluated for pickup continuance
check_abnorm_tr2_Pcp495;tr2;truck exmained for empty weight abnormality
arrive_Silo3_tr2_Pcp495;Silo3;Silo for truck load
weigh_loaded_tr41_Pcp86;tr41;Truck weighed
fail_load_tr34_Pcp205;tr34;Truck fail to load
load_tr50_Pcp482;tr50;cargo load for truck
enter_tr3_Pcp104;tr3;Entry evaluation for truck
determine_continu_tr2_Pcp495_Silo3;Silo3;silo evaluated for pickup continuance
load_tr2_Pcp495;tr2;cargo load for truck
register_arrival_tr3_Pcp104;tr3;truck for arrival registeration
issue_ticket_tr41_Pcp86;tr41;Printed weighing ticket for pickup plan
input_tally_tr41_Pcp86;tr41;Tally Sheet for pickup plan
eval_tr41exit_Pcp86;tr41;Exit evaluation for truck
exit_tr41_Pcp86;tr41;Exit for truck
weigh_empty_tr3_Pcp104;tr3;Empty truck weighed
check_abnorm_tr3_Pcp104;tr3;truck exmained for empty weight abnormality
arrive_Silo1_tr3_Pcp104;Silo1;Silo for truck load
assign_tr36_Pcp367;tr36;Pickup plan trucks assignment
enter_tr36_Pcp367;tr36;Entry evaluation for truck
weigh_loaded_tr2_Pcp495;tr2;Truck weighed
weigh_loaded_tr12_Pcp162;tr12;Truck weighed
issue_ticket_tr2_Pcp495;tr2;Printed weighing ticket for pickup plan
input_tally_tr2_Pcp495;tr2;Tally Sheet for pickup plan
eval_tr2exit_Pcp495;tr2;Exit evaluation for truck
exit_tr2_Pcp495;tr2;Exit for truck
weigh_loaded_tr50_Pcp482;tr50;Truck weighed
issue_ticket_tr12_Pcp162;tr12;Printed weighing ticket for pickup plan
input_tally_tr12_Pcp162;tr12;Tally Sheet for pickup plan
eval_tr12exit_Pcp162;tr12;Exit evaluation for truck
issue_ticket_tr50_Pcp482;tr50;Printed weighing ticket for pickup plan
input_tally_tr50_Pcp482;tr50;Tally Sheet for pickup plan
eval_tr50exit_Pcp482;tr50;Exit evaluation for truck
exit_tr12_Pcp162;tr12;Exit for truck
register_arrival_tr36_Pcp367;tr36;truck for arrival registeration
exit_tr50_Pcp482;tr50;Exit for truck
determine_continu_tr3_Pcp104_Silo1;Silo1;silo evaluated for pickup continuance
load_tr3_Pcp104;tr3;cargo load for truck
assign_tr22_Pcp113;tr22;Pickup plan trucks assignment
weigh_empty_tr36_Pcp367;tr36;Empty truck weighed
check_abnorm_tr36_Pcp367;tr36;truck exmained for empty weight abnormality
arrive_Silo4_tr36_Pcp367;Silo4;Silo for truck load
enter_tr22_Pcp113;tr22;Entry evaluation for truck
register_arrival_tr22_Pcp113;tr22;truck for arrival registeration
determine_continu_tr36_Pcp367_Silo4;Silo4;silo evaluated for pickup continuance
load_tr36_Pcp367;tr36;cargo load for truck
weigh_empty_tr22_Pcp113;tr22;Empty truck weighed
check_abnorm_tr22_Pcp113;tr22;truck exmained for empty weight abnormality
arrive_Silo14_tr22_Pcp113;Silo14;Silo for truck load
assign_tr47_Pcp124;tr47;Pickup plan trucks assignment
determine_continu_tr22_Pcp113_Silo14;Silo14;silo evaluated for pickup continuance
load_tr22_Pcp113;tr22;cargo load for truck
enter_tr47_Pcp124;tr47;Entry evaluation for truck
register_arrival_tr47_Pcp124;tr47;truck for arrival registeration
weigh_empty_tr47_Pcp124;tr47;Empty truck weighed
check_abnorm_tr47_Pcp124;tr47;truck exmained for empty weight abnormality
arrive_Silo5_tr47_Pcp124;Silo5;Silo for truck load
weigh_loaded_tr13_Pcp73;tr13;Truck weighed
determine_continu_tr47_Pcp124_Silo5;Silo5;silo evaluated for pickup continuance
fail_load_tr47_Pcp124;tr47;Truck fail to load
issue_ticket_tr13_Pcp73;tr13;Printed weighing ticket for pickup plan
input_tally_tr13_Pcp73;tr13;Tally Sheet for pickup plan
eval_tr13exit_Pcp73;tr13;Exit evaluation for truck
exit_tr13_Pcp73;tr13;Exit for truck
weigh_loaded_tr22_Pcp113;tr22;Truck weighed
weigh_loaded_tr36_Pcp367;tr36;Truck weighed
lodge_Pcp280;Pcp280;lodged pickup plan
lodge_Pcp280;Cr4;cargo to be picked up
assess_Pcp315;Pcp315;pickup plan to be assessed
approve_Pcp315;Pcp315;pickup plan approved
assess_Pcp396;Pcp396;pickup plan to be assessed
assess_Pcp341;Pcp341;pickup plan to be assessed
approve_Pcp396;Pcp396;pickup plan approved
issue_ticket_tr36_Pcp367;tr36;Printed weighing ticket for pickup plan
input_tally_tr36_Pcp367;tr36;Tally Sheet for pickup plan
eval_tr36exit_Pcp367;tr36;Exit evaluation for truck
exit_tr36_Pcp367;tr36;Exit for truck
assess_Pcp410;Pcp410;pickup plan to be assessed
approve_Pcp341;Pcp341;pickup plan approved
weigh_loaded_tr3_Pcp104;tr3;Truck weighed
issue_ticket_tr22_Pcp113;tr22;Printed weighing ticket for pickup plan
input_tally_tr22_Pcp113;tr22;Tally Sheet for pickup plan
eval_tr22exit_Pcp113;tr22;Exit evaluation for truck
assess_Pcp339;Pcp339;pickup plan to be assessed
approve_Pcp410;Pcp410;pickup plan approved
exit_tr22_Pcp113;tr22;Exit for truck
lodge_Pcp345;Pcp345;lodged pickup plan
lodge_Pcp345;Cr10;cargo to be picked up
assess_Pcp12;Pcp12;pickup plan to be assessed
approve_Pcp339;Pcp339;pickup plan approved
assess_Pcp185;Pcp185;pickup plan to be assessed
approve_Pcp12;Pcp12;pickup plan approved
assess_Pcp423;Pcp423;pickup plan to be assessed
approve_Pcp185;Pcp185;pickup plan approved
assess_Pcp141;Pcp141;pickup plan to be assessed
approve_Pcp423;Pcp423;pickup plan approved
issue_ticket_tr3_Pcp104;tr3;Printed weighing ticket for pickup plan
input_tally_tr3_Pcp104;tr3;Tally Sheet for pickup plan
eval_tr3exit_Pcp104;tr3;Exit evaluation for truck
exit_tr3_Pcp104;tr3;Exit for truck
assess_Pcp142;Pcp142;pickup plan to be assessed
approve_Pcp141;Pcp141;pickup plan approved
approve_Pcp142;Pcp142;pickup plan approved
assess_Pcp460;Pcp460;pickup plan to be assessed
assess_Pcp275;Pcp275;pickup plan to be assessed
approve_Pcp460;Pcp460;pickup plan approved
approve_Pcp275;Pcp275;pickup plan approved
assess_Pcp280;Pcp280;pickup plan to be assessed
approve_Pcp280;Pcp280;pickup plan approved
assess_Pcp134;Pcp134;pickup plan to be assessed
approve_Pcp134;Pcp134;pickup plan approved
lodge_Pcp25;Pcp25;lodged pickup plan
lodge_Pcp25;Cr9;cargo to be picked up
assess_Pcp25;Pcp25;pickup plan to be assessed
approve_Pcp25;Pcp25;pickup plan approved
lodge_Pcp24;Pcp24;lodged pickup plan
lodge_Pcp24;Cr14;cargo to be picked up
assess_Pcp24;Pcp24;pickup plan to be assessed
approve_Pcp24;Pcp24;pickup plan approved
lodge_Pcp348;Pcp348;lodged pickup plan
lodge_Pcp348;Cr3;cargo to be picked up
assess_Pcp348;Pcp348;pickup plan to be assessed
approve_Pcp348;Pcp348;pickup plan approved
lodge_Pcp310;Pcp310;lodged pickup plan
lodge_Pcp310;Cr10;cargo to be picked up
assess_Pcp345;Pcp345;pickup plan to be assessed
assess_Pcp268;Pcp268;pickup plan to be assessed
approve_Pcp345;Pcp345;pickup plan approved
assess_Pcp158;Pcp158;pickup plan to be assessed
approve_Pcp268;Pcp268;pickup plan approved
assess_Pcp327;Pcp327;pickup plan to be assessed
approve_Pcp158;Pcp158;pickup plan approved
assess_Pcp343;Pcp343;pickup plan to be assessed
approve_Pcp327;Pcp327;pickup plan approved
assess_Pcp226;Pcp226;pickup plan to be assessed
approve_Pcp343;Pcp343;pickup plan approved
assess_Pcp202;Pcp202;pickup plan to be assessed
approve_Pcp226;Pcp226;pickup plan approved
assess_Pcp187;Pcp187;pickup plan to be assessed
approve_Pcp202;Pcp202;pickup plan approved
assess_Pcp408;Pcp408;pickup plan to be assessed
approve_Pcp187;Pcp187;pickup plan approved
assess_Pcp131;Pcp131;pickup plan to be assessed
approve_Pcp408;Pcp408;pickup plan approved
assess_Pcp214;Pcp214;pickup plan to be assessed
approve_Pcp131;Pcp131;pickup plan approved
assess_Pcp310;Pcp310;pickup plan to be assessed
approve_Pcp214;Pcp214;pickup plan approved
assess_Pcp453;Pcp453;pickup plan to be assessed
approve_Pcp310;Pcp310;pickup plan approved
approve_Pcp453;Pcp453;pickup plan approved
assess_Pcp186;Pcp186;pickup plan to be assessed
approve_Pcp186;Pcp186;pickup plan approved
lodge_Pcp355;Pcp355;lodged pickup plan
lodge_Pcp355;Cr3;cargo to be picked up
assess_Pcp355;Pcp355;pickup plan to be assessed
approve_Pcp355;Pcp355;pickup plan approved
assign_tr10_Pcp407;tr10;Pickup plan trucks assignment
enter_tr10_Pcp407;tr10;Entry evaluation for truck
register_arrival_tr10_Pcp407;tr10;truck for arrival registeration
weigh_empty_tr10_Pcp407;tr10;Empty truck weighed
check_abnorm_tr10_Pcp407;tr10;truck exmained for empty weight abnormality
arrive_Silo19_tr10_Pcp407;Silo19;Silo for truck load
determine_continu_tr10_Pcp407_Silo19;Silo19;silo evaluated for pickup continuance
load_tr10_Pcp407;tr10;cargo load for truck
weigh_loaded_tr10_Pcp407;tr10;Truck weighed
issue_ticket_tr10_Pcp407;tr10;Printed weighing ticket for pickup plan
input_tally_tr10_Pcp407;tr10;Tally Sheet for pickup plan
eval_tr10exit_Pcp407;tr10;Exit evaluation for truck
exit_tr10_Pcp407;tr10;Exit for truck
assign_tr4_Pcp428;tr4;Pickup plan trucks assignment
enter_tr4_Pcp428;tr4;Entry evaluation for truck
register_arrival_tr4_Pcp428;tr4;truck for arrival registeration
weigh_empty_tr4_Pcp428;tr4;Empty truck weighed
assign_tr23_Pcp389;tr23;Pickup plan trucks assignment
enter_tr23_Pcp389;tr23;Entry evaluation for truck
check_abnorm_tr4_Pcp428;tr4;truck exmained for empty weight abnormality
arrive_Silo3_tr4_Pcp428;Silo3;Silo for truck load
register_arrival_tr23_Pcp389;tr23;truck for arrival registeration
assign_tr26_Pcp320;tr26;Pickup plan trucks assignment
enter_tr26_Pcp320;tr26;Entry evaluation for truck
weigh_empty_tr23_Pcp389;tr23;Empty truck weighed
assign_tr44_Pcp427;tr44;Pickup plan trucks assignment
check_abnorm_tr23_Pcp389;tr23;truck exmained for empty weight abnormality
arrive_Silo12_tr23_Pcp389;Silo12;Silo for truck load
assign_tr35_Pcp324;tr35;Pickup plan trucks assignment
assign_tr40_Pcp1;tr40;Pickup plan trucks assignment
enter_tr44_Pcp427;tr44;Entry evaluation for truck
register_arrival_tr44_Pcp427;tr44;truck for arrival registeration
enter_tr40_Pcp1;tr40;Entry evaluation for truck
register_arrival_tr26_Pcp320;tr26;truck for arrival registeration
assign_tr30_Pcp454;tr30;Pickup plan trucks assignment
register_arrival_tr40_Pcp1;tr40;truck for arrival registeration
weigh_empty_tr44_Pcp427;tr44;Empty truck weighed
determine_continu_tr4_Pcp428_Silo3;Silo3;silo evaluated for pickup continuance
check_abnorm_tr44_Pcp427;tr44;truck exmained for empty weight abnormality
weigh_empty_tr26_Pcp320;tr26;Empty truck weighed
load_tr4_Pcp428;tr4;cargo load for truck
arrive_Silo15_tr44_Pcp427;Silo15;Silo for truck load
check_abnorm_tr26_Pcp320;tr26;truck exmained for empty weight abnormality
enter_tr35_Pcp324;tr35;Entry evaluation for truck
arrive_Silo12_tr26_Pcp320;Silo12;Silo for truck load
assign_tr49_Pcp330;tr49;Pickup plan trucks assignment
determine_continu_tr23_Pcp389_Silo12;Silo12;silo evaluated for pickup continuance
load_tr23_Pcp389;tr23;cargo load for truck
weigh_empty_tr40_Pcp1;tr40;Empty truck weighed
check_abnorm_tr40_Pcp1;tr40;truck exmained for empty weight abnormality
arrive_Silo1_tr40_Pcp1;Silo1;Silo for truck load
register_arrival_tr35_Pcp324;tr35;truck for arrival registeration
enter_tr30_Pcp454;tr30;Entry evaluation for truck
enter_tr49_Pcp330;tr49;Entry evaluation for truck
determine_continu_tr44_Pcp427_Silo15;Silo15;silo evaluated for pickup continuance
assign_tr20_Pcp171;tr20;Pickup plan trucks assignment
register_arrival_tr49_Pcp330;tr49;truck for arrival registeration
load_tr44_Pcp427;tr44;cargo load for truck
register_arrival_tr30_Pcp454;tr30;truck for arrival registeration
assign_tr43_Pcp472;tr43;Pickup plan trucks assignment
assign_tr46_Pcp309;tr46;Pickup plan trucks assignment
enter_tr20_Pcp171;tr20;Entry evaluation for truck
weigh_empty_tr35_Pcp324;tr35;Empty truck weighed
determine_continu_tr26_Pcp320_Silo12;Silo12;silo evaluated for pickup continuance
assign_tr29_Pcp113;tr29;Pickup plan trucks assignment
determine_continu_tr40_Pcp1_Silo1;Silo1;silo evaluated for pickup continuance
check_abnorm_tr35_Pcp324;tr35;truck exmained for empty weight abnormality
enter_tr29_Pcp113;tr29;Entry evaluation for truck
arrive_Silo17_tr35_Pcp324;Silo17;Silo for truck load
assign_tr21_Pcp63;tr21;Pickup plan trucks assignment
register_arrival_tr29_Pcp113;tr29;truck for arrival registeration
register_arrival_tr20_Pcp171;tr20;truck for arrival registeration
load_tr40_Pcp1;tr40;cargo load for truck
enter_tr21_Pcp63;tr21;Entry evaluation for truck
load_tr26_Pcp320;tr26;cargo load for truck
assign_tr33_Pcp360;tr33;Pickup plan trucks assignment
enter_tr43_Pcp472;tr43;Entry evaluation for truck
assign_tr11_Pcp479;tr11;Pickup plan trucks assignment
weigh_empty_tr49_Pcp330;tr49;Empty truck weighed
weigh_empty_tr30_Pcp454;tr30;Empty truck weighed
enter_tr11_Pcp479;tr11;Entry evaluation for truck
check_abnorm_tr49_Pcp330;tr49;truck exmained for empty weight abnormality
check_abnorm_tr30_Pcp454;tr30;truck exmained for empty weight abnormality
enter_tr33_Pcp360;tr33;Entry evaluation for truck
arrive_Silo14_tr30_Pcp454;Silo14;Silo for truck load
arrive_Silo9_tr49_Pcp330;Silo9;Silo for truck load
enter_tr46_Pcp309;tr46;Entry evaluation for truck
register_arrival_tr21_Pcp63;tr21;truck for arrival registeration
register_arrival_tr46_Pcp309;tr46;truck for arrival registeration
assign_tr27_Pcp336;tr27;Pickup plan trucks assignment
weigh_empty_tr21_Pcp63;tr21;Empty truck weighed
determine_continu_tr35_Pcp324_Silo17;Silo17;silo evaluated for pickup continuance
enter_tr27_Pcp336;tr27;Entry evaluation for truck
determine_continu_tr49_Pcp330_Silo9;Silo9;silo evaluated for pickup continuance
weigh_empty_tr46_Pcp309;tr46;Empty truck weighed
load_tr49_Pcp330;tr49;cargo load for truck
check_abnorm_tr21_Pcp63;tr21;truck exmained for empty weight abnormality
assign_tr19_Pcp20;tr19;Pickup plan trucks assignment
load_tr35_Pcp324;tr35;cargo load for truck
check_abnorm_tr46_Pcp309;tr46;truck exmained for empty weight abnormality
assign_tr18_Pcp207;tr18;Pickup plan trucks assignment
register_arrival_tr11_Pcp479;tr11;truck for arrival registeration
arrive_Silo18_tr21_Pcp63;Silo18;Silo for truck load
weigh_empty_tr20_Pcp171;tr20;Empty truck weighed
enter_tr18_Pcp207;tr18;Entry evaluation for truck
arrive_Silo14_tr46_Pcp309;Silo14;Silo for truck load
enter_tr19_Pcp20;tr19;Entry evaluation for truck
register_arrival_tr33_Pcp360;tr33;truck for arrival registeration
weigh_empty_tr29_Pcp113;tr29;Empty truck weighed
register_arrival_tr43_Pcp472;tr43;truck for arrival registeration
register_arrival_tr19_Pcp20;tr19;truck for arrival registeration
register_arrival_tr27_Pcp336;tr27;truck for arrival registeration
weigh_empty_tr11_Pcp479;tr11;Empty truck weighed
check_abnorm_tr20_Pcp171;tr20;truck exmained for empty weight abnormality
weigh_empty_tr33_Pcp360;tr33;Empty truck weighed
check_abnorm_tr29_Pcp113;tr29;truck exmained for empty weight abnormality
arrive_Silo6_tr20_Pcp171;Silo6;Silo for truck load
check_abnorm_tr11_Pcp479;tr11;truck exmained for empty weight abnormality
weigh_empty_tr19_Pcp20;tr19;Empty truck weighed
weigh_empty_tr27_Pcp336;tr27;Empty truck weighed
check_abnorm_tr33_Pcp360;tr33;truck exmained for empty weight abnormality
arrive_Silo1_tr11_Pcp479;Silo1;Silo for truck load
arrive_Silo14_tr29_Pcp113;Silo14;Silo for truck load
arrive_Silo14_tr33_Pcp360;Silo14;Silo for truck load
register_arrival_tr18_Pcp207;tr18;truck for arrival registeration
determine_continu_tr20_Pcp171_Silo6;Silo6;silo evaluated for pickup continuance
check_abnorm_tr19_Pcp20;tr19;truck exmained for empty weight abnormality
determine_continu_tr30_Pcp454_Silo14;Silo14;silo evaluated for pickup continuance
determine_continu_tr21_Pcp63_Silo18;Silo18;silo evaluated for pickup continuance
check_abnorm_tr27_Pcp336;tr27;truck exmained for empty weight abnormality
determine_continu_tr33_Pcp360_Silo14;Silo14;silo evaluated for pickup continuance
arrive_Silo4_tr27_Pcp336;Silo4;Silo for truck load
assign_tr15_Pcp96;tr15;Pickup plan trucks assignment
arrive_Silo9_tr19_Pcp20;Silo9;Silo for truck load
assign_tr39_Pcp362;tr39;Pickup plan trucks assignment
weigh_loaded_tr35_Pcp324;tr35;Truck weighed
load_tr21_Pcp63;tr21;cargo load for truck
enter_tr39_Pcp362;tr39;Entry evaluation for truck
assign_tr7_Pcp168;tr7;Pickup plan trucks assignment
load_tr33_Pcp360;tr33;cargo load for truck
assign_tr37_Pcp253;tr37;Pickup plan trucks assignment
assign_tr31_Pcp484;tr31;Pickup plan trucks assignment
assign_tr45_Pcp102;tr45;Pickup plan trucks assignment
register_arrival_tr39_Pcp362;tr39;truck for arrival registeration
load_tr20_Pcp171;tr20;cargo load for truck
load_tr30_Pcp454;tr30;cargo load for truck
issue_ticket_tr35_Pcp324;tr35;Printed weighing ticket for pickup plan
input_tally_tr35_Pcp324;tr35;Tally Sheet for pickup plan
eval_tr35exit_Pcp324;tr35;Exit evaluation for truck
assign_tr42_Pcp23;tr42;Pickup plan trucks assignment
exit_tr35_Pcp324;tr35;Exit for truck
assign_tr24_Pcp249;tr24;Pickup plan trucks assignment
determine_continu_tr29_Pcp113_Silo14;Silo14;silo evaluated for pickup continuance
enter_tr37_Pcp253;tr37;Entry evaluation for truck
enter_tr24_Pcp249;tr24;Entry evaluation for truck
weigh_empty_tr18_Pcp207;tr18;Empty truck weighed
weigh_empty_tr43_Pcp472;tr43;Empty truck weighed
enter_tr45_Pcp102;tr45;Entry evaluation for truck
load_tr29_Pcp113;tr29;cargo load for truck
check_abnorm_tr43_Pcp472;tr43;truck exmained for empty weight abnormality
enter_tr31_Pcp484;tr31;Entry evaluation for truck
determine_continu_tr11_Pcp479_Silo1;Silo1;silo evaluated for pickup continuance
arrive_Silo12_tr43_Pcp472;Silo12;Silo for truck load
load_tr11_Pcp479;tr11;cargo load for truck
enter_tr42_Pcp23;tr42;Entry evaluation for truck
register_arrival_tr31_Pcp484;tr31;truck for arrival registeration
determine_continu_tr27_Pcp336_Silo4;Silo4;silo evaluated for pickup continuance
check_abnorm_tr18_Pcp207;tr18;truck exmained for empty weight abnormality
enter_tr15_Pcp96;tr15;Entry evaluation for truck
determine_continu_tr46_Pcp309_Silo14;Silo14;silo evaluated for pickup continuance
load_tr27_Pcp336;tr27;cargo load for truck
arrive_Silo9_tr18_Pcp207;Silo9;Silo for truck load
determine_continu_tr19_Pcp20_Silo9;Silo9;silo evaluated for pickup continuance
weigh_loaded_tr20_Pcp171;tr20;Truck weighed
enter_tr7_Pcp168;tr7;Entry evaluation for truck
register_arrival_tr24_Pcp249;tr24;truck for arrival registeration
load_tr46_Pcp309;tr46;cargo load for truck
register_arrival_tr37_Pcp253;tr37;truck for arrival registeration
assign_tr38_Pcp86;tr38;Pickup plan trucks assignment
register_arrival_tr7_Pcp168;tr7;truck for arrival registeration
weigh_empty_tr31_Pcp484;tr31;Empty truck weighed
enter_tr38_Pcp86;tr38;Entry evaluation for truck
check_abnorm_tr31_Pcp484;tr31;truck exmained for empty weight abnormality
arrive_Silo12_tr31_Pcp484;Silo12;Silo for truck load
register_arrival_tr42_Pcp23;tr42;truck for arrival registeration
weigh_empty_tr39_Pcp362;tr39;Empty truck weighed
register_arrival_tr45_Pcp102;tr45;truck for arrival registeration
assign_tr25_Pcp407;tr25;Pickup plan trucks assignment
check_abnorm_tr39_Pcp362;tr39;truck exmained for empty weight abnormality
assign_tr8_Pcp221;tr8;Pickup plan trucks assignment
arrive_Silo9_tr39_Pcp362;Silo9;Silo for truck load
issue_ticket_tr20_Pcp171;tr20;Printed weighing ticket for pickup plan
input_tally_tr20_Pcp171;tr20;Tally Sheet for pickup plan
eval_tr20exit_Pcp171;tr20;Exit evaluation for truck
exit_tr20_Pcp171;tr20;Exit for truck
determine_continu_tr43_Pcp472_Silo12;Silo12;silo evaluated for pickup continuance
weigh_empty_tr45_Pcp102;tr45;Empty truck weighed
weigh_empty_tr37_Pcp253;tr37;Empty truck weighed
check_abnorm_tr45_Pcp102;tr45;truck exmained for empty weight abnormality
register_arrival_tr15_Pcp96;tr15;truck for arrival registeration
load_tr19_Pcp20;tr19;cargo load for truck
assign_tr17_Pcp305;tr17;Pickup plan trucks assignment
enter_tr25_Pcp407;tr25;Entry evaluation for truck
register_arrival_tr38_Pcp86;tr38;truck for arrival registeration
weigh_empty_tr24_Pcp249;tr24;Empty truck weighed
assign_tr6_Pcp336;tr6;Pickup plan trucks assignment
arrive_Silo13_tr45_Pcp102;Silo13;Silo for truck load
weigh_empty_tr7_Pcp168;tr7;Empty truck weighed
check_abnorm_tr37_Pcp253;tr37;truck exmained for empty weight abnormality
weigh_loaded_tr44_Pcp427;tr44;Truck weighed
load_tr43_Pcp472;tr43;cargo load for truck
register_arrival_tr25_Pcp407;tr25;truck for arrival registeration
check_abnorm_tr24_Pcp249;tr24;truck exmained for empty weight abnormality
determine_continu_tr39_Pcp362_Silo9;Silo9;silo evaluated for pickup continuance
check_abnorm_tr7_Pcp168;tr7;truck exmained for empty weight abnormality
weigh_empty_tr38_Pcp86;tr38;Empty truck weighed
assign_tr1_Pcp207;tr1;Pickup plan trucks assignment
arrive_Silo13_tr37_Pcp253;Silo13;Silo for truck load
load_tr39_Pcp362;tr39;cargo load for truck
arrive_Silo20_tr24_Pcp249;Silo20;Silo for truck load
arrive_Silo15_tr7_Pcp168;Silo15;Silo for truck load
check_abnorm_tr38_Pcp86;tr38;truck exmained for empty weight abnormality
weigh_loaded_tr30_Pcp454;tr30;Truck weighed
determine_continu_tr31_Pcp484_Silo12;Silo12;silo evaluated for pickup continuance
enter_tr8_Pcp221;tr8;Entry evaluation for truck
determine_continu_tr18_Pcp207_Silo9;Silo9;silo evaluated for pickup continuance
load_tr31_Pcp484;tr31;cargo load for truck
assign_tr32_Pcp64;tr32;Pickup plan trucks assignment
arrive_Silo1_tr38_Pcp86;Silo1;Silo for truck load
enter_tr1_Pcp207;tr1;Entry evaluation for truck
weigh_empty_tr15_Pcp96;tr15;Empty truck weighed
determine_continu_tr7_Pcp168_Silo15;Silo15;silo evaluated for pickup continuance
enter_tr17_Pcp305;tr17;Entry evaluation for truck
issue_ticket_tr30_Pcp454;tr30;Printed weighing ticket for pickup plan
input_tally_tr30_Pcp454;tr30;Tally Sheet for pickup plan
check_abnorm_tr15_Pcp96;tr15;truck exmained for empty weight abnormality
load_tr7_Pcp168;tr7;cargo load for truck
load_tr18_Pcp207;tr18;cargo load for truck
enter_tr32_Pcp64;tr32;Entry evaluation for truck
arrive_Silo12_tr15_Pcp96;Silo12;Silo for truck load
eval_tr30exit_Pcp454;tr30;Exit evaluation for truck
enter_tr6_Pcp336;tr6;Entry evaluation for truck
weigh_loaded_tr21_Pcp63;tr21;Truck weighed
weigh_empty_tr25_Pcp407;tr25;Empty truck weighed
check_abnorm_tr25_Pcp407;tr25;truck exmained for empty weight abnormality
issue_ticket_tr21_Pcp63;tr21;Printed weighing ticket for pickup plan
input_tally_tr21_Pcp63;tr21;Tally Sheet for pickup plan
exit_tr30_Pcp454;tr30;Exit for truck
arrive_Silo19_tr25_Pcp407;Silo19;Silo for truck load
eval_tr21exit_Pcp63;tr21;Exit evaluation for truck
determine_continu_tr37_Pcp253_Silo13;Silo13;silo evaluated for pickup continuance
exit_tr21_Pcp63;tr21;Exit for truck
issue_ticket_tr44_Pcp427;tr44;Printed weighing ticket for pickup plan
input_tally_tr44_Pcp427;tr44;Tally Sheet for pickup plan
register_arrival_tr8_Pcp221;tr8;truck for arrival registeration
eval_tr44exit_Pcp427;tr44;Exit evaluation for truck
weigh_loaded_tr11_Pcp479;tr11;Truck weighed
exit_tr44_Pcp427;tr44;Exit for truck
register_arrival_tr6_Pcp336;tr6;truck for arrival registeration
issue_ticket_tr11_Pcp479;tr11;Printed weighing ticket for pickup plan
input_tally_tr11_Pcp479;tr11;Tally Sheet for pickup plan
eval_tr11exit_Pcp479;tr11;Exit evaluation for truck
register_arrival_tr17_Pcp305;tr17;truck for arrival registeration
register_arrival_tr32_Pcp64;tr32;truck for arrival registeration
determine_continu_tr38_Pcp86_Silo1;Silo1;silo evaluated for pickup continuance
load_tr37_Pcp253;tr37;cargo load for truck
determine_continu_tr25_Pcp407_Silo19;Silo19;silo evaluated for pickup continuance
register_arrival_tr1_Pcp207;tr1;truck for arrival registeration
load_tr38_Pcp86;tr38;cargo load for truck
exit_tr11_Pcp479;tr11;Exit for truck
weigh_empty_tr6_Pcp336;tr6;Empty truck weighed
load_tr25_Pcp407;tr25;cargo load for truck
check_abnorm_tr6_Pcp336;tr6;truck exmained for empty weight abnormality
weigh_empty_tr42_Pcp23;tr42;Empty truck weighed
weigh_empty_tr8_Pcp221;tr8;Empty truck weighed
determine_continu_tr45_Pcp102_Silo13;Silo13;silo evaluated for pickup continuance
load_tr45_Pcp102;tr45;cargo load for truck
check_abnorm_tr8_Pcp221;tr8;truck exmained for empty weight abnormality
arrive_Silo4_tr6_Pcp336;Silo4;Silo for truck load
weigh_empty_tr17_Pcp305;tr17;Empty truck weighed
check_abnorm_tr42_Pcp23;tr42;truck exmained for empty weight abnormality
arrive_Silo14_tr8_Pcp221;Silo14;Silo for truck load
weigh_loaded_tr49_Pcp330;tr49;Truck weighed
determine_continu_tr24_Pcp249_Silo20;Silo20;silo evaluated for pickup continuance
weigh_loaded_tr33_Pcp360;tr33;Truck weighed
issue_ticket_tr49_Pcp330;tr49;Printed weighing ticket for pickup plan
input_tally_tr49_Pcp330;tr49;Tally Sheet for pickup plan
arrive_Silo1_tr42_Pcp23;Silo1;Silo for truck load
check_abnorm_tr17_Pcp305;tr17;truck exmained for empty weight abnormality
weigh_empty_tr32_Pcp64;tr32;Empty truck weighed
issue_ticket_tr33_Pcp360;tr33;Printed weighing ticket for pickup plan
input_tally_tr33_Pcp360;tr33;Tally Sheet for pickup plan
eval_tr33exit_Pcp360;tr33;Exit evaluation for truck
eval_tr49exit_Pcp330;tr49;Exit evaluation for truck
exit_tr49_Pcp330;tr49;Exit for truck
arrive_Silo16_tr17_Pcp305;Silo16;Silo for truck load
exit_tr33_Pcp360;tr33;Exit for truck
check_abnorm_tr32_Pcp64;tr32;truck exmained for empty weight abnormality
weigh_loaded_tr7_Pcp168;tr7;Truck weighed
arrive_Silo20_tr32_Pcp64;Silo20;Silo for truck load
load_tr24_Pcp249;tr24;cargo load for truck
determine_continu_tr42_Pcp23_Silo1;Silo1;silo evaluated for pickup continuance
weigh_loaded_tr18_Pcp207;tr18;Truck weighed
weigh_empty_tr1_Pcp207;tr1;Empty truck weighed
determine_continu_tr15_Pcp96_Silo12;Silo12;silo evaluated for pickup continuance
weigh_loaded_tr25_Pcp407;tr25;Truck weighed
check_abnorm_tr1_Pcp207;tr1;truck exmained for empty weight abnormality
determine_continu_tr8_Pcp221_Silo14;Silo14;silo evaluated for pickup continuance
load_tr42_Pcp23;tr42;cargo load for truck
arrive_Silo9_tr1_Pcp207;Silo9;Silo for truck load
weigh_loaded_tr38_Pcp86;tr38;Truck weighed
load_tr15_Pcp96;tr15;cargo load for truck
issue_ticket_tr25_Pcp407;tr25;Printed weighing ticket for pickup plan
input_tally_tr25_Pcp407;tr25;Tally Sheet for pickup plan
eval_tr25exit_Pcp407;tr25;Exit evaluation for truck
exit_tr25_Pcp407;tr25;Exit for truck
determine_continu_tr1_Pcp207_Silo9;Silo9;silo evaluated for pickup continuance
load_tr1_Pcp207;tr1;cargo load for truck
assign_tr14_Pcp197;tr14;Pickup plan trucks assignment
determine_continu_tr17_Pcp305_Silo16;Silo16;silo evaluated for pickup continuance
issue_ticket_tr38_Pcp86;tr38;Printed weighing ticket for pickup plan
input_tally_tr38_Pcp86;tr38;Tally Sheet for pickup plan
eval_tr38exit_Pcp86;tr38;Exit evaluation for truck
load_tr8_Pcp221;tr8;cargo load for truck
exit_tr38_Pcp86;tr38;Exit for truck
determine_continu_tr6_Pcp336_Silo4;Silo4;silo evaluated for pickup continuance
issue_ticket_tr7_Pcp168;tr7;Printed weighing ticket for pickup plan
weigh_loaded_tr26_Pcp320;tr26;Truck weighed
input_tally_tr7_Pcp168;tr7;Tally Sheet for pickup plan
eval_tr7exit_Pcp168;tr7;Exit evaluation for truck
exit_tr7_Pcp168;tr7;Exit for truck
load_tr6_Pcp336;tr6;cargo load for truck
assign_tr16_Pcp163;tr16;Pickup plan trucks assignment
load_tr17_Pcp305;tr17;cargo load for truck
enter_tr16_Pcp163;tr16;Entry evaluation for truck
determine_continu_tr32_Pcp64_Silo20;Silo20;silo evaluated for pickup continuance
issue_ticket_tr18_Pcp207;tr18;Printed weighing ticket for pickup plan
input_tally_tr18_Pcp207;tr18;Tally Sheet for pickup plan
eval_tr18exit_Pcp207;tr18;Exit evaluation for truck
weigh_loaded_tr1_Pcp207;tr1;Truck weighed
issue_ticket_tr26_Pcp320;tr26;Printed weighing ticket for pickup plan
input_tally_tr26_Pcp320;tr26;Tally Sheet for pickup plan
eval_tr26exit_Pcp320;tr26;Exit evaluation for truck
exit_tr26_Pcp320;tr26;Exit for truck
exit_tr18_Pcp207;tr18;Exit for truck
enter_tr14_Pcp197;tr14;Entry evaluation for truck
load_tr32_Pcp64;tr32;cargo load for truck
assign_tr5_Pcp334;tr5;Pickup plan trucks assignment
register_arrival_tr14_Pcp197;tr14;truck for arrival registeration
weigh_loaded_tr29_Pcp113;tr29;Truck weighed
issue_ticket_tr29_Pcp113;tr29;Printed weighing ticket for pickup plan
input_tally_tr29_Pcp113;tr29;Tally Sheet for pickup plan
register_arrival_tr16_Pcp163;tr16;truck for arrival registeration
eval_tr29exit_Pcp113;tr29;Exit evaluation for truck
exit_tr29_Pcp113;tr29;Exit for truck
enter_tr5_Pcp334;tr5;Entry evaluation for truck
weigh_empty_tr16_Pcp163;tr16;Empty truck weighed
check_abnorm_tr16_Pcp163;tr16;truck exmained for empty weight abnormality
weigh_empty_tr14_Pcp197;tr14;Empty truck weighed
issue_ticket_tr1_Pcp207;tr1;Printed weighing ticket for pickup plan
input_tally_tr1_Pcp207;tr1;Tally Sheet for pickup plan
eval_tr1exit_Pcp207;tr1;Exit evaluation for truck
arrive_Silo1_tr16_Pcp163;Silo1;Silo for truck load
check_abnorm_tr14_Pcp197;tr14;truck exmained for empty weight abnormality
exit_tr1_Pcp207;tr1;Exit for truck
arrive_Silo13_tr14_Pcp197;Silo13;Silo for truck load
weigh_loaded_tr17_Pcp305;tr17;Truck weighed
determine_continu_tr16_Pcp163_Silo1;Silo1;silo evaluated for pickup continuance
register_arrival_tr5_Pcp334;tr5;truck for arrival registeration
weigh_loaded_tr40_Pcp1;tr40;Truck weighed
issue_ticket_tr40_Pcp1;tr40;Printed weighing ticket for pickup plan
input_tally_tr40_Pcp1;tr40;Tally Sheet for pickup plan
eval_tr40exit_Pcp1;tr40;Exit evaluation for truck
weigh_loaded_tr4_Pcp428;tr4;Truck weighed
issue_ticket_tr17_Pcp305;tr17;Printed weighing ticket for pickup plan
input_tally_tr17_Pcp305;tr17;Tally Sheet for pickup plan
eval_tr17exit_Pcp305;tr17;Exit evaluation for truck
exit_tr40_Pcp1;tr40;Exit for truck
load_tr16_Pcp163;tr16;cargo load for truck
weigh_loaded_tr24_Pcp249;tr24;Truck weighed
exit_tr17_Pcp305;tr17;Exit for truck
weigh_loaded_tr32_Pcp64;tr32;Truck weighed
issue_ticket_tr4_Pcp428;tr4;Printed weighing ticket for pickup plan
input_tally_tr4_Pcp428;tr4;Tally Sheet for pickup plan
eval_tr4exit_Pcp428;tr4;Exit evaluation for truck
exit_tr4_Pcp428;tr4;Exit for truck
determine_continu_tr14_Pcp197_Silo13;Silo13;silo evaluated for pickup continuance
weigh_loaded_tr8_Pcp221;tr8;Truck weighed
issue_ticket_tr32_Pcp64;tr32;Printed weighing ticket for pickup plan
input_tally_tr32_Pcp64;tr32;Tally Sheet for pickup plan
eval_tr32exit_Pcp64;tr32;Exit evaluation for truck
issue_ticket_tr24_Pcp249;tr24;Printed weighing ticket for pickup plan
input_tally_tr24_Pcp249;tr24;Tally Sheet for pickup plan
eval_tr24exit_Pcp249;tr24;Exit evaluation for truck
exit_tr24_Pcp249;tr24;Exit for truck
load_tr14_Pcp197;tr14;cargo load for truck
exit_tr32_Pcp64;tr32;Exit for truck
weigh_loaded_tr15_Pcp96;tr15;Truck weighed
weigh_loaded_tr46_Pcp309;tr46;Truck weighed
issue_ticket_tr15_Pcp96;tr15;Printed weighing ticket for pickup plan
input_tally_tr15_Pcp96;tr15;Tally Sheet for pickup plan
issue_ticket_tr8_Pcp221;tr8;Printed weighing ticket for pickup plan
input_tally_tr8_Pcp221;tr8;Tally Sheet for pickup plan
eval_tr8exit_Pcp221;tr8;Exit evaluation for truck
weigh_empty_tr5_Pcp334;tr5;Empty truck weighed
exit_tr8_Pcp221;tr8;Exit for truck
issue_ticket_tr46_Pcp309;tr46;Printed weighing ticket for pickup plan
input_tally_tr46_Pcp309;tr46;Tally Sheet for pickup plan
eval_tr15exit_Pcp96;tr15;Exit evaluation for truck
assign_tr9_Pcp431;tr9;Pickup plan trucks assignment
exit_tr15_Pcp96;tr15;Exit for truck
eval_tr46exit_Pcp309;tr46;Exit evaluation for truck
enter_tr9_Pcp431;tr9;Entry evaluation for truck
check_abnorm_tr5_Pcp334;tr5;truck exmained for empty weight abnormality
weigh_loaded_tr6_Pcp336;tr6;Truck weighed
weigh_loaded_tr23_Pcp389;tr23;Truck weighed
assign_tr28_Pcp155;tr28;Pickup plan trucks assignment
arrive_Silo3_tr5_Pcp334;Silo3;Silo for truck load
exit_tr46_Pcp309;tr46;Exit for truck
issue_ticket_tr6_Pcp336;tr6;Printed weighing ticket for pickup plan
input_tally_tr6_Pcp336;tr6;Tally Sheet for pickup plan
enter_tr28_Pcp155;tr28;Entry evaluation for truck
eval_tr6exit_Pcp336;tr6;Exit evaluation for truck
exit_tr6_Pcp336;tr6;Exit for truck
issue_ticket_tr23_Pcp389;tr23;Printed weighing ticket for pickup plan
input_tally_tr23_Pcp389;tr23;Tally Sheet for pickup plan
eval_tr23exit_Pcp389;tr23;Exit evaluation for truck
exit_tr23_Pcp389;tr23;Exit for truck
determine_continu_tr5_Pcp334_Silo3;Silo3;silo evaluated for pickup continuance
load_tr5_Pcp334;tr5;cargo load for truck
weigh_loaded_tr39_Pcp362;tr39;Truck weighed
register_arrival_tr28_Pcp155;tr28;truck for arrival registeration
register_arrival_tr9_Pcp431;tr9;truck for arrival registeration
weigh_loaded_tr19_Pcp20;tr19;Truck weighed
issue_ticket_tr39_Pcp362;tr39;Printed weighing ticket for pickup plan
input_tally_tr39_Pcp362;tr39;Tally Sheet for pickup plan
eval_tr39exit_Pcp362;tr39;Exit evaluation for truck
exit_tr39_Pcp362;tr39;Exit for truck
weigh_empty_tr28_Pcp155;tr28;Empty truck weighed
check_abnorm_tr28_Pcp155;tr28;truck exmained for empty weight abnormality
weigh_empty_tr9_Pcp431;tr9;Empty truck weighed
weigh_loaded_tr43_Pcp472;tr43;Truck weighed
arrive_Silo9_tr28_Pcp155;Silo9;Silo for truck load
check_abnorm_tr9_Pcp431;tr9;truck exmained for empty weight abnormality
issue_ticket_tr43_Pcp472;tr43;Printed weighing ticket for pickup plan
arrive_Silo8_tr9_Pcp431;Silo8;Silo for truck load
input_tally_tr43_Pcp472;tr43;Tally Sheet for pickup plan
issue_ticket_tr19_Pcp20;tr19;Printed weighing ticket for pickup plan
input_tally_tr19_Pcp20;tr19;Tally Sheet for pickup plan
eval_tr43exit_Pcp472;tr43;Exit evaluation for truck
eval_tr19exit_Pcp20;tr19;Exit evaluation for truck
exit_tr43_Pcp472;tr43;Exit for truck
weigh_loaded_tr45_Pcp102;tr45;Truck weighed
exit_tr19_Pcp20;tr19;Exit for truck
determine_continu_tr28_Pcp155_Silo9;Silo9;silo evaluated for pickup continuance
determine_continu_tr9_Pcp431_Silo8;Silo8;silo evaluated for pickup continuance
load_tr9_Pcp431;tr9;cargo load for truck
load_tr28_Pcp155;tr28;cargo load for truck
issue_ticket_tr45_Pcp102;tr45;Printed weighing ticket for pickup plan
input_tally_tr45_Pcp102;tr45;Tally Sheet for pickup plan
eval_tr45exit_Pcp102;tr45;Exit evaluation for truck
exit_tr45_Pcp102;tr45;Exit for truck
weigh_loaded_tr42_Pcp23;tr42;Truck weighed
weigh_loaded_tr14_Pcp197;tr14;Truck weighed
issue_ticket_tr14_Pcp197;tr14;Printed weighing ticket for pickup plan
input_tally_tr14_Pcp197;tr14;Tally Sheet for pickup plan
eval_tr14exit_Pcp197;tr14;Exit evaluation for truck
exit_tr14_Pcp197;tr14;Exit for truck
weigh_loaded_tr37_Pcp253;tr37;Truck weighed
issue_ticket_tr42_Pcp23;tr42;Printed weighing ticket for pickup plan
input_tally_tr42_Pcp23;tr42;Tally Sheet for pickup plan
eval_tr42exit_Pcp23;tr42;Exit evaluation for truck
weigh_loaded_tr31_Pcp484;tr31;Truck weighed
exit_tr42_Pcp23;tr42;Exit for truck
issue_ticket_tr31_Pcp484;tr31;Printed weighing ticket for pickup plan
input_tally_tr31_Pcp484;tr31;Tally Sheet for pickup plan
eval_tr31exit_Pcp484;tr31;Exit evaluation for truck
exit_tr31_Pcp484;tr31;Exit for truck
weigh_loaded_tr28_Pcp155;tr28;Truck weighed
issue_ticket_tr28_Pcp155;tr28;Printed weighing ticket for pickup plan
input_tally_tr28_Pcp155;tr28;Tally Sheet for pickup plan
eval_tr28exit_Pcp155;tr28;Exit evaluation for truck
exit_tr28_Pcp155;tr28;Exit for truck
weigh_loaded_tr27_Pcp336;tr27;Truck weighed
issue_ticket_tr37_Pcp253;tr37;Printed weighing ticket for pickup plan
input_tally_tr37_Pcp253;tr37;Tally Sheet for pickup plan
eval_tr37exit_Pcp253;tr37;Exit evaluation for truck
exit_tr37_Pcp253;tr37;Exit for truck
issue_ticket_tr27_Pcp336;tr27;Printed weighing ticket for pickup plan
input_tally_tr27_Pcp336;tr27;Tally Sheet for pickup plan
eval_tr27exit_Pcp336;tr27;Exit evaluation for truck
exit_tr27_Pcp336;tr27;Exit for truck
weigh_loaded_tr9_Pcp431;tr9;Truck weighed
issue_ticket_tr9_Pcp431;tr9;Printed weighing ticket for pickup plan
input_tally_tr9_Pcp431;tr9;Tally Sheet for pickup plan
eval_tr9exit_Pcp431;tr9;Exit evaluation for truck
exit_tr9_Pcp431;tr9;Exit for truck
weigh_loaded_tr16_Pcp163;tr16;Truck weighed
issue_ticket_tr16_Pcp163;tr16;Printed weighing ticket for pickup plan
input_tally_tr16_Pcp163;tr16;Tally Sheet for pickup plan
eval_tr16exit_Pcp163;tr16;Exit evaluation for truck
exit_tr16_Pcp163;tr16;Exit for truck
weigh_loaded_tr5_Pcp334;tr5;Truck weighed
issue_ticket_tr5_Pcp334;tr5;Printed weighing ticket for pickup plan
input_tally_tr5_Pcp334;tr5;Tally Sheet for pickup plan
eval_tr5exit_Pcp334;tr5;Exit evaluation for truck
exit_tr5_Pcp334;tr5;Exit for truck
assign_tr48_Pcp95;tr48;Pickup plan trucks assignment
enter_tr48_Pcp95;tr48;Entry evaluation for truck
register_arrival_tr48_Pcp95;tr48;truck for arrival registeration
weigh_empty_tr48_Pcp95;tr48;Empty truck weighed
check_abnorm_tr48_Pcp95;tr48;truck exmained for empty weight abnormality
arrive_Silo6_tr48_Pcp95;Silo6;Silo for truck load
assign_tr34_Pcp311;tr34;Pickup plan trucks assignment
enter_tr34_Pcp311;tr34;Entry evaluation for truck
register_arrival_tr34_Pcp311;tr34;truck for arrival registeration
assign_tr41_Pcp49;tr41;Pickup plan trucks assignment
determine_continu_tr48_Pcp95_Silo6;Silo6;silo evaluated for pickup continuance
load_tr48_Pcp95;tr48;cargo load for truck
weigh_empty_tr34_Pcp311;tr34;Empty truck weighed
check_abnorm_tr34_Pcp311;tr34;truck exmained for empty weight abnormality
arrive_Silo13_tr34_Pcp311;Silo13;Silo for truck load
enter_tr41_Pcp49;tr41;Entry evaluation for truck
assign_tr2_Pcp397;tr2;Pickup plan trucks assignment
determine_continu_tr34_Pcp311_Silo13;Silo13;silo evaluated for pickup continuance
assign_tr12_Pcp104;tr12;Pickup plan trucks assignment
enter_tr2_Pcp397;tr2;Entry evaluation for truck
assign_tr50_Pcp48;tr50;Pickup plan trucks assignment
enter_tr12_Pcp104;tr12;Entry evaluation for truck
register_arrival_tr2_Pcp397;tr2;truck for arrival registeration
enter_tr50_Pcp48;tr50;Entry evaluation for truck
register_arrival_tr12_Pcp104;tr12;truck for arrival registeration
load_tr34_Pcp311;tr34;cargo load for truck
register_arrival_tr50_Pcp48;tr50;truck for arrival registeration
weigh_empty_tr2_Pcp397;tr2;Empty truck weighed
weigh_empty_tr12_Pcp104;tr12;Empty truck weighed
check_abnorm_tr2_Pcp397;tr2;truck exmained for empty weight abnormality
check_abnorm_tr12_Pcp104;tr12;truck exmained for empty weight abnormality
arrive_Silo19_tr2_Pcp397;Silo19;Silo for truck load
arrive_Silo1_tr12_Pcp104;Silo1;Silo for truck load
determine_continu_tr2_Pcp397_Silo19;Silo19;silo evaluated for pickup continuance
weigh_empty_tr50_Pcp48;tr50;Empty truck weighed
check_abnorm_tr50_Pcp48;tr50;truck exmained for empty weight abnormality
load_tr2_Pcp397;tr2;cargo load for truck
arrive_Silo15_tr50_Pcp48;Silo15;Silo for truck load
register_arrival_tr41_Pcp49;tr41;truck for arrival registeration
determine_continu_tr12_Pcp104_Silo1;Silo1;silo evaluated for pickup continuance
weigh_empty_tr41_Pcp49;tr41;Empty truck weighed
load_tr12_Pcp104;tr12;cargo load for truck
check_abnorm_tr41_Pcp49;tr41;truck exmained for empty weight abnormality
arrive_Silo16_tr41_Pcp49;Silo16;Silo for truck load
weigh_loaded_tr48_Pcp95;tr48;Truck weighed
determine_continu_tr50_Pcp48_Silo15;Silo15;silo evaluated for pickup continuance
load_tr50_Pcp48;tr50;cargo load for truck
issue_ticket_tr48_Pcp95;tr48;Printed weighing ticket for pickup plan
input_tally_tr48_Pcp95;tr48;Tally Sheet for pickup plan
eval_tr48exit_Pcp95;tr48;Exit evaluation for truck
exit_tr48_Pcp95;tr48;Exit for truck
determine_continu_tr41_Pcp49_Silo16;Silo16;silo evaluated for pickup continuance
load_tr41_Pcp49;tr41;cargo load for truck
weigh_loaded_tr34_Pcp311;tr34;Truck weighed
issue_ticket_tr34_Pcp311;tr34;Printed weighing ticket for pickup plan
input_tally_tr34_Pcp311;tr34;Tally Sheet for pickup plan
weigh_loaded_tr41_Pcp49;tr41;Truck weighed
eval_tr34exit_Pcp311;tr34;Exit evaluation for truck
exit_tr34_Pcp311;tr34;Exit for truck
issue_ticket_tr41_Pcp49;tr41;Printed weighing ticket for pickup plan
input_tally_tr41_Pcp49;tr41;Tally Sheet for pickup plan
eval_tr41exit_Pcp49;tr41;Exit evaluation for truck
exit_tr41_Pcp49;tr41;Exit for truck
assign_tr47_Pcp430;tr47;Pickup plan trucks assignment
assign_tr13_Pcp490;tr13;Pickup plan trucks assignment
enter_tr13_Pcp490;tr13;Entry evaluation for truck
register_arrival_tr13_Pcp490;tr13;truck for arrival registeration
enter_tr47_Pcp430;tr47;Entry evaluation for truck
weigh_empty_tr13_Pcp490;tr13;Empty truck weighed
check_abnorm_tr13_Pcp490;tr13;truck exmained for empty weight abnormality
arrive_Silo9_tr13_Pcp490;Silo9;Silo for truck load
register_arrival_tr47_Pcp430;tr47;truck for arrival registeration
determine_continu_tr13_Pcp490_Silo9;Silo9;silo evaluated for pickup continuance
weigh_empty_tr47_Pcp430;tr47;Empty truck weighed
load_tr13_Pcp490;tr13;cargo load for truck
check_abnorm_tr47_Pcp430;tr47;truck exmained for empty weight abnormality
arrive_Silo13_tr47_Pcp430;Silo13;Silo for truck load
weigh_loaded_tr50_Pcp48;tr50;Truck weighed
determine_continu_tr47_Pcp430_Silo13;Silo13;silo evaluated for pickup continuance
assign_tr36_Pcp369;tr36;Pickup plan trucks assignment
enter_tr36_Pcp369;tr36;Entry evaluation for truck
issue_ticket_tr50_Pcp48;tr50;Printed weighing ticket for pickup plan
input_tally_tr50_Pcp48;tr50;Tally Sheet for pickup plan
eval_tr50exit_Pcp48;tr50;Exit evaluation for truck
load_tr47_Pcp430;tr47;cargo load for truck
assign_tr22_Pcp330;tr22;Pickup plan trucks assignment
exit_tr50_Pcp48;tr50;Exit for truck
enter_tr22_Pcp330;tr22;Entry evaluation for truck
register_arrival_tr36_Pcp369;tr36;truck for arrival registeration
weigh_empty_tr36_Pcp369;tr36;Empty truck weighed
register_arrival_tr22_Pcp330;tr22;truck for arrival registeration
check_abnorm_tr36_Pcp369;tr36;truck exmained for empty weight abnormality
assign_tr3_Pcp270;tr3;Pickup plan trucks assignment
arrive_Silo12_tr36_Pcp369;Silo12;Silo for truck load
enter_tr3_Pcp270;tr3;Entry evaluation for truck
weigh_empty_tr22_Pcp330;tr22;Empty truck weighed
determine_continu_tr36_Pcp369_Silo12;Silo12;silo evaluated for pickup continuance
check_abnorm_tr22_Pcp330;tr22;truck exmained for empty weight abnormality
arrive_Silo9_tr22_Pcp330;Silo9;Silo for truck load
load_tr36_Pcp369;tr36;cargo load for truck
weigh_loaded_tr2_Pcp397;tr2;Truck weighed
issue_ticket_tr2_Pcp397;tr2;Printed weighing ticket for pickup plan
input_tally_tr2_Pcp397;tr2;Tally Sheet for pickup plan
register_arrival_tr3_Pcp270;tr3;truck for arrival registeration
eval_tr2exit_Pcp397;tr2;Exit evaluation for truck
exit_tr2_Pcp397;tr2;Exit for truck
weigh_empty_tr3_Pcp270;tr3;Empty truck weighed
check_abnorm_tr3_Pcp270;tr3;truck exmained for empty weight abnormality
arrive_Silo6_tr3_Pcp270;Silo6;Silo for truck load
determine_continu_tr22_Pcp330_Silo9;Silo9;silo evaluated for pickup continuance
determine_continu_tr3_Pcp270_Silo6;Silo6;silo evaluated for pickup continuance
load_tr22_Pcp330;tr22;cargo load for truck
load_tr3_Pcp270;tr3;cargo load for truck
weigh_loaded_tr13_Pcp490;tr13;Truck weighed
weigh_loaded_tr47_Pcp430;tr47;Truck weighed
weigh_loaded_tr22_Pcp330;tr22;Truck weighed
issue_ticket_tr13_Pcp490;tr13;Printed weighing ticket for pickup plan
input_tally_tr13_Pcp490;tr13;Tally Sheet for pickup plan
eval_tr13exit_Pcp490;tr13;Exit evaluation for truck
exit_tr13_Pcp490;tr13;Exit for truck
issue_ticket_tr22_Pcp330;tr22;Printed weighing ticket for pickup plan
input_tally_tr22_Pcp330;tr22;Tally Sheet for pickup plan
eval_tr22exit_Pcp330;tr22;Exit evaluation for truck
exit_tr22_Pcp330;tr22;Exit for truck
weigh_loaded_tr12_Pcp104;tr12;Truck weighed
issue_ticket_tr47_Pcp430;tr47;Printed weighing ticket for pickup plan
input_tally_tr47_Pcp430;tr47;Tally Sheet for pickup plan
eval_tr47exit_Pcp430;tr47;Exit evaluation for truck
exit_tr47_Pcp430;tr47;Exit for truck
issue_ticket_tr12_Pcp104;tr12;Printed weighing ticket for pickup plan
input_tally_tr12_Pcp104;tr12;Tally Sheet for pickup plan
eval_tr12exit_Pcp104;tr12;Exit evaluation for truck
exit_tr12_Pcp104;tr12;Exit for truck
weigh_loaded_tr36_Pcp369;tr36;Truck weighed
issue_ticket_tr36_Pcp369;tr36;Printed weighing ticket for pickup plan
input_tally_tr36_Pcp369;tr36;Tally Sheet for pickup plan
eval_tr36exit_Pcp369;tr36;Exit evaluation for truck
exit_tr36_Pcp369;tr36;Exit for truck
weigh_loaded_tr3_Pcp270;tr3;Truck weighed
issue_ticket_tr3_Pcp270;tr3;Printed weighing ticket for pickup plan
input_tally_tr3_Pcp270;tr3;Tally Sheet for pickup plan
eval_tr3exit_Pcp270;tr3;Exit evaluation for truck
exit_tr3_Pcp270;tr3;Exit for truck
assign_tr10_Pcp116;tr10;Pickup plan trucks assignment
enter_tr10_Pcp116;tr10;Entry evaluation for truck
register_arrival_tr10_Pcp116;tr10;truck for arrival registeration
weigh_empty_tr10_Pcp116;tr10;Empty truck weighed
check_abnorm_tr10_Pcp116;tr10;truck exmained for empty weight abnormality
arrive_Silo1_tr10_Pcp116;Silo1;Silo for truck load
determine_continu_tr10_Pcp116_Silo1;Silo1;silo evaluated for pickup continuance
load_tr10_Pcp116;tr10;cargo load for truck
assign_tr35_Pcp342;tr35;Pickup plan trucks assignment
enter_tr35_Pcp342;tr35;Entry evaluation for truck
weigh_loaded_tr10_Pcp116;tr10;Truck weighed
issue_ticket_tr10_Pcp116;tr10;Printed weighing ticket for pickup plan
input_tally_tr10_Pcp116;tr10;Tally Sheet for pickup plan
eval_tr10exit_Pcp116;tr10;Exit evaluation for truck
register_arrival_tr35_Pcp342;tr35;truck for arrival registeration
exit_tr10_Pcp116;tr10;Exit for truck
assign_tr20_Pcp103;tr20;Pickup plan trucks assignment
enter_tr20_Pcp103;tr20;Entry evaluation for truck
register_arrival_tr20_Pcp103;tr20;truck for arrival registeration
weigh_empty_tr35_Pcp342;tr35;Empty truck weighed
weigh_empty_tr20_Pcp103;tr20;Empty truck weighed
check_abnorm_tr35_Pcp342;tr35;truck exmained for empty weight abnormality
check_abnorm_tr20_Pcp103;tr20;truck exmained for empty weight abnormality
arrive_Silo14_tr35_Pcp342;Silo14;Silo for truck load
arrive_Silo9_tr20_Pcp103;Silo9;Silo for truck load
assign_tr30_Pcp202;tr30;Pickup plan trucks assignment
assign_tr21_Pcp310;tr21;Pickup plan trucks assignment
enter_tr30_Pcp202;tr30;Entry evaluation for truck
assign_tr44_Pcp427;tr44;Pickup plan trucks assignment
enter_tr21_Pcp310;tr21;Entry evaluation for truck
register_arrival_tr21_Pcp310;tr21;truck for arrival registeration
assign_tr11_Pcp397;tr11;Pickup plan trucks assignment
enter_tr11_Pcp397;tr11;Entry evaluation for truck
weigh_empty_tr21_Pcp310;tr21;Empty truck weighed
check_abnorm_tr21_Pcp310;tr21;truck exmained for empty weight abnormality
register_arrival_tr11_Pcp397;tr11;truck for arrival registeration
register_arrival_tr30_Pcp202;tr30;truck for arrival registeration
enter_tr44_Pcp427;tr44;Entry evaluation for truck
determine_continu_tr20_Pcp103_Silo9;Silo9;silo evaluated for pickup continuance
arrive_Silo10_tr21_Pcp310;Silo10;Silo for truck load
assign_tr49_Pcp469;tr49;Pickup plan trucks assignment
weigh_empty_tr11_Pcp397;tr11;Empty truck weighed
assign_tr33_Pcp45;tr33;Pickup plan trucks assignment
enter_tr49_Pcp469;tr49;Entry evaluation for truck
check_abnorm_tr11_Pcp397;tr11;truck exmained for empty weight abnormality
register_arrival_tr44_Pcp427;tr44;truck for arrival registeration
arrive_Silo19_tr11_Pcp397;Silo19;Silo for truck load
determine_continu_tr35_Pcp342_Silo14;Silo14;silo evaluated for pickup continuance
determine_continu_tr21_Pcp310_Silo10;Silo10;silo evaluated for pickup continuance
register_arrival_tr49_Pcp469;tr49;truck for arrival registeration
fail_load_tr21_Pcp310;tr21;Truck fail to load
weigh_empty_tr30_Pcp202;tr30;Empty truck weighed
weigh_empty_tr44_Pcp427;tr44;Empty truck weighed
check_abnorm_tr30_Pcp202;tr30;truck exmained for empty weight abnormality
check_abnorm_tr44_Pcp427;tr44;truck exmained for empty weight abnormality
arrive_Silo15_tr44_Pcp427;Silo15;Silo for truck load
arrive_Silo10_tr30_Pcp202;Silo10;Silo for truck load
load_tr20_Pcp103;tr20;cargo load for truck
load_tr35_Pcp342;tr35;cargo load for truck
assign_tr25_Pcp281;tr25;Pickup plan trucks assignment
weigh_empty_tr49_Pcp469;tr49;Empty truck weighed
determine_continu_tr30_Pcp202_Silo10;Silo10;silo evaluated for pickup continuance
enter_tr25_Pcp281;tr25;Entry evaluation for truck
register_arrival_tr25_Pcp281;tr25;truck for arrival registeration
fail_load_tr30_Pcp202;tr30;Truck fail to load
check_abnorm_tr49_Pcp469;tr49;truck exmained for empty weight abnormality
assign_tr38_Pcp296;tr38;Pickup plan trucks assignment
arrive_Silo17_tr49_Pcp469;Silo17;Silo for truck load
determine_continu_tr11_Pcp397_Silo19;Silo19;silo evaluated for pickup continuance
assign_tr7_Pcp470;tr7;Pickup plan trucks assignment
enter_tr33_Pcp45;tr33;Entry evaluation for truck
weigh_empty_tr25_Pcp281;tr25;Empty truck weighed
load_tr11_Pcp397;tr11;cargo load for truck
determine_continu_tr44_Pcp427_Silo15;Silo15;silo evaluated for pickup continuance
check_abnorm_tr25_Pcp281;tr25;truck exmained for empty weight abnormality
load_tr44_Pcp427;tr44;cargo load for truck
register_arrival_tr33_Pcp45;tr33;truck for arrival registeration
arrive_Silo18_tr25_Pcp281;Silo18;Silo for truck load
enter_tr7_Pcp470;tr7;Entry evaluation for truck
assign_tr18_Pcp260;tr18;Pickup plan trucks assignment
assign_tr26_Pcp175;tr26;Pickup plan trucks assignment
enter_tr26_Pcp175;tr26;Entry evaluation for truck
determine_continu_tr49_Pcp469_Silo17;Silo17;silo evaluated for pickup continuance
register_arrival_tr26_Pcp175;tr26;truck for arrival registeration
determine_continu_tr25_Pcp281_Silo18;Silo18;silo evaluated for pickup continuance
weigh_empty_tr33_Pcp45;tr33;Empty truck weighed
register_arrival_tr7_Pcp470;tr7;truck for arrival registeration
check_abnorm_tr33_Pcp45;tr33;truck exmained for empty weight abnormality
enter_tr18_Pcp260;tr18;Entry evaluation for truck
load_tr25_Pcp281;tr25;cargo load for truck
arrive_Silo6_tr33_Pcp45;Silo6;Silo for truck load
enter_tr38_Pcp296;tr38;Entry evaluation for truck
register_arrival_tr18_Pcp260;tr18;truck for arrival registeration
assign_tr29_Pcp276;tr29;Pickup plan trucks assignment
determine_continu_tr33_Pcp45_Silo6;Silo6;silo evaluated for pickup continuance
weigh_empty_tr26_Pcp175;tr26;Empty truck weighed
load_tr49_Pcp469;tr49;cargo load for truck
enter_tr29_Pcp276;tr29;Entry evaluation for truck
check_abnorm_tr26_Pcp175;tr26;truck exmained for empty weight abnormality
weigh_empty_tr18_Pcp260;tr18;Empty truck weighed
arrive_Silo6_tr26_Pcp175;Silo6;Silo for truck load
check_abnorm_tr18_Pcp260;tr18;truck exmained for empty weight abnormality
assign_tr1_Pcp485;tr1;Pickup plan trucks assignment
arrive_Silo13_tr18_Pcp260;Silo13;Silo for truck load
weigh_empty_tr7_Pcp470;tr7;Empty truck weighed
load_tr33_Pcp45;tr33;cargo load for truck
check_abnorm_tr7_Pcp470;tr7;truck exmained for empty weight abnormality
enter_tr1_Pcp485;tr1;Entry evaluation for truck
arrive_Silo12_tr7_Pcp470;Silo12;Silo for truck load
weigh_loaded_tr20_Pcp103;tr20;Truck weighed
register_arrival_tr38_Pcp296;tr38;truck for arrival registeration
determine_continu_tr18_Pcp260_Silo13;Silo13;silo evaluated for pickup continuance
load_tr18_Pcp260;tr18;cargo load for truck
determine_continu_tr26_Pcp175_Silo6;Silo6;silo evaluated for pickup continuance
register_arrival_tr29_Pcp276;tr29;truck for arrival registeration
assign_tr40_Pcp275;tr40;Pickup plan trucks assignment
assign_tr17_Pcp423;tr17;Pickup plan trucks assignment
determine_continu_tr7_Pcp470_Silo12;Silo12;silo evaluated for pickup continuance
weigh_loaded_tr49_Pcp469;tr49;Truck weighed
enter_tr17_Pcp423;tr17;Entry evaluation for truck
issue_ticket_tr20_Pcp103;tr20;Printed weighing ticket for pickup plan
input_tally_tr20_Pcp103;tr20;Tally Sheet for pickup plan
eval_tr20exit_Pcp103;tr20;Exit evaluation for truck
load_tr7_Pcp470;tr7;cargo load for truck
enter_tr40_Pcp275;tr40;Entry evaluation for truck
weigh_empty_tr38_Pcp296;tr38;Empty truck weighed
exit_tr20_Pcp103;tr20;Exit for truck
load_tr26_Pcp175;tr26;cargo load for truck
register_arrival_tr17_Pcp423;tr17;truck for arrival registeration
check_abnorm_tr38_Pcp296;tr38;truck exmained for empty weight abnormality
assign_tr4_Pcp38;tr4;Pickup plan trucks assignment
enter_tr4_Pcp38;tr4;Entry evaluation for truck
arrive_Silo13_tr38_Pcp296;Silo13;Silo for truck load
issue_ticket_tr49_Pcp469;tr49;Printed weighing ticket for pickup plan
input_tally_tr49_Pcp469;tr49;Tally Sheet for pickup plan
assign_tr24_Pcp41;tr24;Pickup plan trucks assignment
register_arrival_tr40_Pcp275;tr40;truck for arrival registeration
eval_tr49exit_Pcp469;tr49;Exit evaluation for truck
assign_tr32_Pcp457;tr32;Pickup plan trucks assignment
exit_tr49_Pcp469;tr49;Exit for truck
register_arrival_tr4_Pcp38;tr4;truck for arrival registeration
enter_tr24_Pcp41;tr24;Entry evaluation for truck
assign_tr8_Pcp76;tr8;Pickup plan trucks assignment
determine_continu_tr38_Pcp296_Silo13;Silo13;silo evaluated for pickup continuance
register_arrival_tr24_Pcp41;tr24;truck for arrival registeration
assign_tr15_Pcp213;tr15;Pickup plan trucks assignment
register_arrival_tr1_Pcp485;tr1;truck for arrival registeration
enter_tr8_Pcp76;tr8;Entry evaluation for truck
weigh_empty_tr40_Pcp275;tr40;Empty truck weighed
assign_tr46_Pcp177;tr46;Pickup plan trucks assignment
enter_tr32_Pcp457;tr32;Entry evaluation for truck
load_tr38_Pcp296;tr38;cargo load for truck
weigh_empty_tr29_Pcp276;tr29;Empty truck weighed
assign_tr6_Pcp106;tr6;Pickup plan trucks assignment
enter_tr46_Pcp177;tr46;Entry evaluation for truck
check_abnorm_tr40_Pcp275;tr40;truck exmained for empty weight abnormality
weigh_empty_tr1_Pcp485;tr1;Empty truck weighed
check_abnorm_tr29_Pcp276;tr29;truck exmained for empty weight abnormality
arrive_Silo2_tr40_Pcp275;Silo2;Silo for truck load
enter_tr15_Pcp213;tr15;Entry evaluation for truck
register_arrival_tr8_Pcp76;tr8;truck for arrival registeration
arrive_Silo12_tr29_Pcp276;Silo12;Silo for truck load
check_abnorm_tr1_Pcp485;tr1;truck exmained for empty weight abnormality
weigh_empty_tr4_Pcp38;tr4;Empty truck weighed
weigh_empty_tr24_Pcp41;tr24;Empty truck weighed
check_abnorm_tr4_Pcp38;tr4;truck exmained for empty weight abnormality
arrive_Silo19_tr1_Pcp485;Silo19;Silo for truck load
enter_tr6_Pcp106;tr6;Entry evaluation for truck
arrive_Silo5_tr4_Pcp38;Silo5;Silo for truck load
check_abnorm_tr24_Pcp41;tr24;truck exmained for empty weight abnormality
assign_tr23_Pcp56;tr23;Pickup plan trucks assignment
arrive_Silo20_tr24_Pcp41;Silo20;Silo for truck load
weigh_empty_tr8_Pcp76;tr8;Empty truck weighed
determine_continu_tr24_Pcp41_Silo20;Silo20;silo evaluated for pickup continuance
determine_continu_tr29_Pcp276_Silo12;Silo12;silo evaluated for pickup continuance
determine_continu_tr4_Pcp38_Silo5;Silo5;silo evaluated for pickup continuance
register_arrival_tr32_Pcp457;tr32;truck for arrival registeration
enter_tr23_Pcp56;tr23;Entry evaluation for truck
weigh_loaded_tr44_Pcp427;tr44;Truck weighed
determine_continu_tr1_Pcp485_Silo19;Silo19;silo evaluated for pickup continuance
check_abnorm_tr8_Pcp76;tr8;truck exmained for empty weight abnormality
load_tr29_Pcp276;tr29;cargo load for truck
register_arrival_tr23_Pcp56;tr23;truck for arrival registeration
arrive_Silo19_tr8_Pcp76;Silo19;Silo for truck load
load_tr24_Pcp41;tr24;cargo load for truck
register_arrival_tr46_Pcp177;tr46;truck for arrival registeration
load_tr1_Pcp485;tr1;cargo load for truck
register_arrival_tr15_Pcp213;tr15;truck for arrival registeration
load_tr4_Pcp38;tr4;cargo load for truck
register_arrival_tr6_Pcp106;tr6;truck for arrival registeration
determine_continu_tr8_Pcp76_Silo19;Silo19;silo evaluated for pickup continuance
load_tr8_Pcp76;tr8;cargo load for truck
weigh_empty_tr15_Pcp213;tr15;Empty truck weighed
determine_continu_tr40_Pcp275_Silo2;Silo2;silo evaluated for pickup continuance
weigh_empty_tr32_Pcp457;tr32;Empty truck weighed
weigh_empty_tr17_Pcp423;tr17;Empty truck weighed
weigh_empty_tr46_Pcp177;tr46;Empty truck weighed
weigh_empty_tr6_Pcp106;tr6;Empty truck weighed
assign_tr39_Pcp24;tr39;Pickup plan trucks assignment
check_abnorm_tr17_Pcp423;tr17;truck exmained for empty weight abnormality
check_abnorm_tr6_Pcp106;tr6;truck exmained for empty weight abnormality
check_abnorm_tr15_Pcp213;tr15;truck exmained for empty weight abnormality
arrive_Silo2_tr17_Pcp423;Silo2;Silo for truck load
enter_tr39_Pcp24;tr39;Entry evaluation for truck
check_abnorm_tr32_Pcp457;tr32;truck exmained for empty weight abnormality
arrive_Silo5_tr6_Pcp106;Silo5;Silo for truck load
issue_ticket_tr44_Pcp427;tr44;Printed weighing ticket for pickup plan
input_tally_tr44_Pcp427;tr44;Tally Sheet for pickup plan
eval_tr44exit_Pcp427;tr44;Exit evaluation for truck
arrive_Silo15_tr15_Pcp213;Silo15;Silo for truck load
arrive_Silo20_tr32_Pcp457;Silo20;Silo for truck load
check_abnorm_tr46_Pcp177;tr46;truck exmained for empty weight abnormality
determine_continu_tr17_Pcp423_Silo2;Silo2;silo evaluated for pickup continuance
assign_tr43_Pcp204;tr43;Pickup plan trucks assignment
determine_continu_tr6_Pcp106_Silo5;Silo5;silo evaluated for pickup continuance
exit_tr44_Pcp427;tr44;Exit for truck
weigh_empty_tr23_Pcp56;tr23;Empty truck weighed
arrive_Silo9_tr46_Pcp177;Silo9;Silo for truck load
load_tr6_Pcp106;tr6;cargo load for truck
register_arrival_tr39_Pcp24;tr39;truck for arrival registeration
determine_continu_tr15_Pcp213_Silo15;Silo15;silo evaluated for pickup continuance
enter_tr43_Pcp204;tr43;Entry evaluation for truck
check_abnorm_tr23_Pcp56;tr23;truck exmained for empty weight abnormality
load_tr40_Pcp275;tr40;cargo load for truck
determine_continu_tr32_Pcp457_Silo20;Silo20;silo evaluated for pickup continuance
register_arrival_tr43_Pcp204;tr43;truck for arrival registeration
load_tr17_Pcp423;tr17;cargo load for truck
assign_tr19_Pcp151;tr19;Pickup plan trucks assignment
arrive_Silo16_tr23_Pcp56;Silo16;Silo for truck load
load_tr15_Pcp213;tr15;cargo load for truck
determine_continu_tr46_Pcp177_Silo9;Silo9;silo evaluated for pickup continuance
load_tr32_Pcp457;tr32;cargo load for truck
load_tr46_Pcp177;tr46;cargo load for truck
weigh_loaded_tr7_Pcp470;tr7;Truck weighed
enter_tr19_Pcp151;tr19;Entry evaluation for truck
weigh_loaded_tr25_Pcp281;tr25;Truck weighed
assign_tr45_Pcp495;tr45;Pickup plan trucks assignment
enter_tr45_Pcp495;tr45;Entry evaluation for truck
weigh_empty_tr39_Pcp24;tr39;Empty truck weighed
weigh_empty_tr43_Pcp204;tr43;Empty truck weighed
weigh_loaded_tr40_Pcp275;tr40;Truck weighed
issue_ticket_tr7_Pcp470;tr7;Printed weighing ticket for pickup plan
input_tally_tr7_Pcp470;tr7;Tally Sheet for pickup plan
eval_tr7exit_Pcp470;tr7;Exit evaluation for truck
weigh_loaded_tr4_Pcp38;tr4;Truck weighed
check_abnorm_tr39_Pcp24;tr39;truck exmained for empty weight abnormality
exit_tr7_Pcp470;tr7;Exit for truck
check_abnorm_tr43_Pcp204;tr43;truck exmained for empty weight abnormality
arrive_Silo20_tr43_Pcp204;Silo20;Silo for truck load
issue_ticket_tr25_Pcp281;tr25;Printed weighing ticket for pickup plan
input_tally_tr25_Pcp281;tr25;Tally Sheet for pickup plan
eval_tr25exit_Pcp281;tr25;Exit evaluation for truck
exit_tr25_Pcp281;tr25;Exit for truck
arrive_Silo4_tr39_Pcp24;Silo4;Silo for truck load
determine_continu_tr23_Pcp56_Silo16;Silo16;silo evaluated for pickup continuance
register_arrival_tr19_Pcp151;tr19;truck for arrival registeration
weigh_loaded_tr32_Pcp457;tr32;Truck weighed
issue_ticket_tr40_Pcp275;tr40;Printed weighing ticket for pickup plan
input_tally_tr40_Pcp275;tr40;Tally Sheet for pickup plan
eval_tr40exit_Pcp275;tr40;Exit evaluation for truck
exit_tr40_Pcp275;tr40;Exit for truck
register_arrival_tr45_Pcp495;tr45;truck for arrival registeration
issue_ticket_tr32_Pcp457;tr32;Printed weighing ticket for pickup plan
input_tally_tr32_Pcp457;tr32;Tally Sheet for pickup plan
eval_tr32exit_Pcp457;tr32;Exit evaluation for truck
weigh_loaded_tr8_Pcp76;tr8;Truck weighed
issue_ticket_tr4_Pcp38;tr4;Printed weighing ticket for pickup plan
input_tally_tr4_Pcp38;tr4;Tally Sheet for pickup plan
eval_tr4exit_Pcp38;tr4;Exit evaluation for truck
weigh_empty_tr19_Pcp151;tr19;Empty truck weighed
determine_continu_tr39_Pcp24_Silo4;Silo4;silo evaluated for pickup continuance
issue_ticket_tr8_Pcp76;tr8;Printed weighing ticket for pickup plan
input_tally_tr8_Pcp76;tr8;Tally Sheet for pickup plan
exit_tr32_Pcp457;tr32;Exit for truck
load_tr23_Pcp56;tr23;cargo load for truck
exit_tr4_Pcp38;tr4;Exit for truck
weigh_loaded_tr15_Pcp213;tr15;Truck weighed
assign_tr14_Pcp49;tr14;Pickup plan trucks assignment
eval_tr8exit_Pcp76;tr8;Exit evaluation for truck
determine_continu_tr43_Pcp204_Silo20;Silo20;silo evaluated for pickup continuance
issue_ticket_tr15_Pcp213;tr15;Printed weighing ticket for pickup plan
input_tally_tr15_Pcp213;tr15;Tally Sheet for pickup plan
exit_tr8_Pcp76;tr8;Exit for truck
load_tr39_Pcp24;tr39;cargo load for truck
enter_tr14_Pcp49;tr14;Entry evaluation for truck
eval_tr15exit_Pcp213;tr15;Exit evaluation for truck
check_abnorm_tr19_Pcp151;tr19;truck exmained for empty weight abnormality
weigh_empty_tr45_Pcp495;tr45;Empty truck weighed
exit_tr15_Pcp213;tr15;Exit for truck
arrive_Silo20_tr19_Pcp151;Silo20;Silo for truck load
weigh_loaded_tr35_Pcp342;tr35;Truck weighed
check_abnorm_tr45_Pcp495;tr45;truck exmained for empty weight abnormality
weigh_loaded_tr38_Pcp296;tr38;Truck weighed
arrive_Silo3_tr45_Pcp495;Silo3;Silo for truck load
register_arrival_tr14_Pcp49;tr14;truck for arrival registeration
assign_tr42_Pcp205;tr42;Pickup plan trucks assignment
issue_ticket_tr38_Pcp296;tr38;Printed weighing ticket for pickup plan
input_tally_tr38_Pcp296;tr38;Tally Sheet for pickup plan
eval_tr38exit_Pcp296;tr38;Exit evaluation for truck
weigh_empty_tr14_Pcp49;tr14;Empty truck weighed
weigh_loaded_tr33_Pcp45;tr33;Truck weighed
exit_tr38_Pcp296;tr38;Exit for truck
weigh_loaded_tr18_Pcp260;tr18;Truck weighed
load_tr43_Pcp204;tr43;cargo load for truck
assign_tr31_Pcp196;tr31;Pickup plan trucks assignment
weigh_loaded_tr11_Pcp397;tr11;Truck weighed
check_abnorm_tr14_Pcp49;tr14;truck exmained for empty weight abnormality
arrive_Silo16_tr14_Pcp49;Silo16;Silo for truck load
enter_tr42_Pcp205;tr42;Entry evaluation for truck
enter_tr31_Pcp196;tr31;Entry evaluation for truck
register_arrival_tr42_Pcp205;tr42;truck for arrival registeration
determine_continu_tr19_Pcp151_Silo20;Silo20;silo evaluated for pickup continuance
register_arrival_tr31_Pcp196;tr31;truck for arrival registeration
issue_ticket_tr33_Pcp45;tr33;Printed weighing ticket for pickup plan
issue_ticket_tr11_Pcp397;tr11;Printed weighing ticket for pickup plan
input_tally_tr33_Pcp45;tr33;Tally Sheet for pickup plan
input_tally_tr11_Pcp397;tr11;Tally Sheet for pickup plan
eval_tr11exit_Pcp397;tr11;Exit evaluation for truck
issue_ticket_tr35_Pcp342;tr35;Printed weighing ticket for pickup plan
input_tally_tr35_Pcp342;tr35;Tally Sheet for pickup plan
eval_tr35exit_Pcp342;tr35;Exit evaluation for truck
exit_tr35_Pcp342;tr35;Exit for truck
assign_tr28_Pcp447;tr28;Pickup plan trucks assignment
eval_tr33exit_Pcp45;tr33;Exit evaluation for truck
exit_tr11_Pcp397;tr11;Exit for truck
issue_ticket_tr18_Pcp260;tr18;Printed weighing ticket for pickup plan
input_tally_tr18_Pcp260;tr18;Tally Sheet for pickup plan
eval_tr18exit_Pcp260;tr18;Exit evaluation for truck
exit_tr33_Pcp45;tr33;Exit for truck
exit_tr18_Pcp260;tr18;Exit for truck
weigh_empty_tr42_Pcp205;tr42;Empty truck weighed
enter_tr28_Pcp447;tr28;Entry evaluation for truck
check_abnorm_tr42_Pcp205;tr42;truck exmained for empty weight abnormality
load_tr19_Pcp151;tr19;cargo load for truck
arrive_Silo14_tr42_Pcp205;Silo14;Silo for truck load
assign_tr37_Pcp447;tr37;Pickup plan trucks assignment
register_arrival_tr28_Pcp447;tr28;truck for arrival registeration
weigh_empty_tr31_Pcp196;tr31;Empty truck weighed
check_abnorm_tr31_Pcp196;tr31;truck exmained for empty weight abnormality
determine_continu_tr45_Pcp495_Silo3;Silo3;silo evaluated for pickup continuance
arrive_Silo19_tr31_Pcp196;Silo19;Silo for truck load
assign_tr27_Pcp236;tr27;Pickup plan trucks assignment
weigh_empty_tr28_Pcp447;tr28;Empty truck weighed
check_abnorm_tr28_Pcp447;tr28;truck exmained for empty weight abnormality
fail_load_tr45_Pcp495;tr45;Truck fail to load
arrive_Silo20_tr28_Pcp447;Silo20;Silo for truck load
determine_continu_tr42_Pcp205_Silo14;Silo14;silo evaluated for pickup continuance
weigh_loaded_tr29_Pcp276;tr29;Truck weighed
load_tr42_Pcp205;tr42;cargo load for truck
enter_tr37_Pcp447;tr37;Entry evaluation for truck
determine_continu_tr14_Pcp49_Silo16;Silo16;silo evaluated for pickup continuance
weigh_loaded_tr46_Pcp177;tr46;Truck weighed
determine_continu_tr28_Pcp447_Silo20;Silo20;silo evaluated for pickup continuance
register_arrival_tr37_Pcp447;tr37;truck for arrival registeration
issue_ticket_tr29_Pcp276;tr29;Printed weighing ticket for pickup plan
input_tally_tr29_Pcp276;tr29;Tally Sheet for pickup plan
eval_tr29exit_Pcp276;tr29;Exit evaluation for truck
weigh_loaded_tr19_Pcp151;tr19;Truck weighed
exit_tr29_Pcp276;tr29;Exit for truck
determine_continu_tr31_Pcp196_Silo19;Silo19;silo evaluated for pickup continuance
weigh_empty_tr37_Pcp447;tr37;Empty truck weighed
load_tr31_Pcp196;tr31;cargo load for truck
load_tr14_Pcp49;tr14;cargo load for truck
issue_ticket_tr19_Pcp151;tr19;Printed weighing ticket for pickup plan
input_tally_tr19_Pcp151;tr19;Tally Sheet for pickup plan
eval_tr19exit_Pcp151;tr19;Exit evaluation for truck
check_abnorm_tr37_Pcp447;tr37;truck exmained for empty weight abnormality
issue_ticket_tr46_Pcp177;tr46;Printed weighing ticket for pickup plan
input_tally_tr46_Pcp177;tr46;Tally Sheet for pickup plan
eval_tr46exit_Pcp177;tr46;Exit evaluation for truck
exit_tr46_Pcp177;tr46;Exit for truck
load_tr28_Pcp447;tr28;cargo load for truck
exit_tr19_Pcp151;tr19;Exit for truck
enter_tr27_Pcp236;tr27;Entry evaluation for truck
arrive_Silo20_tr37_Pcp447;Silo20;Silo for truck load
weigh_loaded_tr17_Pcp423;tr17;Truck weighed
weigh_loaded_tr42_Pcp205;tr42;Truck weighed
determine_continu_tr37_Pcp447_Silo20;Silo20;silo evaluated for pickup continuance
register_arrival_tr27_Pcp236;tr27;truck for arrival registeration
issue_ticket_tr17_Pcp423;tr17;Printed weighing ticket for pickup plan
input_tally_tr17_Pcp423;tr17;Tally Sheet for pickup plan
eval_tr17exit_Pcp423;tr17;Exit evaluation for truck
exit_tr17_Pcp423;tr17;Exit for truck
load_tr37_Pcp447;tr37;cargo load for truck
weigh_loaded_tr1_Pcp485;tr1;Truck weighed
weigh_empty_tr27_Pcp236;tr27;Empty truck weighed
check_abnorm_tr27_Pcp236;tr27;truck exmained for empty weight abnormality
arrive_Silo9_tr27_Pcp236;Silo9;Silo for truck load
weigh_loaded_tr37_Pcp447;tr37;Truck weighed
issue_ticket_tr42_Pcp205;tr42;Printed weighing ticket for pickup plan
input_tally_tr42_Pcp205;tr42;Tally Sheet for pickup plan
eval_tr42exit_Pcp205;tr42;Exit evaluation for truck
exit_tr42_Pcp205;tr42;Exit for truck
weigh_loaded_tr31_Pcp196;tr31;Truck weighed
issue_ticket_tr1_Pcp485;tr1;Printed weighing ticket for pickup plan
input_tally_tr1_Pcp485;tr1;Tally Sheet for pickup plan
eval_tr1exit_Pcp485;tr1;Exit evaluation for truck
issue_ticket_tr31_Pcp196;tr31;Printed weighing ticket for pickup plan
input_tally_tr31_Pcp196;tr31;Tally Sheet for pickup plan
eval_tr31exit_Pcp196;tr31;Exit evaluation for truck
exit_tr1_Pcp485;tr1;Exit for truck
exit_tr31_Pcp196;tr31;Exit for truck
determine_continu_tr27_Pcp236_Silo9;Silo9;silo evaluated for pickup continuance
load_tr27_Pcp236;tr27;cargo load for truck
weigh_loaded_tr28_Pcp447;tr28;Truck weighed
weigh_loaded_tr24_Pcp41;tr24;Truck weighed
assign_tr9_Pcp23;tr9;Pickup plan trucks assignment
issue_ticket_tr37_Pcp447;tr37;Printed weighing ticket for pickup plan
input_tally_tr37_Pcp447;tr37;Tally Sheet for pickup plan
eval_tr37exit_Pcp447;tr37;Exit evaluation for truck
issue_ticket_tr24_Pcp41;tr24;Printed weighing ticket for pickup plan
input_tally_tr24_Pcp41;tr24;Tally Sheet for pickup plan
eval_tr24exit_Pcp41;tr24;Exit evaluation for truck
exit_tr24_Pcp41;tr24;Exit for truck
exit_tr37_Pcp447;tr37;Exit for truck
weigh_loaded_tr26_Pcp175;tr26;Truck weighed
issue_ticket_tr28_Pcp447;tr28;Printed weighing ticket for pickup plan
input_tally_tr28_Pcp447;tr28;Tally Sheet for pickup plan
eval_tr28exit_Pcp447;tr28;Exit evaluation for truck
exit_tr28_Pcp447;tr28;Exit for truck
enter_tr9_Pcp23;tr9;Entry evaluation for truck
issue_ticket_tr26_Pcp175;tr26;Printed weighing ticket for pickup plan
input_tally_tr26_Pcp175;tr26;Tally Sheet for pickup plan
eval_tr26exit_Pcp175;tr26;Exit evaluation for truck
exit_tr26_Pcp175;tr26;Exit for truck
weigh_loaded_tr43_Pcp204;tr43;Truck weighed
weigh_loaded_tr14_Pcp49;tr14;Truck weighed
issue_ticket_tr43_Pcp204;tr43;Printed weighing ticket for pickup plan
input_tally_tr43_Pcp204;tr43;Tally Sheet for pickup plan
eval_tr43exit_Pcp204;tr43;Exit evaluation for truck
exit_tr43_Pcp204;tr43;Exit for truck
issue_ticket_tr14_Pcp49;tr14;Printed weighing ticket for pickup plan
input_tally_tr14_Pcp49;tr14;Tally Sheet for pickup plan
eval_tr14exit_Pcp49;tr14;Exit evaluation for truck
exit_tr14_Pcp49;tr14;Exit for truck
weigh_loaded_tr23_Pcp56;tr23;Truck weighed
issue_ticket_tr23_Pcp56;tr23;Printed weighing ticket for pickup plan
input_tally_tr23_Pcp56;tr23;Tally Sheet for pickup plan
eval_tr23exit_Pcp56;tr23;Exit evaluation for truck
register_arrival_tr9_Pcp23;tr9;truck for arrival registeration
exit_tr23_Pcp56;tr23;Exit for truck
weigh_empty_tr9_Pcp23;tr9;Empty truck weighed
check_abnorm_tr9_Pcp23;tr9;truck exmained for empty weight abnormality
weigh_loaded_tr6_Pcp106;tr6;Truck weighed
arrive_Silo1_tr9_Pcp23;Silo1;Silo for truck load
issue_ticket_tr6_Pcp106;tr6;Printed weighing ticket for pickup plan
input_tally_tr6_Pcp106;tr6;Tally Sheet for pickup plan
eval_tr6exit_Pcp106;tr6;Exit evaluation for truck
assign_tr16_Pcp117;tr16;Pickup plan trucks assignment
exit_tr6_Pcp106;tr6;Exit for truck
determine_continu_tr9_Pcp23_Silo1;Silo1;silo evaluated for pickup continuance
load_tr9_Pcp23;tr9;cargo load for truck
weigh_loaded_tr39_Pcp24;tr39;Truck weighed
weigh_loaded_tr27_Pcp236;tr27;Truck weighed
enter_tr16_Pcp117;tr16;Entry evaluation for truck
register_arrival_tr16_Pcp117;tr16;truck for arrival registeration
issue_ticket_tr27_Pcp236;tr27;Printed weighing ticket for pickup plan
input_tally_tr27_Pcp236;tr27;Tally Sheet for pickup plan
eval_tr27exit_Pcp236;tr27;Exit evaluation for truck
exit_tr27_Pcp236;tr27;Exit for truck
assign_tr5_Pcp453;tr5;Pickup plan trucks assignment
issue_ticket_tr39_Pcp24;tr39;Printed weighing ticket for pickup plan
input_tally_tr39_Pcp24;tr39;Tally Sheet for pickup plan
eval_tr39exit_Pcp24;tr39;Exit evaluation for truck
exit_tr39_Pcp24;tr39;Exit for truck
enter_tr5_Pcp453;tr5;Entry evaluation for truck
register_arrival_tr5_Pcp453;tr5;truck for arrival registeration
weigh_empty_tr16_Pcp117;tr16;Empty truck weighed
check_abnorm_tr16_Pcp117;tr16;truck exmained for empty weight abnormality
arrive_Silo13_tr16_Pcp117;Silo13;Silo for truck load
weigh_loaded_tr9_Pcp23;tr9;Truck weighed
issue_ticket_tr9_Pcp23;tr9;Printed weighing ticket for pickup plan
input_tally_tr9_Pcp23;tr9;Tally Sheet for pickup plan
determine_continu_tr16_Pcp117_Silo13;Silo13;silo evaluated for pickup continuance
eval_tr9exit_Pcp23;tr9;Exit evaluation for truck
exit_tr9_Pcp23;tr9;Exit for truck
load_tr16_Pcp117;tr16;cargo load for truck
weigh_empty_tr5_Pcp453;tr5;Empty truck weighed
check_abnorm_tr5_Pcp453;tr5;truck exmained for empty weight abnormality
arrive_Silo10_tr5_Pcp453;Silo10;Silo for truck load
determine_continu_tr5_Pcp453_Silo10;Silo10;silo evaluated for pickup continuance
load_tr5_Pcp453;tr5;cargo load for truck
weigh_loaded_tr16_Pcp117;tr16;Truck weighed
issue_ticket_tr16_Pcp117;tr16;Printed weighing ticket for pickup plan
input_tally_tr16_Pcp117;tr16;Tally Sheet for pickup plan
eval_tr16exit_Pcp117;tr16;Exit evaluation for truck
exit_tr16_Pcp117;tr16;Exit for truck
weigh_loaded_tr5_Pcp453;tr5;Truck weighed
issue_ticket_tr5_Pcp453;tr5;Printed weighing ticket for pickup plan
input_tally_tr5_Pcp453;tr5;Tally Sheet for pickup plan
eval_tr5exit_Pcp453;tr5;Exit evaluation for truck
exit_tr5_Pcp453;tr5;Exit for truck
assign_tr48_Pcp294;tr48;Pickup plan trucks assignment
enter_tr48_Pcp294;tr48;Entry evaluation for truck
register_arrival_tr48_Pcp294;tr48;truck for arrival registeration
assign_tr34_Pcp211;tr34;Pickup plan trucks assignment
weigh_empty_tr48_Pcp294;tr48;Empty truck weighed
check_abnorm_tr48_Pcp294;tr48;truck exmained for empty weight abnormality
arrive_Silo15_tr48_Pcp294;Silo15;Silo for truck load
assign_tr41_Pcp284;tr41;Pickup plan trucks assignment
enter_tr34_Pcp211;tr34;Entry evaluation for truck
register_arrival_tr34_Pcp211;tr34;truck for arrival registeration
determine_continu_tr48_Pcp294_Silo15;Silo15;silo evaluated for pickup continuance
load_tr48_Pcp294;tr48;cargo load for truck
weigh_empty_tr34_Pcp211;tr34;Empty truck weighed
enter_tr41_Pcp284;tr41;Entry evaluation for truck
check_abnorm_tr34_Pcp211;tr34;truck exmained for empty weight abnormality
arrive_Silo19_tr34_Pcp211;Silo19;Silo for truck load
register_arrival_tr41_Pcp284;tr41;truck for arrival registeration
weigh_empty_tr41_Pcp284;tr41;Empty truck weighed
check_abnorm_tr41_Pcp284;tr41;truck exmained for empty weight abnormality
arrive_Silo8_tr41_Pcp284;Silo8;Silo for truck load
determine_continu_tr34_Pcp211_Silo19;Silo19;silo evaluated for pickup continuance
weigh_loaded_tr48_Pcp294;tr48;Truck weighed
load_tr34_Pcp211;tr34;cargo load for truck
issue_ticket_tr48_Pcp294;tr48;Printed weighing ticket for pickup plan
input_tally_tr48_Pcp294;tr48;Tally Sheet for pickup plan
eval_tr48exit_Pcp294;tr48;Exit evaluation for truck
exit_tr48_Pcp294;tr48;Exit for truck
determine_continu_tr41_Pcp284_Silo8;Silo8;silo evaluated for pickup continuance
load_tr41_Pcp284;tr41;cargo load for truck
weigh_loaded_tr41_Pcp284;tr41;Truck weighed
issue_ticket_tr41_Pcp284;tr41;Printed weighing ticket for pickup plan
input_tally_tr41_Pcp284;tr41;Tally Sheet for pickup plan
eval_tr41exit_Pcp284;tr41;Exit evaluation for truck
exit_tr41_Pcp284;tr41;Exit for truck
assign_tr50_Pcp72;tr50;Pickup plan trucks assignment
enter_tr50_Pcp72;tr50;Entry evaluation for truck
assign_tr2_Pcp179;tr2;Pickup plan trucks assignment
enter_tr2_Pcp179;tr2;Entry evaluation for truck
register_arrival_tr50_Pcp72;tr50;truck for arrival registeration
weigh_loaded_tr34_Pcp211;tr34;Truck weighed
issue_ticket_tr34_Pcp211;tr34;Printed weighing ticket for pickup plan
input_tally_tr34_Pcp211;tr34;Tally Sheet for pickup plan
register_arrival_tr2_Pcp179;tr2;truck for arrival registeration
eval_tr34exit_Pcp211;tr34;Exit evaluation for truck
exit_tr34_Pcp211;tr34;Exit for truck
weigh_empty_tr2_Pcp179;tr2;Empty truck weighed
check_abnorm_tr2_Pcp179;tr2;truck exmained for empty weight abnormality
weigh_empty_tr50_Pcp72;tr50;Empty truck weighed
arrive_Silo16_tr2_Pcp179;Silo16;Silo for truck load
check_abnorm_tr50_Pcp72;tr50;truck exmained for empty weight abnormality
arrive_Silo14_tr50_Pcp72;Silo14;Silo for truck load
determine_continu_tr2_Pcp179_Silo16;Silo16;silo evaluated for pickup continuance
load_tr2_Pcp179;tr2;cargo load for truck
determine_continu_tr50_Pcp72_Silo14;Silo14;silo evaluated for pickup continuance
load_tr50_Pcp72;tr50;cargo load for truck
assign_tr13_Pcp25;tr13;Pickup plan trucks assignment
assign_tr22_Pcp395;tr22;Pickup plan trucks assignment
assign_tr47_Pcp367;tr47;Pickup plan trucks assignment
enter_tr22_Pcp395;tr22;Entry evaluation for truck
enter_tr13_Pcp25;tr13;Entry evaluation for truck
register_arrival_tr22_Pcp395;tr22;truck for arrival registeration
assign_tr12_Pcp151;tr12;Pickup plan trucks assignment
enter_tr47_Pcp367;tr47;Entry evaluation for truck
register_arrival_tr13_Pcp25;tr13;truck for arrival registeration
register_arrival_tr47_Pcp367;tr47;truck for arrival registeration
enter_tr12_Pcp151;tr12;Entry evaluation for truck
weigh_empty_tr22_Pcp395;tr22;Empty truck weighed
weigh_empty_tr47_Pcp367;tr47;Empty truck weighed
check_abnorm_tr47_Pcp367;tr47;truck exmained for empty weight abnormality
check_abnorm_tr22_Pcp395;tr22;truck exmained for empty weight abnormality
arrive_Silo4_tr47_Pcp367;Silo4;Silo for truck load
register_arrival_tr12_Pcp151;tr12;truck for arrival registeration
arrive_Silo9_tr22_Pcp395;Silo9;Silo for truck load
weigh_empty_tr13_Pcp25;tr13;Empty truck weighed
check_abnorm_tr13_Pcp25;tr13;truck exmained for empty weight abnormality
arrive_Silo5_tr13_Pcp25;Silo5;Silo for truck load
weigh_empty_tr12_Pcp151;tr12;Empty truck weighed
assign_tr36_Pcp209;tr36;Pickup plan trucks assignment
check_abnorm_tr12_Pcp151;tr12;truck exmained for empty weight abnormality
enter_tr36_Pcp209;tr36;Entry evaluation for truck
arrive_Silo20_tr12_Pcp151;Silo20;Silo for truck load
register_arrival_tr36_Pcp209;tr36;truck for arrival registeration
weigh_loaded_tr50_Pcp72;tr50;Truck weighed
determine_continu_tr47_Pcp367_Silo4;Silo4;silo evaluated for pickup continuance
issue_ticket_tr50_Pcp72;tr50;Printed weighing ticket for pickup plan
input_tally_tr50_Pcp72;tr50;Tally Sheet for pickup plan
eval_tr50exit_Pcp72;tr50;Exit evaluation for truck
determine_continu_tr13_Pcp25_Silo5;Silo5;silo evaluated for pickup continuance
weigh_empty_tr36_Pcp209;tr36;Empty truck weighed
load_tr13_Pcp25;tr13;cargo load for truck
weigh_loaded_tr2_Pcp179;tr2;Truck weighed
determine_continu_tr12_Pcp151_Silo20;Silo20;silo evaluated for pickup continuance
check_abnorm_tr36_Pcp209;tr36;truck exmained for empty weight abnormality
exit_tr50_Pcp72;tr50;Exit for truck
load_tr47_Pcp367;tr47;cargo load for truck
arrive_Silo20_tr36_Pcp209;Silo20;Silo for truck load
determine_continu_tr22_Pcp395_Silo9;Silo9;silo evaluated for pickup continuance
load_tr12_Pcp151;tr12;cargo load for truck
load_tr22_Pcp395;tr22;cargo load for truck
issue_ticket_tr2_Pcp179;tr2;Printed weighing ticket for pickup plan
input_tally_tr2_Pcp179;tr2;Tally Sheet for pickup plan
eval_tr2exit_Pcp179;tr2;Exit evaluation for truck
exit_tr2_Pcp179;tr2;Exit for truck
determine_continu_tr36_Pcp209_Silo20;Silo20;silo evaluated for pickup continuance
load_tr36_Pcp209;tr36;cargo load for truck
weigh_loaded_tr12_Pcp151;tr12;Truck weighed
weigh_loaded_tr13_Pcp25;tr13;Truck weighed
issue_ticket_tr12_Pcp151;tr12;Printed weighing ticket for pickup plan
input_tally_tr12_Pcp151;tr12;Tally Sheet for pickup plan
issue_ticket_tr13_Pcp25;tr13;Printed weighing ticket for pickup plan
input_tally_tr13_Pcp25;tr13;Tally Sheet for pickup plan
eval_tr12exit_Pcp151;tr12;Exit evaluation for truck
eval_tr13exit_Pcp25;tr13;Exit evaluation for truck
exit_tr12_Pcp151;tr12;Exit for truck
exit_tr13_Pcp25;tr13;Exit for truck
weigh_loaded_tr47_Pcp367;tr47;Truck weighed
issue_ticket_tr47_Pcp367;tr47;Printed weighing ticket for pickup plan
input_tally_tr47_Pcp367;tr47;Tally Sheet for pickup plan
eval_tr47exit_Pcp367;tr47;Exit evaluation for truck
exit_tr47_Pcp367;tr47;Exit for truck
lodge_Pcp43;Pcp43;lodged pickup plan
lodge_Pcp43;Cr10;cargo to be picked up
weigh_loaded_tr36_Pcp209;tr36;Truck weighed
issue_ticket_tr36_Pcp209;tr36;Printed weighing ticket for pickup plan
input_tally_tr36_Pcp209;tr36;Tally Sheet for pickup plan
eval_tr36exit_Pcp209;tr36;Exit evaluation for truck
exit_tr36_Pcp209;tr36;Exit for truck
assign_tr3_Pcp342;tr3;Pickup plan trucks assignment
enter_tr3_Pcp342;tr3;Entry evaluation for truck
register_arrival_tr3_Pcp342;tr3;truck for arrival registeration
weigh_empty_tr3_Pcp342;tr3;Empty truck weighed
check_abnorm_tr3_Pcp342;tr3;truck exmained for empty weight abnormality
arrive_Silo14_tr3_Pcp342;Silo14;Silo for truck load
determine_continu_tr3_Pcp342_Silo14;Silo14;silo evaluated for pickup continuance
load_tr3_Pcp342;tr3;cargo load for truck
weigh_loaded_tr22_Pcp395;tr22;Truck weighed
issue_ticket_tr22_Pcp395;tr22;Printed weighing ticket for pickup plan
input_tally_tr22_Pcp395;tr22;Tally Sheet for pickup plan
eval_tr22exit_Pcp395;tr22;Exit evaluation for truck
exit_tr22_Pcp395;tr22;Exit for truck
weigh_loaded_tr3_Pcp342;tr3;Truck weighed
issue_ticket_tr3_Pcp342;tr3;Printed weighing ticket for pickup plan
input_tally_tr3_Pcp342;tr3;Tally Sheet for pickup plan
eval_tr3exit_Pcp342;tr3;Exit evaluation for truck
exit_tr3_Pcp342;tr3;Exit for truck
lodge_Pcp152;Pcp152;lodged pickup plan
lodge_Pcp152;Cr1;cargo to be picked up
assess_Pcp152;Pcp152;pickup plan to be assessed
approve_Pcp152;Pcp152;pickup plan approved
lodge_Pcp66;Pcp66;lodged pickup plan
lodge_Pcp66;Cr10;cargo to be picked up
assess_Pcp43;Pcp43;pickup plan to be assessed
assess_Pcp66;Pcp66;pickup plan to be assessed
approve_Pcp43;Pcp43;pickup plan approved
approve_Pcp66;Pcp66;pickup plan approved
assign_tr10_Pcp355;tr10;Pickup plan trucks assignment
enter_tr10_Pcp355;tr10;Entry evaluation for truck
register_arrival_tr10_Pcp355;tr10;truck for arrival registeration
weigh_empty_tr10_Pcp355;tr10;Empty truck weighed
check_abnorm_tr10_Pcp355;tr10;truck exmained for empty weight abnormality
arrive_Silo14_tr10_Pcp355;Silo14;Silo for truck load
assign_tr21_Pcp177;tr21;Pickup plan trucks assignment
determine_continu_tr10_Pcp355_Silo14;Silo14;silo evaluated for pickup continuance
load_tr10_Pcp355;tr10;cargo load for truck
assign_tr30_Pcp182;tr30;Pickup plan trucks assignment
enter_tr21_Pcp177;tr21;Entry evaluation for truck
enter_tr30_Pcp182;tr30;Entry evaluation for truck
register_arrival_tr21_Pcp177;tr21;truck for arrival registeration
register_arrival_tr30_Pcp182;tr30;truck for arrival registeration
weigh_empty_tr21_Pcp177;tr21;Empty truck weighed
check_abnorm_tr21_Pcp177;tr21;truck exmained for empty weight abnormality
weigh_empty_tr30_Pcp182;tr30;Empty truck weighed
arrive_Silo9_tr21_Pcp177;Silo9;Silo for truck load
check_abnorm_tr30_Pcp182;tr30;truck exmained for empty weight abnormality
arrive_Silo6_tr30_Pcp182;Silo6;Silo for truck load
determine_continu_tr30_Pcp182_Silo6;Silo6;silo evaluated for pickup continuance
load_tr30_Pcp182;tr30;cargo load for truck
determine_continu_tr21_Pcp177_Silo9;Silo9;silo evaluated for pickup continuance
fail_load_tr21_Pcp177;tr21;Truck fail to load
assign_tr20_Pcp202;tr20;Pickup plan trucks assignment
assign_tr49_Pcp487;tr49;Pickup plan trucks assignment
weigh_loaded_tr30_Pcp182;tr30;Truck weighed
issue_ticket_tr30_Pcp182;tr30;Printed weighing ticket for pickup plan
input_tally_tr30_Pcp182;tr30;Tally Sheet for pickup plan
enter_tr20_Pcp202;tr20;Entry evaluation for truck
eval_tr30exit_Pcp182;tr30;Exit evaluation for truck
enter_tr49_Pcp487;tr49;Entry evaluation for truck
register_arrival_tr20_Pcp202;tr20;truck for arrival registeration
exit_tr30_Pcp182;tr30;Exit for truck
register_arrival_tr49_Pcp487;tr49;truck for arrival registeration
weigh_empty_tr20_Pcp202;tr20;Empty truck weighed
check_abnorm_tr20_Pcp202;tr20;truck exmained for empty weight abnormality
arrive_Silo10_tr20_Pcp202;Silo10;Silo for truck load
determine_continu_tr20_Pcp202_Silo10;Silo10;silo evaluated for pickup continuance
weigh_empty_tr49_Pcp487;tr49;Empty truck weighed
assign_tr44_Pcp159;tr44;Pickup plan trucks assignment
load_tr20_Pcp202;tr20;cargo load for truck
check_abnorm_tr49_Pcp487;tr49;truck exmained for empty weight abnormality
enter_tr44_Pcp159;tr44;Entry evaluation for truck
arrive_Silo5_tr49_Pcp487;Silo5;Silo for truck load
determine_continu_tr49_Pcp487_Silo5;Silo5;silo evaluated for pickup continuance
assign_tr7_Pcp77;tr7;Pickup plan trucks assignment
weigh_loaded_tr20_Pcp202;tr20;Truck weighed
enter_tr7_Pcp77;tr7;Entry evaluation for truck
load_tr49_Pcp487;tr49;cargo load for truck
assign_tr25_Pcp153;tr25;Pickup plan trucks assignment
assign_tr40_Pcp100;tr40;Pickup plan trucks assignment
assign_tr4_Pcp252;tr4;Pickup plan trucks assignment
issue_ticket_tr20_Pcp202;tr20;Printed weighing ticket for pickup plan
input_tally_tr20_Pcp202;tr20;Tally Sheet for pickup plan
eval_tr20exit_Pcp202;tr20;Exit evaluation for truck
enter_tr40_Pcp100;tr40;Entry evaluation for truck
assign_tr32_Pcp423;tr32;Pickup plan trucks assignment
exit_tr20_Pcp202;tr20;Exit for truck
weigh_loaded_tr10_Pcp355;tr10;Truck weighed
enter_tr25_Pcp153;tr25;Entry evaluation for truck
enter_tr32_Pcp423;tr32;Entry evaluation for truck
assign_tr8_Pcp419;tr8;Pickup plan trucks assignment
enter_tr4_Pcp252;tr4;Entry evaluation for truck
assign_tr15_Pcp411;tr15;Pickup plan trucks assignment
register_arrival_tr7_Pcp77;tr7;truck for arrival registeration
register_arrival_tr40_Pcp100;tr40;truck for arrival registeration
issue_ticket_tr10_Pcp355;tr10;Printed weighing ticket for pickup plan
input_tally_tr10_Pcp355;tr10;Tally Sheet for pickup plan
eval_tr10exit_Pcp355;tr10;Exit evaluation for truck
enter_tr8_Pcp419;tr8;Entry evaluation for truck
exit_tr10_Pcp355;tr10;Exit for truck
enter_tr15_Pcp411;tr15;Entry evaluation for truck
register_arrival_tr32_Pcp423;tr32;truck for arrival registeration
register_arrival_tr4_Pcp252;tr4;truck for arrival registeration
register_arrival_tr15_Pcp411;tr15;truck for arrival registeration
assign_tr38_Pcp284;tr38;Pickup plan trucks assignment
weigh_empty_tr40_Pcp100;tr40;Empty truck weighed
register_arrival_tr25_Pcp153;tr25;truck for arrival registeration
weigh_empty_tr4_Pcp252;tr4;Empty truck weighed
weigh_empty_tr15_Pcp411;tr15;Empty truck weighed
weigh_empty_tr7_Pcp77;tr7;Empty truck weighed
check_abnorm_tr4_Pcp252;tr4;truck exmained for empty weight abnormality
check_abnorm_tr15_Pcp411;tr15;truck exmained for empty weight abnormality
arrive_Silo16_tr4_Pcp252;Silo16;Silo for truck load
check_abnorm_tr7_Pcp77;tr7;truck exmained for empty weight abnormality
check_abnorm_tr40_Pcp100;tr40;truck exmained for empty weight abnormality
weigh_empty_tr32_Pcp423;tr32;Empty truck weighed
arrive_Silo16_tr15_Pcp411;Silo16;Silo for truck load
check_abnorm_tr32_Pcp423;tr32;truck exmained for empty weight abnormality
arrive_Silo6_tr40_Pcp100;Silo6;Silo for truck load
arrive_Silo12_tr7_Pcp77;Silo12;Silo for truck load
arrive_Silo2_tr32_Pcp423;Silo2;Silo for truck load
assign_tr35_Pcp142;tr35;Pickup plan trucks assignment
weigh_empty_tr25_Pcp153;tr25;Empty truck weighed
determine_continu_tr7_Pcp77_Silo12;Silo12;silo evaluated for pickup continuance
determine_continu_tr15_Pcp411_Silo16;Silo16;silo evaluated for pickup continuance
enter_tr35_Pcp142;tr35;Entry evaluation for truck
assign_tr33_Pcp370;tr33;Pickup plan trucks assignment
assign_tr18_Pcp396;tr18;Pickup plan trucks assignment
register_arrival_tr8_Pcp419;tr8;truck for arrival registeration
enter_tr38_Pcp284;tr38;Entry evaluation for truck
check_abnorm_tr25_Pcp153;tr25;truck exmained for empty weight abnormality
register_arrival_tr35_Pcp142;tr35;truck for arrival registeration
load_tr15_Pcp411;tr15;cargo load for truck
load_tr7_Pcp77;tr7;cargo load for truck
assign_tr11_Pcp408;tr11;Pickup plan trucks assignment
enter_tr33_Pcp370;tr33;Entry evaluation for truck
determine_continu_tr4_Pcp252_Silo16;Silo16;silo evaluated for pickup continuance
arrive_Silo5_tr25_Pcp153;Silo5;Silo for truck load
weigh_empty_tr8_Pcp419;tr8;Empty truck weighed
enter_tr11_Pcp408;tr11;Entry evaluation for truck
enter_tr18_Pcp396;tr18;Entry evaluation for truck
check_abnorm_tr8_Pcp419;tr8;truck exmained for empty weight abnormality
load_tr4_Pcp252;tr4;cargo load for truck
weigh_empty_tr35_Pcp142;tr35;Empty truck weighed
register_arrival_tr33_Pcp370;tr33;truck for arrival registeration
register_arrival_tr18_Pcp396;tr18;truck for arrival registeration
arrive_Silo16_tr8_Pcp419;Silo16;Silo for truck load
register_arrival_tr44_Pcp159;tr44;truck for arrival registeration
check_abnorm_tr35_Pcp142;tr35;truck exmained for empty weight abnormality
determine_continu_tr25_Pcp153_Silo5;Silo5;silo evaluated for pickup continuance
assign_tr45_Pcp296;tr45;Pickup plan trucks assignment
arrive_Silo2_tr35_Pcp142;Silo2;Silo for truck load
register_arrival_tr11_Pcp408;tr11;truck for arrival registeration
load_tr25_Pcp153;tr25;cargo load for truck
enter_tr45_Pcp296;tr45;Entry evaluation for truck
weigh_empty_tr33_Pcp370;tr33;Empty truck weighed
weigh_empty_tr44_Pcp159;tr44;Empty truck weighed
weigh_empty_tr18_Pcp396;tr18;Empty truck weighed
check_abnorm_tr33_Pcp370;tr33;truck exmained for empty weight abnormality
determine_continu_tr32_Pcp423_Silo2;Silo2;silo evaluated for pickup continuance
check_abnorm_tr44_Pcp159;tr44;truck exmained for empty weight abnormality
determine_continu_tr8_Pcp419_Silo16;Silo16;silo evaluated for pickup continuance
arrive_Silo6_tr33_Pcp370;Silo6;Silo for truck load
register_arrival_tr45_Pcp296;tr45;truck for arrival registeration
fail_load_tr32_Pcp423;tr32;Truck fail to load
arrive_Silo1_tr44_Pcp159;Silo1;Silo for truck load
determine_continu_tr40_Pcp100_Silo6;Silo6;silo evaluated for pickup continuance
check_abnorm_tr18_Pcp396;tr18;truck exmained for empty weight abnormality
weigh_empty_tr11_Pcp408;tr11;Empty truck weighed
determine_continu_tr33_Pcp370_Silo6;Silo6;silo evaluated for pickup continuance
load_tr40_Pcp100;tr40;cargo load for truck
arrive_Silo2_tr18_Pcp396;Silo2;Silo for truck load
load_tr8_Pcp419;tr8;cargo load for truck
weigh_empty_tr45_Pcp296;tr45;Empty truck weighed
check_abnorm_tr11_Pcp408;tr11;truck exmained for empty weight abnormality
assign_tr29_Pcp117;tr29;Pickup plan trucks assignment
arrive_Silo10_tr11_Pcp408;Silo10;Silo for truck load
weigh_loaded_tr15_Pcp411;tr15;Truck weighed
check_abnorm_tr45_Pcp296;tr45;truck exmained for empty weight abnormality
determine_continu_tr35_Pcp142_Silo2;Silo2;silo evaluated for pickup continuance
determine_continu_tr18_Pcp396_Silo2;Silo2;silo evaluated for pickup continuance
arrive_Silo13_tr45_Pcp296;Silo13;Silo for truck load
load_tr33_Pcp370;tr33;cargo load for truck
fail_load_tr35_Pcp142;tr35;Truck fail to load
assign_tr46_Pcp476;tr46;Pickup plan trucks assignment
load_tr18_Pcp396;tr18;cargo load for truck
assign_tr19_Pcp131;tr19;Pickup plan trucks assignment
determine_continu_tr44_Pcp159_Silo1;Silo1;silo evaluated for pickup continuance
register_arrival_tr38_Pcp284;tr38;truck for arrival registeration
weigh_loaded_tr25_Pcp153;tr25;Truck weighed
load_tr44_Pcp159;tr44;cargo load for truck
enter_tr29_Pcp117;tr29;Entry evaluation for truck
register_arrival_tr29_Pcp117;tr29;truck for arrival registeration
weigh_loaded_tr7_Pcp77;tr7;Truck weighed
determine_continu_tr11_Pcp408_Silo10;Silo10;silo evaluated for pickup continuance
issue_ticket_tr15_Pcp411;tr15;Printed weighing ticket for pickup plan
input_tally_tr15_Pcp411;tr15;Tally Sheet for pickup plan
enter_tr19_Pcp131;tr19;Entry evaluation for truck
assign_tr17_Pcp275;tr17;Pickup plan trucks assignment
eval_tr15exit_Pcp411;tr15;Exit evaluation for truck
exit_tr15_Pcp411;tr15;Exit for truck
weigh_empty_tr38_Pcp284;tr38;Empty truck weighed
determine_continu_tr45_Pcp296_Silo13;Silo13;silo evaluated for pickup continuance
enter_tr17_Pcp275;tr17;Entry evaluation for truck
register_arrival_tr19_Pcp131;tr19;truck for arrival registeration
issue_ticket_tr25_Pcp153;tr25;Printed weighing ticket for pickup plan
enter_tr46_Pcp476;tr46;Entry evaluation for truck
input_tally_tr25_Pcp153;tr25;Tally Sheet for pickup plan
weigh_empty_tr29_Pcp117;tr29;Empty truck weighed
eval_tr25exit_Pcp153;tr25;Exit evaluation for truck
load_tr11_Pcp408;tr11;cargo load for truck
exit_tr25_Pcp153;tr25;Exit for truck
check_abnorm_tr38_Pcp284;tr38;truck exmained for empty weight abnormality
issue_ticket_tr7_Pcp77;tr7;Printed weighing ticket for pickup plan
input_tally_tr7_Pcp77;tr7;Tally Sheet for pickup plan
eval_tr7exit_Pcp77;tr7;Exit evaluation for truck
check_abnorm_tr29_Pcp117;tr29;truck exmained for empty weight abnormality
arrive_Silo8_tr38_Pcp284;Silo8;Silo for truck load
arrive_Silo13_tr29_Pcp117;Silo13;Silo for truck load
exit_tr7_Pcp77;tr7;Exit for truck
load_tr45_Pcp296;tr45;cargo load for truck
weigh_loaded_tr33_Pcp370;tr33;Truck weighed
weigh_empty_tr19_Pcp131;tr19;Empty truck weighed
check_abnorm_tr19_Pcp131;tr19;truck exmained for empty weight abnormality
determine_continu_tr29_Pcp117_Silo13;Silo13;silo evaluated for pickup continuance
arrive_Silo10_tr19_Pcp131;Silo10;Silo for truck load
load_tr29_Pcp117;tr29;cargo load for truck
assign_tr42_Pcp171;tr42;Pickup plan trucks assignment
register_arrival_tr46_Pcp476;tr46;truck for arrival registeration
enter_tr42_Pcp171;tr42;Entry evaluation for truck
determine_continu_tr19_Pcp131_Silo10;Silo10;silo evaluated for pickup continuance
weigh_empty_tr46_Pcp476;tr46;Empty truck weighed
assign_tr1_Pcp398;tr1;Pickup plan trucks assignment
assign_tr31_Pcp211;tr31;Pickup plan trucks assignment
load_tr19_Pcp131;tr19;cargo load for truck
weigh_loaded_tr40_Pcp100;tr40;Truck weighed
enter_tr31_Pcp211;tr31;Entry evaluation for truck
check_abnorm_tr46_Pcp476;tr46;truck exmained for empty weight abnormality
register_arrival_tr17_Pcp275;tr17;truck for arrival registeration
issue_ticket_tr40_Pcp100;tr40;Printed weighing ticket for pickup plan
weigh_loaded_tr18_Pcp396;tr18;Truck weighed
input_tally_tr40_Pcp100;tr40;Tally Sheet for pickup plan
register_arrival_tr31_Pcp211;tr31;truck for arrival registeration
eval_tr40exit_Pcp100;tr40;Exit evaluation for truck
weigh_loaded_tr45_Pcp296;tr45;Truck weighed
arrive_Silo16_tr46_Pcp476;Silo16;Silo for truck load
determine_continu_tr38_Pcp284_Silo8;Silo8;silo evaluated for pickup continuance
exit_tr40_Pcp100;tr40;Exit for truck
load_tr38_Pcp284;tr38;cargo load for truck
issue_ticket_tr18_Pcp396;tr18;Printed weighing ticket for pickup plan
input_tally_tr18_Pcp396;tr18;Tally Sheet for pickup plan
eval_tr18exit_Pcp396;tr18;Exit evaluation for truck
weigh_empty_tr17_Pcp275;tr17;Empty truck weighed
determine_continu_tr46_Pcp476_Silo16;Silo16;silo evaluated for pickup continuance
issue_ticket_tr33_Pcp370;tr33;Printed weighing ticket for pickup plan
input_tally_tr33_Pcp370;tr33;Tally Sheet for pickup plan
eval_tr33exit_Pcp370;tr33;Exit evaluation for truck
enter_tr1_Pcp398;tr1;Entry evaluation for truck
register_arrival_tr42_Pcp171;tr42;truck for arrival registeration
exit_tr18_Pcp396;tr18;Exit for truck
check_abnorm_tr17_Pcp275;tr17;truck exmained for empty weight abnormality
weigh_empty_tr31_Pcp211;tr31;Empty truck weighed
exit_tr33_Pcp370;tr33;Exit for truck
register_arrival_tr1_Pcp398;tr1;truck for arrival registeration
issue_ticket_tr45_Pcp296;tr45;Printed weighing ticket for pickup plan
input_tally_tr45_Pcp296;tr45;Tally Sheet for pickup plan
eval_tr45exit_Pcp296;tr45;Exit evaluation for truck
arrive_Silo2_tr17_Pcp275;Silo2;Silo for truck load
check_abnorm_tr31_Pcp211;tr31;truck exmained for empty weight abnormality
arrive_Silo19_tr31_Pcp211;Silo19;Silo for truck load
exit_tr45_Pcp296;tr45;Exit for truck
weigh_empty_tr42_Pcp171;tr42;Empty truck weighed
check_abnorm_tr42_Pcp171;tr42;truck exmained for empty weight abnormality
weigh_empty_tr1_Pcp398;tr1;Empty truck weighed
load_tr46_Pcp476;tr46;cargo load for truck
arrive_Silo6_tr42_Pcp171;Silo6;Silo for truck load
assign_tr24_Pcp197;tr24;Pickup plan trucks assignment
check_abnorm_tr1_Pcp398;tr1;truck exmained for empty weight abnormality
arrive_Silo9_tr1_Pcp398;Silo9;Silo for truck load
assign_tr37_Pcp72;tr37;Pickup plan trucks assignment
determine_continu_tr31_Pcp211_Silo19;Silo19;silo evaluated for pickup continuance
determine_continu_tr17_Pcp275_Silo2;Silo2;silo evaluated for pickup continuance
assign_tr28_Pcp379;tr28;Pickup plan trucks assignment
load_tr31_Pcp211;tr31;cargo load for truck
load_tr17_Pcp275;tr17;cargo load for truck
assign_tr26_Pcp467;tr26;Pickup plan trucks assignment
enter_tr26_Pcp467;tr26;Entry evaluation for truck
enter_tr28_Pcp379;tr28;Entry evaluation for truck
enter_tr24_Pcp197;tr24;Entry evaluation for truck
weigh_loaded_tr19_Pcp131;tr19;Truck weighed
weigh_loaded_tr38_Pcp284;tr38;Truck weighed
enter_tr37_Pcp72;tr37;Entry evaluation for truck
assign_tr43_Pcp309;tr43;Pickup plan trucks assignment
register_arrival_tr26_Pcp467;tr26;truck for arrival registeration
enter_tr43_Pcp309;tr43;Entry evaluation for truck
weigh_loaded_tr31_Pcp211;tr31;Truck weighed
register_arrival_tr28_Pcp379;tr28;truck for arrival registeration
determine_continu_tr1_Pcp398_Silo9;Silo9;silo evaluated for pickup continuance
determine_continu_tr42_Pcp171_Silo6;Silo6;silo evaluated for pickup continuance
issue_ticket_tr31_Pcp211;tr31;Printed weighing ticket for pickup plan
input_tally_tr31_Pcp211;tr31;Tally Sheet for pickup plan
assign_tr14_Pcp249;tr14;Pickup plan trucks assignment
load_tr1_Pcp398;tr1;cargo load for truck
register_arrival_tr24_Pcp197;tr24;truck for arrival registeration
eval_tr31exit_Pcp211;tr31;Exit evaluation for truck
exit_tr31_Pcp211;tr31;Exit for truck
issue_ticket_tr19_Pcp131;tr19;Printed weighing ticket for pickup plan
input_tally_tr19_Pcp131;tr19;Tally Sheet for pickup plan
eval_tr19exit_Pcp131;tr19;Exit evaluation for truck
enter_tr14_Pcp249;tr14;Entry evaluation for truck
weigh_loaded_tr46_Pcp476;tr46;Truck weighed
weigh_loaded_tr29_Pcp117;tr29;Truck weighed
register_arrival_tr37_Pcp72;tr37;truck for arrival registeration
weigh_empty_tr26_Pcp467;tr26;Empty truck weighed
register_arrival_tr14_Pcp249;tr14;truck for arrival registeration
check_abnorm_tr26_Pcp467;tr26;truck exmained for empty weight abnormality
weigh_empty_tr28_Pcp379;tr28;Empty truck weighed
weigh_loaded_tr4_Pcp252;tr4;Truck weighed
check_abnorm_tr28_Pcp379;tr28;truck exmained for empty weight abnormality
exit_tr19_Pcp131;tr19;Exit for truck
arrive_Silo12_tr26_Pcp467;Silo12;Silo for truck load
assign_tr23_Pcp270;tr23;Pickup plan trucks assignment
load_tr42_Pcp171;tr42;cargo load for truck
register_arrival_tr43_Pcp309;tr43;truck for arrival registeration
issue_ticket_tr29_Pcp117;tr29;Printed weighing ticket for pickup plan
input_tally_tr29_Pcp117;tr29;Tally Sheet for pickup plan
issue_ticket_tr38_Pcp284;tr38;Printed weighing ticket for pickup plan
input_tally_tr38_Pcp284;tr38;Tally Sheet for pickup plan
enter_tr23_Pcp270;tr23;Entry evaluation for truck
eval_tr29exit_Pcp117;tr29;Exit evaluation for truck
arrive_Silo4_tr28_Pcp379;Silo4;Silo for truck load
weigh_empty_tr37_Pcp72;tr37;Empty truck weighed
exit_tr29_Pcp117;tr29;Exit for truck
eval_tr38exit_Pcp284;tr38;Exit evaluation for truck
register_arrival_tr23_Pcp270;tr23;truck for arrival registeration
determine_continu_tr26_Pcp467_Silo12;Silo12;silo evaluated for pickup continuance
check_abnorm_tr37_Pcp72;tr37;truck exmained for empty weight abnormality
weigh_empty_tr14_Pcp249;tr14;Empty truck weighed
weigh_empty_tr24_Pcp197;tr24;Empty truck weighed
issue_ticket_tr4_Pcp252;tr4;Printed weighing ticket for pickup plan
input_tally_tr4_Pcp252;tr4;Tally Sheet for pickup plan
eval_tr4exit_Pcp252;tr4;Exit evaluation for truck
arrive_Silo14_tr37_Pcp72;Silo14;Silo for truck load
exit_tr38_Pcp284;tr38;Exit for truck
exit_tr4_Pcp252;tr4;Exit for truck
check_abnorm_tr14_Pcp249;tr14;truck exmained for empty weight abnormality
check_abnorm_tr24_Pcp197;tr24;truck exmained for empty weight abnormality
load_tr26_Pcp467;tr26;cargo load for truck
arrive_Silo20_tr14_Pcp249;Silo20;Silo for truck load
arrive_Silo13_tr24_Pcp197;Silo13;Silo for truck load
weigh_loaded_tr44_Pcp159;tr44;Truck weighed
weigh_empty_tr23_Pcp270;tr23;Empty truck weighed
weigh_empty_tr43_Pcp309;tr43;Empty truck weighed
check_abnorm_tr23_Pcp270;tr23;truck exmained for empty weight abnormality
issue_ticket_tr44_Pcp159;tr44;Printed weighing ticket for pickup plan
input_tally_tr44_Pcp159;tr44;Tally Sheet for pickup plan
eval_tr44exit_Pcp159;tr44;Exit evaluation for truck
determine_continu_tr24_Pcp197_Silo13;Silo13;silo evaluated for pickup continuance
arrive_Silo6_tr23_Pcp270;Silo6;Silo for truck load
check_abnorm_tr43_Pcp309;tr43;truck exmained for empty weight abnormality
issue_ticket_tr46_Pcp476;tr46;Printed weighing ticket for pickup plan
input_tally_tr46_Pcp476;tr46;Tally Sheet for pickup plan
eval_tr46exit_Pcp476;tr46;Exit evaluation for truck
determine_continu_tr37_Pcp72_Silo14;Silo14;silo evaluated for pickup continuance
exit_tr46_Pcp476;tr46;Exit for truck
arrive_Silo14_tr43_Pcp309;Silo14;Silo for truck load
exit_tr44_Pcp159;tr44;Exit for truck
assign_tr6_Pcp435;tr6;Pickup plan trucks assignment
load_tr24_Pcp197;tr24;cargo load for truck
load_tr37_Pcp72;tr37;cargo load for truck
determine_continu_tr23_Pcp270_Silo6;Silo6;silo evaluated for pickup continuance
determine_continu_tr28_Pcp379_Silo4;Silo4;silo evaluated for pickup continuance
weigh_loaded_tr42_Pcp171;tr42;Truck weighed
enter_tr6_Pcp435;tr6;Entry evaluation for truck
load_tr28_Pcp379;tr28;cargo load for truck
assign_tr27_Pcp172;tr27;Pickup plan trucks assignment
load_tr23_Pcp270;tr23;cargo load for truck
weigh_loaded_tr11_Pcp408;tr11;Truck weighed
enter_tr27_Pcp172;tr27;Entry evaluation for truck
issue_ticket_tr42_Pcp171;tr42;Printed weighing ticket for pickup plan
input_tally_tr42_Pcp171;tr42;Tally Sheet for pickup plan
eval_tr42exit_Pcp171;tr42;Exit evaluation for truck
register_arrival_tr6_Pcp435;tr6;truck for arrival registeration
exit_tr42_Pcp171;tr42;Exit for truck
determine_continu_tr14_Pcp249_Silo20;Silo20;silo evaluated for pickup continuance
assign_tr39_Pcp473;tr39;Pickup plan trucks assignment
enter_tr39_Pcp473;tr39;Entry evaluation for truck
determine_continu_tr43_Pcp309_Silo14;Silo14;silo evaluated for pickup continuance
register_arrival_tr27_Pcp172;tr27;truck for arrival registeration
issue_ticket_tr11_Pcp408;tr11;Printed weighing ticket for pickup plan
input_tally_tr11_Pcp408;tr11;Tally Sheet for pickup plan
eval_tr11exit_Pcp408;tr11;Exit evaluation for truck
load_tr14_Pcp249;tr14;cargo load for truck
weigh_empty_tr6_Pcp435;tr6;Empty truck weighed
register_arrival_tr39_Pcp473;tr39;truck for arrival registeration
exit_tr11_Pcp408;tr11;Exit for truck
check_abnorm_tr6_Pcp435;tr6;truck exmained for empty weight abnormality
arrive_Silo18_tr6_Pcp435;Silo18;Silo for truck load
weigh_empty_tr27_Pcp172;tr27;Empty truck weighed
check_abnorm_tr27_Pcp172;tr27;truck exmained for empty weight abnormality
weigh_loaded_tr17_Pcp275;tr17;Truck weighed
arrive_Silo16_tr27_Pcp172;Silo16;Silo for truck load
load_tr43_Pcp309;tr43;cargo load for truck
weigh_loaded_tr23_Pcp270;tr23;Truck weighed
weigh_empty_tr39_Pcp473;tr39;Empty truck weighed
check_abnorm_tr39_Pcp473;tr39;truck exmained for empty weight abnormality
arrive_Silo3_tr39_Pcp473;Silo3;Silo for truck load
weigh_loaded_tr24_Pcp197;tr24;Truck weighed
weigh_loaded_tr49_Pcp487;tr49;Truck weighed
assign_tr9_Pcp253;tr9;Pickup plan trucks assignment
issue_ticket_tr49_Pcp487;tr49;Printed weighing ticket for pickup plan
input_tally_tr49_Pcp487;tr49;Tally Sheet for pickup plan
determine_continu_tr39_Pcp473_Silo3;Silo3;silo evaluated for pickup continuance
eval_tr49exit_Pcp487;tr49;Exit evaluation for truck
issue_ticket_tr23_Pcp270;tr23;Printed weighing ticket for pickup plan
input_tally_tr23_Pcp270;tr23;Tally Sheet for pickup plan
determine_continu_tr27_Pcp172_Silo16;Silo16;silo evaluated for pickup continuance
eval_tr23exit_Pcp270;tr23;Exit evaluation for truck
exit_tr49_Pcp487;tr49;Exit for truck
exit_tr23_Pcp270;tr23;Exit for truck
load_tr27_Pcp172;tr27;cargo load for truck
load_tr39_Pcp473;tr39;cargo load for truck
issue_ticket_tr24_Pcp197;tr24;Printed weighing ticket for pickup plan
input_tally_tr24_Pcp197;tr24;Tally Sheet for pickup plan
eval_tr24exit_Pcp197;tr24;Exit evaluation for truck
weigh_loaded_tr1_Pcp398;tr1;Truck weighed
issue_ticket_tr17_Pcp275;tr17;Printed weighing ticket for pickup plan
input_tally_tr17_Pcp275;tr17;Tally Sheet for pickup plan
eval_tr17exit_Pcp275;tr17;Exit evaluation for truck
determine_continu_tr6_Pcp435_Silo18;Silo18;silo evaluated for pickup continuance
exit_tr24_Pcp197;tr24;Exit for truck
exit_tr17_Pcp275;tr17;Exit for truck
load_tr6_Pcp435;tr6;cargo load for truck
issue_ticket_tr1_Pcp398;tr1;Printed weighing ticket for pickup plan
input_tally_tr1_Pcp398;tr1;Tally Sheet for pickup plan
eval_tr1exit_Pcp398;tr1;Exit evaluation for truck
exit_tr1_Pcp398;tr1;Exit for truck
enter_tr9_Pcp253;tr9;Entry evaluation for truck
register_arrival_tr9_Pcp253;tr9;truck for arrival registeration
assign_tr16_Pcp465;tr16;Pickup plan trucks assignment
weigh_empty_tr9_Pcp253;tr9;Empty truck weighed
enter_tr16_Pcp465;tr16;Entry evaluation for truck
weigh_loaded_tr8_Pcp419;tr8;Truck weighed
check_abnorm_tr9_Pcp253;tr9;truck exmained for empty weight abnormality
weigh_loaded_tr26_Pcp467;tr26;Truck weighed
weigh_loaded_tr28_Pcp379;tr28;Truck weighed
issue_ticket_tr8_Pcp419;tr8;Printed weighing ticket for pickup plan
input_tally_tr8_Pcp419;tr8;Tally Sheet for pickup plan
eval_tr8exit_Pcp419;tr8;Exit evaluation for truck
arrive_Silo13_tr9_Pcp253;Silo13;Silo for truck load
exit_tr8_Pcp419;tr8;Exit for truck
weigh_loaded_tr37_Pcp72;tr37;Truck weighed
register_arrival_tr16_Pcp465;tr16;truck for arrival registeration
issue_ticket_tr26_Pcp467;tr26;Printed weighing ticket for pickup plan
input_tally_tr26_Pcp467;tr26;Tally Sheet for pickup plan
eval_tr26exit_Pcp467;tr26;Exit evaluation for truck
weigh_loaded_tr43_Pcp309;tr43;Truck weighed
exit_tr26_Pcp467;tr26;Exit for truck
issue_ticket_tr28_Pcp379;tr28;Printed weighing ticket for pickup plan
input_tally_tr28_Pcp379;tr28;Tally Sheet for pickup plan
weigh_empty_tr16_Pcp465;tr16;Empty truck weighed
eval_tr28exit_Pcp379;tr28;Exit evaluation for truck
check_abnorm_tr16_Pcp465;tr16;truck exmained for empty weight abnormality
issue_ticket_tr37_Pcp72;tr37;Printed weighing ticket for pickup plan
input_tally_tr37_Pcp72;tr37;Tally Sheet for pickup plan
eval_tr37exit_Pcp72;tr37;Exit evaluation for truck
arrive_Silo20_tr16_Pcp465;Silo20;Silo for truck load
exit_tr37_Pcp72;tr37;Exit for truck
exit_tr28_Pcp379;tr28;Exit for truck
issue_ticket_tr43_Pcp309;tr43;Printed weighing ticket for pickup plan
input_tally_tr43_Pcp309;tr43;Tally Sheet for pickup plan
eval_tr43exit_Pcp309;tr43;Exit evaluation for truck
exit_tr43_Pcp309;tr43;Exit for truck
determine_continu_tr9_Pcp253_Silo13;Silo13;silo evaluated for pickup continuance
assign_tr5_Pcp454;tr5;Pickup plan trucks assignment
enter_tr5_Pcp454;tr5;Entry evaluation for truck
load_tr9_Pcp253;tr9;cargo load for truck
register_arrival_tr5_Pcp454;tr5;truck for arrival registeration
weigh_loaded_tr27_Pcp172;tr27;Truck weighed
determine_continu_tr16_Pcp465_Silo20;Silo20;silo evaluated for pickup continuance
load_tr16_Pcp465;tr16;cargo load for truck
issue_ticket_tr27_Pcp172;tr27;Printed weighing ticket for pickup plan
input_tally_tr27_Pcp172;tr27;Tally Sheet for pickup plan
eval_tr27exit_Pcp172;tr27;Exit evaluation for truck
weigh_empty_tr5_Pcp454;tr5;Empty truck weighed
check_abnorm_tr5_Pcp454;tr5;truck exmained for empty weight abnormality
arrive_Silo14_tr5_Pcp454;Silo14;Silo for truck load
exit_tr27_Pcp172;tr27;Exit for truck
determine_continu_tr5_Pcp454_Silo14;Silo14;silo evaluated for pickup continuance
weigh_loaded_tr9_Pcp253;tr9;Truck weighed
weigh_loaded_tr39_Pcp473;tr39;Truck weighed
load_tr5_Pcp454;tr5;cargo load for truck
issue_ticket_tr39_Pcp473;tr39;Printed weighing ticket for pickup plan
input_tally_tr39_Pcp473;tr39;Tally Sheet for pickup plan
eval_tr39exit_Pcp473;tr39;Exit evaluation for truck
exit_tr39_Pcp473;tr39;Exit for truck
weigh_loaded_tr6_Pcp435;tr6;Truck weighed
issue_ticket_tr9_Pcp253;tr9;Printed weighing ticket for pickup plan
input_tally_tr9_Pcp253;tr9;Tally Sheet for pickup plan
eval_tr9exit_Pcp253;tr9;Exit evaluation for truck
issue_ticket_tr6_Pcp435;tr6;Printed weighing ticket for pickup plan
input_tally_tr6_Pcp435;tr6;Tally Sheet for pickup plan
exit_tr9_Pcp253;tr9;Exit for truck
eval_tr6exit_Pcp435;tr6;Exit evaluation for truck
exit_tr6_Pcp435;tr6;Exit for truck
weigh_loaded_tr14_Pcp249;tr14;Truck weighed
issue_ticket_tr14_Pcp249;tr14;Printed weighing ticket for pickup plan
input_tally_tr14_Pcp249;tr14;Tally Sheet for pickup plan
eval_tr14exit_Pcp249;tr14;Exit evaluation for truck
exit_tr14_Pcp249;tr14;Exit for truck
weigh_loaded_tr16_Pcp465;tr16;Truck weighed
issue_ticket_tr16_Pcp465;tr16;Printed weighing ticket for pickup plan
input_tally_tr16_Pcp465;tr16;Tally Sheet for pickup plan
eval_tr16exit_Pcp465;tr16;Exit evaluation for truck
exit_tr16_Pcp465;tr16;Exit for truck
assign_tr48_Pcp268;tr48;Pickup plan trucks assignment
enter_tr48_Pcp268;tr48;Entry evaluation for truck
register_arrival_tr48_Pcp268;tr48;truck for arrival registeration
assign_tr41_Pcp76;tr41;Pickup plan trucks assignment
weigh_empty_tr48_Pcp268;tr48;Empty truck weighed
check_abnorm_tr48_Pcp268;tr48;truck exmained for empty weight abnormality
arrive_Silo10_tr48_Pcp268;Silo10;Silo for truck load
determine_continu_tr48_Pcp268_Silo10;Silo10;silo evaluated for pickup continuance
enter_tr41_Pcp76;tr41;Entry evaluation for truck
load_tr48_Pcp268;tr48;cargo load for truck
register_arrival_tr41_Pcp76;tr41;truck for arrival registeration
weigh_loaded_tr5_Pcp454;tr5;Truck weighed
issue_ticket_tr5_Pcp454;tr5;Printed weighing ticket for pickup plan
input_tally_tr5_Pcp454;tr5;Tally Sheet for pickup plan
eval_tr5exit_Pcp454;tr5;Exit evaluation for truck
weigh_empty_tr41_Pcp76;tr41;Empty truck weighed
exit_tr5_Pcp454;tr5;Exit for truck
check_abnorm_tr41_Pcp76;tr41;truck exmained for empty weight abnormality
arrive_Silo19_tr41_Pcp76;Silo19;Silo for truck load
determine_continu_tr41_Pcp76_Silo19;Silo19;silo evaluated for pickup continuance
load_tr41_Pcp76;tr41;cargo load for truck
assign_tr34_Pcp383;tr34;Pickup plan trucks assignment
weigh_loaded_tr48_Pcp268;tr48;Truck weighed
enter_tr34_Pcp383;tr34;Entry evaluation for truck
register_arrival_tr34_Pcp383;tr34;truck for arrival registeration
issue_ticket_tr48_Pcp268;tr48;Printed weighing ticket for pickup plan
input_tally_tr48_Pcp268;tr48;Tally Sheet for pickup plan
eval_tr48exit_Pcp268;tr48;Exit evaluation for truck
exit_tr48_Pcp268;tr48;Exit for truck
weigh_empty_tr34_Pcp383;tr34;Empty truck weighed
check_abnorm_tr34_Pcp383;tr34;truck exmained for empty weight abnormality
arrive_Silo13_tr34_Pcp383;Silo13;Silo for truck load
determine_continu_tr34_Pcp383_Silo13;Silo13;silo evaluated for pickup continuance
weigh_loaded_tr41_Pcp76;tr41;Truck weighed
load_tr34_Pcp383;tr34;cargo load for truck
issue_ticket_tr41_Pcp76;tr41;Printed weighing ticket for pickup plan
input_tally_tr41_Pcp76;tr41;Tally Sheet for pickup plan
eval_tr41exit_Pcp76;tr41;Exit evaluation for truck
exit_tr41_Pcp76;tr41;Exit for truck
weigh_loaded_tr34_Pcp383;tr34;Truck weighed
issue_ticket_tr34_Pcp383;tr34;Printed weighing ticket for pickup plan
input_tally_tr34_Pcp383;tr34;Tally Sheet for pickup plan
eval_tr34exit_Pcp383;tr34;Exit evaluation for truck
exit_tr34_Pcp383;tr34;Exit for truck
assign_tr50_Pcp452;tr50;Pickup plan trucks assignment
enter_tr50_Pcp452;tr50;Entry evaluation for truck
register_arrival_tr50_Pcp452;tr50;truck for arrival registeration
assign_tr2_Pcp460;tr2;Pickup plan trucks assignment
weigh_empty_tr50_Pcp452;tr50;Empty truck weighed
enter_tr2_Pcp460;tr2;Entry evaluation for truck
check_abnorm_tr50_Pcp452;tr50;truck exmained for empty weight abnormality
arrive_Silo17_tr50_Pcp452;Silo17;Silo for truck load
register_arrival_tr2_Pcp460;tr2;truck for arrival registeration
assign_tr12_Pcp45;tr12;Pickup plan trucks assignment
assign_tr13_Pcp369;tr13;Pickup plan trucks assignment
enter_tr13_Pcp369;tr13;Entry evaluation for truck
weigh_empty_tr2_Pcp460;tr2;Empty truck weighed
check_abnorm_tr2_Pcp460;tr2;truck exmained for empty weight abnormality
arrive_Silo2_tr2_Pcp460;Silo2;Silo for truck load
enter_tr12_Pcp45;tr12;Entry evaluation for truck
determine_continu_tr2_Pcp460_Silo2;Silo2;silo evaluated for pickup continuance
register_arrival_tr13_Pcp369;tr13;truck for arrival registeration
load_tr2_Pcp460;tr2;cargo load for truck
register_arrival_tr12_Pcp45;tr12;truck for arrival registeration
determine_continu_tr50_Pcp452_Silo17;Silo17;silo evaluated for pickup continuance
assign_tr47_Pcp217;tr47;Pickup plan trucks assignment
load_tr50_Pcp452;tr50;cargo load for truck
enter_tr47_Pcp217;tr47;Entry evaluation for truck
weigh_empty_tr12_Pcp45;tr12;Empty truck weighed
weigh_empty_tr13_Pcp369;tr13;Empty truck weighed
check_abnorm_tr13_Pcp369;tr13;truck exmained for empty weight abnormality
register_arrival_tr47_Pcp217;tr47;truck for arrival registeration
check_abnorm_tr12_Pcp45;tr12;truck exmained for empty weight abnormality
arrive_Silo12_tr13_Pcp369;Silo12;Silo for truck load
arrive_Silo6_tr12_Pcp45;Silo6;Silo for truck load
assign_tr36_Pcp327;tr36;Pickup plan trucks assignment
weigh_empty_tr47_Pcp217;tr47;Empty truck weighed
check_abnorm_tr47_Pcp217;tr47;truck exmained for empty weight abnormality
arrive_Silo19_tr47_Pcp217;Silo19;Silo for truck load
determine_continu_tr13_Pcp369_Silo12;Silo12;silo evaluated for pickup continuance
determine_continu_tr47_Pcp217_Silo19;Silo19;silo evaluated for pickup continuance
load_tr47_Pcp217;tr47;cargo load for truck
enter_tr36_Pcp327;tr36;Entry evaluation for truck
determine_continu_tr12_Pcp45_Silo6;Silo6;silo evaluated for pickup continuance
load_tr13_Pcp369;tr13;cargo load for truck
load_tr12_Pcp45;tr12;cargo load for truck
register_arrival_tr36_Pcp327;tr36;truck for arrival registeration
weigh_empty_tr36_Pcp327;tr36;Empty truck weighed
check_abnorm_tr36_Pcp327;tr36;truck exmained for empty weight abnormality
arrive_Silo10_tr36_Pcp327;Silo10;Silo for truck load
weigh_loaded_tr13_Pcp369;tr13;Truck weighed
weigh_loaded_tr47_Pcp217;tr47;Truck weighed
issue_ticket_tr13_Pcp369;tr13;Printed weighing ticket for pickup plan
input_tally_tr13_Pcp369;tr13;Tally Sheet for pickup plan
eval_tr13exit_Pcp369;tr13;Exit evaluation for truck
exit_tr13_Pcp369;tr13;Exit for truck
determine_continu_tr36_Pcp327_Silo10;Silo10;silo evaluated for pickup continuance
issue_ticket_tr47_Pcp217;tr47;Printed weighing ticket for pickup plan
input_tally_tr47_Pcp217;tr47;Tally Sheet for pickup plan
eval_tr47exit_Pcp217;tr47;Exit evaluation for truck
exit_tr47_Pcp217;tr47;Exit for truck
load_tr36_Pcp327;tr36;cargo load for truck
weigh_loaded_tr2_Pcp460;tr2;Truck weighed
issue_ticket_tr2_Pcp460;tr2;Printed weighing ticket for pickup plan
input_tally_tr2_Pcp460;tr2;Tally Sheet for pickup plan
eval_tr2exit_Pcp460;tr2;Exit evaluation for truck
exit_tr2_Pcp460;tr2;Exit for truck
weigh_loaded_tr36_Pcp327;tr36;Truck weighed
weigh_loaded_tr50_Pcp452;tr50;Truck weighed
issue_ticket_tr36_Pcp327;tr36;Printed weighing ticket for pickup plan
input_tally_tr36_Pcp327;tr36;Tally Sheet for pickup plan
assign_tr22_Pcp141;tr22;Pickup plan trucks assignment
eval_tr36exit_Pcp327;tr36;Exit evaluation for truck
exit_tr36_Pcp327;tr36;Exit for truck
issue_ticket_tr50_Pcp452;tr50;Printed weighing ticket for pickup plan
input_tally_tr50_Pcp452;tr50;Tally Sheet for pickup plan
eval_tr50exit_Pcp452;tr50;Exit evaluation for truck
enter_tr22_Pcp141;tr22;Entry evaluation for truck
exit_tr50_Pcp452;tr50;Exit for truck
register_arrival_tr22_Pcp141;tr22;truck for arrival registeration
assign_tr3_Pcp484;tr3;Pickup plan trucks assignment
weigh_loaded_tr12_Pcp45;tr12;Truck weighed
weigh_empty_tr22_Pcp141;tr22;Empty truck weighed
enter_tr3_Pcp484;tr3;Entry evaluation for truck
check_abnorm_tr22_Pcp141;tr22;truck exmained for empty weight abnormality
register_arrival_tr3_Pcp484;tr3;truck for arrival registeration
arrive_Silo2_tr22_Pcp141;Silo2;Silo for truck load
issue_ticket_tr12_Pcp45;tr12;Printed weighing ticket for pickup plan
input_tally_tr12_Pcp45;tr12;Tally Sheet for pickup plan
eval_tr12exit_Pcp45;tr12;Exit evaluation for truck
determine_continu_tr22_Pcp141_Silo2;Silo2;silo evaluated for pickup continuance
exit_tr12_Pcp45;tr12;Exit for truck
load_tr22_Pcp141;tr22;cargo load for truck
weigh_empty_tr3_Pcp484;tr3;Empty truck weighed
check_abnorm_tr3_Pcp484;tr3;truck exmained for empty weight abnormality
arrive_Silo12_tr3_Pcp484;Silo12;Silo for truck load
determine_continu_tr3_Pcp484_Silo12;Silo12;silo evaluated for pickup continuance
load_tr3_Pcp484;tr3;cargo load for truck
weigh_loaded_tr22_Pcp141;tr22;Truck weighed
issue_ticket_tr22_Pcp141;tr22;Printed weighing ticket for pickup plan
input_tally_tr22_Pcp141;tr22;Tally Sheet for pickup plan
eval_tr22exit_Pcp141;tr22;Exit evaluation for truck
exit_tr22_Pcp141;tr22;Exit for truck
weigh_loaded_tr3_Pcp484;tr3;Truck weighed
issue_ticket_tr3_Pcp484;tr3;Printed weighing ticket for pickup plan
input_tally_tr3_Pcp484;tr3;Tally Sheet for pickup plan
eval_tr3exit_Pcp484;tr3;Exit evaluation for truck
exit_tr3_Pcp484;tr3;Exit for truck
lodge_Pcp297;Pcp297;lodged pickup plan
lodge_Pcp297;Cr4;cargo to be picked up
lodge_Pcp425;Pcp425;lodged pickup plan
lodge_Pcp425;Cr4;cargo to be picked up
assess_Pcp297;Pcp297;pickup plan to be assessed
assess_Pcp425;Pcp425;pickup plan to be assessed
approve_Pcp297;Pcp297;pickup plan approved
approve_Pcp425;Pcp425;pickup plan approved
lodge_Pcp192;Pcp192;lodged pickup plan
lodge_Pcp192;Cr20;cargo to be picked up
assess_Pcp192;Pcp192;pickup plan to be assessed
approve_Pcp192;Pcp192;pickup plan approved
assign_tr21_Pcp408;tr21;Pickup plan trucks assignment
enter_tr21_Pcp408;tr21;Entry evaluation for truck
assign_tr30_Pcp290;tr30;Pickup plan trucks assignment
register_arrival_tr21_Pcp408;tr21;truck for arrival registeration
weigh_empty_tr21_Pcp408;tr21;Empty truck weighed
check_abnorm_tr21_Pcp408;tr21;truck exmained for empty weight abnormality
enter_tr30_Pcp290;tr30;Entry evaluation for truck
arrive_Silo10_tr21_Pcp408;Silo10;Silo for truck load
register_arrival_tr30_Pcp290;tr30;truck for arrival registeration
weigh_empty_tr30_Pcp290;tr30;Empty truck weighed
check_abnorm_tr30_Pcp290;tr30;truck exmained for empty weight abnormality
arrive_Silo16_tr30_Pcp290;Silo16;Silo for truck load
determine_continu_tr21_Pcp408_Silo10;Silo10;silo evaluated for pickup continuance
load_tr21_Pcp408;tr21;cargo load for truck
determine_continu_tr30_Pcp290_Silo16;Silo16;silo evaluated for pickup continuance
load_tr30_Pcp290;tr30;cargo load for truck
assign_tr20_Pcp395;tr20;Pickup plan trucks assignment
enter_tr20_Pcp395;tr20;Entry evaluation for truck
register_arrival_tr20_Pcp395;tr20;truck for arrival registeration
weigh_empty_tr20_Pcp395;tr20;Empty truck weighed
assign_tr10_Pcp221;tr10;Pickup plan trucks assignment
check_abnorm_tr20_Pcp395;tr20;truck exmained for empty weight abnormality
enter_tr10_Pcp221;tr10;Entry evaluation for truck
arrive_Silo9_tr20_Pcp395;Silo9;Silo for truck load
register_arrival_tr10_Pcp221;tr10;truck for arrival registeration
weigh_empty_tr10_Pcp221;tr10;Empty truck weighed
check_abnorm_tr10_Pcp221;tr10;truck exmained for empty weight abnormality
arrive_Silo14_tr10_Pcp221;Silo14;Silo for truck load
determine_continu_tr20_Pcp395_Silo9;Silo9;silo evaluated for pickup continuance
load_tr20_Pcp395;tr20;cargo load for truck
determine_continu_tr10_Pcp221_Silo14;Silo14;silo evaluated for pickup continuance
load_tr10_Pcp221;tr10;cargo load for truck
assign_tr32_Pcp339;tr32;Pickup plan trucks assignment
enter_tr32_Pcp339;tr32;Entry evaluation for truck
register_arrival_tr32_Pcp339;tr32;truck for arrival registeration
assign_tr35_Pcp56;tr35;Pickup plan trucks assignment
weigh_loaded_tr21_Pcp408;tr21;Truck weighed
weigh_loaded_tr30_Pcp290;tr30;Truck weighed
issue_ticket_tr21_Pcp408;tr21;Printed weighing ticket for pickup plan
input_tally_tr21_Pcp408;tr21;Tally Sheet for pickup plan
eval_tr21exit_Pcp408;tr21;Exit evaluation for truck
exit_tr21_Pcp408;tr21;Exit for truck
issue_ticket_tr30_Pcp290;tr30;Printed weighing ticket for pickup plan
input_tally_tr30_Pcp290;tr30;Tally Sheet for pickup plan
eval_tr30exit_Pcp290;tr30;Exit evaluation for truck
weigh_empty_tr32_Pcp339;tr32;Empty truck weighed
check_abnorm_tr32_Pcp339;tr32;truck exmained for empty weight abnormality
assign_tr15_Pcp257;tr15;Pickup plan trucks assignment
arrive_Silo2_tr32_Pcp339;Silo2;Silo for truck load
enter_tr15_Pcp257;tr15;Entry evaluation for truck
assign_tr25_Pcp365;tr25;Pickup plan trucks assignment
exit_tr30_Pcp290;tr30;Exit for truck
enter_tr25_Pcp365;tr25;Entry evaluation for truck
register_arrival_tr15_Pcp257;tr15;truck for arrival registeration
assign_tr7_Pcp46;tr7;Pickup plan trucks assignment
enter_tr35_Pcp56;tr35;Entry evaluation for truck
weigh_empty_tr15_Pcp257;tr15;Empty truck weighed
check_abnorm_tr15_Pcp257;tr15;truck exmained for empty weight abnormality
enter_tr7_Pcp46;tr7;Entry evaluation for truck
arrive_Silo11_tr15_Pcp257;Silo11;Silo for truck load
determine_continu_tr32_Pcp339_Silo2;Silo2;silo evaluated for pickup continuance
register_arrival_tr25_Pcp365;tr25;truck for arrival registeration
fail_load_tr32_Pcp339;tr32;Truck fail to load
determine_continu_tr15_Pcp257_Silo11;Silo11;silo evaluated for pickup continuance
weigh_empty_tr25_Pcp365;tr25;Empty truck weighed
load_tr15_Pcp257;tr15;cargo load for truck
register_arrival_tr35_Pcp56;tr35;truck for arrival registeration
check_abnorm_tr25_Pcp365;tr25;truck exmained for empty weight abnormality
assign_tr40_Pcp145;tr40;Pickup plan trucks assignment
arrive_Silo14_tr25_Pcp365;Silo14;Silo for truck load
weigh_empty_tr35_Pcp56;tr35;Empty truck weighed
assign_tr18_Pcp456;tr18;Pickup plan trucks assignment
assign_tr33_Pcp341;tr33;Pickup plan trucks assignment
enter_tr40_Pcp145;tr40;Entry evaluation for truck
weigh_loaded_tr10_Pcp221;tr10;Truck weighed
assign_tr45_Pcp226;tr45;Pickup plan trucks assignment
check_abnorm_tr35_Pcp56;tr35;truck exmained for empty weight abnormality
enter_tr33_Pcp341;tr33;Entry evaluation for truck
arrive_Silo16_tr35_Pcp56;Silo16;Silo for truck load
determine_continu_tr25_Pcp365_Silo14;Silo14;silo evaluated for pickup continuance
issue_ticket_tr10_Pcp221;tr10;Printed weighing ticket for pickup plan
input_tally_tr10_Pcp221;tr10;Tally Sheet for pickup plan
enter_tr18_Pcp456;tr18;Entry evaluation for truck
eval_tr10exit_Pcp221;tr10;Exit evaluation for truck
register_arrival_tr33_Pcp341;tr33;truck for arrival registeration
exit_tr10_Pcp221;tr10;Exit for truck
register_arrival_tr7_Pcp46;tr7;truck for arrival registeration
register_arrival_tr40_Pcp145;tr40;truck for arrival registeration
enter_tr45_Pcp226;tr45;Entry evaluation for truck
weigh_empty_tr7_Pcp46;tr7;Empty truck weighed
check_abnorm_tr7_Pcp46;tr7;truck exmained for empty weight abnormality
load_tr25_Pcp365;tr25;cargo load for truck
arrive_Silo16_tr7_Pcp46;Silo16;Silo for truck load
determine_continu_tr35_Pcp56_Silo16;Silo16;silo evaluated for pickup continuance
register_arrival_tr45_Pcp226;tr45;truck for arrival registeration
weigh_empty_tr33_Pcp341;tr33;Empty truck weighed
register_arrival_tr18_Pcp456;tr18;truck for arrival registeration
determine_continu_tr7_Pcp46_Silo16;Silo16;silo evaluated for pickup continuance
check_abnorm_tr33_Pcp341;tr33;truck exmained for empty weight abnormality
load_tr7_Pcp46;tr7;cargo load for truck
weigh_empty_tr40_Pcp145;tr40;Empty truck weighed
load_tr35_Pcp56;tr35;cargo load for truck
check_abnorm_tr40_Pcp145;tr40;truck exmained for empty weight abnormality
arrive_Silo2_tr33_Pcp341;Silo2;Silo for truck load
arrive_Silo18_tr40_Pcp145;Silo18;Silo for truck load
assign_tr31_Pcp483;tr31;Pickup plan trucks assignment
enter_tr31_Pcp483;tr31;Entry evaluation for truck
assign_tr19_Pcp130;tr19;Pickup plan trucks assignment
weigh_empty_tr45_Pcp226;tr45;Empty truck weighed
register_arrival_tr31_Pcp483;tr31;truck for arrival registeration
assign_tr29_Pcp163;tr29;Pickup plan trucks assignment
enter_tr29_Pcp163;tr29;Entry evaluation for truck
check_abnorm_tr45_Pcp226;tr45;truck exmained for empty weight abnormality
determine_continu_tr33_Pcp341_Silo2;Silo2;silo evaluated for pickup continuance
weigh_loaded_tr20_Pcp395;tr20;Truck weighed
fail_load_tr33_Pcp341;tr33;Truck fail to load
assign_tr4_Pcp346;tr4;Pickup plan trucks assignment
arrive_Silo10_tr45_Pcp226;Silo10;Silo for truck load
enter_tr19_Pcp130;tr19;Entry evaluation for truck
assign_tr38_Pcp344;tr38;Pickup plan trucks assignment
issue_ticket_tr20_Pcp395;tr20;Printed weighing ticket for pickup plan
input_tally_tr20_Pcp395;tr20;Tally Sheet for pickup plan
eval_tr20exit_Pcp395;tr20;Exit evaluation for truck
exit_tr20_Pcp395;tr20;Exit for truck
enter_tr38_Pcp344;tr38;Entry evaluation for truck
register_arrival_tr19_Pcp130;tr19;truck for arrival registeration
weigh_empty_tr31_Pcp483;tr31;Empty truck weighed
register_arrival_tr38_Pcp344;tr38;truck for arrival registeration
check_abnorm_tr31_Pcp483;tr31;truck exmained for empty weight abnormality
weigh_empty_tr18_Pcp456;tr18;Empty truck weighed
check_abnorm_tr18_Pcp456;tr18;truck exmained for empty weight abnormality
arrive_Silo3_tr31_Pcp483;Silo3;Silo for truck load
assign_tr46_Pcp204;tr46;Pickup plan trucks assignment
weigh_loaded_tr7_Pcp46;tr7;Truck weighed
enter_tr4_Pcp346;tr4;Entry evaluation for truck
arrive_Silo19_tr18_Pcp456;Silo19;Silo for truck load
enter_tr46_Pcp204;tr46;Entry evaluation for truck
issue_ticket_tr7_Pcp46;tr7;Printed weighing ticket for pickup plan
input_tally_tr7_Pcp46;tr7;Tally Sheet for pickup plan
eval_tr7exit_Pcp46;tr7;Exit evaluation for truck
weigh_empty_tr19_Pcp130;tr19;Empty truck weighed
determine_continu_tr40_Pcp145_Silo18;Silo18;silo evaluated for pickup continuance
assign_tr44_Pcp411;tr44;Pickup plan trucks assignment
register_arrival_tr46_Pcp204;tr46;truck for arrival registeration
check_abnorm_tr19_Pcp130;tr19;truck exmained for empty weight abnormality
determine_continu_tr31_Pcp483_Silo3;Silo3;silo evaluated for pickup continuance
weigh_empty_tr38_Pcp344;tr38;Empty truck weighed
weigh_loaded_tr35_Pcp56;tr35;Truck weighed
exit_tr7_Pcp46;tr7;Exit for truck
arrive_Silo3_tr19_Pcp130;Silo3;Silo for truck load
enter_tr44_Pcp411;tr44;Entry evaluation for truck
load_tr31_Pcp483;tr31;cargo load for truck
load_tr40_Pcp145;tr40;cargo load for truck
weigh_empty_tr46_Pcp204;tr46;Empty truck weighed
check_abnorm_tr38_Pcp344;tr38;truck exmained for empty weight abnormality
register_arrival_tr4_Pcp346;tr4;truck for arrival registeration
arrive_Silo20_tr38_Pcp344;Silo20;Silo for truck load
issue_ticket_tr35_Pcp56;tr35;Printed weighing ticket for pickup plan
input_tally_tr35_Pcp56;tr35;Tally Sheet for pickup plan
check_abnorm_tr46_Pcp204;tr46;truck exmained for empty weight abnormality
determine_continu_tr18_Pcp456_Silo19;Silo19;silo evaluated for pickup continuance
eval_tr35exit_Pcp56;tr35;Exit evaluation for truck
determine_continu_tr45_Pcp226_Silo10;Silo10;silo evaluated for pickup continuance
arrive_Silo20_tr46_Pcp204;Silo20;Silo for truck load
exit_tr35_Pcp56;tr35;Exit for truck
load_tr18_Pcp456;tr18;cargo load for truck
determine_continu_tr46_Pcp204_Silo20;Silo20;silo evaluated for pickup continuance
load_tr45_Pcp226;tr45;cargo load for truck
weigh_loaded_tr25_Pcp365;tr25;Truck weighed
weigh_empty_tr4_Pcp346;tr4;Empty truck weighed
determine_continu_tr38_Pcp344_Silo20;Silo20;silo evaluated for pickup continuance
check_abnorm_tr4_Pcp346;tr4;truck exmained for empty weight abnormality
assign_tr42_Pcp403;tr42;Pickup plan trucks assignment
determine_continu_tr19_Pcp130_Silo3;Silo3;silo evaluated for pickup continuance
register_arrival_tr44_Pcp411;tr44;truck for arrival registeration
issue_ticket_tr25_Pcp365;tr25;Printed weighing ticket for pickup plan
input_tally_tr25_Pcp365;tr25;Tally Sheet for pickup plan
load_tr46_Pcp204;tr46;cargo load for truck
enter_tr42_Pcp403;tr42;Entry evaluation for truck
load_tr19_Pcp130;tr19;cargo load for truck
arrive_Silo17_tr4_Pcp346;Silo17;Silo for truck load
register_arrival_tr29_Pcp163;tr29;truck for arrival registeration
eval_tr25exit_Pcp365;tr25;Exit evaluation for truck
assign_tr11_Pcp107;tr11;Pickup plan trucks assignment
load_tr38_Pcp344;tr38;cargo load for truck
weigh_empty_tr29_Pcp163;tr29;Empty truck weighed
weigh_loaded_tr40_Pcp145;tr40;Truck weighed
weigh_empty_tr44_Pcp411;tr44;Empty truck weighed
check_abnorm_tr44_Pcp411;tr44;truck exmained for empty weight abnormality
exit_tr25_Pcp365;tr25;Exit for truck
arrive_Silo16_tr44_Pcp411;Silo16;Silo for truck load
weigh_loaded_tr15_Pcp257;tr15;Truck weighed
issue_ticket_tr15_Pcp257;tr15;Printed weighing ticket for pickup plan
input_tally_tr15_Pcp257;tr15;Tally Sheet for pickup plan
determine_continu_tr4_Pcp346_Silo17;Silo17;silo evaluated for pickup continuance
check_abnorm_tr29_Pcp163;tr29;truck exmained for empty weight abnormality
issue_ticket_tr40_Pcp145;tr40;Printed weighing ticket for pickup plan
input_tally_tr40_Pcp145;tr40;Tally Sheet for pickup plan
eval_tr40exit_Pcp145;tr40;Exit evaluation for truck
eval_tr15exit_Pcp257;tr15;Exit evaluation for truck
arrive_Silo1_tr29_Pcp163;Silo1;Silo for truck load
exit_tr40_Pcp145;tr40;Exit for truck
exit_tr15_Pcp257;tr15;Exit for truck
weigh_loaded_tr38_Pcp344;tr38;Truck weighed
load_tr4_Pcp346;tr4;cargo load for truck
weigh_loaded_tr46_Pcp204;tr46;Truck weighed
enter_tr11_Pcp107;tr11;Entry evaluation for truck
determine_continu_tr29_Pcp163_Silo1;Silo1;silo evaluated for pickup continuance
issue_ticket_tr46_Pcp204;tr46;Printed weighing ticket for pickup plan
input_tally_tr46_Pcp204;tr46;Tally Sheet for pickup plan
eval_tr46exit_Pcp204;tr46;Exit evaluation for truck
register_arrival_tr11_Pcp107;tr11;truck for arrival registeration
exit_tr46_Pcp204;tr46;Exit for truck
load_tr29_Pcp163;tr29;cargo load for truck
assign_tr23_Pcp281;tr23;Pickup plan trucks assignment
determine_continu_tr44_Pcp411_Silo16;Silo16;silo evaluated for pickup continuance
assign_tr49_Pcp360;tr49;Pickup plan trucks assignment
issue_ticket_tr38_Pcp344;tr38;Printed weighing ticket for pickup plan
input_tally_tr38_Pcp344;tr38;Tally Sheet for pickup plan
eval_tr38exit_Pcp344;tr38;Exit evaluation for truck
enter_tr23_Pcp281;tr23;Entry evaluation for truck
register_arrival_tr42_Pcp403;tr42;truck for arrival registeration
load_tr44_Pcp411;tr44;cargo load for truck
exit_tr38_Pcp344;tr38;Exit for truck
assign_tr17_Pcp306;tr17;Pickup plan trucks assignment
weigh_empty_tr11_Pcp107;tr11;Empty truck weighed
assign_tr24_Pcp436;tr24;Pickup plan trucks assignment
check_abnorm_tr11_Pcp107;tr11;truck exmained for empty weight abnormality
assign_tr1_Pcp396;tr1;Pickup plan trucks assignment
weigh_loaded_tr29_Pcp163;tr29;Truck weighed
weigh_empty_tr42_Pcp403;tr42;Empty truck weighed
arrive_Silo13_tr11_Pcp107;Silo13;Silo for truck load
enter_tr17_Pcp306;tr17;Entry evaluation for truck
enter_tr49_Pcp360;tr49;Entry evaluation for truck
weigh_loaded_tr44_Pcp411;tr44;Truck weighed
enter_tr1_Pcp396;tr1;Entry evaluation for truck
check_abnorm_tr42_Pcp403;tr42;truck exmained for empty weight abnormality
issue_ticket_tr29_Pcp163;tr29;Printed weighing ticket for pickup plan
input_tally_tr29_Pcp163;tr29;Tally Sheet for pickup plan
weigh_loaded_tr19_Pcp130;tr19;Truck weighed
eval_tr29exit_Pcp163;tr29;Exit evaluation for truck
register_arrival_tr17_Pcp306;tr17;truck for arrival registeration
enter_tr24_Pcp436;tr24;Entry evaluation for truck
arrive_Silo14_tr42_Pcp403;Silo14;Silo for truck load
exit_tr29_Pcp163;tr29;Exit for truck
register_arrival_tr49_Pcp360;tr49;truck for arrival registeration
determine_continu_tr11_Pcp107_Silo13;Silo13;silo evaluated for pickup continuance
determine_continu_tr42_Pcp403_Silo14;Silo14;silo evaluated for pickup continuance
load_tr42_Pcp403;tr42;cargo load for truck
issue_ticket_tr44_Pcp411;tr44;Printed weighing ticket for pickup plan
input_tally_tr44_Pcp411;tr44;Tally Sheet for pickup plan
eval_tr44exit_Pcp411;tr44;Exit evaluation for truck
issue_ticket_tr19_Pcp130;tr19;Printed weighing ticket for pickup plan
input_tally_tr19_Pcp130;tr19;Tally Sheet for pickup plan
eval_tr19exit_Pcp130;tr19;Exit evaluation for truck
register_arrival_tr23_Pcp281;tr23;truck for arrival registeration
exit_tr44_Pcp411;tr44;Exit for truck
exit_tr19_Pcp130;tr19;Exit for truck
register_arrival_tr24_Pcp436;tr24;truck for arrival registeration
weigh_empty_tr49_Pcp360;tr49;Empty truck weighed
check_abnorm_tr49_Pcp360;tr49;truck exmained for empty weight abnormality
arrive_Silo14_tr49_Pcp360;Silo14;Silo for truck load
load_tr11_Pcp107;tr11;cargo load for truck
weigh_empty_tr17_Pcp306;tr17;Empty truck weighed
check_abnorm_tr17_Pcp306;tr17;truck exmained for empty weight abnormality
weigh_loaded_tr18_Pcp456;tr18;Truck weighed
register_arrival_tr1_Pcp396;tr1;truck for arrival registeration
weigh_empty_tr23_Pcp281;tr23;Empty truck weighed
check_abnorm_tr23_Pcp281;tr23;truck exmained for empty weight abnormality
arrive_Silo6_tr17_Pcp306;Silo6;Silo for truck load
assign_tr8_Pcp158;tr8;Pickup plan trucks assignment
arrive_Silo18_tr23_Pcp281;Silo18;Silo for truck load
weigh_loaded_tr4_Pcp346;tr4;Truck weighed
enter_tr8_Pcp158;tr8;Entry evaluation for truck
weigh_loaded_tr31_Pcp483;tr31;Truck weighed
assign_tr26_Pcp268;tr26;Pickup plan trucks assignment
issue_ticket_tr4_Pcp346;tr4;Printed weighing ticket for pickup plan
weigh_loaded_tr11_Pcp107;tr11;Truck weighed
input_tally_tr4_Pcp346;tr4;Tally Sheet for pickup plan
eval_tr4exit_Pcp346;tr4;Exit evaluation for truck
enter_tr26_Pcp268;tr26;Entry evaluation for truck
exit_tr4_Pcp346;tr4;Exit for truck
determine_continu_tr49_Pcp360_Silo14;Silo14;silo evaluated for pickup continuance
assign_tr37_Pcp134;tr37;Pickup plan trucks assignment
enter_tr37_Pcp134;tr37;Entry evaluation for truck
issue_ticket_tr18_Pcp456;tr18;Printed weighing ticket for pickup plan
input_tally_tr18_Pcp456;tr18;Tally Sheet for pickup plan
eval_tr18exit_Pcp456;tr18;Exit evaluation for truck
assign_tr28_Pcp293;tr28;Pickup plan trucks assignment
determine_continu_tr17_Pcp306_Silo6;Silo6;silo evaluated for pickup continuance
assign_tr43_Pcp214;tr43;Pickup plan trucks assignment
weigh_loaded_tr42_Pcp403;tr42;Truck weighed
issue_ticket_tr31_Pcp483;tr31;Printed weighing ticket for pickup plan
input_tally_tr31_Pcp483;tr31;Tally Sheet for pickup plan
eval_tr31exit_Pcp483;tr31;Exit evaluation for truck
register_arrival_tr37_Pcp134;tr37;truck for arrival registeration
exit_tr31_Pcp483;tr31;Exit for truck
register_arrival_tr8_Pcp158;tr8;truck for arrival registeration
weigh_empty_tr1_Pcp396;tr1;Empty truck weighed
determine_continu_tr23_Pcp281_Silo18;Silo18;silo evaluated for pickup continuance
fail_load_tr17_Pcp306;tr17;Truck fail to load
exit_tr18_Pcp456;tr18;Exit for truck
load_tr49_Pcp360;tr49;cargo load for truck
issue_ticket_tr42_Pcp403;tr42;Printed weighing ticket for pickup plan
input_tally_tr42_Pcp403;tr42;Tally Sheet for pickup plan
eval_tr42exit_Pcp403;tr42;Exit evaluation for truck
check_abnorm_tr1_Pcp396;tr1;truck exmained for empty weight abnormality
issue_ticket_tr11_Pcp107;tr11;Printed weighing ticket for pickup plan
input_tally_tr11_Pcp107;tr11;Tally Sheet for pickup plan
eval_tr11exit_Pcp107;tr11;Exit evaluation for truck
arrive_Silo2_tr1_Pcp396;Silo2;Silo for truck load
load_tr23_Pcp281;tr23;cargo load for truck
weigh_empty_tr24_Pcp436;tr24;Empty truck weighed
register_arrival_tr26_Pcp268;tr26;truck for arrival registeration
exit_tr42_Pcp403;tr42;Exit for truck
exit_tr11_Pcp107;tr11;Exit for truck
check_abnorm_tr24_Pcp436;tr24;truck exmained for empty weight abnormality
enter_tr43_Pcp214;tr43;Entry evaluation for truck
weigh_empty_tr37_Pcp134;tr37;Empty truck weighed
weigh_loaded_tr45_Pcp226;tr45;Truck weighed
enter_tr28_Pcp293;tr28;Entry evaluation for truck
arrive_Silo3_tr24_Pcp436;Silo3;Silo for truck load
weigh_empty_tr8_Pcp158;tr8;Empty truck weighed
weigh_empty_tr26_Pcp268;tr26;Empty truck weighed
register_arrival_tr43_Pcp214;tr43;truck for arrival registeration
check_abnorm_tr37_Pcp134;tr37;truck exmained for empty weight abnormality
check_abnorm_tr26_Pcp268;tr26;truck exmained for empty weight abnormality
check_abnorm_tr8_Pcp158;tr8;truck exmained for empty weight abnormality
arrive_Silo10_tr26_Pcp268;Silo10;Silo for truck load
issue_ticket_tr45_Pcp226;tr45;Printed weighing ticket for pickup plan
input_tally_tr45_Pcp226;tr45;Tally Sheet for pickup plan
weigh_empty_tr43_Pcp214;tr43;Empty truck weighed
eval_tr45exit_Pcp226;tr45;Exit evaluation for truck
arrive_Silo2_tr37_Pcp134;Silo2;Silo for truck load
arrive_Silo10_tr8_Pcp158;Silo10;Silo for truck load
exit_tr45_Pcp226;tr45;Exit for truck
check_abnorm_tr43_Pcp214;tr43;truck exmained for empty weight abnormality
determine_continu_tr24_Pcp436_Silo3;Silo3;silo evaluated for pickup continuance
arrive_Silo10_tr43_Pcp214;Silo10;Silo for truck load
weigh_loaded_tr49_Pcp360;tr49;Truck weighed
determine_continu_tr1_Pcp396_Silo2;Silo2;silo evaluated for pickup continuance
register_arrival_tr28_Pcp293;tr28;truck for arrival registeration
load_tr24_Pcp436;tr24;cargo load for truck
issue_ticket_tr49_Pcp360;tr49;Printed weighing ticket for pickup plan
input_tally_tr49_Pcp360;tr49;Tally Sheet for pickup plan
eval_tr49exit_Pcp360;tr49;Exit evaluation for truck
exit_tr49_Pcp360;tr49;Exit for truck
determine_continu_tr8_Pcp158_Silo10;Silo10;silo evaluated for pickup continuance
determine_continu_tr37_Pcp134_Silo2;Silo2;silo evaluated for pickup continuance
load_tr8_Pcp158;tr8;cargo load for truck
load_tr37_Pcp134;tr37;cargo load for truck
load_tr1_Pcp396;tr1;cargo load for truck
weigh_empty_tr28_Pcp293;tr28;Empty truck weighed
check_abnorm_tr28_Pcp293;tr28;truck exmained for empty weight abnormality
determine_continu_tr43_Pcp214_Silo10;Silo10;silo evaluated for pickup continuance
arrive_Silo17_tr28_Pcp293;Silo17;Silo for truck load
determine_continu_tr26_Pcp268_Silo10;Silo10;silo evaluated for pickup continuance
assign_tr27_Pcp43;tr27;Pickup plan trucks assignment
load_tr26_Pcp268;tr26;cargo load for truck
load_tr43_Pcp214;tr43;cargo load for truck
enter_tr27_Pcp43;tr27;Entry evaluation for truck
assign_tr39_Pcp327;tr39;Pickup plan trucks assignment
enter_tr39_Pcp327;tr39;Entry evaluation for truck
weigh_loaded_tr37_Pcp134;tr37;Truck weighed
assign_tr9_Pcp74;tr9;Pickup plan trucks assignment
register_arrival_tr27_Pcp43;tr27;truck for arrival registeration
issue_ticket_tr37_Pcp134;tr37;Printed weighing ticket for pickup plan
input_tally_tr37_Pcp134;tr37;Tally Sheet for pickup plan
register_arrival_tr39_Pcp327;tr39;truck for arrival registeration
eval_tr37exit_Pcp134;tr37;Exit evaluation for truck
enter_tr9_Pcp74;tr9;Entry evaluation for truck
exit_tr37_Pcp134;tr37;Exit for truck
assign_tr6_Pcp279;tr6;Pickup plan trucks assignment
weigh_empty_tr39_Pcp327;tr39;Empty truck weighed
enter_tr6_Pcp279;tr6;Entry evaluation for truck
weigh_empty_tr27_Pcp43;tr27;Empty truck weighed
determine_continu_tr28_Pcp293_Silo17;Silo17;silo evaluated for pickup continuance
check_abnorm_tr27_Pcp43;tr27;truck exmained for empty weight abnormality
check_abnorm_tr39_Pcp327;tr39;truck exmained for empty weight abnormality
arrive_Silo10_tr27_Pcp43;Silo10;Silo for truck load
arrive_Silo10_tr39_Pcp327;Silo10;Silo for truck load
register_arrival_tr9_Pcp74;tr9;truck for arrival registeration
register_arrival_tr6_Pcp279;tr6;truck for arrival registeration
load_tr28_Pcp293;tr28;cargo load for truck
weigh_loaded_tr23_Pcp281;tr23;Truck weighed
determine_continu_tr39_Pcp327_Silo10;Silo10;silo evaluated for pickup continuance
load_tr39_Pcp327;tr39;cargo load for truck
weigh_loaded_tr1_Pcp396;tr1;Truck weighed
issue_ticket_tr23_Pcp281;tr23;Printed weighing ticket for pickup plan
input_tally_tr23_Pcp281;tr23;Tally Sheet for pickup plan
eval_tr23exit_Pcp281;tr23;Exit evaluation for truck
exit_tr23_Pcp281;tr23;Exit for truck
determine_continu_tr27_Pcp43_Silo10;Silo10;silo evaluated for pickup continuance
load_tr27_Pcp43;tr27;cargo load for truck
issue_ticket_tr1_Pcp396;tr1;Printed weighing ticket for pickup plan
input_tally_tr1_Pcp396;tr1;Tally Sheet for pickup plan
eval_tr1exit_Pcp396;tr1;Exit evaluation for truck
exit_tr1_Pcp396;tr1;Exit for truck
weigh_empty_tr9_Pcp74;tr9;Empty truck weighed
check_abnorm_tr9_Pcp74;tr9;truck exmained for empty weight abnormality
weigh_empty_tr6_Pcp279;tr6;Empty truck weighed
check_abnorm_tr6_Pcp279;tr6;truck exmained for empty weight abnormality
arrive_Silo19_tr6_Pcp279;Silo19;Silo for truck load
arrive_Silo18_tr9_Pcp74;Silo18;Silo for truck load
weigh_loaded_tr27_Pcp43;tr27;Truck weighed
assign_tr14_Pcp485;tr14;Pickup plan trucks assignment
enter_tr14_Pcp485;tr14;Entry evaluation for truck
weigh_loaded_tr8_Pcp158;tr8;Truck weighed
register_arrival_tr14_Pcp485;tr14;truck for arrival registeration
determine_continu_tr6_Pcp279_Silo19;Silo19;silo evaluated for pickup continuance
determine_continu_tr9_Pcp74_Silo18;Silo18;silo evaluated for pickup continuance
weigh_empty_tr14_Pcp485;tr14;Empty truck weighed
load_tr6_Pcp279;tr6;cargo load for truck
check_abnorm_tr14_Pcp485;tr14;truck exmained for empty weight abnormality
issue_ticket_tr8_Pcp158;tr8;Printed weighing ticket for pickup plan
input_tally_tr8_Pcp158;tr8;Tally Sheet for pickup plan
eval_tr8exit_Pcp158;tr8;Exit evaluation for truck
exit_tr8_Pcp158;tr8;Exit for truck
weigh_loaded_tr43_Pcp214;tr43;Truck weighed
arrive_Silo19_tr14_Pcp485;Silo19;Silo for truck load
load_tr9_Pcp74;tr9;cargo load for truck
issue_ticket_tr43_Pcp214;tr43;Printed weighing ticket for pickup plan
input_tally_tr43_Pcp214;tr43;Tally Sheet for pickup plan
eval_tr43exit_Pcp214;tr43;Exit evaluation for truck
exit_tr43_Pcp214;tr43;Exit for truck
issue_ticket_tr27_Pcp43;tr27;Printed weighing ticket for pickup plan
input_tally_tr27_Pcp43;tr27;Tally Sheet for pickup plan
eval_tr27exit_Pcp43;tr27;Exit evaluation for truck
exit_tr27_Pcp43;tr27;Exit for truck
weigh_loaded_tr6_Pcp279;tr6;Truck weighed
determine_continu_tr14_Pcp485_Silo19;Silo19;silo evaluated for pickup continuance
issue_ticket_tr6_Pcp279;tr6;Printed weighing ticket for pickup plan
input_tally_tr6_Pcp279;tr6;Tally Sheet for pickup plan
eval_tr6exit_Pcp279;tr6;Exit evaluation for truck
weigh_loaded_tr9_Pcp74;tr9;Truck weighed
exit_tr6_Pcp279;tr6;Exit for truck
load_tr14_Pcp485;tr14;cargo load for truck
issue_ticket_tr9_Pcp74;tr9;Printed weighing ticket for pickup plan
input_tally_tr9_Pcp74;tr9;Tally Sheet for pickup plan
eval_tr9exit_Pcp74;tr9;Exit evaluation for truck
detain_tr9_Pcp74;tr9;Detain examination for truck
exit_tr9_Pcp74;tr9;Exit for truck
assign_tr16_Pcp198;tr16;Pickup plan trucks assignment
weigh_loaded_tr28_Pcp293;tr28;Truck weighed
issue_ticket_tr28_Pcp293;tr28;Printed weighing ticket for pickup plan
input_tally_tr28_Pcp293;tr28;Tally Sheet for pickup plan
eval_tr28exit_Pcp293;tr28;Exit evaluation for truck
exit_tr28_Pcp293;tr28;Exit for truck
weigh_loaded_tr14_Pcp485;tr14;Truck weighed
enter_tr16_Pcp198;tr16;Entry evaluation for truck
register_arrival_tr16_Pcp198;tr16;truck for arrival registeration
issue_ticket_tr14_Pcp485;tr14;Printed weighing ticket for pickup plan
input_tally_tr14_Pcp485;tr14;Tally Sheet for pickup plan
eval_tr14exit_Pcp485;tr14;Exit evaluation for truck
exit_tr14_Pcp485;tr14;Exit for truck
weigh_loaded_tr39_Pcp327;tr39;Truck weighed
weigh_empty_tr16_Pcp198;tr16;Empty truck weighed
issue_ticket_tr39_Pcp327;tr39;Printed weighing ticket for pickup plan
input_tally_tr39_Pcp327;tr39;Tally Sheet for pickup plan
eval_tr39exit_Pcp327;tr39;Exit evaluation for truck
exit_tr39_Pcp327;tr39;Exit for truck
weigh_loaded_tr24_Pcp436;tr24;Truck weighed
check_abnorm_tr16_Pcp198;tr16;truck exmained for empty weight abnormality
arrive_Silo18_tr16_Pcp198;Silo18;Silo for truck load
issue_ticket_tr24_Pcp436;tr24;Printed weighing ticket for pickup plan
input_tally_tr24_Pcp436;tr24;Tally Sheet for pickup plan
eval_tr24exit_Pcp436;tr24;Exit evaluation for truck
exit_tr24_Pcp436;tr24;Exit for truck
determine_continu_tr16_Pcp198_Silo18;Silo18;silo evaluated for pickup continuance
load_tr16_Pcp198;tr16;cargo load for truck
weigh_loaded_tr26_Pcp268;tr26;Truck weighed
issue_ticket_tr26_Pcp268;tr26;Printed weighing ticket for pickup plan
input_tally_tr26_Pcp268;tr26;Tally Sheet for pickup plan
eval_tr26exit_Pcp268;tr26;Exit evaluation for truck
exit_tr26_Pcp268;tr26;Exit for truck
weigh_loaded_tr16_Pcp198;tr16;Truck weighed
assign_tr5_Pcp363;tr5;Pickup plan trucks assignment
issue_ticket_tr16_Pcp198;tr16;Printed weighing ticket for pickup plan
input_tally_tr16_Pcp198;tr16;Tally Sheet for pickup plan
eval_tr16exit_Pcp198;tr16;Exit evaluation for truck
exit_tr16_Pcp198;tr16;Exit for truck
enter_tr5_Pcp363;tr5;Entry evaluation for truck
register_arrival_tr5_Pcp363;tr5;truck for arrival registeration
weigh_empty_tr5_Pcp363;tr5;Empty truck weighed
check_abnorm_tr5_Pcp363;tr5;truck exmained for empty weight abnormality
arrive_Silo15_tr5_Pcp363;Silo15;Silo for truck load
assign_tr48_Pcp131;tr48;Pickup plan trucks assignment
determine_continu_tr5_Pcp363_Silo15;Silo15;silo evaluated for pickup continuance
load_tr5_Pcp363;tr5;cargo load for truck
enter_tr48_Pcp131;tr48;Entry evaluation for truck
weigh_loaded_tr5_Pcp363;tr5;Truck weighed
issue_ticket_tr5_Pcp363;tr5;Printed weighing ticket for pickup plan
input_tally_tr5_Pcp363;tr5;Tally Sheet for pickup plan
eval_tr5exit_Pcp363;tr5;Exit evaluation for truck
exit_tr5_Pcp363;tr5;Exit for truck
register_arrival_tr48_Pcp131;tr48;truck for arrival registeration
weigh_empty_tr48_Pcp131;tr48;Empty truck weighed
check_abnorm_tr48_Pcp131;tr48;truck exmained for empty weight abnormality
arrive_Silo10_tr48_Pcp131;Silo10;Silo for truck load
assign_tr41_Pcp315;tr41;Pickup plan trucks assignment
enter_tr41_Pcp315;tr41;Entry evaluation for truck
assign_tr34_Pcp74;tr34;Pickup plan trucks assignment
register_arrival_tr41_Pcp315;tr41;truck for arrival registeration
determine_continu_tr48_Pcp131_Silo10;Silo10;silo evaluated for pickup continuance
weigh_empty_tr41_Pcp315;tr41;Empty truck weighed
check_abnorm_tr41_Pcp315;tr41;truck exmained for empty weight abnormality
load_tr48_Pcp131;tr48;cargo load for truck
arrive_Silo2_tr41_Pcp315;Silo2;Silo for truck load
enter_tr34_Pcp74;tr34;Entry evaluation for truck
determine_continu_tr41_Pcp315_Silo2;Silo2;silo evaluated for pickup continuance
register_arrival_tr34_Pcp74;tr34;truck for arrival registeration
load_tr41_Pcp315;tr41;cargo load for truck
weigh_loaded_tr41_Pcp315;tr41;Truck weighed
weigh_empty_tr34_Pcp74;tr34;Empty truck weighed
check_abnorm_tr34_Pcp74;tr34;truck exmained for empty weight abnormality
issue_ticket_tr41_Pcp315;tr41;Printed weighing ticket for pickup plan
input_tally_tr41_Pcp315;tr41;Tally Sheet for pickup plan
eval_tr41exit_Pcp315;tr41;Exit evaluation for truck
arrive_Silo18_tr34_Pcp74;Silo18;Silo for truck load
exit_tr41_Pcp315;tr41;Exit for truck
determine_continu_tr34_Pcp74_Silo18;Silo18;silo evaluated for pickup continuance
load_tr34_Pcp74;tr34;cargo load for truck
weigh_loaded_tr48_Pcp131;tr48;Truck weighed
issue_ticket_tr48_Pcp131;tr48;Printed weighing ticket for pickup plan
input_tally_tr48_Pcp131;tr48;Tally Sheet for pickup plan
eval_tr48exit_Pcp131;tr48;Exit evaluation for truck
exit_tr48_Pcp131;tr48;Exit for truck
weigh_loaded_tr34_Pcp74;tr34;Truck weighed
issue_ticket_tr34_Pcp74;tr34;Printed weighing ticket for pickup plan
input_tally_tr34_Pcp74;tr34;Tally Sheet for pickup plan
eval_tr34exit_Pcp74;tr34;Exit evaluation for truck
exit_tr34_Pcp74;tr34;Exit for truck
assign_tr13_Pcp472;tr13;Pickup plan trucks assignment
assign_tr47_Pcp476;tr47;Pickup plan trucks assignment
enter_tr47_Pcp476;tr47;Entry evaluation for truck
enter_tr13_Pcp472;tr13;Entry evaluation for truck
register_arrival_tr47_Pcp476;tr47;truck for arrival registeration
register_arrival_tr13_Pcp472;tr13;truck for arrival registeration
weigh_empty_tr47_Pcp476;tr47;Empty truck weighed
check_abnorm_tr47_Pcp476;tr47;truck exmained for empty weight abnormality
arrive_Silo16_tr47_Pcp476;Silo16;Silo for truck load
determine_continu_tr47_Pcp476_Silo16;Silo16;silo evaluated for pickup continuance
assign_tr2_Pcp362;tr2;Pickup plan trucks assignment
load_tr47_Pcp476;tr47;cargo load for truck
enter_tr2_Pcp362;tr2;Entry evaluation for truck
weigh_empty_tr13_Pcp472;tr13;Empty truck weighed
check_abnorm_tr13_Pcp472;tr13;truck exmained for empty weight abnormality
register_arrival_tr2_Pcp362;tr2;truck for arrival registeration
arrive_Silo12_tr13_Pcp472;Silo12;Silo for truck load
weigh_loaded_tr47_Pcp476;tr47;Truck weighed
weigh_empty_tr2_Pcp362;tr2;Empty truck weighed
determine_continu_tr13_Pcp472_Silo12;Silo12;silo evaluated for pickup continuance
check_abnorm_tr2_Pcp362;tr2;truck exmained for empty weight abnormality
load_tr13_Pcp472;tr13;cargo load for truck
arrive_Silo9_tr2_Pcp362;Silo9;Silo for truck load
issue_ticket_tr47_Pcp476;tr47;Printed weighing ticket for pickup plan
input_tally_tr47_Pcp476;tr47;Tally Sheet for pickup plan
eval_tr47exit_Pcp476;tr47;Exit evaluation for truck
exit_tr47_Pcp476;tr47;Exit for truck
determine_continu_tr2_Pcp362_Silo9;Silo9;silo evaluated for pickup continuance
load_tr2_Pcp362;tr2;cargo load for truck
weigh_loaded_tr13_Pcp472;tr13;Truck weighed
assign_tr36_Pcp85;tr36;Pickup plan trucks assignment
enter_tr36_Pcp85;tr36;Entry evaluation for truck
issue_ticket_tr13_Pcp472;tr13;Printed weighing ticket for pickup plan
input_tally_tr13_Pcp472;tr13;Tally Sheet for pickup plan
eval_tr13exit_Pcp472;tr13;Exit evaluation for truck
exit_tr13_Pcp472;tr13;Exit for truck
assign_tr50_Pcp483;tr50;Pickup plan trucks assignment
register_arrival_tr36_Pcp85;tr36;truck for arrival registeration
enter_tr50_Pcp483;tr50;Entry evaluation for truck
register_arrival_tr50_Pcp483;tr50;truck for arrival registeration
weigh_empty_tr50_Pcp483;tr50;Empty truck weighed
check_abnorm_tr50_Pcp483;tr50;truck exmained for empty weight abnormality
weigh_empty_tr36_Pcp85;tr36;Empty truck weighed
arrive_Silo3_tr50_Pcp483;Silo3;Silo for truck load
check_abnorm_tr36_Pcp85;tr36;truck exmained for empty weight abnormality
weigh_loaded_tr2_Pcp362;tr2;Truck weighed
arrive_Silo17_tr36_Pcp85;Silo17;Silo for truck load
issue_ticket_tr2_Pcp362;tr2;Printed weighing ticket for pickup plan
input_tally_tr2_Pcp362;tr2;Tally Sheet for pickup plan
eval_tr2exit_Pcp362;tr2;Exit evaluation for truck
exit_tr2_Pcp362;tr2;Exit for truck
determine_continu_tr50_Pcp483_Silo3;Silo3;silo evaluated for pickup continuance
load_tr50_Pcp483;tr50;cargo load for truck
assign_tr12_Pcp389;tr12;Pickup plan trucks assignment
determine_continu_tr36_Pcp85_Silo17;Silo17;silo evaluated for pickup continuance
enter_tr12_Pcp389;tr12;Entry evaluation for truck
register_arrival_tr12_Pcp389;tr12;truck for arrival registeration
load_tr36_Pcp85;tr36;cargo load for truck
weigh_empty_tr12_Pcp389;tr12;Empty truck weighed
check_abnorm_tr12_Pcp389;tr12;truck exmained for empty weight abnormality
arrive_Silo12_tr12_Pcp389;Silo12;Silo for truck load
determine_continu_tr12_Pcp389_Silo12;Silo12;silo evaluated for pickup continuance
load_tr12_Pcp389;tr12;cargo load for truck
weigh_loaded_tr50_Pcp483;tr50;Truck weighed
issue_ticket_tr50_Pcp483;tr50;Printed weighing ticket for pickup plan
input_tally_tr50_Pcp483;tr50;Tally Sheet for pickup plan
eval_tr50exit_Pcp483;tr50;Exit evaluation for truck
exit_tr50_Pcp483;tr50;Exit for truck
assign_tr22_Pcp466;tr22;Pickup plan trucks assignment
enter_tr22_Pcp466;tr22;Entry evaluation for truck
register_arrival_tr22_Pcp466;tr22;truck for arrival registeration
weigh_empty_tr22_Pcp466;tr22;Empty truck weighed
check_abnorm_tr22_Pcp466;tr22;truck exmained for empty weight abnormality
assign_tr3_Pcp324;tr3;Pickup plan trucks assignment
arrive_Silo18_tr22_Pcp466;Silo18;Silo for truck load
enter_tr3_Pcp324;tr3;Entry evaluation for truck
register_arrival_tr3_Pcp324;tr3;truck for arrival registeration
weigh_empty_tr3_Pcp324;tr3;Empty truck weighed
check_abnorm_tr3_Pcp324;tr3;truck exmained for empty weight abnormality
arrive_Silo17_tr3_Pcp324;Silo17;Silo for truck load
determine_continu_tr22_Pcp466_Silo18;Silo18;silo evaluated for pickup continuance
weigh_loaded_tr36_Pcp85;tr36;Truck weighed
load_tr22_Pcp466;tr22;cargo load for truck
issue_ticket_tr36_Pcp85;tr36;Printed weighing ticket for pickup plan
input_tally_tr36_Pcp85;tr36;Tally Sheet for pickup plan
eval_tr36exit_Pcp85;tr36;Exit evaluation for truck
exit_tr36_Pcp85;tr36;Exit for truck
determine_continu_tr3_Pcp324_Silo17;Silo17;silo evaluated for pickup continuance
load_tr3_Pcp324;tr3;cargo load for truck
weigh_loaded_tr22_Pcp466;tr22;Truck weighed
issue_ticket_tr22_Pcp466;tr22;Printed weighing ticket for pickup plan
input_tally_tr22_Pcp466;tr22;Tally Sheet for pickup plan
eval_tr22exit_Pcp466;tr22;Exit evaluation for truck
exit_tr22_Pcp466;tr22;Exit for truck
weigh_loaded_tr12_Pcp389;tr12;Truck weighed
issue_ticket_tr12_Pcp389;tr12;Printed weighing ticket for pickup plan
input_tally_tr12_Pcp389;tr12;Tally Sheet for pickup plan
eval_tr12exit_Pcp389;tr12;Exit evaluation for truck
exit_tr12_Pcp389;tr12;Exit for truck
lodge_Pcp429;Pcp429;lodged pickup plan
lodge_Pcp429;Cr4;cargo to be picked up
weigh_loaded_tr3_Pcp324;tr3;Truck weighed
issue_ticket_tr3_Pcp324;tr3;Printed weighing ticket for pickup plan
input_tally_tr3_Pcp324;tr3;Tally Sheet for pickup plan
eval_tr3exit_Pcp324;tr3;Exit evaluation for truck
exit_tr3_Pcp324;tr3;Exit for truck
lodge_Pcp250;Pcp250;lodged pickup plan
lodge_Pcp250;Cr17;cargo to be picked up
assess_Pcp250;Pcp250;pickup plan to be assessed
approve_Pcp250;Pcp250;pickup plan approved
lodge_Pcp50;Pcp50;lodged pickup plan
lodge_Pcp50;Cr4;cargo to be picked up
assess_Pcp429;Pcp429;pickup plan to be assessed
approve_Pcp429;Pcp429;pickup plan approved
assess_Pcp50;Pcp50;pickup plan to be assessed
approve_Pcp50;Pcp50;pickup plan approved
assign_tr21_Pcp155;tr21;Pickup plan trucks assignment
assign_tr30_Pcp1;tr30;Pickup plan trucks assignment
enter_tr21_Pcp155;tr21;Entry evaluation for truck
register_arrival_tr21_Pcp155;tr21;truck for arrival registeration
weigh_empty_tr21_Pcp155;tr21;Empty truck weighed
enter_tr30_Pcp1;tr30;Entry evaluation for truck
check_abnorm_tr21_Pcp155;tr21;truck exmained for empty weight abnormality
arrive_Silo9_tr21_Pcp155;Silo9;Silo for truck load
register_arrival_tr30_Pcp1;tr30;truck for arrival registeration
determine_continu_tr21_Pcp155_Silo9;Silo9;silo evaluated for pickup continuance
assign_tr32_Pcp379;tr32;Pickup plan trucks assignment
weigh_empty_tr30_Pcp1;tr30;Empty truck weighed
enter_tr32_Pcp379;tr32;Entry evaluation for truck
check_abnorm_tr30_Pcp1;tr30;truck exmained for empty weight abnormality
arrive_Silo1_tr30_Pcp1;Silo1;Silo for truck load
register_arrival_tr32_Pcp379;tr32;truck for arrival registeration
load_tr21_Pcp155;tr21;cargo load for truck
determine_continu_tr30_Pcp1_Silo1;Silo1;silo evaluated for pickup continuance
assign_tr10_Pcp130;tr10;Pickup plan trucks assignment
weigh_empty_tr32_Pcp379;tr32;Empty truck weighed
check_abnorm_tr32_Pcp379;tr32;truck exmained for empty weight abnormality
load_tr30_Pcp1;tr30;cargo load for truck
arrive_Silo4_tr32_Pcp379;Silo4;Silo for truck load
enter_tr10_Pcp130;tr10;Entry evaluation for truck
register_arrival_tr10_Pcp130;tr10;truck for arrival registeration
determine_continu_tr32_Pcp379_Silo4;Silo4;silo evaluated for pickup continuance
load_tr32_Pcp379;tr32;cargo load for truck
weigh_loaded_tr30_Pcp1;tr30;Truck weighed
weigh_empty_tr10_Pcp130;tr10;Empty truck weighed
check_abnorm_tr10_Pcp130;tr10;truck exmained for empty weight abnormality
issue_ticket_tr30_Pcp1;tr30;Printed weighing ticket for pickup plan
input_tally_tr30_Pcp1;tr30;Tally Sheet for pickup plan
eval_tr30exit_Pcp1;tr30;Exit evaluation for truck
exit_tr30_Pcp1;tr30;Exit for truck
arrive_Silo3_tr10_Pcp130;Silo3;Silo for truck load
assign_tr33_Pcp410;tr33;Pickup plan trucks assignment
assign_tr20_Pcp100;tr20;Pickup plan trucks assignment
weigh_loaded_tr21_Pcp155;tr21;Truck weighed
enter_tr33_Pcp410;tr33;Entry evaluation for truck
determine_continu_tr10_Pcp130_Silo3;Silo3;silo evaluated for pickup continuance
register_arrival_tr33_Pcp410;tr33;truck for arrival registeration
load_tr10_Pcp130;tr10;cargo load for truck
assign_tr7_Pcp339;tr7;Pickup plan trucks assignment
enter_tr7_Pcp339;tr7;Entry evaluation for truck
weigh_loaded_tr32_Pcp379;tr32;Truck weighed
enter_tr20_Pcp100;tr20;Entry evaluation for truck
issue_ticket_tr32_Pcp379;tr32;Printed weighing ticket for pickup plan
input_tally_tr32_Pcp379;tr32;Tally Sheet for pickup plan
register_arrival_tr7_Pcp339;tr7;truck for arrival registeration
assign_tr35_Pcp34;tr35;Pickup plan trucks assignment
register_arrival_tr20_Pcp100;tr20;truck for arrival registeration
eval_tr32exit_Pcp379;tr32;Exit evaluation for truck
enter_tr35_Pcp34;tr35;Entry evaluation for truck
exit_tr32_Pcp379;tr32;Exit for truck
weigh_empty_tr33_Pcp410;tr33;Empty truck weighed
register_arrival_tr35_Pcp34;tr35;truck for arrival registeration
check_abnorm_tr33_Pcp410;tr33;truck exmained for empty weight abnormality
issue_ticket_tr21_Pcp155;tr21;Printed weighing ticket for pickup plan
input_tally_tr21_Pcp155;tr21;Tally Sheet for pickup plan
eval_tr21exit_Pcp155;tr21;Exit evaluation for truck
exit_tr21_Pcp155;tr21;Exit for truck
weigh_empty_tr7_Pcp339;tr7;Empty truck weighed
weigh_empty_tr20_Pcp100;tr20;Empty truck weighed
arrive_Silo2_tr33_Pcp410;Silo2;Silo for truck load
check_abnorm_tr7_Pcp339;tr7;truck exmained for empty weight abnormality
check_abnorm_tr20_Pcp100;tr20;truck exmained for empty weight abnormality
arrive_Silo2_tr7_Pcp339;Silo2;Silo for truck load
arrive_Silo6_tr20_Pcp100;Silo6;Silo for truck load
weigh_empty_tr35_Pcp34;tr35;Empty truck weighed
determine_continu_tr20_Pcp100_Silo6;Silo6;silo evaluated for pickup continuance
assign_tr25_Pcp41;tr25;Pickup plan trucks assignment
determine_continu_tr33_Pcp410_Silo2;Silo2;silo evaluated for pickup continuance
determine_continu_tr7_Pcp339_Silo2;Silo2;silo evaluated for pickup continuance
check_abnorm_tr35_Pcp34;tr35;truck exmained for empty weight abnormality
load_tr33_Pcp410;tr33;cargo load for truck
assign_tr40_Pcp431;tr40;Pickup plan trucks assignment
arrive_Silo13_tr35_Pcp34;Silo13;Silo for truck load
assign_tr15_Pcp34;tr15;Pickup plan trucks assignment
enter_tr15_Pcp34;tr15;Entry evaluation for truck
load_tr7_Pcp339;tr7;cargo load for truck
register_arrival_tr15_Pcp34;tr15;truck for arrival registeration
load_tr20_Pcp100;tr20;cargo load for truck
weigh_loaded_tr10_Pcp130;tr10;Truck weighed
issue_ticket_tr10_Pcp130;tr10;Printed weighing ticket for pickup plan
input_tally_tr10_Pcp130;tr10;Tally Sheet for pickup plan
eval_tr10exit_Pcp130;tr10;Exit evaluation for truck
assign_tr46_Pcp220;tr46;Pickup plan trucks assignment
enter_tr25_Pcp41;tr25;Entry evaluation for truck
exit_tr10_Pcp130;tr10;Exit for truck
register_arrival_tr25_Pcp41;tr25;truck for arrival registeration
enter_tr40_Pcp431;tr40;Entry evaluation for truck
weigh_empty_tr15_Pcp34;tr15;Empty truck weighed
weigh_empty_tr25_Pcp41;tr25;Empty truck weighed
check_abnorm_tr15_Pcp34;tr15;truck exmained for empty weight abnormality
check_abnorm_tr25_Pcp41;tr25;truck exmained for empty weight abnormality
assign_tr38_Pcp161;tr38;Pickup plan trucks assignment
arrive_Silo13_tr15_Pcp34;Silo13;Silo for truck load
arrive_Silo20_tr25_Pcp41;Silo20;Silo for truck load
determine_continu_tr35_Pcp34_Silo13;Silo13;silo evaluated for pickup continuance
enter_tr38_Pcp161;tr38;Entry evaluation for truck
load_tr35_Pcp34;tr35;cargo load for truck
enter_tr46_Pcp220;tr46;Entry evaluation for truck
determine_continu_tr15_Pcp34_Silo13;Silo13;silo evaluated for pickup continuance
weigh_loaded_tr33_Pcp410;tr33;Truck weighed
assign_tr29_Pcp263;tr29;Pickup plan trucks assignment
register_arrival_tr38_Pcp161;tr38;truck for arrival registeration
load_tr15_Pcp34;tr15;cargo load for truck
register_arrival_tr46_Pcp220;tr46;truck for arrival registeration
enter_tr29_Pcp263;tr29;Entry evaluation for truck
issue_ticket_tr33_Pcp410;tr33;Printed weighing ticket for pickup plan
input_tally_tr33_Pcp410;tr33;Tally Sheet for pickup plan
register_arrival_tr40_Pcp431;tr40;truck for arrival registeration
register_arrival_tr29_Pcp263;tr29;truck for arrival registeration
eval_tr33exit_Pcp410;tr33;Exit evaluation for truck
weigh_empty_tr46_Pcp220;tr46;Empty truck weighed
exit_tr33_Pcp410;tr33;Exit for truck
assign_tr44_Pcp124;tr44;Pickup plan trucks assignment
weigh_empty_tr38_Pcp161;tr38;Empty truck weighed
check_abnorm_tr46_Pcp220;tr46;truck exmained for empty weight abnormality
weigh_empty_tr29_Pcp263;tr29;Empty truck weighed
weigh_loaded_tr15_Pcp34;tr15;Truck weighed
arrive_Silo3_tr46_Pcp220;Silo3;Silo for truck load
weigh_empty_tr40_Pcp431;tr40;Empty truck weighed
assign_tr19_Pcp186;tr19;Pickup plan trucks assignment
check_abnorm_tr38_Pcp161;tr38;truck exmained for empty weight abnormality
enter_tr19_Pcp186;tr19;Entry evaluation for truck
check_abnorm_tr40_Pcp431;tr40;truck exmained for empty weight abnormality
arrive_Silo12_tr38_Pcp161;Silo12;Silo for truck load
check_abnorm_tr29_Pcp263;tr29;truck exmained for empty weight abnormality
determine_continu_tr46_Pcp220_Silo3;Silo3;silo evaluated for pickup continuance
arrive_Silo8_tr40_Pcp431;Silo8;Silo for truck load
determine_continu_tr25_Pcp41_Silo20;Silo20;silo evaluated for pickup continuance
issue_ticket_tr15_Pcp34;tr15;Printed weighing ticket for pickup plan
load_tr46_Pcp220;tr46;cargo load for truck
input_tally_tr15_Pcp34;tr15;Tally Sheet for pickup plan
arrive_Silo6_tr29_Pcp263;Silo6;Silo for truck load
eval_tr15exit_Pcp34;tr15;Exit evaluation for truck
exit_tr15_Pcp34;tr15;Exit for truck
load_tr25_Pcp41;tr25;cargo load for truck
determine_continu_tr38_Pcp161_Silo12;Silo12;silo evaluated for pickup continuance
register_arrival_tr19_Pcp186;tr19;truck for arrival registeration
load_tr38_Pcp161;tr38;cargo load for truck
enter_tr44_Pcp124;tr44;Entry evaluation for truck
determine_continu_tr40_Pcp431_Silo8;Silo8;silo evaluated for pickup continuance
register_arrival_tr44_Pcp124;tr44;truck for arrival registeration
assign_tr4_Pcp240;tr4;Pickup plan trucks assignment
determine_continu_tr29_Pcp263_Silo6;Silo6;silo evaluated for pickup continuance
load_tr29_Pcp263;tr29;cargo load for truck
assign_tr31_Pcp469;tr31;Pickup plan trucks assignment
weigh_empty_tr44_Pcp124;tr44;Empty truck weighed
load_tr40_Pcp431;tr40;cargo load for truck
enter_tr4_Pcp240;tr4;Entry evaluation for truck
assign_tr17_Pcp433;tr17;Pickup plan trucks assignment
weigh_loaded_tr20_Pcp100;tr20;Truck weighed
check_abnorm_tr44_Pcp124;tr44;truck exmained for empty weight abnormality
weigh_empty_tr19_Pcp186;tr19;Empty truck weighed
assign_tr18_Pcp285;tr18;Pickup plan trucks assignment
issue_ticket_tr20_Pcp100;tr20;Printed weighing ticket for pickup plan
input_tally_tr20_Pcp100;tr20;Tally Sheet for pickup plan
enter_tr18_Pcp285;tr18;Entry evaluation for truck
enter_tr31_Pcp469;tr31;Entry evaluation for truck
arrive_Silo5_tr44_Pcp124;Silo5;Silo for truck load
eval_tr20exit_Pcp100;tr20;Exit evaluation for truck
check_abnorm_tr19_Pcp186;tr19;truck exmained for empty weight abnormality
exit_tr20_Pcp100;tr20;Exit for truck
arrive_Silo10_tr19_Pcp186;Silo10;Silo for truck load
register_arrival_tr4_Pcp240;tr4;truck for arrival registeration
assign_tr11_Pcp398;tr11;Pickup plan trucks assignment
enter_tr17_Pcp433;tr17;Entry evaluation for truck
register_arrival_tr18_Pcp285;tr18;truck for arrival registeration
weigh_empty_tr4_Pcp240;tr4;Empty truck weighed
register_arrival_tr31_Pcp469;tr31;truck for arrival registeration
assign_tr42_Pcp315;tr42;Pickup plan trucks assignment
check_abnorm_tr4_Pcp240;tr4;truck exmained for empty weight abnormality
register_arrival_tr17_Pcp433;tr17;truck for arrival registeration
arrive_Silo15_tr4_Pcp240;Silo15;Silo for truck load
enter_tr11_Pcp398;tr11;Entry evaluation for truck
assign_tr45_Pcp170;tr45;Pickup plan trucks assignment
enter_tr42_Pcp315;tr42;Entry evaluation for truck
weigh_loaded_tr25_Pcp41;tr25;Truck weighed
weigh_empty_tr17_Pcp433;tr17;Empty truck weighed
check_abnorm_tr17_Pcp433;tr17;truck exmained for empty weight abnormality
determine_continu_tr4_Pcp240_Silo15;Silo15;silo evaluated for pickup continuance
weigh_loaded_tr38_Pcp161;tr38;Truck weighed
arrive_Silo13_tr17_Pcp433;Silo13;Silo for truck load
weigh_empty_tr31_Pcp469;tr31;Empty truck weighed
assign_tr49_Pcp152;tr49;Pickup plan trucks assignment
register_arrival_tr42_Pcp315;tr42;truck for arrival registeration
check_abnorm_tr31_Pcp469;tr31;truck exmained for empty weight abnormality
enter_tr49_Pcp152;tr49;Entry evaluation for truck
arrive_Silo17_tr31_Pcp469;Silo17;Silo for truck load
issue_ticket_tr38_Pcp161;tr38;Printed weighing ticket for pickup plan
input_tally_tr38_Pcp161;tr38;Tally Sheet for pickup plan
eval_tr38exit_Pcp161;tr38;Exit evaluation for truck
exit_tr38_Pcp161;tr38;Exit for truck
load_tr4_Pcp240;tr4;cargo load for truck
weigh_empty_tr18_Pcp285;tr18;Empty truck weighed
determine_continu_tr44_Pcp124_Silo5;Silo5;silo evaluated for pickup continuance
check_abnorm_tr18_Pcp285;tr18;truck exmained for empty weight abnormality
enter_tr45_Pcp170;tr45;Entry evaluation for truck
load_tr44_Pcp124;tr44;cargo load for truck
weigh_loaded_tr29_Pcp263;tr29;Truck weighed
determine_continu_tr19_Pcp186_Silo10;Silo10;silo evaluated for pickup continuance
issue_ticket_tr25_Pcp41;tr25;Printed weighing ticket for pickup plan
input_tally_tr25_Pcp41;tr25;Tally Sheet for pickup plan
weigh_empty_tr42_Pcp315;tr42;Empty truck weighed
arrive_Silo19_tr18_Pcp285;Silo19;Silo for truck load
fail_load_tr19_Pcp186;tr19;Truck fail to load
check_abnorm_tr42_Pcp315;tr42;truck exmained for empty weight abnormality
eval_tr25exit_Pcp41;tr25;Exit evaluation for truck
exit_tr25_Pcp41;tr25;Exit for truck
arrive_Silo2_tr42_Pcp315;Silo2;Silo for truck load
issue_ticket_tr29_Pcp263;tr29;Printed weighing ticket for pickup plan
input_tally_tr29_Pcp263;tr29;Tally Sheet for pickup plan
eval_tr29exit_Pcp263;tr29;Exit evaluation for truck
determine_continu_tr31_Pcp469_Silo17;Silo17;silo evaluated for pickup continuance
exit_tr29_Pcp263;tr29;Exit for truck
load_tr31_Pcp469;tr31;cargo load for truck
register_arrival_tr45_Pcp170;tr45;truck for arrival registeration
determine_continu_tr17_Pcp433_Silo13;Silo13;silo evaluated for pickup continuance
register_arrival_tr49_Pcp152;tr49;truck for arrival registeration
load_tr17_Pcp433;tr17;cargo load for truck
weigh_loaded_tr4_Pcp240;tr4;Truck weighed
register_arrival_tr11_Pcp398;tr11;truck for arrival registeration
weigh_empty_tr45_Pcp170;tr45;Empty truck weighed
weigh_empty_tr49_Pcp152;tr49;Empty truck weighed
determine_continu_tr18_Pcp285_Silo19;Silo19;silo evaluated for pickup continuance
check_abnorm_tr45_Pcp170;tr45;truck exmained for empty weight abnormality
check_abnorm_tr49_Pcp152;tr49;truck exmained for empty weight abnormality
weigh_loaded_tr7_Pcp339;tr7;Truck weighed
arrive_Silo20_tr45_Pcp170;Silo20;Silo for truck load
weigh_loaded_tr35_Pcp34;tr35;Truck weighed
weigh_loaded_tr40_Pcp431;tr40;Truck weighed
arrive_Silo3_tr49_Pcp152;Silo3;Silo for truck load
load_tr18_Pcp285;tr18;cargo load for truck
issue_ticket_tr4_Pcp240;tr4;Printed weighing ticket for pickup plan
input_tally_tr4_Pcp240;tr4;Tally Sheet for pickup plan
eval_tr4exit_Pcp240;tr4;Exit evaluation for truck
issue_ticket_tr7_Pcp339;tr7;Printed weighing ticket for pickup plan
input_tally_tr7_Pcp339;tr7;Tally Sheet for pickup plan
exit_tr4_Pcp240;tr4;Exit for truck
eval_tr7exit_Pcp339;tr7;Exit evaluation for truck
weigh_empty_tr11_Pcp398;tr11;Empty truck weighed
check_abnorm_tr11_Pcp398;tr11;truck exmained for empty weight abnormality
exit_tr7_Pcp339;tr7;Exit for truck
arrive_Silo9_tr11_Pcp398;Silo9;Silo for truck load
issue_ticket_tr40_Pcp431;tr40;Printed weighing ticket for pickup plan
input_tally_tr40_Pcp431;tr40;Tally Sheet for pickup plan
eval_tr40exit_Pcp431;tr40;Exit evaluation for truck
exit_tr40_Pcp431;tr40;Exit for truck
determine_continu_tr42_Pcp315_Silo2;Silo2;silo evaluated for pickup continuance
determine_continu_tr49_Pcp152_Silo3;Silo3;silo evaluated for pickup continuance
issue_ticket_tr35_Pcp34;tr35;Printed weighing ticket for pickup plan
input_tally_tr35_Pcp34;tr35;Tally Sheet for pickup plan
eval_tr35exit_Pcp34;tr35;Exit evaluation for truck
determine_continu_tr11_Pcp398_Silo9;Silo9;silo evaluated for pickup continuance
weigh_loaded_tr31_Pcp469;tr31;Truck weighed
exit_tr35_Pcp34;tr35;Exit for truck
load_tr49_Pcp152;tr49;cargo load for truck
determine_continu_tr45_Pcp170_Silo20;Silo20;silo evaluated for pickup continuance
load_tr11_Pcp398;tr11;cargo load for truck
weigh_loaded_tr18_Pcp285;tr18;Truck weighed
assign_tr37_Pcp85;tr37;Pickup plan trucks assignment
load_tr45_Pcp170;tr45;cargo load for truck
load_tr42_Pcp315;tr42;cargo load for truck
issue_ticket_tr31_Pcp469;tr31;Printed weighing ticket for pickup plan
input_tally_tr31_Pcp469;tr31;Tally Sheet for pickup plan
eval_tr31exit_Pcp469;tr31;Exit evaluation for truck
exit_tr31_Pcp469;tr31;Exit for truck
enter_tr37_Pcp85;tr37;Entry evaluation for truck
weigh_loaded_tr46_Pcp220;tr46;Truck weighed
issue_ticket_tr18_Pcp285;tr18;Printed weighing ticket for pickup plan
input_tally_tr18_Pcp285;tr18;Tally Sheet for pickup plan
eval_tr18exit_Pcp285;tr18;Exit evaluation for truck
exit_tr18_Pcp285;tr18;Exit for truck
issue_ticket_tr46_Pcp220;tr46;Printed weighing ticket for pickup plan
input_tally_tr46_Pcp220;tr46;Tally Sheet for pickup plan
eval_tr46exit_Pcp220;tr46;Exit evaluation for truck
exit_tr46_Pcp220;tr46;Exit for truck
weigh_loaded_tr49_Pcp152;tr49;Truck weighed
weigh_loaded_tr42_Pcp315;tr42;Truck weighed
register_arrival_tr37_Pcp85;tr37;truck for arrival registeration
issue_ticket_tr42_Pcp315;tr42;Printed weighing ticket for pickup plan
input_tally_tr42_Pcp315;tr42;Tally Sheet for pickup plan
issue_ticket_tr49_Pcp152;tr49;Printed weighing ticket for pickup plan
input_tally_tr49_Pcp152;tr49;Tally Sheet for pickup plan
eval_tr42exit_Pcp315;tr42;Exit evaluation for truck
weigh_empty_tr37_Pcp85;tr37;Empty truck weighed
exit_tr42_Pcp315;tr42;Exit for truck
eval_tr49exit_Pcp152;tr49;Exit evaluation for truck
exit_tr49_Pcp152;tr49;Exit for truck
assign_tr23_Pcp64;tr23;Pickup plan trucks assignment
check_abnorm_tr37_Pcp85;tr37;truck exmained for empty weight abnormality
arrive_Silo17_tr37_Pcp85;Silo17;Silo for truck load
enter_tr23_Pcp64;tr23;Entry evaluation for truck
assign_tr1_Pcp314;tr1;Pickup plan trucks assignment
enter_tr1_Pcp314;tr1;Entry evaluation for truck
weigh_loaded_tr11_Pcp398;tr11;Truck weighed
determine_continu_tr37_Pcp85_Silo17;Silo17;silo evaluated for pickup continuance
register_arrival_tr23_Pcp64;tr23;truck for arrival registeration
issue_ticket_tr11_Pcp398;tr11;Printed weighing ticket for pickup plan
input_tally_tr11_Pcp398;tr11;Tally Sheet for pickup plan
load_tr37_Pcp85;tr37;cargo load for truck
eval_tr11exit_Pcp398;tr11;Exit evaluation for truck
register_arrival_tr1_Pcp314;tr1;truck for arrival registeration
detain_tr11_Pcp398;tr11;Detain examination for truck
weigh_empty_tr1_Pcp314;tr1;Empty truck weighed
check_abnorm_tr1_Pcp314;tr1;truck exmained for empty weight abnormality
arrive_Silo5_tr1_Pcp314;Silo5;Silo for truck load
determine_continu_tr1_Pcp314_Silo5;Silo5;silo evaluated for pickup continuance
exit_tr11_Pcp398;tr11;Exit for truck
weigh_loaded_tr37_Pcp85;tr37;Truck weighed
load_tr1_Pcp314;tr1;cargo load for truck
assign_tr8_Pcp430;tr8;Pickup plan trucks assignment
issue_ticket_tr37_Pcp85;tr37;Printed weighing ticket for pickup plan
input_tally_tr37_Pcp85;tr37;Tally Sheet for pickup plan
eval_tr37exit_Pcp85;tr37;Exit evaluation for truck
weigh_empty_tr23_Pcp64;tr23;Empty truck weighed
exit_tr37_Pcp85;tr37;Exit for truck
assign_tr43_Pcp306;tr43;Pickup plan trucks assignment
enter_tr43_Pcp306;tr43;Entry evaluation for truck
check_abnorm_tr23_Pcp64;tr23;truck exmained for empty weight abnormality
assign_tr27_Pcp107;tr27;Pickup plan trucks assignment
arrive_Silo20_tr23_Pcp64;Silo20;Silo for truck load
enter_tr8_Pcp430;tr8;Entry evaluation for truck
enter_tr27_Pcp107;tr27;Entry evaluation for truck
determine_continu_tr23_Pcp64_Silo20;Silo20;silo evaluated for pickup continuance
register_arrival_tr43_Pcp306;tr43;truck for arrival registeration
load_tr23_Pcp64;tr23;cargo load for truck
register_arrival_tr8_Pcp430;tr8;truck for arrival registeration
weigh_loaded_tr1_Pcp314;tr1;Truck weighed
register_arrival_tr27_Pcp107;tr27;truck for arrival registeration
weigh_empty_tr43_Pcp306;tr43;Empty truck weighed
assign_tr6_Pcp166;tr6;Pickup plan trucks assignment
weigh_empty_tr27_Pcp107;tr27;Empty truck weighed
check_abnorm_tr43_Pcp306;tr43;truck exmained for empty weight abnormality
arrive_Silo6_tr43_Pcp306;Silo6;Silo for truck load
issue_ticket_tr1_Pcp314;tr1;Printed weighing ticket for pickup plan
input_tally_tr1_Pcp314;tr1;Tally Sheet for pickup plan
enter_tr6_Pcp166;tr6;Entry evaluation for truck
register_arrival_tr6_Pcp166;tr6;truck for arrival registeration
weigh_empty_tr8_Pcp430;tr8;Empty truck weighed
eval_tr1exit_Pcp314;tr1;Exit evaluation for truck
exit_tr1_Pcp314;tr1;Exit for truck
check_abnorm_tr27_Pcp107;tr27;truck exmained for empty weight abnormality
determine_continu_tr43_Pcp306_Silo6;Silo6;silo evaluated for pickup continuance
arrive_Silo13_tr27_Pcp107;Silo13;Silo for truck load
load_tr43_Pcp306;tr43;cargo load for truck
check_abnorm_tr8_Pcp430;tr8;truck exmained for empty weight abnormality
arrive_Silo13_tr8_Pcp430;Silo13;Silo for truck load
weigh_empty_tr6_Pcp166;tr6;Empty truck weighed
determine_continu_tr8_Pcp430_Silo13;Silo13;silo evaluated for pickup continuance
check_abnorm_tr6_Pcp166;tr6;truck exmained for empty weight abnormality
arrive_Silo1_tr6_Pcp166;Silo1;Silo for truck load
load_tr8_Pcp430;tr8;cargo load for truck
assign_tr9_Pcp464;tr9;Pickup plan trucks assignment
determine_continu_tr27_Pcp107_Silo13;Silo13;silo evaluated for pickup continuance
determine_continu_tr6_Pcp166_Silo1;Silo1;silo evaluated for pickup continuance
enter_tr9_Pcp464;tr9;Entry evaluation for truck
register_arrival_tr9_Pcp464;tr9;truck for arrival registeration
load_tr6_Pcp166;tr6;cargo load for truck
load_tr27_Pcp107;tr27;cargo load for truck
weigh_empty_tr9_Pcp464;tr9;Empty truck weighed
check_abnorm_tr9_Pcp464;tr9;truck exmained for empty weight abnormality
assign_tr28_Pcp460;tr28;Pickup plan trucks assignment
arrive_Silo6_tr9_Pcp464;Silo6;Silo for truck load
weigh_loaded_tr44_Pcp124;tr44;Truck weighed
enter_tr28_Pcp460;tr28;Entry evaluation for truck
determine_continu_tr9_Pcp464_Silo6;Silo6;silo evaluated for pickup continuance
load_tr9_Pcp464;tr9;cargo load for truck
register_arrival_tr28_Pcp460;tr28;truck for arrival registeration
assign_tr14_Pcp311;tr14;Pickup plan trucks assignment
issue_ticket_tr44_Pcp124;tr44;Printed weighing ticket for pickup plan
input_tally_tr44_Pcp124;tr44;Tally Sheet for pickup plan
eval_tr44exit_Pcp124;tr44;Exit evaluation for truck
exit_tr44_Pcp124;tr44;Exit for truck
enter_tr14_Pcp311;tr14;Entry evaluation for truck
register_arrival_tr14_Pcp311;tr14;truck for arrival registeration
assign_tr39_Pcp450;tr39;Pickup plan trucks assignment
weigh_empty_tr14_Pcp311;tr14;Empty truck weighed
weigh_loaded_tr45_Pcp170;tr45;Truck weighed
check_abnorm_tr14_Pcp311;tr14;truck exmained for empty weight abnormality
weigh_empty_tr28_Pcp460;tr28;Empty truck weighed
assign_tr24_Pcp46;tr24;Pickup plan trucks assignment
enter_tr39_Pcp450;tr39;Entry evaluation for truck
arrive_Silo13_tr14_Pcp311;Silo13;Silo for truck load
check_abnorm_tr28_Pcp460;tr28;truck exmained for empty weight abnormality
weigh_loaded_tr6_Pcp166;tr6;Truck weighed
register_arrival_tr39_Pcp450;tr39;truck for arrival registeration
arrive_Silo2_tr28_Pcp460;Silo2;Silo for truck load
enter_tr24_Pcp46;tr24;Entry evaluation for truck
issue_ticket_tr45_Pcp170;tr45;Printed weighing ticket for pickup plan
input_tally_tr45_Pcp170;tr45;Tally Sheet for pickup plan
eval_tr45exit_Pcp170;tr45;Exit evaluation for truck
determine_continu_tr14_Pcp311_Silo13;Silo13;silo evaluated for pickup continuance
exit_tr45_Pcp170;tr45;Exit for truck
weigh_loaded_tr9_Pcp464;tr9;Truck weighed
determine_continu_tr28_Pcp460_Silo2;Silo2;silo evaluated for pickup continuance
issue_ticket_tr6_Pcp166;tr6;Printed weighing ticket for pickup plan
input_tally_tr6_Pcp166;tr6;Tally Sheet for pickup plan
eval_tr6exit_Pcp166;tr6;Exit evaluation for truck
fail_load_tr14_Pcp311;tr14;Truck fail to load
weigh_empty_tr39_Pcp450;tr39;Empty truck weighed
load_tr28_Pcp460;tr28;cargo load for truck
check_abnorm_tr39_Pcp450;tr39;truck exmained for empty weight abnormality
exit_tr6_Pcp166;tr6;Exit for truck
arrive_Silo15_tr39_Pcp450;Silo15;Silo for truck load
determine_continu_tr39_Pcp450_Silo15;Silo15;silo evaluated for pickup continuance
load_tr39_Pcp450;tr39;cargo load for truck
assign_tr26_Pcp388;tr26;Pickup plan trucks assignment
weigh_loaded_tr27_Pcp107;tr27;Truck weighed
register_arrival_tr24_Pcp46;tr24;truck for arrival registeration
weigh_loaded_tr17_Pcp433;tr17;Truck weighed
issue_ticket_tr9_Pcp464;tr9;Printed weighing ticket for pickup plan
input_tally_tr9_Pcp464;tr9;Tally Sheet for pickup plan
eval_tr9exit_Pcp464;tr9;Exit evaluation for truck
exit_tr9_Pcp464;tr9;Exit for truck
issue_ticket_tr17_Pcp433;tr17;Printed weighing ticket for pickup plan
input_tally_tr17_Pcp433;tr17;Tally Sheet for pickup plan
eval_tr17exit_Pcp433;tr17;Exit evaluation for truck
exit_tr17_Pcp433;tr17;Exit for truck
enter_tr26_Pcp388;tr26;Entry evaluation for truck
issue_ticket_tr27_Pcp107;tr27;Printed weighing ticket for pickup plan
input_tally_tr27_Pcp107;tr27;Tally Sheet for pickup plan
eval_tr27exit_Pcp107;tr27;Exit evaluation for truck
exit_tr27_Pcp107;tr27;Exit for truck
weigh_empty_tr24_Pcp46;tr24;Empty truck weighed
assign_tr16_Pcp172;tr16;Pickup plan trucks assignment
check_abnorm_tr24_Pcp46;tr24;truck exmained for empty weight abnormality
arrive_Silo16_tr24_Pcp46;Silo16;Silo for truck load
register_arrival_tr26_Pcp388;tr26;truck for arrival registeration
enter_tr16_Pcp172;tr16;Entry evaluation for truck
weigh_loaded_tr23_Pcp64;tr23;Truck weighed
weigh_empty_tr26_Pcp388;tr26;Empty truck weighed
register_arrival_tr16_Pcp172;tr16;truck for arrival registeration
weigh_loaded_tr43_Pcp306;tr43;Truck weighed
determine_continu_tr24_Pcp46_Silo16;Silo16;silo evaluated for pickup continuance
weigh_loaded_tr28_Pcp460;tr28;Truck weighed
weigh_empty_tr16_Pcp172;tr16;Empty truck weighed
check_abnorm_tr26_Pcp388;tr26;truck exmained for empty weight abnormality
issue_ticket_tr43_Pcp306;tr43;Printed weighing ticket for pickup plan
check_abnorm_tr16_Pcp172;tr16;truck exmained for empty weight abnormality
input_tally_tr43_Pcp306;tr43;Tally Sheet for pickup plan
issue_ticket_tr23_Pcp64;tr23;Printed weighing ticket for pickup plan
eval_tr43exit_Pcp306;tr43;Exit evaluation for truck
input_tally_tr23_Pcp64;tr23;Tally Sheet for pickup plan
eval_tr23exit_Pcp64;tr23;Exit evaluation for truck
load_tr24_Pcp46;tr24;cargo load for truck
exit_tr43_Pcp306;tr43;Exit for truck
arrive_Silo3_tr26_Pcp388;Silo3;Silo for truck load
exit_tr23_Pcp64;tr23;Exit for truck
arrive_Silo16_tr16_Pcp172;Silo16;Silo for truck load
issue_ticket_tr28_Pcp460;tr28;Printed weighing ticket for pickup plan
input_tally_tr28_Pcp460;tr28;Tally Sheet for pickup plan
eval_tr28exit_Pcp460;tr28;Exit evaluation for truck
exit_tr28_Pcp460;tr28;Exit for truck
determine_continu_tr16_Pcp172_Silo16;Silo16;silo evaluated for pickup continuance
determine_continu_tr26_Pcp388_Silo3;Silo3;silo evaluated for pickup continuance
load_tr26_Pcp388;tr26;cargo load for truck
load_tr16_Pcp172;tr16;cargo load for truck
assign_tr5_Pcp303;tr5;Pickup plan trucks assignment
weigh_loaded_tr24_Pcp46;tr24;Truck weighed
weigh_loaded_tr8_Pcp430;tr8;Truck weighed
enter_tr5_Pcp303;tr5;Entry evaluation for truck
issue_ticket_tr24_Pcp46;tr24;Printed weighing ticket for pickup plan
input_tally_tr24_Pcp46;tr24;Tally Sheet for pickup plan
eval_tr24exit_Pcp46;tr24;Exit evaluation for truck
exit_tr24_Pcp46;tr24;Exit for truck
register_arrival_tr5_Pcp303;tr5;truck for arrival registeration
issue_ticket_tr8_Pcp430;tr8;Printed weighing ticket for pickup plan
input_tally_tr8_Pcp430;tr8;Tally Sheet for pickup plan
eval_tr8exit_Pcp430;tr8;Exit evaluation for truck
exit_tr8_Pcp430;tr8;Exit for truck
weigh_empty_tr5_Pcp303;tr5;Empty truck weighed
check_abnorm_tr5_Pcp303;tr5;truck exmained for empty weight abnormality
arrive_Silo12_tr5_Pcp303;Silo12;Silo for truck load
determine_continu_tr5_Pcp303_Silo12;Silo12;silo evaluated for pickup continuance
weigh_loaded_tr26_Pcp388;tr26;Truck weighed
load_tr5_Pcp303;tr5;cargo load for truck
issue_ticket_tr26_Pcp388;tr26;Printed weighing ticket for pickup plan
input_tally_tr26_Pcp388;tr26;Tally Sheet for pickup plan
eval_tr26exit_Pcp388;tr26;Exit evaluation for truck
exit_tr26_Pcp388;tr26;Exit for truck
weigh_loaded_tr39_Pcp450;tr39;Truck weighed
weigh_loaded_tr5_Pcp303;tr5;Truck weighed
issue_ticket_tr39_Pcp450;tr39;Printed weighing ticket for pickup plan
input_tally_tr39_Pcp450;tr39;Tally Sheet for pickup plan
eval_tr39exit_Pcp450;tr39;Exit evaluation for truck
issue_ticket_tr5_Pcp303;tr5;Printed weighing ticket for pickup plan
input_tally_tr5_Pcp303;tr5;Tally Sheet for pickup plan
eval_tr5exit_Pcp303;tr5;Exit evaluation for truck
exit_tr39_Pcp450;tr39;Exit for truck
exit_tr5_Pcp303;tr5;Exit for truck
weigh_loaded_tr16_Pcp172;tr16;Truck weighed
issue_ticket_tr16_Pcp172;tr16;Printed weighing ticket for pickup plan
input_tally_tr16_Pcp172;tr16;Tally Sheet for pickup plan
eval_tr16exit_Pcp172;tr16;Exit evaluation for truck
exit_tr16_Pcp172;tr16;Exit for truck
assign_tr41_Pcp217;tr41;Pickup plan trucks assignment
enter_tr41_Pcp217;tr41;Entry evaluation for truck
register_arrival_tr41_Pcp217;tr41;truck for arrival registeration
weigh_empty_tr41_Pcp217;tr41;Empty truck weighed
check_abnorm_tr41_Pcp217;tr41;truck exmained for empty weight abnormality
arrive_Silo19_tr41_Pcp217;Silo19;Silo for truck load
determine_continu_tr41_Pcp217_Silo19;Silo19;silo evaluated for pickup continuance
assign_tr48_Pcp192;tr48;Pickup plan trucks assignment
enter_tr48_Pcp192;tr48;Entry evaluation for truck
load_tr41_Pcp217;tr41;cargo load for truck
register_arrival_tr48_Pcp192;tr48;truck for arrival registeration
weigh_empty_tr48_Pcp192;tr48;Empty truck weighed
check_abnorm_tr48_Pcp192;tr48;truck exmained for empty weight abnormality
assign_tr34_Pcp425;tr34;Pickup plan trucks assignment
arrive_Silo9_tr48_Pcp192;Silo9;Silo for truck load
enter_tr34_Pcp425;tr34;Entry evaluation for truck
register_arrival_tr34_Pcp425;tr34;truck for arrival registeration
determine_continu_tr48_Pcp192_Silo9;Silo9;silo evaluated for pickup continuance
weigh_empty_tr34_Pcp425;tr34;Empty truck weighed
load_tr48_Pcp192;tr48;cargo load for truck
check_abnorm_tr34_Pcp425;tr34;truck exmained for empty weight abnormality
arrive_Silo2_tr34_Pcp425;Silo2;Silo for truck load
determine_continu_tr34_Pcp425_Silo2;Silo2;silo evaluated for pickup continuance
load_tr34_Pcp425;tr34;cargo load for truck
weigh_loaded_tr41_Pcp217;tr41;Truck weighed
issue_ticket_tr41_Pcp217;tr41;Printed weighing ticket for pickup plan
input_tally_tr41_Pcp217;tr41;Tally Sheet for pickup plan
eval_tr41exit_Pcp217;tr41;Exit evaluation for truck
exit_tr41_Pcp217;tr41;Exit for truck
assign_tr47_Pcp156;tr47;Pickup plan trucks assignment
weigh_loaded_tr48_Pcp192;tr48;Truck weighed
weigh_loaded_tr34_Pcp425;tr34;Truck weighed
issue_ticket_tr48_Pcp192;tr48;Printed weighing ticket for pickup plan
input_tally_tr48_Pcp192;tr48;Tally Sheet for pickup plan
eval_tr48exit_Pcp192;tr48;Exit evaluation for truck
exit_tr48_Pcp192;tr48;Exit for truck
enter_tr47_Pcp156;tr47;Entry evaluation for truck
register_arrival_tr47_Pcp156;tr47;truck for arrival registeration
issue_ticket_tr34_Pcp425;tr34;Printed weighing ticket for pickup plan
input_tally_tr34_Pcp425;tr34;Tally Sheet for pickup plan
eval_tr34exit_Pcp425;tr34;Exit evaluation for truck
weigh_empty_tr47_Pcp156;tr47;Empty truck weighed
exit_tr34_Pcp425;tr34;Exit for truck
check_abnorm_tr47_Pcp156;tr47;truck exmained for empty weight abnormality
arrive_Silo14_tr47_Pcp156;Silo14;Silo for truck load
assign_tr13_Pcp7;tr13;Pickup plan trucks assignment
enter_tr13_Pcp7;tr13;Entry evaluation for truck
determine_continu_tr47_Pcp156_Silo14;Silo14;silo evaluated for pickup continuance
register_arrival_tr13_Pcp7;tr13;truck for arrival registeration
load_tr47_Pcp156;tr47;cargo load for truck
assign_tr2_Pcp314;tr2;Pickup plan trucks assignment
weigh_loaded_tr47_Pcp156;tr47;Truck weighed
weigh_empty_tr13_Pcp7;tr13;Empty truck weighed
check_abnorm_tr13_Pcp7;tr13;truck exmained for empty weight abnormality
arrive_Silo18_tr13_Pcp7;Silo18;Silo for truck load
issue_ticket_tr47_Pcp156;tr47;Printed weighing ticket for pickup plan
input_tally_tr47_Pcp156;tr47;Tally Sheet for pickup plan
eval_tr47exit_Pcp156;tr47;Exit evaluation for truck
exit_tr47_Pcp156;tr47;Exit for truck
determine_continu_tr13_Pcp7_Silo18;Silo18;silo evaluated for pickup continuance
load_tr13_Pcp7;tr13;cargo load for truck
enter_tr2_Pcp314;tr2;Entry evaluation for truck
register_arrival_tr2_Pcp314;tr2;truck for arrival registeration
weigh_empty_tr2_Pcp314;tr2;Empty truck weighed
check_abnorm_tr2_Pcp314;tr2;truck exmained for empty weight abnormality
arrive_Silo5_tr2_Pcp314;Silo5;Silo for truck load
determine_continu_tr2_Pcp314_Silo5;Silo5;silo evaluated for pickup continuance
assign_tr50_Pcp443;tr50;Pickup plan trucks assignment
enter_tr50_Pcp443;tr50;Entry evaluation for truck
register_arrival_tr50_Pcp443;tr50;truck for arrival registeration
load_tr2_Pcp314;tr2;cargo load for truck
weigh_empty_tr50_Pcp443;tr50;Empty truck weighed
check_abnorm_tr50_Pcp443;tr50;truck exmained for empty weight abnormality
arrive_Silo9_tr50_Pcp443;Silo9;Silo for truck load
determine_continu_tr50_Pcp443_Silo9;Silo9;silo evaluated for pickup continuance
weigh_loaded_tr13_Pcp7;tr13;Truck weighed
load_tr50_Pcp443;tr50;cargo load for truck
assign_tr36_Pcp443;tr36;Pickup plan trucks assignment
issue_ticket_tr13_Pcp7;tr13;Printed weighing ticket for pickup plan
input_tally_tr13_Pcp7;tr13;Tally Sheet for pickup plan
eval_tr13exit_Pcp7;tr13;Exit evaluation for truck
exit_tr13_Pcp7;tr13;Exit for truck
enter_tr36_Pcp443;tr36;Entry evaluation for truck
register_arrival_tr36_Pcp443;tr36;truck for arrival registeration
weigh_empty_tr36_Pcp443;tr36;Empty truck weighed
check_abnorm_tr36_Pcp443;tr36;truck exmained for empty weight abnormality
arrive_Silo9_tr36_Pcp443;Silo9;Silo for truck load
assign_tr22_Pcp470;tr22;Pickup plan trucks assignment
enter_tr22_Pcp470;tr22;Entry evaluation for truck
weigh_loaded_tr2_Pcp314;tr2;Truck weighed
register_arrival_tr22_Pcp470;tr22;truck for arrival registeration
issue_ticket_tr2_Pcp314;tr2;Printed weighing ticket for pickup plan
input_tally_tr2_Pcp314;tr2;Tally Sheet for pickup plan
eval_tr2exit_Pcp314;tr2;Exit evaluation for truck
exit_tr2_Pcp314;tr2;Exit for truck
weigh_empty_tr22_Pcp470;tr22;Empty truck weighed
check_abnorm_tr22_Pcp470;tr22;truck exmained for empty weight abnormality
arrive_Silo12_tr22_Pcp470;Silo12;Silo for truck load
determine_continu_tr36_Pcp443_Silo9;Silo9;silo evaluated for pickup continuance
determine_continu_tr22_Pcp470_Silo12;Silo12;silo evaluated for pickup continuance
load_tr22_Pcp470;tr22;cargo load for truck
load_tr36_Pcp443;tr36;cargo load for truck
weigh_loaded_tr50_Pcp443;tr50;Truck weighed
issue_ticket_tr50_Pcp443;tr50;Printed weighing ticket for pickup plan
input_tally_tr50_Pcp443;tr50;Tally Sheet for pickup plan
eval_tr50exit_Pcp443;tr50;Exit evaluation for truck
exit_tr50_Pcp443;tr50;Exit for truck
weigh_loaded_tr36_Pcp443;tr36;Truck weighed
issue_ticket_tr36_Pcp443;tr36;Printed weighing ticket for pickup plan
input_tally_tr36_Pcp443;tr36;Tally Sheet for pickup plan
eval_tr36exit_Pcp443;tr36;Exit evaluation for truck
exit_tr36_Pcp443;tr36;Exit for truck
assign_tr12_Pcp168;tr12;Pickup plan trucks assignment
enter_tr12_Pcp168;tr12;Entry evaluation for truck
register_arrival_tr12_Pcp168;tr12;truck for arrival registeration
weigh_empty_tr12_Pcp168;tr12;Empty truck weighed
check_abnorm_tr12_Pcp168;tr12;truck exmained for empty weight abnormality
arrive_Silo15_tr12_Pcp168;Silo15;Silo for truck load
determine_continu_tr12_Pcp168_Silo15;Silo15;silo evaluated for pickup continuance
load_tr12_Pcp168;tr12;cargo load for truck
weigh_loaded_tr22_Pcp470;tr22;Truck weighed
issue_ticket_tr22_Pcp470;tr22;Printed weighing ticket for pickup plan
input_tally_tr22_Pcp470;tr22;Tally Sheet for pickup plan
eval_tr22exit_Pcp470;tr22;Exit evaluation for truck
exit_tr22_Pcp470;tr22;Exit for truck
assign_tr3_Pcp156;tr3;Pickup plan trucks assignment
weigh_loaded_tr12_Pcp168;tr12;Truck weighed
issue_ticket_tr12_Pcp168;tr12;Printed weighing ticket for pickup plan
input_tally_tr12_Pcp168;tr12;Tally Sheet for pickup plan
eval_tr12exit_Pcp168;tr12;Exit evaluation for truck
enter_tr3_Pcp156;tr3;Entry evaluation for truck
exit_tr12_Pcp168;tr12;Exit for truck
register_arrival_tr3_Pcp156;tr3;truck for arrival registeration
weigh_empty_tr3_Pcp156;tr3;Empty truck weighed
check_abnorm_tr3_Pcp156;tr3;truck exmained for empty weight abnormality
arrive_Silo14_tr3_Pcp156;Silo14;Silo for truck load
determine_continu_tr3_Pcp156_Silo14;Silo14;silo evaluated for pickup continuance
load_tr3_Pcp156;tr3;cargo load for truck
lodge_Pcp394;Pcp394;lodged pickup plan
lodge_Pcp394;Cr12;cargo to be picked up
assess_Pcp394;Pcp394;pickup plan to be assessed
approve_Pcp394;Pcp394;pickup plan approved
weigh_loaded_tr3_Pcp156;tr3;Truck weighed
issue_ticket_tr3_Pcp156;tr3;Printed weighing ticket for pickup plan
input_tally_tr3_Pcp156;tr3;Tally Sheet for pickup plan
eval_tr3exit_Pcp156;tr3;Exit evaluation for truck
exit_tr3_Pcp156;tr3;Exit for truck
lodge_Pcp331;Pcp331;lodged pickup plan
lodge_Pcp331;Cr10;cargo to be picked up
assess_Pcp331;Pcp331;pickup plan to be assessed
approve_Pcp331;Pcp331;pickup plan approved
assign_tr30_Pcp237;tr30;Pickup plan trucks assignment
enter_tr30_Pcp237;tr30;Entry evaluation for truck
register_arrival_tr30_Pcp237;tr30;truck for arrival registeration
weigh_empty_tr30_Pcp237;tr30;Empty truck weighed
check_abnorm_tr30_Pcp237;tr30;truck exmained for empty weight abnormality
arrive_Silo11_tr30_Pcp237;Silo11;Silo for truck load
determine_continu_tr30_Pcp237_Silo11;Silo11;silo evaluated for pickup continuance
assign_tr32_Pcp9;tr32;Pickup plan trucks assignment
load_tr30_Pcp237;tr30;cargo load for truck
assign_tr21_Pcp388;tr21;Pickup plan trucks assignment
enter_tr32_Pcp9;tr32;Entry evaluation for truck
enter_tr21_Pcp388;tr21;Entry evaluation for truck
register_arrival_tr32_Pcp9;tr32;truck for arrival registeration
register_arrival_tr21_Pcp388;tr21;truck for arrival registeration
weigh_empty_tr32_Pcp9;tr32;Empty truck weighed
check_abnorm_tr32_Pcp9;tr32;truck exmained for empty weight abnormality
assign_tr10_Pcp413;tr10;Pickup plan trucks assignment
arrive_Silo1_tr32_Pcp9;Silo1;Silo for truck load
weigh_empty_tr21_Pcp388;tr21;Empty truck weighed
check_abnorm_tr21_Pcp388;tr21;truck exmained for empty weight abnormality
enter_tr10_Pcp413;tr10;Entry evaluation for truck
arrive_Silo3_tr21_Pcp388;Silo3;Silo for truck load
determine_continu_tr32_Pcp9_Silo1;Silo1;silo evaluated for pickup continuance
determine_continu_tr21_Pcp388_Silo3;Silo3;silo evaluated for pickup continuance
register_arrival_tr10_Pcp413;tr10;truck for arrival registeration
load_tr21_Pcp388;tr21;cargo load for truck
load_tr32_Pcp9;tr32;cargo load for truck
weigh_empty_tr10_Pcp413;tr10;Empty truck weighed
assign_tr33_Pcp410;tr33;Pickup plan trucks assignment
check_abnorm_tr10_Pcp413;tr10;truck exmained for empty weight abnormality
arrive_Silo11_tr10_Pcp413;Silo11;Silo for truck load
enter_tr33_Pcp410;tr33;Entry evaluation for truck
assign_tr15_Pcp116;tr15;Pickup plan trucks assignment
enter_tr15_Pcp116;tr15;Entry evaluation for truck
determine_continu_tr10_Pcp413_Silo11;Silo11;silo evaluated for pickup continuance
register_arrival_tr15_Pcp116;tr15;truck for arrival registeration
load_tr10_Pcp413;tr10;cargo load for truck
weigh_loaded_tr30_Pcp237;tr30;Truck weighed
issue_ticket_tr30_Pcp237;tr30;Printed weighing ticket for pickup plan
input_tally_tr30_Pcp237;tr30;Tally Sheet for pickup plan
eval_tr30exit_Pcp237;tr30;Exit evaluation for truck
exit_tr30_Pcp237;tr30;Exit for truck
register_arrival_tr33_Pcp410;tr33;truck for arrival registeration
weigh_loaded_tr21_Pcp388;tr21;Truck weighed
assign_tr20_Pcp141;tr20;Pickup plan trucks assignment
weigh_empty_tr33_Pcp410;tr33;Empty truck weighed
weigh_empty_tr15_Pcp116;tr15;Empty truck weighed
check_abnorm_tr15_Pcp116;tr15;truck exmained for empty weight abnormality
check_abnorm_tr33_Pcp410;tr33;truck exmained for empty weight abnormality
arrive_Silo2_tr33_Pcp410;Silo2;Silo for truck load
enter_tr20_Pcp141;tr20;Entry evaluation for truck
arrive_Silo1_tr15_Pcp116;Silo1;Silo for truck load
issue_ticket_tr21_Pcp388;tr21;Printed weighing ticket for pickup plan
input_tally_tr21_Pcp388;tr21;Tally Sheet for pickup plan
eval_tr21exit_Pcp388;tr21;Exit evaluation for truck
register_arrival_tr20_Pcp141;tr20;truck for arrival registeration
determine_continu_tr33_Pcp410_Silo2;Silo2;silo evaluated for pickup continuance
exit_tr21_Pcp388;tr21;Exit for truck
weigh_loaded_tr10_Pcp413;tr10;Truck weighed
issue_ticket_tr10_Pcp413;tr10;Printed weighing ticket for pickup plan
input_tally_tr10_Pcp413;tr10;Tally Sheet for pickup plan
eval_tr10exit_Pcp413;tr10;Exit evaluation for truck
exit_tr10_Pcp413;tr10;Exit for truck
weigh_loaded_tr32_Pcp9;tr32;Truck weighed
load_tr33_Pcp410;tr33;cargo load for truck
assign_tr38_Pcp343;tr38;Pickup plan trucks assignment
issue_ticket_tr32_Pcp9;tr32;Printed weighing ticket for pickup plan
assign_tr19_Pcp159;tr19;Pickup plan trucks assignment
input_tally_tr32_Pcp9;tr32;Tally Sheet for pickup plan
eval_tr32exit_Pcp9;tr32;Exit evaluation for truck
exit_tr32_Pcp9;tr32;Exit for truck
weigh_empty_tr20_Pcp141;tr20;Empty truck weighed
assign_tr25_Pcp226;tr25;Pickup plan trucks assignment
enter_tr19_Pcp159;tr19;Entry evaluation for truck
assign_tr29_Pcp196;tr29;Pickup plan trucks assignment
check_abnorm_tr20_Pcp141;tr20;truck exmained for empty weight abnormality
enter_tr29_Pcp196;tr29;Entry evaluation for truck
determine_continu_tr15_Pcp116_Silo1;Silo1;silo evaluated for pickup continuance
arrive_Silo2_tr20_Pcp141;Silo2;Silo for truck load
enter_tr38_Pcp343;tr38;Entry evaluation for truck
enter_tr25_Pcp226;tr25;Entry evaluation for truck
load_tr15_Pcp116;tr15;cargo load for truck
register_arrival_tr29_Pcp196;tr29;truck for arrival registeration
register_arrival_tr38_Pcp343;tr38;truck for arrival registeration
determine_continu_tr20_Pcp141_Silo2;Silo2;silo evaluated for pickup continuance
register_arrival_tr19_Pcp159;tr19;truck for arrival registeration
register_arrival_tr25_Pcp226;tr25;truck for arrival registeration
assign_tr4_Pcp490;tr4;Pickup plan trucks assignment
assign_tr7_Pcp12;tr7;Pickup plan trucks assignment
enter_tr7_Pcp12;tr7;Entry evaluation for truck
weigh_empty_tr19_Pcp159;tr19;Empty truck weighed
assign_tr40_Pcp187;tr40;Pickup plan trucks assignment
weigh_empty_tr29_Pcp196;tr29;Empty truck weighed
check_abnorm_tr19_Pcp159;tr19;truck exmained for empty weight abnormality
enter_tr4_Pcp490;tr4;Entry evaluation for truck
assign_tr35_Pcp193;tr35;Pickup plan trucks assignment
check_abnorm_tr29_Pcp196;tr29;truck exmained for empty weight abnormality
register_arrival_tr4_Pcp490;tr4;truck for arrival registeration
arrive_Silo1_tr19_Pcp159;Silo1;Silo for truck load
weigh_empty_tr25_Pcp226;tr25;Empty truck weighed
enter_tr40_Pcp187;tr40;Entry evaluation for truck
load_tr20_Pcp141;tr20;cargo load for truck
arrive_Silo19_tr29_Pcp196;Silo19;Silo for truck load
check_abnorm_tr25_Pcp226;tr25;truck exmained for empty weight abnormality
arrive_Silo10_tr25_Pcp226;Silo10;Silo for truck load
determine_continu_tr29_Pcp196_Silo19;Silo19;silo evaluated for pickup continuance
register_arrival_tr40_Pcp187;tr40;truck for arrival registeration
assign_tr31_Pcp22;tr31;Pickup plan trucks assignment
fail_load_tr29_Pcp196;tr29;Truck fail to load
register_arrival_tr7_Pcp12;tr7;truck for arrival registeration
determine_continu_tr19_Pcp159_Silo1;Silo1;silo evaluated for pickup continuance
determine_continu_tr25_Pcp226_Silo10;Silo10;silo evaluated for pickup continuance
load_tr19_Pcp159;tr19;cargo load for truck
weigh_empty_tr38_Pcp343;tr38;Empty truck weighed
weigh_empty_tr7_Pcp12;tr7;Empty truck weighed
enter_tr35_Pcp193;tr35;Entry evaluation for truck
check_abnorm_tr38_Pcp343;tr38;truck exmained for empty weight abnormality
arrive_Silo10_tr38_Pcp343;Silo10;Silo for truck load
check_abnorm_tr7_Pcp12;tr7;truck exmained for empty weight abnormality
arrive_Silo2_tr7_Pcp12;Silo2;Silo for truck load
load_tr25_Pcp226;tr25;cargo load for truck
assign_tr18_Pcp214;tr18;Pickup plan trucks assignment
weigh_empty_tr40_Pcp187;tr40;Empty truck weighed
weigh_loaded_tr20_Pcp141;tr20;Truck weighed
check_abnorm_tr40_Pcp187;tr40;truck exmained for empty weight abnormality
determine_continu_tr38_Pcp343_Silo10;Silo10;silo evaluated for pickup continuance
enter_tr31_Pcp22;tr31;Entry evaluation for truck
enter_tr18_Pcp214;tr18;Entry evaluation for truck
arrive_Silo10_tr40_Pcp187;Silo10;Silo for truck load
weigh_empty_tr4_Pcp490;tr4;Empty truck weighed
assign_tr46_Pcp96;tr46;Pickup plan trucks assignment
register_arrival_tr35_Pcp193;tr35;truck for arrival registeration
load_tr38_Pcp343;tr38;cargo load for truck
check_abnorm_tr4_Pcp490;tr4;truck exmained for empty weight abnormality
arrive_Silo9_tr4_Pcp490;Silo9;Silo for truck load
register_arrival_tr18_Pcp214;tr18;truck for arrival registeration
assign_tr42_Pcp48;tr42;Pickup plan trucks assignment
enter_tr46_Pcp96;tr46;Entry evaluation for truck
determine_continu_tr4_Pcp490_Silo9;Silo9;silo evaluated for pickup continuance
determine_continu_tr7_Pcp12_Silo2;Silo2;silo evaluated for pickup continuance
assign_tr49_Pcp429;tr49;Pickup plan trucks assignment
weigh_empty_tr35_Pcp193;tr35;Empty truck weighed
issue_ticket_tr20_Pcp141;tr20;Printed weighing ticket for pickup plan
input_tally_tr20_Pcp141;tr20;Tally Sheet for pickup plan
eval_tr20exit_Pcp141;tr20;Exit evaluation for truck
check_abnorm_tr35_Pcp193;tr35;truck exmained for empty weight abnormality
enter_tr49_Pcp429;tr49;Entry evaluation for truck
exit_tr20_Pcp141;tr20;Exit for truck
arrive_Silo20_tr35_Pcp193;Silo20;Silo for truck load
load_tr4_Pcp490;tr4;cargo load for truck
weigh_loaded_tr33_Pcp410;tr33;Truck weighed
enter_tr42_Pcp48;tr42;Entry evaluation for truck
load_tr7_Pcp12;tr7;cargo load for truck
determine_continu_tr40_Pcp187_Silo10;Silo10;silo evaluated for pickup continuance
register_arrival_tr31_Pcp22;tr31;truck for arrival registeration
weigh_empty_tr18_Pcp214;tr18;Empty truck weighed
register_arrival_tr46_Pcp96;tr46;truck for arrival registeration
check_abnorm_tr18_Pcp214;tr18;truck exmained for empty weight abnormality
load_tr40_Pcp187;tr40;cargo load for truck
register_arrival_tr42_Pcp48;tr42;truck for arrival registeration
determine_continu_tr35_Pcp193_Silo20;Silo20;silo evaluated for pickup continuance
arrive_Silo10_tr18_Pcp214;Silo10;Silo for truck load
issue_ticket_tr33_Pcp410;tr33;Printed weighing ticket for pickup plan
input_tally_tr33_Pcp410;tr33;Tally Sheet for pickup plan
eval_tr33exit_Pcp410;tr33;Exit evaluation for truck
weigh_empty_tr31_Pcp22;tr31;Empty truck weighed
register_arrival_tr49_Pcp429;tr49;truck for arrival registeration
load_tr35_Pcp193;tr35;cargo load for truck
exit_tr33_Pcp410;tr33;Exit for truck
check_abnorm_tr31_Pcp22;tr31;truck exmained for empty weight abnormality
weigh_empty_tr42_Pcp48;tr42;Empty truck weighed
arrive_Silo1_tr31_Pcp22;Silo1;Silo for truck load
weigh_loaded_tr7_Pcp12;tr7;Truck weighed
check_abnorm_tr42_Pcp48;tr42;truck exmained for empty weight abnormality
weigh_empty_tr49_Pcp429;tr49;Empty truck weighed
arrive_Silo15_tr42_Pcp48;Silo15;Silo for truck load
determine_continu_tr31_Pcp22_Silo1;Silo1;silo evaluated for pickup continuance
check_abnorm_tr49_Pcp429;tr49;truck exmained for empty weight abnormality
load_tr31_Pcp22;tr31;cargo load for truck
arrive_Silo2_tr49_Pcp429;Silo2;Silo for truck load
assign_tr11_Pcp465;tr11;Pickup plan trucks assignment
issue_ticket_tr7_Pcp12;tr7;Printed weighing ticket for pickup plan
input_tally_tr7_Pcp12;tr7;Tally Sheet for pickup plan
eval_tr7exit_Pcp12;tr7;Exit evaluation for truck
exit_tr7_Pcp12;tr7;Exit for truck
weigh_empty_tr46_Pcp96;tr46;Empty truck weighed
check_abnorm_tr46_Pcp96;tr46;truck exmained for empty weight abnormality
arrive_Silo12_tr46_Pcp96;Silo12;Silo for truck load
enter_tr11_Pcp465;tr11;Entry evaluation for truck
determine_continu_tr18_Pcp214_Silo10;Silo10;silo evaluated for pickup continuance
load_tr18_Pcp214;tr18;cargo load for truck
assign_tr37_Pcp464;tr37;Pickup plan trucks assignment
determine_continu_tr42_Pcp48_Silo15;Silo15;silo evaluated for pickup continuance
load_tr42_Pcp48;tr42;cargo load for truck
weigh_loaded_tr31_Pcp22;tr31;Truck weighed
enter_tr37_Pcp464;tr37;Entry evaluation for truck
determine_continu_tr49_Pcp429_Silo2;Silo2;silo evaluated for pickup continuance
load_tr49_Pcp429;tr49;cargo load for truck
issue_ticket_tr31_Pcp22;tr31;Printed weighing ticket for pickup plan
input_tally_tr31_Pcp22;tr31;Tally Sheet for pickup plan
eval_tr31exit_Pcp22;tr31;Exit evaluation for truck
exit_tr31_Pcp22;tr31;Exit for truck
determine_continu_tr46_Pcp96_Silo12;Silo12;silo evaluated for pickup continuance
load_tr46_Pcp96;tr46;cargo load for truck
register_arrival_tr37_Pcp464;tr37;truck for arrival registeration
register_arrival_tr11_Pcp465;tr11;truck for arrival registeration
weigh_loaded_tr38_Pcp343;tr38;Truck weighed
weigh_loaded_tr18_Pcp214;tr18;Truck weighed
weigh_empty_tr37_Pcp464;tr37;Empty truck weighed
assign_tr1_Pcp161;tr1;Pickup plan trucks assignment
check_abnorm_tr37_Pcp464;tr37;truck exmained for empty weight abnormality
weigh_loaded_tr42_Pcp48;tr42;Truck weighed
weigh_empty_tr11_Pcp465;tr11;Empty truck weighed
arrive_Silo6_tr37_Pcp464;Silo6;Silo for truck load
check_abnorm_tr11_Pcp465;tr11;truck exmained for empty weight abnormality
weigh_loaded_tr35_Pcp193;tr35;Truck weighed
enter_tr1_Pcp161;tr1;Entry evaluation for truck
arrive_Silo20_tr11_Pcp465;Silo20;Silo for truck load
issue_ticket_tr38_Pcp343;tr38;Printed weighing ticket for pickup plan
input_tally_tr38_Pcp343;tr38;Tally Sheet for pickup plan
eval_tr38exit_Pcp343;tr38;Exit evaluation for truck
issue_ticket_tr18_Pcp214;tr18;Printed weighing ticket for pickup plan
input_tally_tr18_Pcp214;tr18;Tally Sheet for pickup plan
eval_tr18exit_Pcp214;tr18;Exit evaluation for truck
issue_ticket_tr42_Pcp48;tr42;Printed weighing ticket for pickup plan
input_tally_tr42_Pcp48;tr42;Tally Sheet for pickup plan
eval_tr42exit_Pcp48;tr42;Exit evaluation for truck
exit_tr38_Pcp343;tr38;Exit for truck
exit_tr18_Pcp214;tr18;Exit for truck
exit_tr42_Pcp48;tr42;Exit for truck
issue_ticket_tr35_Pcp193;tr35;Printed weighing ticket for pickup plan
input_tally_tr35_Pcp193;tr35;Tally Sheet for pickup plan
eval_tr35exit_Pcp193;tr35;Exit evaluation for truck
weigh_loaded_tr46_Pcp96;tr46;Truck weighed
exit_tr35_Pcp193;tr35;Exit for truck
register_arrival_tr1_Pcp161;tr1;truck for arrival registeration
determine_continu_tr11_Pcp465_Silo20;Silo20;silo evaluated for pickup continuance
weigh_loaded_tr4_Pcp490;tr4;Truck weighed
weigh_loaded_tr49_Pcp429;tr49;Truck weighed
issue_ticket_tr46_Pcp96;tr46;Printed weighing ticket for pickup plan
input_tally_tr46_Pcp96;tr46;Tally Sheet for pickup plan
eval_tr46exit_Pcp96;tr46;Exit evaluation for truck
exit_tr46_Pcp96;tr46;Exit for truck
determine_continu_tr37_Pcp464_Silo6;Silo6;silo evaluated for pickup continuance
load_tr11_Pcp465;tr11;cargo load for truck
weigh_empty_tr1_Pcp161;tr1;Empty truck weighed
load_tr37_Pcp464;tr37;cargo load for truck
check_abnorm_tr1_Pcp161;tr1;truck exmained for empty weight abnormality
arrive_Silo12_tr1_Pcp161;Silo12;Silo for truck load
issue_ticket_tr49_Pcp429;tr49;Printed weighing ticket for pickup plan
input_tally_tr49_Pcp429;tr49;Tally Sheet for pickup plan
eval_tr49exit_Pcp429;tr49;Exit evaluation for truck
exit_tr49_Pcp429;tr49;Exit for truck
weigh_loaded_tr15_Pcp116;tr15;Truck weighed
issue_ticket_tr4_Pcp490;tr4;Printed weighing ticket for pickup plan
input_tally_tr4_Pcp490;tr4;Tally Sheet for pickup plan
eval_tr4exit_Pcp490;tr4;Exit evaluation for truck
exit_tr4_Pcp490;tr4;Exit for truck
issue_ticket_tr15_Pcp116;tr15;Printed weighing ticket for pickup plan
input_tally_tr15_Pcp116;tr15;Tally Sheet for pickup plan
eval_tr15exit_Pcp116;tr15;Exit evaluation for truck
exit_tr15_Pcp116;tr15;Exit for truck
determine_continu_tr1_Pcp161_Silo12;Silo12;silo evaluated for pickup continuance
assign_tr44_Pcp126;tr44;Pickup plan trucks assignment
load_tr1_Pcp161;tr1;cargo load for truck
enter_tr44_Pcp126;tr44;Entry evaluation for truck
weigh_loaded_tr19_Pcp159;tr19;Truck weighed
weigh_loaded_tr11_Pcp465;tr11;Truck weighed
weigh_loaded_tr37_Pcp464;tr37;Truck weighed
issue_ticket_tr19_Pcp159;tr19;Printed weighing ticket for pickup plan
input_tally_tr19_Pcp159;tr19;Tally Sheet for pickup plan
eval_tr19exit_Pcp159;tr19;Exit evaluation for truck
exit_tr19_Pcp159;tr19;Exit for truck
issue_ticket_tr11_Pcp465;tr11;Printed weighing ticket for pickup plan
input_tally_tr11_Pcp465;tr11;Tally Sheet for pickup plan
eval_tr11exit_Pcp465;tr11;Exit evaluation for truck
exit_tr11_Pcp465;tr11;Exit for truck
assign_tr45_Pcp126;tr45;Pickup plan trucks assignment
register_arrival_tr44_Pcp126;tr44;truck for arrival registeration
issue_ticket_tr37_Pcp464;tr37;Printed weighing ticket for pickup plan
input_tally_tr37_Pcp464;tr37;Tally Sheet for pickup plan
eval_tr37exit_Pcp464;tr37;Exit evaluation for truck
exit_tr37_Pcp464;tr37;Exit for truck
enter_tr45_Pcp126;tr45;Entry evaluation for truck
assign_tr14_Pcp291;tr14;Pickup plan trucks assignment
assign_tr6_Pcp466;tr6;Pickup plan trucks assignment
enter_tr6_Pcp466;tr6;Entry evaluation for truck
weigh_empty_tr44_Pcp126;tr44;Empty truck weighed
enter_tr14_Pcp291;tr14;Entry evaluation for truck
check_abnorm_tr44_Pcp126;tr44;truck exmained for empty weight abnormality
arrive_Silo1_tr44_Pcp126;Silo1;Silo for truck load
register_arrival_tr6_Pcp466;tr6;truck for arrival registeration
weigh_loaded_tr1_Pcp161;tr1;Truck weighed
register_arrival_tr45_Pcp126;tr45;truck for arrival registeration
register_arrival_tr14_Pcp291;tr14;truck for arrival registeration
assign_tr9_Pcp291;tr9;Pickup plan trucks assignment
issue_ticket_tr1_Pcp161;tr1;Printed weighing ticket for pickup plan
input_tally_tr1_Pcp161;tr1;Tally Sheet for pickup plan
eval_tr1exit_Pcp161;tr1;Exit evaluation for truck
weigh_empty_tr14_Pcp291;tr14;Empty truck weighed
exit_tr1_Pcp161;tr1;Exit for truck
check_abnorm_tr14_Pcp291;tr14;truck exmained for empty weight abnormality
weigh_empty_tr6_Pcp466;tr6;Empty truck weighed
assign_tr17_Pcp343;tr17;Pickup plan trucks assignment
arrive_Silo19_tr14_Pcp291;Silo19;Silo for truck load
check_abnorm_tr6_Pcp466;tr6;truck exmained for empty weight abnormality
enter_tr9_Pcp291;tr9;Entry evaluation for truck
assign_tr27_Pcp162;tr27;Pickup plan trucks assignment
arrive_Silo18_tr6_Pcp466;Silo18;Silo for truck load
enter_tr27_Pcp162;tr27;Entry evaluation for truck
determine_continu_tr44_Pcp126_Silo1;Silo1;silo evaluated for pickup continuance
enter_tr17_Pcp343;tr17;Entry evaluation for truck
weigh_empty_tr45_Pcp126;tr45;Empty truck weighed
register_arrival_tr27_Pcp162;tr27;truck for arrival registeration
determine_continu_tr14_Pcp291_Silo19;Silo19;silo evaluated for pickup continuance
check_abnorm_tr45_Pcp126;tr45;truck exmained for empty weight abnormality
register_arrival_tr9_Pcp291;tr9;truck for arrival registeration
arrive_Silo1_tr45_Pcp126;Silo1;Silo for truck load
load_tr44_Pcp126;tr44;cargo load for truck
register_arrival_tr17_Pcp343;tr17;truck for arrival registeration
weigh_empty_tr27_Pcp162;tr27;Empty truck weighed
weigh_loaded_tr40_Pcp187;tr40;Truck weighed
determine_continu_tr6_Pcp466_Silo18;Silo18;silo evaluated for pickup continuance
check_abnorm_tr27_Pcp162;tr27;truck exmained for empty weight abnormality
arrive_Silo8_tr27_Pcp162;Silo8;Silo for truck load
load_tr14_Pcp291;tr14;cargo load for truck
load_tr6_Pcp466;tr6;cargo load for truck
weigh_empty_tr9_Pcp291;tr9;Empty truck weighed
check_abnorm_tr9_Pcp291;tr9;truck exmained for empty weight abnormality
issue_ticket_tr40_Pcp187;tr40;Printed weighing ticket for pickup plan
input_tally_tr40_Pcp187;tr40;Tally Sheet for pickup plan
arrive_Silo19_tr9_Pcp291;Silo19;Silo for truck load
eval_tr40exit_Pcp187;tr40;Exit evaluation for truck
exit_tr40_Pcp187;tr40;Exit for truck
determine_continu_tr27_Pcp162_Silo8;Silo8;silo evaluated for pickup continuance
determine_continu_tr9_Pcp291_Silo19;Silo19;silo evaluated for pickup continuance
weigh_loaded_tr6_Pcp466;tr6;Truck weighed
load_tr27_Pcp162;tr27;cargo load for truck
determine_continu_tr45_Pcp126_Silo1;Silo1;silo evaluated for pickup continuance
assign_tr43_Pcp428;tr43;Pickup plan trucks assignment
assign_tr23_Pcp198;tr23;Pickup plan trucks assignment
load_tr9_Pcp291;tr9;cargo load for truck
weigh_empty_tr17_Pcp343;tr17;Empty truck weighed
weigh_loaded_tr25_Pcp226;tr25;Truck weighed
check_abnorm_tr17_Pcp343;tr17;truck exmained for empty weight abnormality
issue_ticket_tr25_Pcp226;tr25;Printed weighing ticket for pickup plan
input_tally_tr25_Pcp226;tr25;Tally Sheet for pickup plan
eval_tr25exit_Pcp226;tr25;Exit evaluation for truck
enter_tr43_Pcp428;tr43;Entry evaluation for truck
arrive_Silo10_tr17_Pcp343;Silo10;Silo for truck load
enter_tr23_Pcp198;tr23;Entry evaluation for truck
load_tr45_Pcp126;tr45;cargo load for truck
exit_tr25_Pcp226;tr25;Exit for truck
issue_ticket_tr6_Pcp466;tr6;Printed weighing ticket for pickup plan
input_tally_tr6_Pcp466;tr6;Tally Sheet for pickup plan
eval_tr6exit_Pcp466;tr6;Exit evaluation for truck
exit_tr6_Pcp466;tr6;Exit for truck
determine_continu_tr17_Pcp343_Silo10;Silo10;silo evaluated for pickup continuance
load_tr17_Pcp343;tr17;cargo load for truck
assign_tr28_Pcp467;tr28;Pickup plan trucks assignment
weigh_loaded_tr27_Pcp162;tr27;Truck weighed
enter_tr28_Pcp467;tr28;Entry evaluation for truck
register_arrival_tr43_Pcp428;tr43;truck for arrival registeration
issue_ticket_tr27_Pcp162;tr27;Printed weighing ticket for pickup plan
input_tally_tr27_Pcp162;tr27;Tally Sheet for pickup plan
eval_tr27exit_Pcp162;tr27;Exit evaluation for truck
exit_tr27_Pcp162;tr27;Exit for truck
register_arrival_tr23_Pcp198;tr23;truck for arrival registeration
register_arrival_tr28_Pcp467;tr28;truck for arrival registeration
weigh_empty_tr43_Pcp428;tr43;Empty truck weighed
weigh_empty_tr23_Pcp198;tr23;Empty truck weighed
check_abnorm_tr23_Pcp198;tr23;truck exmained for empty weight abnormality
check_abnorm_tr43_Pcp428;tr43;truck exmained for empty weight abnormality
arrive_Silo18_tr23_Pcp198;Silo18;Silo for truck load
arrive_Silo3_tr43_Pcp428;Silo3;Silo for truck load
weigh_loaded_tr17_Pcp343;tr17;Truck weighed
issue_ticket_tr17_Pcp343;tr17;Printed weighing ticket for pickup plan
input_tally_tr17_Pcp343;tr17;Tally Sheet for pickup plan
eval_tr17exit_Pcp343;tr17;Exit evaluation for truck
exit_tr17_Pcp343;tr17;Exit for truck
assign_tr24_Pcp187;tr24;Pickup plan trucks assignment
determine_continu_tr43_Pcp428_Silo3;Silo3;silo evaluated for pickup continuance
enter_tr24_Pcp187;tr24;Entry evaluation for truck
weigh_loaded_tr45_Pcp126;tr45;Truck weighed
assign_tr8_Pcp138;tr8;Pickup plan trucks assignment
determine_continu_tr23_Pcp198_Silo18;Silo18;silo evaluated for pickup continuance
weigh_empty_tr28_Pcp467;tr28;Empty truck weighed
load_tr43_Pcp428;tr43;cargo load for truck
check_abnorm_tr28_Pcp467;tr28;truck exmained for empty weight abnormality
enter_tr8_Pcp138;tr8;Entry evaluation for truck
load_tr23_Pcp198;tr23;cargo load for truck
issue_ticket_tr45_Pcp126;tr45;Printed weighing ticket for pickup plan
input_tally_tr45_Pcp126;tr45;Tally Sheet for pickup plan
arrive_Silo12_tr28_Pcp467;Silo12;Silo for truck load
eval_tr45exit_Pcp126;tr45;Exit evaluation for truck
register_arrival_tr8_Pcp138;tr8;truck for arrival registeration
exit_tr45_Pcp126;tr45;Exit for truck
register_arrival_tr24_Pcp187;tr24;truck for arrival registeration
weigh_empty_tr24_Pcp187;tr24;Empty truck weighed
check_abnorm_tr24_Pcp187;tr24;truck exmained for empty weight abnormality
arrive_Silo10_tr24_Pcp187;Silo10;Silo for truck load
weigh_empty_tr8_Pcp138;tr8;Empty truck weighed
determine_continu_tr28_Pcp467_Silo12;Silo12;silo evaluated for pickup continuance
check_abnorm_tr8_Pcp138;tr8;truck exmained for empty weight abnormality
arrive_Silo16_tr8_Pcp138;Silo16;Silo for truck load
load_tr28_Pcp467;tr28;cargo load for truck
determine_continu_tr24_Pcp187_Silo10;Silo10;silo evaluated for pickup continuance
load_tr24_Pcp187;tr24;cargo load for truck
assign_tr26_Pcp414;tr26;Pickup plan trucks assignment
enter_tr26_Pcp414;tr26;Entry evaluation for truck
weigh_loaded_tr14_Pcp291;tr14;Truck weighed
determine_continu_tr8_Pcp138_Silo16;Silo16;silo evaluated for pickup continuance
fail_load_tr8_Pcp138;tr8;Truck fail to load
weigh_loaded_tr23_Pcp198;tr23;Truck weighed
assign_tr39_Pcp374;tr39;Pickup plan trucks assignment
issue_ticket_tr14_Pcp291;tr14;Printed weighing ticket for pickup plan
input_tally_tr14_Pcp291;tr14;Tally Sheet for pickup plan
eval_tr14exit_Pcp291;tr14;Exit evaluation for truck
enter_tr39_Pcp374;tr39;Entry evaluation for truck
exit_tr14_Pcp291;tr14;Exit for truck
assign_tr5_Pcp453;tr5;Pickup plan trucks assignment
weigh_loaded_tr24_Pcp187;tr24;Truck weighed
enter_tr5_Pcp453;tr5;Entry evaluation for truck
issue_ticket_tr23_Pcp198;tr23;Printed weighing ticket for pickup plan
input_tally_tr23_Pcp198;tr23;Tally Sheet for pickup plan
eval_tr23exit_Pcp198;tr23;Exit evaluation for truck
exit_tr23_Pcp198;tr23;Exit for truck
weigh_loaded_tr44_Pcp126;tr44;Truck weighed
issue_ticket_tr24_Pcp187;tr24;Printed weighing ticket for pickup plan
input_tally_tr24_Pcp187;tr24;Tally Sheet for pickup plan
register_arrival_tr39_Pcp374;tr39;truck for arrival registeration
eval_tr24exit_Pcp187;tr24;Exit evaluation for truck
weigh_loaded_tr43_Pcp428;tr43;Truck weighed
register_arrival_tr5_Pcp453;tr5;truck for arrival registeration
exit_tr24_Pcp187;tr24;Exit for truck
weigh_loaded_tr28_Pcp467;tr28;Truck weighed
issue_ticket_tr43_Pcp428;tr43;Printed weighing ticket for pickup plan
input_tally_tr43_Pcp428;tr43;Tally Sheet for pickup plan
eval_tr43exit_Pcp428;tr43;Exit evaluation for truck
register_arrival_tr26_Pcp414;tr26;truck for arrival registeration
issue_ticket_tr44_Pcp126;tr44;Printed weighing ticket for pickup plan
input_tally_tr44_Pcp126;tr44;Tally Sheet for pickup plan
eval_tr44exit_Pcp126;tr44;Exit evaluation for truck
exit_tr43_Pcp428;tr43;Exit for truck
issue_ticket_tr28_Pcp467;tr28;Printed weighing ticket for pickup plan
input_tally_tr28_Pcp467;tr28;Tally Sheet for pickup plan
eval_tr28exit_Pcp467;tr28;Exit evaluation for truck
weigh_loaded_tr9_Pcp291;tr9;Truck weighed
exit_tr44_Pcp126;tr44;Exit for truck
exit_tr28_Pcp467;tr28;Exit for truck
assign_tr16_Pcp279;tr16;Pickup plan trucks assignment
weigh_empty_tr26_Pcp414;tr26;Empty truck weighed
check_abnorm_tr26_Pcp414;tr26;truck exmained for empty weight abnormality
arrive_Silo6_tr26_Pcp414;Silo6;Silo for truck load
weigh_empty_tr39_Pcp374;tr39;Empty truck weighed
issue_ticket_tr9_Pcp291;tr9;Printed weighing ticket for pickup plan
input_tally_tr9_Pcp291;tr9;Tally Sheet for pickup plan
eval_tr9exit_Pcp291;tr9;Exit evaluation for truck
check_abnorm_tr39_Pcp374;tr39;truck exmained for empty weight abnormality
determine_continu_tr26_Pcp414_Silo6;Silo6;silo evaluated for pickup continuance
exit_tr9_Pcp291;tr9;Exit for truck
enter_tr16_Pcp279;tr16;Entry evaluation for truck
arrive_Silo12_tr39_Pcp374;Silo12;Silo for truck load
load_tr26_Pcp414;tr26;cargo load for truck
weigh_empty_tr5_Pcp453;tr5;Empty truck weighed
check_abnorm_tr5_Pcp453;tr5;truck exmained for empty weight abnormality
arrive_Silo10_tr5_Pcp453;Silo10;Silo for truck load
register_arrival_tr16_Pcp279;tr16;truck for arrival registeration
weigh_empty_tr16_Pcp279;tr16;Empty truck weighed
check_abnorm_tr16_Pcp279;tr16;truck exmained for empty weight abnormality
determine_continu_tr39_Pcp374_Silo12;Silo12;silo evaluated for pickup continuance
arrive_Silo19_tr16_Pcp279;Silo19;Silo for truck load
load_tr39_Pcp374;tr39;cargo load for truck
determine_continu_tr16_Pcp279_Silo19;Silo19;silo evaluated for pickup continuance
determine_continu_tr5_Pcp453_Silo10;Silo10;silo evaluated for pickup continuance
weigh_loaded_tr26_Pcp414;tr26;Truck weighed
load_tr5_Pcp453;tr5;cargo load for truck
load_tr16_Pcp279;tr16;cargo load for truck
issue_ticket_tr26_Pcp414;tr26;Printed weighing ticket for pickup plan
input_tally_tr26_Pcp414;tr26;Tally Sheet for pickup plan
eval_tr26exit_Pcp414;tr26;Exit evaluation for truck
exit_tr26_Pcp414;tr26;Exit for truck
weigh_loaded_tr5_Pcp453;tr5;Truck weighed
issue_ticket_tr5_Pcp453;tr5;Printed weighing ticket for pickup plan
input_tally_tr5_Pcp453;tr5;Tally Sheet for pickup plan
eval_tr5exit_Pcp453;tr5;Exit evaluation for truck
weigh_loaded_tr39_Pcp374;tr39;Truck weighed
exit_tr5_Pcp453;tr5;Exit for truck
issue_ticket_tr39_Pcp374;tr39;Printed weighing ticket for pickup plan
input_tally_tr39_Pcp374;tr39;Tally Sheet for pickup plan
eval_tr39exit_Pcp374;tr39;Exit evaluation for truck
exit_tr39_Pcp374;tr39;Exit for truck
weigh_loaded_tr16_Pcp279;tr16;Truck weighed
assign_tr41_Pcp102;tr41;Pickup plan trucks assignment
issue_ticket_tr16_Pcp279;tr16;Printed weighing ticket for pickup plan
input_tally_tr16_Pcp279;tr16;Tally Sheet for pickup plan
eval_tr16exit_Pcp279;tr16;Exit evaluation for truck
exit_tr16_Pcp279;tr16;Exit for truck
enter_tr41_Pcp102;tr41;Entry evaluation for truck
register_arrival_tr41_Pcp102;tr41;truck for arrival registeration
assign_tr48_Pcp433;tr48;Pickup plan trucks assignment
weigh_empty_tr41_Pcp102;tr41;Empty truck weighed
check_abnorm_tr41_Pcp102;tr41;truck exmained for empty weight abnormality
enter_tr48_Pcp433;tr48;Entry evaluation for truck
arrive_Silo13_tr41_Pcp102;Silo13;Silo for truck load
assign_tr34_Pcp93;tr34;Pickup plan trucks assignment
register_arrival_tr48_Pcp433;tr48;truck for arrival registeration
determine_continu_tr41_Pcp102_Silo13;Silo13;silo evaluated for pickup continuance
load_tr41_Pcp102;tr41;cargo load for truck
enter_tr34_Pcp93;tr34;Entry evaluation for truck
weigh_empty_tr48_Pcp433;tr48;Empty truck weighed
check_abnorm_tr48_Pcp433;tr48;truck exmained for empty weight abnormality
arrive_Silo13_tr48_Pcp433;Silo13;Silo for truck load
determine_continu_tr48_Pcp433_Silo13;Silo13;silo evaluated for pickup continuance
register_arrival_tr34_Pcp93;tr34;truck for arrival registeration
load_tr48_Pcp433;tr48;cargo load for truck
weigh_empty_tr34_Pcp93;tr34;Empty truck weighed
check_abnorm_tr34_Pcp93;tr34;truck exmained for empty weight abnormality
arrive_Silo5_tr34_Pcp93;Silo5;Silo for truck load
weigh_loaded_tr48_Pcp433;tr48;Truck weighed
determine_continu_tr34_Pcp93_Silo5;Silo5;silo evaluated for pickup continuance
load_tr34_Pcp93;tr34;cargo load for truck
issue_ticket_tr48_Pcp433;tr48;Printed weighing ticket for pickup plan
input_tally_tr48_Pcp433;tr48;Tally Sheet for pickup plan
eval_tr48exit_Pcp433;tr48;Exit evaluation for truck
detain_tr48_Pcp433;tr48;Detain examination for truck
assign_tr47_Pcp224;tr47;Pickup plan trucks assignment
enter_tr47_Pcp224;tr47;Entry evaluation for truck
register_arrival_tr47_Pcp224;tr47;truck for arrival registeration
weigh_loaded_tr41_Pcp102;tr41;Truck weighed
exit_tr48_Pcp433;tr48;Exit for truck
issue_ticket_tr41_Pcp102;tr41;Printed weighing ticket for pickup plan
input_tally_tr41_Pcp102;tr41;Tally Sheet for pickup plan
weigh_empty_tr47_Pcp224;tr47;Empty truck weighed
eval_tr41exit_Pcp102;tr41;Exit evaluation for truck
check_abnorm_tr47_Pcp224;tr47;truck exmained for empty weight abnormality
exit_tr41_Pcp102;tr41;Exit for truck
arrive_Silo4_tr47_Pcp224;Silo4;Silo for truck load
determine_continu_tr47_Pcp224_Silo4;Silo4;silo evaluated for pickup continuance
load_tr47_Pcp224;tr47;cargo load for truck
weigh_loaded_tr47_Pcp224;tr47;Truck weighed
issue_ticket_tr47_Pcp224;tr47;Printed weighing ticket for pickup plan
input_tally_tr47_Pcp224;tr47;Tally Sheet for pickup plan
eval_tr47exit_Pcp224;tr47;Exit evaluation for truck
exit_tr47_Pcp224;tr47;Exit for truck
weigh_loaded_tr34_Pcp93;tr34;Truck weighed
issue_ticket_tr34_Pcp93;tr34;Printed weighing ticket for pickup plan
input_tally_tr34_Pcp93;tr34;Tally Sheet for pickup plan
eval_tr34exit_Pcp93;tr34;Exit evaluation for truck
exit_tr34_Pcp93;tr34;Exit for truck
assign_tr13_Pcp166;tr13;Pickup plan trucks assignment
enter_tr13_Pcp166;tr13;Entry evaluation for truck
register_arrival_tr13_Pcp166;tr13;truck for arrival registeration
weigh_empty_tr13_Pcp166;tr13;Empty truck weighed
check_abnorm_tr13_Pcp166;tr13;truck exmained for empty weight abnormality
arrive_Silo1_tr13_Pcp166;Silo1;Silo for truck load
determine_continu_tr13_Pcp166_Silo1;Silo1;silo evaluated for pickup continuance
assign_tr2_Pcp93;tr2;Pickup plan trucks assignment
load_tr13_Pcp166;tr13;cargo load for truck
enter_tr2_Pcp93;tr2;Entry evaluation for truck
register_arrival_tr2_Pcp93;tr2;truck for arrival registeration
weigh_empty_tr2_Pcp93;tr2;Empty truck weighed
check_abnorm_tr2_Pcp93;tr2;truck exmained for empty weight abnormality
arrive_Silo5_tr2_Pcp93;Silo5;Silo for truck load
determine_continu_tr2_Pcp93_Silo5;Silo5;silo evaluated for pickup continuance
load_tr2_Pcp93;tr2;cargo load for truck
weigh_loaded_tr2_Pcp93;tr2;Truck weighed
issue_ticket_tr2_Pcp93;tr2;Printed weighing ticket for pickup plan
input_tally_tr2_Pcp93;tr2;Tally Sheet for pickup plan
eval_tr2exit_Pcp93;tr2;Exit evaluation for truck
exit_tr2_Pcp93;tr2;Exit for truck
assign_tr50_Pcp66;tr50;Pickup plan trucks assignment
enter_tr50_Pcp66;tr50;Entry evaluation for truck
register_arrival_tr50_Pcp66;tr50;truck for arrival registeration
weigh_empty_tr50_Pcp66;tr50;Empty truck weighed
check_abnorm_tr50_Pcp66;tr50;truck exmained for empty weight abnormality
arrive_Silo10_tr50_Pcp66;Silo10;Silo for truck load
assign_tr36_Pcp230;tr36;Pickup plan trucks assignment
enter_tr36_Pcp230;tr36;Entry evaluation for truck
weigh_loaded_tr13_Pcp166;tr13;Truck weighed
register_arrival_tr36_Pcp230;tr36;truck for arrival registeration
issue_ticket_tr13_Pcp166;tr13;Printed weighing ticket for pickup plan
input_tally_tr13_Pcp166;tr13;Tally Sheet for pickup plan
eval_tr13exit_Pcp166;tr13;Exit evaluation for truck
exit_tr13_Pcp166;tr13;Exit for truck
determine_continu_tr50_Pcp66_Silo10;Silo10;silo evaluated for pickup continuance
weigh_empty_tr36_Pcp230;tr36;Empty truck weighed
check_abnorm_tr36_Pcp230;tr36;truck exmained for empty weight abnormality
load_tr50_Pcp66;tr50;cargo load for truck
arrive_Silo3_tr36_Pcp230;Silo3;Silo for truck load
determine_continu_tr36_Pcp230_Silo3;Silo3;silo evaluated for pickup continuance
load_tr36_Pcp230;tr36;cargo load for truck
weigh_loaded_tr50_Pcp66;tr50;Truck weighed
issue_ticket_tr50_Pcp66;tr50;Printed weighing ticket for pickup plan
input_tally_tr50_Pcp66;tr50;Tally Sheet for pickup plan
eval_tr50exit_Pcp66;tr50;Exit evaluation for truck
exit_tr50_Pcp66;tr50;Exit for truck
weigh_loaded_tr36_Pcp230;tr36;Truck weighed
issue_ticket_tr36_Pcp230;tr36;Printed weighing ticket for pickup plan
input_tally_tr36_Pcp230;tr36;Tally Sheet for pickup plan
eval_tr36exit_Pcp230;tr36;Exit evaluation for truck
exit_tr36_Pcp230;tr36;Exit for truck
assign_tr22_Pcp220;tr22;Pickup plan trucks assignment
enter_tr22_Pcp220;tr22;Entry evaluation for truck
register_arrival_tr22_Pcp220;tr22;truck for arrival registeration
assign_tr12_Pcp383;tr12;Pickup plan trucks assignment
enter_tr12_Pcp383;tr12;Entry evaluation for truck
register_arrival_tr12_Pcp383;tr12;truck for arrival registeration
weigh_empty_tr22_Pcp220;tr22;Empty truck weighed
check_abnorm_tr22_Pcp220;tr22;truck exmained for empty weight abnormality
arrive_Silo3_tr22_Pcp220;Silo3;Silo for truck load
weigh_empty_tr12_Pcp383;tr12;Empty truck weighed
check_abnorm_tr12_Pcp383;tr12;truck exmained for empty weight abnormality
arrive_Silo13_tr12_Pcp383;Silo13;Silo for truck load
determine_continu_tr12_Pcp383_Silo13;Silo13;silo evaluated for pickup continuance
load_tr12_Pcp383;tr12;cargo load for truck
determine_continu_tr22_Pcp220_Silo3;Silo3;silo evaluated for pickup continuance
load_tr22_Pcp220;tr22;cargo load for truck
weigh_loaded_tr12_Pcp383;tr12;Truck weighed
issue_ticket_tr12_Pcp383;tr12;Printed weighing ticket for pickup plan
input_tally_tr12_Pcp383;tr12;Tally Sheet for pickup plan
eval_tr12exit_Pcp383;tr12;Exit evaluation for truck
exit_tr12_Pcp383;tr12;Exit for truck
weigh_loaded_tr22_Pcp220;tr22;Truck weighed
issue_ticket_tr22_Pcp220;tr22;Printed weighing ticket for pickup plan
input_tally_tr22_Pcp220;tr22;Tally Sheet for pickup plan
eval_tr22exit_Pcp220;tr22;Exit evaluation for truck
exit_tr22_Pcp220;tr22;Exit for truck
assign_tr3_Pcp394;tr3;Pickup plan trucks assignment
enter_tr3_Pcp394;tr3;Entry evaluation for truck
register_arrival_tr3_Pcp394;tr3;truck for arrival registeration
weigh_empty_tr3_Pcp394;tr3;Empty truck weighed
check_abnorm_tr3_Pcp394;tr3;truck exmained for empty weight abnormality
arrive_Silo13_tr3_Pcp394;Silo13;Silo for truck load
determine_continu_tr3_Pcp394_Silo13;Silo13;silo evaluated for pickup continuance
load_tr3_Pcp394;tr3;cargo load for truck
weigh_loaded_tr3_Pcp394;tr3;Truck weighed
issue_ticket_tr3_Pcp394;tr3;Printed weighing ticket for pickup plan
input_tally_tr3_Pcp394;tr3;Tally Sheet for pickup plan
eval_tr3exit_Pcp394;tr3;Exit evaluation for truck
exit_tr3_Pcp394;tr3;Exit for truck
lodge_Pcp361;Pcp361;lodged pickup plan
lodge_Pcp361;Cr19;cargo to be picked up
assess_Pcp361;Pcp361;pickup plan to be assessed
approve_Pcp361;Pcp361;pickup plan approved
lodge_Pcp295;Pcp295;lodged pickup plan
lodge_Pcp295;Cr15;cargo to be picked up
assess_Pcp295;Pcp295;pickup plan to be assessed
approve_Pcp295;Pcp295;pickup plan approved
assign_tr30_Pcp345;tr30;Pickup plan trucks assignment
enter_tr30_Pcp345;tr30;Entry evaluation for truck
assign_tr21_Pcp382;tr21;Pickup plan trucks assignment
register_arrival_tr30_Pcp345;tr30;truck for arrival registeration
assign_tr10_Pcp346;tr10;Pickup plan trucks assignment
weigh_empty_tr30_Pcp345;tr30;Empty truck weighed
check_abnorm_tr30_Pcp345;tr30;truck exmained for empty weight abnormality
arrive_Silo10_tr30_Pcp345;Silo10;Silo for truck load
assign_tr32_Pcp158;tr32;Pickup plan trucks assignment
enter_tr21_Pcp382;tr21;Entry evaluation for truck
register_arrival_tr21_Pcp382;tr21;truck for arrival registeration
enter_tr32_Pcp158;tr32;Entry evaluation for truck
enter_tr10_Pcp346;tr10;Entry evaluation for truck
determine_continu_tr30_Pcp345_Silo10;Silo10;silo evaluated for pickup continuance
weigh_empty_tr21_Pcp382;tr21;Empty truck weighed
check_abnorm_tr21_Pcp382;tr21;truck exmained for empty weight abnormality
register_arrival_tr10_Pcp346;tr10;truck for arrival registeration
load_tr30_Pcp345;tr30;cargo load for truck
arrive_Silo14_tr21_Pcp382;Silo14;Silo for truck load
register_arrival_tr32_Pcp158;tr32;truck for arrival registeration
weigh_empty_tr32_Pcp158;tr32;Empty truck weighed
check_abnorm_tr32_Pcp158;tr32;truck exmained for empty weight abnormality
determine_continu_tr21_Pcp382_Silo14;Silo14;silo evaluated for pickup continuance
arrive_Silo10_tr32_Pcp158;Silo10;Silo for truck load
load_tr21_Pcp382;tr21;cargo load for truck
determine_continu_tr32_Pcp158_Silo10;Silo10;silo evaluated for pickup continuance
load_tr32_Pcp158;tr32;cargo load for truck
assign_tr29_Pcp50;tr29;Pickup plan trucks assignment
weigh_loaded_tr30_Pcp345;tr30;Truck weighed
issue_ticket_tr30_Pcp345;tr30;Printed weighing ticket for pickup plan
input_tally_tr30_Pcp345;tr30;Tally Sheet for pickup plan
eval_tr30exit_Pcp345;tr30;Exit evaluation for truck
exit_tr30_Pcp345;tr30;Exit for truck
weigh_empty_tr10_Pcp346;tr10;Empty truck weighed
check_abnorm_tr10_Pcp346;tr10;truck exmained for empty weight abnormality
enter_tr29_Pcp50;tr29;Entry evaluation for truck
arrive_Silo17_tr10_Pcp346;Silo17;Silo for truck load
weigh_loaded_tr21_Pcp382;tr21;Truck weighed
assign_tr20_Pcp138;tr20;Pickup plan trucks assignment
register_arrival_tr29_Pcp50;tr29;truck for arrival registeration
issue_ticket_tr21_Pcp382;tr21;Printed weighing ticket for pickup plan
input_tally_tr21_Pcp382;tr21;Tally Sheet for pickup plan
eval_tr21exit_Pcp382;tr21;Exit evaluation for truck
exit_tr21_Pcp382;tr21;Exit for truck
weigh_empty_tr29_Pcp50;tr29;Empty truck weighed
determine_continu_tr10_Pcp346_Silo17;Silo17;silo evaluated for pickup continuance
check_abnorm_tr29_Pcp50;tr29;truck exmained for empty weight abnormality
enter_tr20_Pcp138;tr20;Entry evaluation for truck
arrive_Silo2_tr29_Pcp50;Silo2;Silo for truck load
register_arrival_tr20_Pcp138;tr20;truck for arrival registeration
assign_tr33_Pcp290;tr33;Pickup plan trucks assignment
load_tr10_Pcp346;tr10;cargo load for truck
weigh_empty_tr20_Pcp138;tr20;Empty truck weighed
enter_tr33_Pcp290;tr33;Entry evaluation for truck
determine_continu_tr29_Pcp50_Silo2;Silo2;silo evaluated for pickup continuance
register_arrival_tr33_Pcp290;tr33;truck for arrival registeration
check_abnorm_tr20_Pcp138;tr20;truck exmained for empty weight abnormality
arrive_Silo16_tr20_Pcp138;Silo16;Silo for truck load
assign_tr7_Pcp414;tr7;Pickup plan trucks assignment
load_tr29_Pcp50;tr29;cargo load for truck
weigh_empty_tr33_Pcp290;tr33;Empty truck weighed
determine_continu_tr20_Pcp138_Silo16;Silo16;silo evaluated for pickup continuance
check_abnorm_tr33_Pcp290;tr33;truck exmained for empty weight abnormality
arrive_Silo16_tr33_Pcp290;Silo16;Silo for truck load
load_tr20_Pcp138;tr20;cargo load for truck
weigh_loaded_tr10_Pcp346;tr10;Truck weighed
enter_tr7_Pcp414;tr7;Entry evaluation for truck
issue_ticket_tr10_Pcp346;tr10;Printed weighing ticket for pickup plan
input_tally_tr10_Pcp346;tr10;Tally Sheet for pickup plan
eval_tr10exit_Pcp346;tr10;Exit evaluation for truck
exit_tr10_Pcp346;tr10;Exit for truck
register_arrival_tr7_Pcp414;tr7;truck for arrival registeration
weigh_loaded_tr29_Pcp50;tr29;Truck weighed
weigh_loaded_tr20_Pcp138;tr20;Truck weighed
issue_ticket_tr29_Pcp50;tr29;Printed weighing ticket for pickup plan
input_tally_tr29_Pcp50;tr29;Tally Sheet for pickup plan
eval_tr29exit_Pcp50;tr29;Exit evaluation for truck
weigh_empty_tr7_Pcp414;tr7;Empty truck weighed
exit_tr29_Pcp50;tr29;Exit for truck
check_abnorm_tr7_Pcp414;tr7;truck exmained for empty weight abnormality
assign_tr31_Pcp478;tr31;Pickup plan trucks assignment
arrive_Silo6_tr7_Pcp414;Silo6;Silo for truck load
determine_continu_tr33_Pcp290_Silo16;Silo16;silo evaluated for pickup continuance
issue_ticket_tr20_Pcp138;tr20;Printed weighing ticket for pickup plan
input_tally_tr20_Pcp138;tr20;Tally Sheet for pickup plan
eval_tr20exit_Pcp138;tr20;Exit evaluation for truck
load_tr33_Pcp290;tr33;cargo load for truck
exit_tr20_Pcp138;tr20;Exit for truck
enter_tr31_Pcp478;tr31;Entry evaluation for truck
determine_continu_tr7_Pcp414_Silo6;Silo6;silo evaluated for pickup continuance
assign_tr38_Pcp334;tr38;Pickup plan trucks assignment
assign_tr42_Pcp145;tr42;Pickup plan trucks assignment
enter_tr38_Pcp334;tr38;Entry evaluation for truck
assign_tr18_Pcp134;tr18;Pickup plan trucks assignment
fail_load_tr7_Pcp414;tr7;Truck fail to load
assign_tr35_Pcp344;tr35;Pickup plan trucks assignment
weigh_loaded_tr33_Pcp290;tr33;Truck weighed
register_arrival_tr38_Pcp334;tr38;truck for arrival registeration
enter_tr42_Pcp145;tr42;Entry evaluation for truck
register_arrival_tr42_Pcp145;tr42;truck for arrival registeration
enter_tr35_Pcp344;tr35;Entry evaluation for truck
assign_tr46_Pcp498;tr46;Pickup plan trucks assignment
enter_tr46_Pcp498;tr46;Entry evaluation for truck
enter_tr18_Pcp134;tr18;Entry evaluation for truck
issue_ticket_tr33_Pcp290;tr33;Printed weighing ticket for pickup plan
input_tally_tr33_Pcp290;tr33;Tally Sheet for pickup plan
eval_tr33exit_Pcp290;tr33;Exit evaluation for truck
weigh_empty_tr38_Pcp334;tr38;Empty truck weighed
exit_tr33_Pcp290;tr33;Exit for truck
check_abnorm_tr38_Pcp334;tr38;truck exmained for empty weight abnormality
arrive_Silo3_tr38_Pcp334;Silo3;Silo for truck load
register_arrival_tr31_Pcp478;tr31;truck for arrival registeration
weigh_empty_tr42_Pcp145;tr42;Empty truck weighed
check_abnorm_tr42_Pcp145;tr42;truck exmained for empty weight abnormality
assign_tr49_Pcp252;tr49;Pickup plan trucks assignment
register_arrival_tr46_Pcp498;tr46;truck for arrival registeration
register_arrival_tr35_Pcp344;tr35;truck for arrival registeration
arrive_Silo18_tr42_Pcp145;Silo18;Silo for truck load
assign_tr4_Pcp230;tr4;Pickup plan trucks assignment
enter_tr49_Pcp252;tr49;Entry evaluation for truck
enter_tr4_Pcp230;tr4;Entry evaluation for truck
assign_tr15_Pcp280;tr15;Pickup plan trucks assignment
weigh_empty_tr31_Pcp478;tr31;Empty truck weighed
register_arrival_tr18_Pcp134;tr18;truck for arrival registeration
weigh_empty_tr46_Pcp498;tr46;Empty truck weighed
check_abnorm_tr31_Pcp478;tr31;truck exmained for empty weight abnormality
check_abnorm_tr46_Pcp498;tr46;truck exmained for empty weight abnormality
enter_tr15_Pcp280;tr15;Entry evaluation for truck
arrive_Silo16_tr31_Pcp478;Silo16;Silo for truck load
register_arrival_tr4_Pcp230;tr4;truck for arrival registeration
determine_continu_tr42_Pcp145_Silo18;Silo18;silo evaluated for pickup continuance
arrive_Silo5_tr46_Pcp498;Silo5;Silo for truck load
determine_continu_tr38_Pcp334_Silo3;Silo3;silo evaluated for pickup continuance
load_tr42_Pcp145;tr42;cargo load for truck
weigh_loaded_tr32_Pcp158;tr32;Truck weighed
load_tr38_Pcp334;tr38;cargo load for truck
weigh_empty_tr4_Pcp230;tr4;Empty truck weighed
register_arrival_tr49_Pcp252;tr49;truck for arrival registeration
check_abnorm_tr4_Pcp230;tr4;truck exmained for empty weight abnormality
arrive_Silo3_tr4_Pcp230;Silo3;Silo for truck load
register_arrival_tr15_Pcp280;tr15;truck for arrival registeration
assign_tr19_Pcp479;tr19;Pickup plan trucks assignment
determine_continu_tr31_Pcp478_Silo16;Silo16;silo evaluated for pickup continuance
determine_continu_tr46_Pcp498_Silo5;Silo5;silo evaluated for pickup continuance
issue_ticket_tr32_Pcp158;tr32;Printed weighing ticket for pickup plan
input_tally_tr32_Pcp158;tr32;Tally Sheet for pickup plan
eval_tr32exit_Pcp158;tr32;Exit evaluation for truck
exit_tr32_Pcp158;tr32;Exit for truck
assign_tr11_Pcp419;tr11;Pickup plan trucks assignment
weigh_empty_tr35_Pcp344;tr35;Empty truck weighed
enter_tr19_Pcp479;tr19;Entry evaluation for truck
load_tr46_Pcp498;tr46;cargo load for truck
enter_tr11_Pcp419;tr11;Entry evaluation for truck
weigh_loaded_tr42_Pcp145;tr42;Truck weighed
check_abnorm_tr35_Pcp344;tr35;truck exmained for empty weight abnormality
weigh_empty_tr18_Pcp134;tr18;Empty truck weighed
weigh_empty_tr49_Pcp252;tr49;Empty truck weighed
issue_ticket_tr42_Pcp145;tr42;Printed weighing ticket for pickup plan
check_abnorm_tr18_Pcp134;tr18;truck exmained for empty weight abnormality
input_tally_tr42_Pcp145;tr42;Tally Sheet for pickup plan
arrive_Silo20_tr35_Pcp344;Silo20;Silo for truck load
register_arrival_tr19_Pcp479;tr19;truck for arrival registeration
check_abnorm_tr49_Pcp252;tr49;truck exmained for empty weight abnormality
eval_tr42exit_Pcp145;tr42;Exit evaluation for truck
register_arrival_tr11_Pcp419;tr11;truck for arrival registeration
arrive_Silo16_tr49_Pcp252;Silo16;Silo for truck load
weigh_empty_tr15_Pcp280;tr15;Empty truck weighed
arrive_Silo2_tr18_Pcp134;Silo2;Silo for truck load
exit_tr42_Pcp145;tr42;Exit for truck
load_tr31_Pcp478;tr31;cargo load for truck
assign_tr37_Pcp331;tr37;Pickup plan trucks assignment
check_abnorm_tr15_Pcp280;tr15;truck exmained for empty weight abnormality
determine_continu_tr18_Pcp134_Silo2;Silo2;silo evaluated for pickup continuance
load_tr18_Pcp134;tr18;cargo load for truck
arrive_Silo2_tr15_Pcp280;Silo2;Silo for truck load
determine_continu_tr35_Pcp344_Silo20;Silo20;silo evaluated for pickup continuance
determine_continu_tr15_Pcp280_Silo2;Silo2;silo evaluated for pickup continuance
enter_tr37_Pcp331;tr37;Entry evaluation for truck
determine_continu_tr4_Pcp230_Silo3;Silo3;silo evaluated for pickup continuance
load_tr15_Pcp280;tr15;cargo load for truck
register_arrival_tr37_Pcp331;tr37;truck for arrival registeration
load_tr35_Pcp344;tr35;cargo load for truck
load_tr4_Pcp230;tr4;cargo load for truck
weigh_empty_tr37_Pcp331;tr37;Empty truck weighed
check_abnorm_tr37_Pcp331;tr37;truck exmained for empty weight abnormality
arrive_Silo10_tr37_Pcp331;Silo10;Silo for truck load
determine_continu_tr49_Pcp252_Silo16;Silo16;silo evaluated for pickup continuance
fail_load_tr49_Pcp252;tr49;Truck fail to load
assign_tr1_Pcp12;tr1;Pickup plan trucks assignment
enter_tr1_Pcp12;tr1;Entry evaluation for truck
weigh_empty_tr19_Pcp479;tr19;Empty truck weighed
check_abnorm_tr19_Pcp479;tr19;truck exmained for empty weight abnormality
register_arrival_tr1_Pcp12;tr1;truck for arrival registeration
arrive_Silo1_tr19_Pcp479;Silo1;Silo for truck load
weigh_loaded_tr38_Pcp334;tr38;Truck weighed
weigh_empty_tr11_Pcp419;tr11;Empty truck weighed
determine_continu_tr37_Pcp331_Silo10;Silo10;silo evaluated for pickup continuance
weigh_loaded_tr31_Pcp478;tr31;Truck weighed
check_abnorm_tr11_Pcp419;tr11;truck exmained for empty weight abnormality
load_tr37_Pcp331;tr37;cargo load for truck
weigh_loaded_tr4_Pcp230;tr4;Truck weighed
issue_ticket_tr38_Pcp334;tr38;Printed weighing ticket for pickup plan
input_tally_tr38_Pcp334;tr38;Tally Sheet for pickup plan
eval_tr38exit_Pcp334;tr38;Exit evaluation for truck
arrive_Silo16_tr11_Pcp419;Silo16;Silo for truck load
exit_tr38_Pcp334;tr38;Exit for truck
weigh_empty_tr1_Pcp12;tr1;Empty truck weighed
issue_ticket_tr31_Pcp478;tr31;Printed weighing ticket for pickup plan
input_tally_tr31_Pcp478;tr31;Tally Sheet for pickup plan
eval_tr31exit_Pcp478;tr31;Exit evaluation for truck
check_abnorm_tr1_Pcp12;tr1;truck exmained for empty weight abnormality
exit_tr31_Pcp478;tr31;Exit for truck
arrive_Silo2_tr1_Pcp12;Silo2;Silo for truck load
determine_continu_tr11_Pcp419_Silo16;Silo16;silo evaluated for pickup continuance
assign_tr40_Pcp345;tr40;Pickup plan trucks assignment
fail_load_tr11_Pcp419;tr11;Truck fail to load
issue_ticket_tr4_Pcp230;tr4;Printed weighing ticket for pickup plan
input_tally_tr4_Pcp230;tr4;Tally Sheet for pickup plan
eval_tr4exit_Pcp230;tr4;Exit evaluation for truck
detain_tr4_Pcp230;tr4;Detain examination for truck
determine_continu_tr1_Pcp12_Silo2;Silo2;silo evaluated for pickup continuance
determine_continu_tr19_Pcp479_Silo1;Silo1;silo evaluated for pickup continuance
assign_tr25_Pcp20;tr25;Pickup plan trucks assignment
load_tr1_Pcp12;tr1;cargo load for truck
load_tr19_Pcp479;tr19;cargo load for truck
assign_tr6_Pcp185;tr6;Pickup plan trucks assignment
exit_tr4_Pcp230;tr4;Exit for truck
enter_tr40_Pcp345;tr40;Entry evaluation for truck
register_arrival_tr40_Pcp345;tr40;truck for arrival registeration
assign_tr27_Pcp370;tr27;Pickup plan trucks assignment
weigh_empty_tr40_Pcp345;tr40;Empty truck weighed
enter_tr6_Pcp185;tr6;Entry evaluation for truck
enter_tr27_Pcp370;tr27;Entry evaluation for truck
check_abnorm_tr40_Pcp345;tr40;truck exmained for empty weight abnormality
weigh_loaded_tr18_Pcp134;tr18;Truck weighed
enter_tr25_Pcp20;tr25;Entry evaluation for truck
arrive_Silo10_tr40_Pcp345;Silo10;Silo for truck load
issue_ticket_tr18_Pcp134;tr18;Printed weighing ticket for pickup plan
input_tally_tr18_Pcp134;tr18;Tally Sheet for pickup plan
eval_tr18exit_Pcp134;tr18;Exit evaluation for truck
register_arrival_tr25_Pcp20;tr25;truck for arrival registeration
register_arrival_tr27_Pcp370;tr27;truck for arrival registeration
exit_tr18_Pcp134;tr18;Exit for truck
determine_continu_tr40_Pcp345_Silo10;Silo10;silo evaluated for pickup continuance
assign_tr17_Pcp4;tr17;Pickup plan trucks assignment
load_tr40_Pcp345;tr40;cargo load for truck
weigh_loaded_tr1_Pcp12;tr1;Truck weighed
enter_tr17_Pcp4;tr17;Entry evaluation for truck
weigh_loaded_tr37_Pcp331;tr37;Truck weighed
weigh_empty_tr27_Pcp370;tr27;Empty truck weighed
check_abnorm_tr27_Pcp370;tr27;truck exmained for empty weight abnormality
arrive_Silo6_tr27_Pcp370;Silo6;Silo for truck load
issue_ticket_tr37_Pcp331;tr37;Printed weighing ticket for pickup plan
input_tally_tr37_Pcp331;tr37;Tally Sheet for pickup plan
issue_ticket_tr1_Pcp12;tr1;Printed weighing ticket for pickup plan
input_tally_tr1_Pcp12;tr1;Tally Sheet for pickup plan
eval_tr1exit_Pcp12;tr1;Exit evaluation for truck
register_arrival_tr17_Pcp4;tr17;truck for arrival registeration
exit_tr1_Pcp12;tr1;Exit for truck
weigh_empty_tr25_Pcp20;tr25;Empty truck weighed
eval_tr37exit_Pcp331;tr37;Exit evaluation for truck
register_arrival_tr6_Pcp185;tr6;truck for arrival registeration
check_abnorm_tr25_Pcp20;tr25;truck exmained for empty weight abnormality
weigh_loaded_tr35_Pcp344;tr35;Truck weighed
exit_tr37_Pcp331;tr37;Exit for truck
assign_tr45_Pcp263;tr45;Pickup plan trucks assignment
arrive_Silo9_tr25_Pcp20;Silo9;Silo for truck load
weigh_empty_tr17_Pcp4;tr17;Empty truck weighed
determine_continu_tr27_Pcp370_Silo6;Silo6;silo evaluated for pickup continuance
check_abnorm_tr17_Pcp4;tr17;truck exmained for empty weight abnormality
weigh_loaded_tr40_Pcp345;tr40;Truck weighed
arrive_Silo19_tr17_Pcp4;Silo19;Silo for truck load
fail_load_tr27_Pcp370;tr27;Truck fail to load
enter_tr45_Pcp263;tr45;Entry evaluation for truck
issue_ticket_tr40_Pcp345;tr40;Printed weighing ticket for pickup plan
input_tally_tr40_Pcp345;tr40;Tally Sheet for pickup plan
eval_tr40exit_Pcp345;tr40;Exit evaluation for truck
exit_tr40_Pcp345;tr40;Exit for truck
issue_ticket_tr35_Pcp344;tr35;Printed weighing ticket for pickup plan
input_tally_tr35_Pcp344;tr35;Tally Sheet for pickup plan
eval_tr35exit_Pcp344;tr35;Exit evaluation for truck
determine_continu_tr25_Pcp20_Silo9;Silo9;silo evaluated for pickup continuance
exit_tr35_Pcp344;tr35;Exit for truck
weigh_loaded_tr15_Pcp280;tr15;Truck weighed
weigh_empty_tr6_Pcp185;tr6;Empty truck weighed
load_tr25_Pcp20;tr25;cargo load for truck
check_abnorm_tr6_Pcp185;tr6;truck exmained for empty weight abnormality
determine_continu_tr17_Pcp4_Silo19;Silo19;silo evaluated for pickup continuance
issue_ticket_tr15_Pcp280;tr15;Printed weighing ticket for pickup plan
arrive_Silo2_tr6_Pcp185;Silo2;Silo for truck load
input_tally_tr15_Pcp280;tr15;Tally Sheet for pickup plan
eval_tr15exit_Pcp280;tr15;Exit evaluation for truck
exit_tr15_Pcp280;tr15;Exit for truck
load_tr17_Pcp4;tr17;cargo load for truck
register_arrival_tr45_Pcp263;tr45;truck for arrival registeration
assign_tr8_Pcp435;tr8;Pickup plan trucks assignment
weigh_empty_tr45_Pcp263;tr45;Empty truck weighed
check_abnorm_tr45_Pcp263;tr45;truck exmained for empty weight abnormality
enter_tr8_Pcp435;tr8;Entry evaluation for truck
arrive_Silo6_tr45_Pcp263;Silo6;Silo for truck load
assign_tr14_Pcp95;tr14;Pickup plan trucks assignment
register_arrival_tr8_Pcp435;tr8;truck for arrival registeration
determine_continu_tr45_Pcp263_Silo6;Silo6;silo evaluated for pickup continuance
assign_tr23_Pcp174;tr23;Pickup plan trucks assignment
assign_tr24_Pcp174;tr24;Pickup plan trucks assignment
enter_tr14_Pcp95;tr14;Entry evaluation for truck
enter_tr24_Pcp174;tr24;Entry evaluation for truck
fail_load_tr45_Pcp263;tr45;Truck fail to load
register_arrival_tr14_Pcp95;tr14;truck for arrival registeration
determine_continu_tr6_Pcp185_Silo2;Silo2;silo evaluated for pickup continuance
enter_tr23_Pcp174;tr23;Entry evaluation for truck
register_arrival_tr24_Pcp174;tr24;truck for arrival registeration
assign_tr43_Pcp170;tr43;Pickup plan trucks assignment
assign_tr28_Pcp380;tr28;Pickup plan trucks assignment
assign_tr44_Pcp9;tr44;Pickup plan trucks assignment
fail_load_tr6_Pcp185;tr6;Truck fail to load
enter_tr43_Pcp170;tr43;Entry evaluation for truck
enter_tr44_Pcp9;tr44;Entry evaluation for truck
register_arrival_tr44_Pcp9;tr44;truck for arrival registeration
weigh_empty_tr14_Pcp95;tr14;Empty truck weighed
register_arrival_tr43_Pcp170;tr43;truck for arrival registeration
weigh_empty_tr8_Pcp435;tr8;Empty truck weighed
register_arrival_tr23_Pcp174;tr23;truck for arrival registeration
enter_tr28_Pcp380;tr28;Entry evaluation for truck
check_abnorm_tr8_Pcp435;tr8;truck exmained for empty weight abnormality
weigh_empty_tr24_Pcp174;tr24;Empty truck weighed
check_abnorm_tr24_Pcp174;tr24;truck exmained for empty weight abnormality
check_abnorm_tr14_Pcp95;tr14;truck exmained for empty weight abnormality
weigh_empty_tr44_Pcp9;tr44;Empty truck weighed
arrive_Silo18_tr8_Pcp435;Silo18;Silo for truck load
arrive_Silo20_tr24_Pcp174;Silo20;Silo for truck load
check_abnorm_tr44_Pcp9;tr44;truck exmained for empty weight abnormality
arrive_Silo6_tr14_Pcp95;Silo6;Silo for truck load
register_arrival_tr28_Pcp380;tr28;truck for arrival registeration
assign_tr9_Pcp478;tr9;Pickup plan trucks assignment
arrive_Silo1_tr44_Pcp9;Silo1;Silo for truck load
enter_tr9_Pcp478;tr9;Entry evaluation for truck
determine_continu_tr14_Pcp95_Silo6;Silo6;silo evaluated for pickup continuance
weigh_loaded_tr46_Pcp498;tr46;Truck weighed
weigh_empty_tr43_Pcp170;tr43;Empty truck weighed
check_abnorm_tr43_Pcp170;tr43;truck exmained for empty weight abnormality
issue_ticket_tr46_Pcp498;tr46;Printed weighing ticket for pickup plan
input_tally_tr46_Pcp498;tr46;Tally Sheet for pickup plan
fail_load_tr14_Pcp95;tr14;Truck fail to load
arrive_Silo20_tr43_Pcp170;Silo20;Silo for truck load
eval_tr46exit_Pcp498;tr46;Exit evaluation for truck
determine_continu_tr24_Pcp174_Silo20;Silo20;silo evaluated for pickup continuance
determine_continu_tr8_Pcp435_Silo18;Silo18;silo evaluated for pickup continuance
weigh_loaded_tr17_Pcp4;tr17;Truck weighed
exit_tr46_Pcp498;tr46;Exit for truck
load_tr8_Pcp435;tr8;cargo load for truck
load_tr24_Pcp174;tr24;cargo load for truck
register_arrival_tr9_Pcp478;tr9;truck for arrival registeration
weigh_empty_tr23_Pcp174;tr23;Empty truck weighed
issue_ticket_tr17_Pcp4;tr17;Printed weighing ticket for pickup plan
input_tally_tr17_Pcp4;tr17;Tally Sheet for pickup plan
eval_tr17exit_Pcp4;tr17;Exit evaluation for truck
weigh_empty_tr28_Pcp380;tr28;Empty truck weighed
check_abnorm_tr23_Pcp174;tr23;truck exmained for empty weight abnormality
exit_tr17_Pcp4;tr17;Exit for truck
arrive_Silo20_tr23_Pcp174;Silo20;Silo for truck load
weigh_empty_tr9_Pcp478;tr9;Empty truck weighed
check_abnorm_tr28_Pcp380;tr28;truck exmained for empty weight abnormality
determine_continu_tr43_Pcp170_Silo20;Silo20;silo evaluated for pickup continuance
arrive_Silo18_tr28_Pcp380;Silo18;Silo for truck load
check_abnorm_tr9_Pcp478;tr9;truck exmained for empty weight abnormality
load_tr43_Pcp170;tr43;cargo load for truck
determine_continu_tr44_Pcp9_Silo1;Silo1;silo evaluated for pickup continuance
arrive_Silo16_tr9_Pcp478;Silo16;Silo for truck load
load_tr44_Pcp9;tr44;cargo load for truck
determine_continu_tr23_Pcp174_Silo20;Silo20;silo evaluated for pickup continuance
load_tr23_Pcp174;tr23;cargo load for truck
determine_continu_tr28_Pcp380_Silo18;Silo18;silo evaluated for pickup continuance
assign_tr26_Pcp403;tr26;Pickup plan trucks assignment
weigh_loaded_tr24_Pcp174;tr24;Truck weighed
load_tr28_Pcp380;tr28;cargo load for truck
weigh_loaded_tr19_Pcp479;tr19;Truck weighed
weigh_loaded_tr8_Pcp435;tr8;Truck weighed
issue_ticket_tr8_Pcp435;tr8;Printed weighing ticket for pickup plan
input_tally_tr8_Pcp435;tr8;Tally Sheet for pickup plan
issue_ticket_tr19_Pcp479;tr19;Printed weighing ticket for pickup plan
input_tally_tr19_Pcp479;tr19;Tally Sheet for pickup plan
eval_tr19exit_Pcp479;tr19;Exit evaluation for truck
eval_tr8exit_Pcp435;tr8;Exit evaluation for truck
enter_tr26_Pcp403;tr26;Entry evaluation for truck
exit_tr8_Pcp435;tr8;Exit for truck
exit_tr19_Pcp479;tr19;Exit for truck
determine_continu_tr9_Pcp478_Silo16;Silo16;silo evaluated for pickup continuance
load_tr9_Pcp478;tr9;cargo load for truck
weigh_loaded_tr23_Pcp174;tr23;Truck weighed
weigh_loaded_tr25_Pcp20;tr25;Truck weighed
issue_ticket_tr24_Pcp174;tr24;Printed weighing ticket for pickup plan
input_tally_tr24_Pcp174;tr24;Tally Sheet for pickup plan
eval_tr24exit_Pcp174;tr24;Exit evaluation for truck
issue_ticket_tr23_Pcp174;tr23;Printed weighing ticket for pickup plan
input_tally_tr23_Pcp174;tr23;Tally Sheet for pickup plan
register_arrival_tr26_Pcp403;tr26;truck for arrival registeration
exit_tr24_Pcp174;tr24;Exit for truck
eval_tr23exit_Pcp174;tr23;Exit evaluation for truck
exit_tr23_Pcp174;tr23;Exit for truck
issue_ticket_tr25_Pcp20;tr25;Printed weighing ticket for pickup plan
input_tally_tr25_Pcp20;tr25;Tally Sheet for pickup plan
eval_tr25exit_Pcp20;tr25;Exit evaluation for truck
assign_tr5_Pcp285;tr5;Pickup plan trucks assignment
exit_tr25_Pcp20;tr25;Exit for truck
assign_tr39_Pcp271;tr39;Pickup plan trucks assignment
weigh_empty_tr26_Pcp403;tr26;Empty truck weighed
enter_tr5_Pcp285;tr5;Entry evaluation for truck
register_arrival_tr5_Pcp285;tr5;truck for arrival registeration
check_abnorm_tr26_Pcp403;tr26;truck exmained for empty weight abnormality
arrive_Silo14_tr26_Pcp403;Silo14;Silo for truck load
enter_tr39_Pcp271;tr39;Entry evaluation for truck
weigh_empty_tr5_Pcp285;tr5;Empty truck weighed
check_abnorm_tr5_Pcp285;tr5;truck exmained for empty weight abnormality
arrive_Silo19_tr5_Pcp285;Silo19;Silo for truck load
weigh_loaded_tr43_Pcp170;tr43;Truck weighed
determine_continu_tr26_Pcp403_Silo14;Silo14;silo evaluated for pickup continuance
load_tr26_Pcp403;tr26;cargo load for truck
weigh_loaded_tr28_Pcp380;tr28;Truck weighed
register_arrival_tr39_Pcp271;tr39;truck for arrival registeration
issue_ticket_tr43_Pcp170;tr43;Printed weighing ticket for pickup plan
input_tally_tr43_Pcp170;tr43;Tally Sheet for pickup plan
eval_tr43exit_Pcp170;tr43;Exit evaluation for truck
issue_ticket_tr28_Pcp380;tr28;Printed weighing ticket for pickup plan
input_tally_tr28_Pcp380;tr28;Tally Sheet for pickup plan
eval_tr28exit_Pcp380;tr28;Exit evaluation for truck
exit_tr43_Pcp170;tr43;Exit for truck
exit_tr28_Pcp380;tr28;Exit for truck
weigh_loaded_tr9_Pcp478;tr9;Truck weighed
weigh_empty_tr39_Pcp271;tr39;Empty truck weighed
check_abnorm_tr39_Pcp271;tr39;truck exmained for empty weight abnormality
issue_ticket_tr9_Pcp478;tr9;Printed weighing ticket for pickup plan
input_tally_tr9_Pcp478;tr9;Tally Sheet for pickup plan
eval_tr9exit_Pcp478;tr9;Exit evaluation for truck
arrive_Silo17_tr39_Pcp271;Silo17;Silo for truck load
exit_tr9_Pcp478;tr9;Exit for truck
determine_continu_tr5_Pcp285_Silo19;Silo19;silo evaluated for pickup continuance
load_tr5_Pcp285;tr5;cargo load for truck
determine_continu_tr39_Pcp271_Silo17;Silo17;silo evaluated for pickup continuance
fail_load_tr39_Pcp271;tr39;Truck fail to load
weigh_loaded_tr5_Pcp285;tr5;Truck weighed
issue_ticket_tr5_Pcp285;tr5;Printed weighing ticket for pickup plan
input_tally_tr5_Pcp285;tr5;Tally Sheet for pickup plan
eval_tr5exit_Pcp285;tr5;Exit evaluation for truck
exit_tr5_Pcp285;tr5;Exit for truck
assign_tr16_Pcp436;tr16;Pickup plan trucks assignment
enter_tr16_Pcp436;tr16;Entry evaluation for truck
register_arrival_tr16_Pcp436;tr16;truck for arrival registeration
weigh_empty_tr16_Pcp436;tr16;Empty truck weighed
check_abnorm_tr16_Pcp436;tr16;truck exmained for empty weight abnormality
arrive_Silo3_tr16_Pcp436;Silo3;Silo for truck load
determine_continu_tr16_Pcp436_Silo3;Silo3;silo evaluated for pickup continuance
weigh_loaded_tr26_Pcp403;tr26;Truck weighed
load_tr16_Pcp436;tr16;cargo load for truck
issue_ticket_tr26_Pcp403;tr26;Printed weighing ticket for pickup plan
input_tally_tr26_Pcp403;tr26;Tally Sheet for pickup plan
eval_tr26exit_Pcp403;tr26;Exit evaluation for truck
exit_tr26_Pcp403;tr26;Exit for truck
weigh_loaded_tr44_Pcp9;tr44;Truck weighed
issue_ticket_tr44_Pcp9;tr44;Printed weighing ticket for pickup plan
input_tally_tr44_Pcp9;tr44;Tally Sheet for pickup plan
eval_tr44exit_Pcp9;tr44;Exit evaluation for truck
exit_tr44_Pcp9;tr44;Exit for truck
assign_tr48_Pcp380;tr48;Pickup plan trucks assignment
enter_tr48_Pcp380;tr48;Entry evaluation for truck
assign_tr41_Pcp348;tr41;Pickup plan trucks assignment
register_arrival_tr48_Pcp380;tr48;truck for arrival registeration
enter_tr41_Pcp348;tr41;Entry evaluation for truck
weigh_loaded_tr16_Pcp436;tr16;Truck weighed
register_arrival_tr41_Pcp348;tr41;truck for arrival registeration
weigh_empty_tr48_Pcp380;tr48;Empty truck weighed
issue_ticket_tr16_Pcp436;tr16;Printed weighing ticket for pickup plan
input_tally_tr16_Pcp436;tr16;Tally Sheet for pickup plan
eval_tr16exit_Pcp436;tr16;Exit evaluation for truck
exit_tr16_Pcp436;tr16;Exit for truck
check_abnorm_tr48_Pcp380;tr48;truck exmained for empty weight abnormality
arrive_Silo18_tr48_Pcp380;Silo18;Silo for truck load
weigh_empty_tr41_Pcp348;tr41;Empty truck weighed
check_abnorm_tr41_Pcp348;tr41;truck exmained for empty weight abnormality
arrive_Silo14_tr41_Pcp348;Silo14;Silo for truck load
determine_continu_tr41_Pcp348_Silo14;Silo14;silo evaluated for pickup continuance
load_tr41_Pcp348;tr41;cargo load for truck
determine_continu_tr48_Pcp380_Silo18;Silo18;silo evaluated for pickup continuance
assign_tr47_Pcp341;tr47;Pickup plan trucks assignment
load_tr48_Pcp380;tr48;cargo load for truck
enter_tr47_Pcp341;tr47;Entry evaluation for truck
register_arrival_tr47_Pcp341;tr47;truck for arrival registeration
weigh_loaded_tr48_Pcp380;tr48;Truck weighed
weigh_empty_tr47_Pcp341;tr47;Empty truck weighed
issue_ticket_tr48_Pcp380;tr48;Printed weighing ticket for pickup plan
input_tally_tr48_Pcp380;tr48;Tally Sheet for pickup plan
check_abnorm_tr47_Pcp341;tr47;truck exmained for empty weight abnormality
eval_tr48exit_Pcp380;tr48;Exit evaluation for truck
arrive_Silo2_tr47_Pcp341;Silo2;Silo for truck load
exit_tr48_Pcp380;tr48;Exit for truck
determine_continu_tr47_Pcp341_Silo2;Silo2;silo evaluated for pickup continuance
fail_load_tr47_Pcp341;tr47;Truck fail to load
assign_tr34_Pcp77;tr34;Pickup plan trucks assignment
enter_tr34_Pcp77;tr34;Entry evaluation for truck
register_arrival_tr34_Pcp77;tr34;truck for arrival registeration
weigh_empty_tr34_Pcp77;tr34;Empty truck weighed
check_abnorm_tr34_Pcp77;tr34;truck exmained for empty weight abnormality
arrive_Silo12_tr34_Pcp77;Silo12;Silo for truck load
determine_continu_tr34_Pcp77_Silo12;Silo12;silo evaluated for pickup continuance
load_tr34_Pcp77;tr34;cargo load for truck
assign_tr2_Pcp186;tr2;Pickup plan trucks assignment
enter_tr2_Pcp186;tr2;Entry evaluation for truck
register_arrival_tr2_Pcp186;tr2;truck for arrival registeration
weigh_empty_tr2_Pcp186;tr2;Empty truck weighed
check_abnorm_tr2_Pcp186;tr2;truck exmained for empty weight abnormality
arrive_Silo10_tr2_Pcp186;Silo10;Silo for truck load
determine_continu_tr2_Pcp186_Silo10;Silo10;silo evaluated for pickup continuance
load_tr2_Pcp186;tr2;cargo load for truck
assign_tr13_Pcp303;tr13;Pickup plan trucks assignment
enter_tr13_Pcp303;tr13;Entry evaluation for truck
weigh_loaded_tr41_Pcp348;tr41;Truck weighed
issue_ticket_tr41_Pcp348;tr41;Printed weighing ticket for pickup plan
input_tally_tr41_Pcp348;tr41;Tally Sheet for pickup plan
eval_tr41exit_Pcp348;tr41;Exit evaluation for truck
exit_tr41_Pcp348;tr41;Exit for truck
register_arrival_tr13_Pcp303;tr13;truck for arrival registeration
weigh_loaded_tr2_Pcp186;tr2;Truck weighed
issue_ticket_tr2_Pcp186;tr2;Printed weighing ticket for pickup plan
input_tally_tr2_Pcp186;tr2;Tally Sheet for pickup plan
eval_tr2exit_Pcp186;tr2;Exit evaluation for truck
exit_tr2_Pcp186;tr2;Exit for truck
weigh_empty_tr13_Pcp303;tr13;Empty truck weighed
check_abnorm_tr13_Pcp303;tr13;truck exmained for empty weight abnormality
arrive_Silo12_tr13_Pcp303;Silo12;Silo for truck load
assign_tr50_Pcp391;tr50;Pickup plan trucks assignment
determine_continu_tr13_Pcp303_Silo12;Silo12;silo evaluated for pickup continuance
enter_tr50_Pcp391;tr50;Entry evaluation for truck
load_tr13_Pcp303;tr13;cargo load for truck
register_arrival_tr50_Pcp391;tr50;truck for arrival registeration
weigh_loaded_tr34_Pcp77;tr34;Truck weighed
issue_ticket_tr34_Pcp77;tr34;Printed weighing ticket for pickup plan
input_tally_tr34_Pcp77;tr34;Tally Sheet for pickup plan
eval_tr34exit_Pcp77;tr34;Exit evaluation for truck
detain_tr34_Pcp77;tr34;Detain examination for truck
weigh_empty_tr50_Pcp391;tr50;Empty truck weighed
check_abnorm_tr50_Pcp391;tr50;truck exmained for empty weight abnormality
arrive_Silo20_tr50_Pcp391;Silo20;Silo for truck load
weigh_loaded_tr13_Pcp303;tr13;Truck weighed
exit_tr34_Pcp77;tr34;Exit for truck
determine_continu_tr50_Pcp391_Silo20;Silo20;silo evaluated for pickup continuance
issue_ticket_tr13_Pcp303;tr13;Printed weighing ticket for pickup plan
input_tally_tr13_Pcp303;tr13;Tally Sheet for pickup plan
eval_tr13exit_Pcp303;tr13;Exit evaluation for truck
exit_tr13_Pcp303;tr13;Exit for truck
load_tr50_Pcp391;tr50;cargo load for truck
assign_tr36_Pcp320;tr36;Pickup plan trucks assignment
enter_tr36_Pcp320;tr36;Entry evaluation for truck
weigh_loaded_tr50_Pcp391;tr50;Truck weighed
register_arrival_tr36_Pcp320;tr36;truck for arrival registeration
issue_ticket_tr50_Pcp391;tr50;Printed weighing ticket for pickup plan
input_tally_tr50_Pcp391;tr50;Tally Sheet for pickup plan
eval_tr50exit_Pcp391;tr50;Exit evaluation for truck
exit_tr50_Pcp391;tr50;Exit for truck
weigh_empty_tr36_Pcp320;tr36;Empty truck weighed
check_abnorm_tr36_Pcp320;tr36;truck exmained for empty weight abnormality
arrive_Silo12_tr36_Pcp320;Silo12;Silo for truck load
determine_continu_tr36_Pcp320_Silo12;Silo12;silo evaluated for pickup continuance
load_tr36_Pcp320;tr36;cargo load for truck
weigh_loaded_tr36_Pcp320;tr36;Truck weighed
issue_ticket_tr36_Pcp320;tr36;Printed weighing ticket for pickup plan
input_tally_tr36_Pcp320;tr36;Tally Sheet for pickup plan
eval_tr36exit_Pcp320;tr36;Exit evaluation for truck
exit_tr36_Pcp320;tr36;Exit for truck
assign_tr12_Pcp297;tr12;Pickup plan trucks assignment
enter_tr12_Pcp297;tr12;Entry evaluation for truck
register_arrival_tr12_Pcp297;tr12;truck for arrival registeration
weigh_empty_tr12_Pcp297;tr12;Empty truck weighed
check_abnorm_tr12_Pcp297;tr12;truck exmained for empty weight abnormality
arrive_Silo2_tr12_Pcp297;Silo2;Silo for truck load
assign_tr22_Pcp374;tr22;Pickup plan trucks assignment
determine_continu_tr12_Pcp297_Silo2;Silo2;silo evaluated for pickup continuance
fail_load_tr12_Pcp297;tr12;Truck fail to load
enter_tr22_Pcp374;tr22;Entry evaluation for truck
register_arrival_tr22_Pcp374;tr22;truck for arrival registeration
weigh_empty_tr22_Pcp374;tr22;Empty truck weighed
check_abnorm_tr22_Pcp374;tr22;truck exmained for empty weight abnormality
arrive_Silo12_tr22_Pcp374;Silo12;Silo for truck load
determine_continu_tr22_Pcp374_Silo12;Silo12;silo evaluated for pickup continuance
load_tr22_Pcp374;tr22;cargo load for truck
assign_tr3_Pcp142;tr3;Pickup plan trucks assignment
weigh_loaded_tr22_Pcp374;tr22;Truck weighed
issue_ticket_tr22_Pcp374;tr22;Printed weighing ticket for pickup plan
input_tally_tr22_Pcp374;tr22;Tally Sheet for pickup plan
eval_tr22exit_Pcp374;tr22;Exit evaluation for truck
enter_tr3_Pcp142;tr3;Entry evaluation for truck
exit_tr22_Pcp374;tr22;Exit for truck
register_arrival_tr3_Pcp142;tr3;truck for arrival registeration
lodge_Pcp349;Pcp349;lodged pickup plan
lodge_Pcp349;Cr4;cargo to be picked up
weigh_empty_tr3_Pcp142;tr3;Empty truck weighed
check_abnorm_tr3_Pcp142;tr3;truck exmained for empty weight abnormality
arrive_Silo2_tr3_Pcp142;Silo2;Silo for truck load
determine_continu_tr3_Pcp142_Silo2;Silo2;silo evaluated for pickup continuance
fail_load_tr3_Pcp142;tr3;Truck fail to load
lodge_Pcp329;Pcp329;lodged pickup plan
lodge_Pcp329;Cr17;cargo to be picked up
assess_Pcp329;Pcp329;pickup plan to be assessed
approve_Pcp329;Pcp329;pickup plan approved
lodge_Pcp195;Pcp195;lodged pickup plan
lodge_Pcp195;Cr8;cargo to be picked up
assess_Pcp195;Pcp195;pickup plan to be assessed
approve_Pcp195;Pcp195;pickup plan approved
lodge_Pcp442;Pcp442;lodged pickup plan
lodge_Pcp442;Cr17;cargo to be picked up
lodge_Pcp59;Pcp59;lodged pickup plan
lodge_Pcp59;Cr15;cargo to be picked up
lodge_Pcp139;Pcp139;lodged pickup plan
lodge_Pcp139;Cr4;cargo to be picked up
lodge_Pcp319;Pcp319;lodged pickup plan
lodge_Pcp319;Cr17;cargo to be picked up
assess_Pcp319;Pcp319;pickup plan to be assessed
approve_Pcp319;Pcp319;pickup plan approved
lodge_Pcp424;Pcp424;lodged pickup plan
lodge_Pcp424;Cr4;cargo to be picked up
assess_Pcp424;Pcp424;pickup plan to be assessed
approve_Pcp424;Pcp424;pickup plan approved
assess_Pcp349;Pcp349;pickup plan to be assessed
assess_Pcp139;Pcp139;pickup plan to be assessed
approve_Pcp349;Pcp349;pickup plan approved
approve_Pcp139;Pcp139;pickup plan approved
lodge_Pcp488;Pcp488;lodged pickup plan
lodge_Pcp488;Cr17;cargo to be picked up
assess_Pcp442;Pcp442;pickup plan to be assessed
approve_Pcp442;Pcp442;pickup plan approved
assess_Pcp488;Pcp488;pickup plan to be assessed
approve_Pcp488;Pcp488;pickup plan approved
lodge_Pcp439;Pcp439;lodged pickup plan
lodge_Pcp439;Cr15;cargo to be picked up
assess_Pcp59;Pcp59;pickup plan to be assessed
approve_Pcp59;Pcp59;pickup plan approved
assess_Pcp439;Pcp439;pickup plan to be assessed
approve_Pcp439;Pcp439;pickup plan approved
assign_tr30_Pcp22;tr30;Pickup plan trucks assignment
enter_tr30_Pcp22;tr30;Entry evaluation for truck
register_arrival_tr30_Pcp22;tr30;truck for arrival registeration
weigh_empty_tr30_Pcp22;tr30;Empty truck weighed
check_abnorm_tr30_Pcp22;tr30;truck exmained for empty weight abnormality
assign_tr21_Pcp224;tr21;Pickup plan trucks assignment
arrive_Silo1_tr30_Pcp22;Silo1;Silo for truck load
determine_continu_tr30_Pcp22_Silo1;Silo1;silo evaluated for pickup continuance
enter_tr21_Pcp224;tr21;Entry evaluation for truck
load_tr30_Pcp22;tr30;cargo load for truck
register_arrival_tr21_Pcp224;tr21;truck for arrival registeration
weigh_empty_tr21_Pcp224;tr21;Empty truck weighed
check_abnorm_tr21_Pcp224;tr21;truck exmained for empty weight abnormality
arrive_Silo4_tr21_Pcp224;Silo4;Silo for truck load
determine_continu_tr21_Pcp224_Silo4;Silo4;silo evaluated for pickup continuance
load_tr21_Pcp224;tr21;cargo load for truck
assign_tr10_Pcp193;tr10;Pickup plan trucks assignment
enter_tr10_Pcp193;tr10;Entry evaluation for truck
register_arrival_tr10_Pcp193;tr10;truck for arrival registeration
assign_tr29_Pcp391;tr29;Pickup plan trucks assignment
enter_tr29_Pcp391;tr29;Entry evaluation for truck
assign_tr20_Pcp36;tr20;Pickup plan trucks assignment
register_arrival_tr29_Pcp391;tr29;truck for arrival registeration
weigh_empty_tr29_Pcp391;tr29;Empty truck weighed
check_abnorm_tr29_Pcp391;tr29;truck exmained for empty weight abnormality
arrive_Silo20_tr29_Pcp391;Silo20;Silo for truck load
enter_tr20_Pcp36;tr20;Entry evaluation for truck
weigh_empty_tr10_Pcp193;tr10;Empty truck weighed
assign_tr7_Pcp179;tr7;Pickup plan trucks assignment
enter_tr7_Pcp179;tr7;Entry evaluation for truck
check_abnorm_tr10_Pcp193;tr10;truck exmained for empty weight abnormality
determine_continu_tr29_Pcp391_Silo20;Silo20;silo evaluated for pickup continuance
register_arrival_tr20_Pcp36;tr20;truck for arrival registeration
arrive_Silo20_tr10_Pcp193;Silo20;Silo for truck load
register_arrival_tr7_Pcp179;tr7;truck for arrival registeration
weigh_loaded_tr21_Pcp224;tr21;Truck weighed
assign_tr33_Pcp103;tr33;Pickup plan trucks assignment
weigh_empty_tr20_Pcp36;tr20;Empty truck weighed
check_abnorm_tr20_Pcp36;tr20;truck exmained for empty weight abnormality
issue_ticket_tr21_Pcp224;tr21;Printed weighing ticket for pickup plan
input_tally_tr21_Pcp224;tr21;Tally Sheet for pickup plan
eval_tr21exit_Pcp224;tr21;Exit evaluation for truck
arrive_Silo18_tr20_Pcp36;Silo18;Silo for truck load
enter_tr33_Pcp103;tr33;Entry evaluation for truck
exit_tr21_Pcp224;tr21;Exit for truck
load_tr29_Pcp391;tr29;cargo load for truck
determine_continu_tr10_Pcp193_Silo20;Silo20;silo evaluated for pickup continuance
load_tr10_Pcp193;tr10;cargo load for truck
register_arrival_tr33_Pcp103;tr33;truck for arrival registeration
weigh_empty_tr7_Pcp179;tr7;Empty truck weighed
weigh_empty_tr33_Pcp103;tr33;Empty truck weighed
check_abnorm_tr7_Pcp179;tr7;truck exmained for empty weight abnormality
check_abnorm_tr33_Pcp103;tr33;truck exmained for empty weight abnormality
arrive_Silo16_tr7_Pcp179;Silo16;Silo for truck load
arrive_Silo9_tr33_Pcp103;Silo9;Silo for truck load
weigh_loaded_tr30_Pcp22;tr30;Truck weighed
issue_ticket_tr30_Pcp22;tr30;Printed weighing ticket for pickup plan
input_tally_tr30_Pcp22;tr30;Tally Sheet for pickup plan
determine_continu_tr20_Pcp36_Silo18;Silo18;silo evaluated for pickup continuance
eval_tr30exit_Pcp22;tr30;Exit evaluation for truck
exit_tr30_Pcp22;tr30;Exit for truck
determine_continu_tr33_Pcp103_Silo9;Silo9;silo evaluated for pickup continuance
load_tr33_Pcp103;tr33;cargo load for truck
determine_continu_tr7_Pcp179_Silo16;Silo16;silo evaluated for pickup continuance
load_tr20_Pcp36;tr20;cargo load for truck
assign_tr32_Pcp295;tr32;Pickup plan trucks assignment
load_tr7_Pcp179;tr7;cargo load for truck
enter_tr32_Pcp295;tr32;Entry evaluation for truck
assign_tr42_Pcp36;tr42;Pickup plan trucks assignment
enter_tr42_Pcp36;tr42;Entry evaluation for truck
weigh_loaded_tr7_Pcp179;tr7;Truck weighed
issue_ticket_tr7_Pcp179;tr7;Printed weighing ticket for pickup plan
input_tally_tr7_Pcp179;tr7;Tally Sheet for pickup plan
eval_tr7exit_Pcp179;tr7;Exit evaluation for truck
exit_tr7_Pcp179;tr7;Exit for truck
assign_tr49_Pcp7;tr49;Pickup plan trucks assignment
register_arrival_tr32_Pcp295;tr32;truck for arrival registeration
register_arrival_tr42_Pcp36;tr42;truck for arrival registeration
enter_tr49_Pcp7;tr49;Entry evaluation for truck
weigh_empty_tr42_Pcp36;tr42;Empty truck weighed
register_arrival_tr49_Pcp7;tr49;truck for arrival registeration
check_abnorm_tr42_Pcp36;tr42;truck exmained for empty weight abnormality
weigh_empty_tr49_Pcp7;tr49;Empty truck weighed
assign_tr38_Pcp250;tr38;Pickup plan trucks assignment
arrive_Silo18_tr42_Pcp36;Silo18;Silo for truck load
check_abnorm_tr49_Pcp7;tr49;truck exmained for empty weight abnormality
weigh_empty_tr32_Pcp295;tr32;Empty truck weighed
assign_tr31_Pcp4;tr31;Pickup plan trucks assignment
arrive_Silo18_tr49_Pcp7;Silo18;Silo for truck load
enter_tr38_Pcp250;tr38;Entry evaluation for truck
register_arrival_tr38_Pcp250;tr38;truck for arrival registeration
check_abnorm_tr32_Pcp295;tr32;truck exmained for empty weight abnormality
assign_tr11_Pcp456;tr11;Pickup plan trucks assignment
determine_continu_tr49_Pcp7_Silo18;Silo18;silo evaluated for pickup continuance
arrive_Silo16_tr32_Pcp295;Silo16;Silo for truck load
weigh_loaded_tr20_Pcp36;tr20;Truck weighed
enter_tr31_Pcp4;tr31;Entry evaluation for truck
load_tr49_Pcp7;tr49;cargo load for truck
issue_ticket_tr20_Pcp36;tr20;Printed weighing ticket for pickup plan
input_tally_tr20_Pcp36;tr20;Tally Sheet for pickup plan
eval_tr20exit_Pcp36;tr20;Exit evaluation for truck
exit_tr20_Pcp36;tr20;Exit for truck
determine_continu_tr42_Pcp36_Silo18;Silo18;silo evaluated for pickup continuance
load_tr42_Pcp36;tr42;cargo load for truck
enter_tr11_Pcp456;tr11;Entry evaluation for truck
determine_continu_tr32_Pcp295_Silo16;Silo16;silo evaluated for pickup continuance
register_arrival_tr11_Pcp456;tr11;truck for arrival registeration
assign_tr4_Pcp361;tr4;Pickup plan trucks assignment
load_tr32_Pcp295;tr32;cargo load for truck
weigh_loaded_tr49_Pcp7;tr49;Truck weighed
weigh_loaded_tr33_Pcp103;tr33;Truck weighed
issue_ticket_tr49_Pcp7;tr49;Printed weighing ticket for pickup plan
input_tally_tr49_Pcp7;tr49;Tally Sheet for pickup plan
eval_tr49exit_Pcp7;tr49;Exit evaluation for truck
exit_tr49_Pcp7;tr49;Exit for truck
register_arrival_tr31_Pcp4;tr31;truck for arrival registeration
enter_tr4_Pcp361;tr4;Entry evaluation for truck
issue_ticket_tr33_Pcp103;tr33;Printed weighing ticket for pickup plan
input_tally_tr33_Pcp103;tr33;Tally Sheet for pickup plan
eval_tr33exit_Pcp103;tr33;Exit evaluation for truck
weigh_loaded_tr32_Pcp295;tr32;Truck weighed
exit_tr33_Pcp103;tr33;Exit for truck
register_arrival_tr4_Pcp361;tr4;truck for arrival registeration
weigh_empty_tr38_Pcp250;tr38;Empty truck weighed
check_abnorm_tr38_Pcp250;tr38;truck exmained for empty weight abnormality
weigh_empty_tr4_Pcp361;tr4;Empty truck weighed
arrive_Silo6_tr38_Pcp250;Silo6;Silo for truck load
weigh_empty_tr31_Pcp4;tr31;Empty truck weighed
check_abnorm_tr4_Pcp361;tr4;truck exmained for empty weight abnormality
assign_tr18_Pcp182;tr18;Pickup plan trucks assignment
issue_ticket_tr32_Pcp295;tr32;Printed weighing ticket for pickup plan
input_tally_tr32_Pcp295;tr32;Tally Sheet for pickup plan
eval_tr32exit_Pcp295;tr32;Exit evaluation for truck
check_abnorm_tr31_Pcp4;tr31;truck exmained for empty weight abnormality
arrive_Silo19_tr4_Pcp361;Silo19;Silo for truck load
exit_tr32_Pcp295;tr32;Exit for truck
weigh_empty_tr11_Pcp456;tr11;Empty truck weighed
arrive_Silo19_tr31_Pcp4;Silo19;Silo for truck load
check_abnorm_tr11_Pcp456;tr11;truck exmained for empty weight abnormality
weigh_loaded_tr42_Pcp36;tr42;Truck weighed
arrive_Silo19_tr11_Pcp456;Silo19;Silo for truck load
determine_continu_tr38_Pcp250_Silo6;Silo6;silo evaluated for pickup continuance
determine_continu_tr4_Pcp361_Silo19;Silo19;silo evaluated for pickup continuance
fail_load_tr4_Pcp361;tr4;Truck fail to load
load_tr38_Pcp250;tr38;cargo load for truck
determine_continu_tr11_Pcp456_Silo19;Silo19;silo evaluated for pickup continuance
fail_load_tr11_Pcp456;tr11;Truck fail to load
assign_tr1_Pcp185;tr1;Pickup plan trucks assignment
enter_tr1_Pcp185;tr1;Entry evaluation for truck
enter_tr18_Pcp182;tr18;Entry evaluation for truck
determine_continu_tr31_Pcp4_Silo19;Silo19;silo evaluated for pickup continuance
fail_load_tr31_Pcp4;tr31;Truck fail to load
weigh_loaded_tr10_Pcp193;tr10;Truck weighed
register_arrival_tr18_Pcp182;tr18;truck for arrival registeration
issue_ticket_tr42_Pcp36;tr42;Printed weighing ticket for pickup plan
input_tally_tr42_Pcp36;tr42;Tally Sheet for pickup plan
eval_tr42exit_Pcp36;tr42;Exit evaluation for truck
exit_tr42_Pcp36;tr42;Exit for truck
register_arrival_tr1_Pcp185;tr1;truck for arrival registeration
weigh_empty_tr18_Pcp182;tr18;Empty truck weighed
check_abnorm_tr18_Pcp182;tr18;truck exmained for empty weight abnormality
arrive_Silo6_tr18_Pcp182;Silo6;Silo for truck load
issue_ticket_tr10_Pcp193;tr10;Printed weighing ticket for pickup plan
input_tally_tr10_Pcp193;tr10;Tally Sheet for pickup plan
eval_tr10exit_Pcp193;tr10;Exit evaluation for truck
weigh_loaded_tr29_Pcp391;tr29;Truck weighed
weigh_empty_tr1_Pcp185;tr1;Empty truck weighed
exit_tr10_Pcp193;tr10;Exit for truck
determine_continu_tr18_Pcp182_Silo6;Silo6;silo evaluated for pickup continuance
check_abnorm_tr1_Pcp185;tr1;truck exmained for empty weight abnormality
arrive_Silo2_tr1_Pcp185;Silo2;Silo for truck load
load_tr18_Pcp182;tr18;cargo load for truck
weigh_loaded_tr38_Pcp250;tr38;Truck weighed
issue_ticket_tr29_Pcp391;tr29;Printed weighing ticket for pickup plan
input_tally_tr29_Pcp391;tr29;Tally Sheet for pickup plan
eval_tr29exit_Pcp391;tr29;Exit evaluation for truck
exit_tr29_Pcp391;tr29;Exit for truck
issue_ticket_tr38_Pcp250;tr38;Printed weighing ticket for pickup plan
input_tally_tr38_Pcp250;tr38;Tally Sheet for pickup plan
eval_tr38exit_Pcp250;tr38;Exit evaluation for truck
exit_tr38_Pcp250;tr38;Exit for truck
determine_continu_tr1_Pcp185_Silo2;Silo2;silo evaluated for pickup continuance
load_tr1_Pcp185;tr1;cargo load for truck
weigh_loaded_tr18_Pcp182;tr18;Truck weighed
issue_ticket_tr18_Pcp182;tr18;Printed weighing ticket for pickup plan
input_tally_tr18_Pcp182;tr18;Tally Sheet for pickup plan
eval_tr18exit_Pcp182;tr18;Exit evaluation for truck
exit_tr18_Pcp182;tr18;Exit for truck
lodge_Pcp218;Pcp218;lodged pickup plan
lodge_Pcp218;Cr4;cargo to be picked up
assess_Pcp218;Pcp218;pickup plan to be assessed
approve_Pcp218;Pcp218;pickup plan approved
weigh_loaded_tr1_Pcp185;tr1;Truck weighed
issue_ticket_tr1_Pcp185;tr1;Printed weighing ticket for pickup plan
input_tally_tr1_Pcp185;tr1;Tally Sheet for pickup plan
eval_tr1exit_Pcp185;tr1;Exit evaluation for truck
exit_tr1_Pcp185;tr1;Exit for truck
assign_tr44_Pcp329;tr44;Pickup plan trucks assignment
enter_tr44_Pcp329;tr44;Entry evaluation for truck
register_arrival_tr44_Pcp329;tr44;truck for arrival registeration
weigh_empty_tr44_Pcp329;tr44;Empty truck weighed
check_abnorm_tr44_Pcp329;tr44;truck exmained for empty weight abnormality
arrive_Silo6_tr44_Pcp329;Silo6;Silo for truck load
determine_continu_tr44_Pcp329_Silo6;Silo6;silo evaluated for pickup continuance
load_tr44_Pcp329;tr44;cargo load for truck
weigh_loaded_tr44_Pcp329;tr44;Truck weighed
issue_ticket_tr44_Pcp329;tr44;Printed weighing ticket for pickup plan
input_tally_tr44_Pcp329;tr44;Tally Sheet for pickup plan
eval_tr44exit_Pcp329;tr44;Exit evaluation for truck
exit_tr44_Pcp329;tr44;Exit for truck
assign_tr40_Pcp195;tr40;Pickup plan trucks assignment
enter_tr40_Pcp195;tr40;Entry evaluation for truck
register_arrival_tr40_Pcp195;tr40;truck for arrival registeration
weigh_empty_tr40_Pcp195;tr40;Empty truck weighed
check_abnorm_tr40_Pcp195;tr40;truck exmained for empty weight abnormality
arrive_Silo17_tr40_Pcp195;Silo17;Silo for truck load
determine_continu_tr40_Pcp195_Silo17;Silo17;silo evaluated for pickup continuance
load_tr40_Pcp195;tr40;cargo load for truck
weigh_loaded_tr40_Pcp195;tr40;Truck weighed
issue_ticket_tr40_Pcp195;tr40;Printed weighing ticket for pickup plan
input_tally_tr40_Pcp195;tr40;Tally Sheet for pickup plan
eval_tr40exit_Pcp195;tr40;Exit evaluation for truck
exit_tr40_Pcp195;tr40;Exit for truck
lodge_Pcp10;Pcp10;lodged pickup plan
lodge_Pcp10;Cr19;cargo to be picked up
assess_Pcp10;Pcp10;pickup plan to be assessed
approve_Pcp10;Pcp10;pickup plan approved
assign_tr47_Pcp319;tr47;Pickup plan trucks assignment
enter_tr47_Pcp319;tr47;Entry evaluation for truck
register_arrival_tr47_Pcp319;tr47;truck for arrival registeration
weigh_empty_tr47_Pcp319;tr47;Empty truck weighed
check_abnorm_tr47_Pcp319;tr47;truck exmained for empty weight abnormality
arrive_Silo6_tr47_Pcp319;Silo6;Silo for truck load
determine_continu_tr47_Pcp319_Silo6;Silo6;silo evaluated for pickup continuance
load_tr47_Pcp319;tr47;cargo load for truck
weigh_loaded_tr47_Pcp319;tr47;Truck weighed
issue_ticket_tr47_Pcp319;tr47;Printed weighing ticket for pickup plan
input_tally_tr47_Pcp319;tr47;Tally Sheet for pickup plan
eval_tr47exit_Pcp319;tr47;Exit evaluation for truck
exit_tr47_Pcp319;tr47;Exit for truck
lodge_Pcp267;Pcp267;lodged pickup plan
lodge_Pcp267;Cr19;cargo to be picked up
assess_Pcp267;Pcp267;pickup plan to be assessed
approve_Pcp267;Pcp267;pickup plan approved
assign_tr27_Pcp424;tr27;Pickup plan trucks assignment
assign_tr2_Pcp349;tr2;Pickup plan trucks assignment
assign_tr35_Pcp139;tr35;Pickup plan trucks assignment
enter_tr2_Pcp349;tr2;Entry evaluation for truck
register_arrival_tr2_Pcp349;tr2;truck for arrival registeration
enter_tr27_Pcp424;tr27;Entry evaluation for truck
enter_tr35_Pcp139;tr35;Entry evaluation for truck
register_arrival_tr35_Pcp139;tr35;truck for arrival registeration
weigh_empty_tr2_Pcp349;tr2;Empty truck weighed
check_abnorm_tr2_Pcp349;tr2;truck exmained for empty weight abnormality
arrive_Silo2_tr2_Pcp349;Silo2;Silo for truck load
weigh_empty_tr35_Pcp139;tr35;Empty truck weighed
determine_continu_tr2_Pcp349_Silo2;Silo2;silo evaluated for pickup continuance
load_tr2_Pcp349;tr2;cargo load for truck
check_abnorm_tr35_Pcp139;tr35;truck exmained for empty weight abnormality
register_arrival_tr27_Pcp424;tr27;truck for arrival registeration
arrive_Silo2_tr35_Pcp139;Silo2;Silo for truck load
weigh_empty_tr27_Pcp424;tr27;Empty truck weighed
check_abnorm_tr27_Pcp424;tr27;truck exmained for empty weight abnormality
arrive_Silo2_tr27_Pcp424;Silo2;Silo for truck load
weigh_loaded_tr2_Pcp349;tr2;Truck weighed
determine_continu_tr35_Pcp139_Silo2;Silo2;silo evaluated for pickup continuance
issue_ticket_tr2_Pcp349;tr2;Printed weighing ticket for pickup plan
input_tally_tr2_Pcp349;tr2;Tally Sheet for pickup plan
eval_tr2exit_Pcp349;tr2;Exit evaluation for truck
load_tr35_Pcp139;tr35;cargo load for truck
exit_tr2_Pcp349;tr2;Exit for truck
weigh_loaded_tr35_Pcp139;tr35;Truck weighed
determine_continu_tr27_Pcp424_Silo2;Silo2;silo evaluated for pickup continuance
load_tr27_Pcp424;tr27;cargo load for truck
issue_ticket_tr35_Pcp139;tr35;Printed weighing ticket for pickup plan
input_tally_tr35_Pcp139;tr35;Tally Sheet for pickup plan
eval_tr35exit_Pcp139;tr35;Exit evaluation for truck
exit_tr35_Pcp139;tr35;Exit for truck
assign_tr19_Pcp442;tr19;Pickup plan trucks assignment
enter_tr19_Pcp442;tr19;Entry evaluation for truck
register_arrival_tr19_Pcp442;tr19;truck for arrival registeration
assign_tr36_Pcp488;tr36;Pickup plan trucks assignment
enter_tr36_Pcp488;tr36;Entry evaluation for truck
assign_tr8_Pcp59;tr8;Pickup plan trucks assignment
assign_tr37_Pcp439;tr37;Pickup plan trucks assignment
register_arrival_tr36_Pcp488;tr36;truck for arrival registeration
enter_tr8_Pcp59;tr8;Entry evaluation for truck
weigh_empty_tr36_Pcp488;tr36;Empty truck weighed
enter_tr37_Pcp439;tr37;Entry evaluation for truck
register_arrival_tr8_Pcp59;tr8;truck for arrival registeration
check_abnorm_tr36_Pcp488;tr36;truck exmained for empty weight abnormality
arrive_Silo6_tr36_Pcp488;Silo6;Silo for truck load
weigh_empty_tr19_Pcp442;tr19;Empty truck weighed
determine_continu_tr36_Pcp488_Silo6;Silo6;silo evaluated for pickup continuance
register_arrival_tr37_Pcp439;tr37;truck for arrival registeration
check_abnorm_tr19_Pcp442;tr19;truck exmained for empty weight abnormality
weigh_empty_tr8_Pcp59;tr8;Empty truck weighed
load_tr36_Pcp488;tr36;cargo load for truck
arrive_Silo6_tr19_Pcp442;Silo6;Silo for truck load
check_abnorm_tr8_Pcp59;tr8;truck exmained for empty weight abnormality
arrive_Silo16_tr8_Pcp59;Silo16;Silo for truck load
weigh_empty_tr37_Pcp439;tr37;Empty truck weighed
determine_continu_tr19_Pcp442_Silo6;Silo6;silo evaluated for pickup continuance
check_abnorm_tr37_Pcp439;tr37;truck exmained for empty weight abnormality
arrive_Silo16_tr37_Pcp439;Silo16;Silo for truck load
load_tr19_Pcp442;tr19;cargo load for truck
determine_continu_tr8_Pcp59_Silo16;Silo16;silo evaluated for pickup continuance
load_tr8_Pcp59;tr8;cargo load for truck
weigh_loaded_tr27_Pcp424;tr27;Truck weighed
determine_continu_tr37_Pcp439_Silo16;Silo16;silo evaluated for pickup continuance
issue_ticket_tr27_Pcp424;tr27;Printed weighing ticket for pickup plan
input_tally_tr27_Pcp424;tr27;Tally Sheet for pickup plan
load_tr37_Pcp439;tr37;cargo load for truck
eval_tr27exit_Pcp424;tr27;Exit evaluation for truck
exit_tr27_Pcp424;tr27;Exit for truck
weigh_loaded_tr36_Pcp488;tr36;Truck weighed
issue_ticket_tr36_Pcp488;tr36;Printed weighing ticket for pickup plan
input_tally_tr36_Pcp488;tr36;Tally Sheet for pickup plan
eval_tr36exit_Pcp488;tr36;Exit evaluation for truck
exit_tr36_Pcp488;tr36;Exit for truck
weigh_loaded_tr19_Pcp442;tr19;Truck weighed
issue_ticket_tr19_Pcp442;tr19;Printed weighing ticket for pickup plan
input_tally_tr19_Pcp442;tr19;Tally Sheet for pickup plan
eval_tr19exit_Pcp442;tr19;Exit evaluation for truck
exit_tr19_Pcp442;tr19;Exit for truck
weigh_loaded_tr8_Pcp59;tr8;Truck weighed
issue_ticket_tr8_Pcp59;tr8;Printed weighing ticket for pickup plan
input_tally_tr8_Pcp59;tr8;Tally Sheet for pickup plan
eval_tr8exit_Pcp59;tr8;Exit evaluation for truck
exit_tr8_Pcp59;tr8;Exit for truck
weigh_loaded_tr37_Pcp439;tr37;Truck weighed
issue_ticket_tr37_Pcp439;tr37;Printed weighing ticket for pickup plan
input_tally_tr37_Pcp439;tr37;Tally Sheet for pickup plan
eval_tr37exit_Pcp439;tr37;Exit evaluation for truck
exit_tr37_Pcp439;tr37;Exit for truck
assign_tr41_Pcp218;tr41;Pickup plan trucks assignment
enter_tr41_Pcp218;tr41;Entry evaluation for truck
register_arrival_tr41_Pcp218;tr41;truck for arrival registeration
weigh_empty_tr41_Pcp218;tr41;Empty truck weighed
check_abnorm_tr41_Pcp218;tr41;truck exmained for empty weight abnormality
arrive_Silo2_tr41_Pcp218;Silo2;Silo for truck load
determine_continu_tr41_Pcp218_Silo2;Silo2;silo evaluated for pickup continuance
load_tr41_Pcp218;tr41;cargo load for truck
weigh_loaded_tr41_Pcp218;tr41;Truck weighed
issue_ticket_tr41_Pcp218;tr41;Printed weighing ticket for pickup plan
input_tally_tr41_Pcp218;tr41;Tally Sheet for pickup plan
eval_tr41exit_Pcp218;tr41;Exit evaluation for truck
exit_tr41_Pcp218;tr41;Exit for truck
lodge_Pcp417;Pcp417;lodged pickup plan
lodge_Pcp417;Cr19;cargo to be picked up
assess_Pcp417;Pcp417;pickup plan to be assessed
approve_Pcp417;Pcp417;pickup plan approved
assign_tr5_Pcp10;tr5;Pickup plan trucks assignment
enter_tr5_Pcp10;tr5;Entry evaluation for truck
register_arrival_tr5_Pcp10;tr5;truck for arrival registeration
weigh_empty_tr5_Pcp10;tr5;Empty truck weighed
check_abnorm_tr5_Pcp10;tr5;truck exmained for empty weight abnormality
arrive_Silo19_tr5_Pcp10;Silo19;Silo for truck load
determine_continu_tr5_Pcp10_Silo19;Silo19;silo evaluated for pickup continuance
load_tr5_Pcp10;tr5;cargo load for truck
weigh_loaded_tr5_Pcp10;tr5;Truck weighed
issue_ticket_tr5_Pcp10;tr5;Printed weighing ticket for pickup plan
input_tally_tr5_Pcp10;tr5;Tally Sheet for pickup plan
eval_tr5exit_Pcp10;tr5;Exit evaluation for truck
exit_tr5_Pcp10;tr5;Exit for truck
assign_tr9_Pcp267;tr9;Pickup plan trucks assignment
enter_tr9_Pcp267;tr9;Entry evaluation for truck
register_arrival_tr9_Pcp267;tr9;truck for arrival registeration
weigh_empty_tr9_Pcp267;tr9;Empty truck weighed
check_abnorm_tr9_Pcp267;tr9;truck exmained for empty weight abnormality
arrive_Silo19_tr9_Pcp267;Silo19;Silo for truck load
determine_continu_tr9_Pcp267_Silo19;Silo19;silo evaluated for pickup continuance
load_tr9_Pcp267;tr9;cargo load for truck
weigh_loaded_tr9_Pcp267;tr9;Truck weighed
issue_ticket_tr9_Pcp267;tr9;Printed weighing ticket for pickup plan
input_tally_tr9_Pcp267;tr9;Tally Sheet for pickup plan
eval_tr9exit_Pcp267;tr9;Exit evaluation for truck
exit_tr9_Pcp267;tr9;Exit for truck
assign_tr8_Pcp417;tr8;Pickup plan trucks assignment
enter_tr8_Pcp417;tr8;Entry evaluation for truck
register_arrival_tr8_Pcp417;tr8;truck for arrival registeration
weigh_empty_tr8_Pcp417;tr8;Empty truck weighed
check_abnorm_tr8_Pcp417;tr8;truck exmained for empty weight abnormality
arrive_Silo19_tr8_Pcp417;Silo19;Silo for truck load
determine_continu_tr8_Pcp417_Silo19;Silo19;silo evaluated for pickup continuance
fail_load_tr8_Pcp417;tr8;Truck fail to load
lodge_Pcp235;Pcp235;lodged pickup plan
lodge_Pcp235;Cr19;cargo to be picked up
assess_Pcp235;Pcp235;pickup plan to be assessed
approve_Pcp235;Pcp235;pickup plan approved
assign_tr8_Pcp235;tr8;Pickup plan trucks assignment
enter_tr8_Pcp235;tr8;Entry evaluation for truck
register_arrival_tr8_Pcp235;tr8;truck for arrival registeration
weigh_empty_tr8_Pcp235;tr8;Empty truck weighed
check_abnorm_tr8_Pcp235;tr8;truck exmained for empty weight abnormality
arrive_Silo19_tr8_Pcp235;Silo19;Silo for truck load
determine_continu_tr8_Pcp235_Silo19;Silo19;silo evaluated for pickup continuance
load_tr8_Pcp235;tr8;cargo load for truck
weigh_loaded_tr8_Pcp235;tr8;Truck weighed
issue_ticket_tr8_Pcp235;tr8;Printed weighing ticket for pickup plan
input_tally_tr8_Pcp235;tr8;Tally Sheet for pickup plan
eval_tr8exit_Pcp235;tr8;Exit evaluation for truck
exit_tr8_Pcp235;tr8;Exit for truck
