ocel_id;ocel_type
lodge_Pcp497;Lodge Pickup Plan
lodge_Pcp465;Lodge Pickup Plan
lodge_Pcp156;Lodge Pickup Plan
lodge_Pcp12;Lodge Pickup Plan
lodge_Pcp385;Lodge Pickup Plan
lodge_Pcp395;Lodge Pickup Plan
lodge_Pcp46;Lodge Pickup Plan
lodge_Pcp110;Lodge Pickup Plan
lodge_Pcp407;Lodge Pickup Plan
lodge_Pcp9;Lodge Pickup Plan
lodge_Pcp95;Lodge Pickup Plan
lodge_Pcp107;Lodge Pickup Plan
lodge_Pcp89;Lodge Pickup Plan
lodge_Pcp41;Lodge Pickup Plan
lodge_Pcp294;Lodge Pickup Plan
lodge_Pcp483;Lodge Pickup Plan
lodge_Pcp69;Lodge Pickup Plan
lodge_Pcp324;Lodge Pickup Plan
lodge_Pcp119;Lodge Pickup Plan
lodge_Pcp320;Lodge Pickup Plan
lodge_Pcp291;Lodge Pickup Plan
lodge_Pcp490;Lodge Pickup Plan
lodge_Pcp100;Lodge Pickup Plan
lodge_Pcp116;Lodge Pickup Plan
lodge_Pcp134;Lodge Pickup Plan
lodge_Pcp391;Lodge Pickup Plan
lodge_Pcp360;Lodge Pickup Plan
lodge_Pcp245;Lodge Pickup Plan
lodge_Pcp106;Lodge Pickup Plan
lodge_Pcp219;Lodge Pickup Plan
lodge_Pcp268;Lodge Pickup Plan
lodge_Pcp130;Lodge Pickup Plan
lodge_Pcp159;Lodge Pickup Plan
lodge_Pcp145;Lodge Pickup Plan
lodge_Pcp454;Lodge Pickup Plan
lodge_Pcp434;Lodge Pickup Plan
lodge_Pcp208;Lodge Pickup Plan
lodge_Pcp105;Lodge Pickup Plan
lodge_Pcp290;Lodge Pickup Plan
lodge_Pcp296;Lodge Pickup Plan
lodge_Pcp161;Lodge Pickup Plan
lodge_Pcp240;Lodge Pickup Plan
lodge_Pcp415;Lodge Pickup Plan
lodge_Pcp270;Lodge Pickup Plan
lodge_Pcp170;Lodge Pickup Plan
lodge_Pcp226;Lodge Pickup Plan
lodge_Pcp103;Lodge Pickup Plan
lodge_Pcp4;Lodge Pickup Plan
lodge_Pcp73;Lodge Pickup Plan
lodge_Pcp14;Lodge Pickup Plan
lodge_Pcp396;Lodge Pickup Plan
lodge_Pcp451;Lodge Pickup Plan
lodge_Pcp126;Lodge Pickup Plan
lodge_Pcp365;Lodge Pickup Plan
lodge_Pcp151;Lodge Pickup Plan
lodge_Pcp35;Lodge Pickup Plan
assess_Pcp35;Assess Pickup Plan
approve_Pcp35;Approve Pickup Plan
lodge_Pcp85;Lodge Pickup Plan
lodge_Pcp258;Lodge Pickup Plan
lodge_Pcp7;Lodge Pickup Plan
lodge_Pcp76;Lodge Pickup Plan
lodge_Pcp284;Lodge Pickup Plan
lodge_Pcp48;Lodge Pickup Plan
lodge_Pcp433;Lodge Pickup Plan
lodge_Pcp155;Lodge Pickup Plan
lodge_Pcp403;Lodge Pickup Plan
lodge_Pcp88;Lodge Pickup Plan
assess_Pcp88;Assess Pickup Plan
approve_Pcp88;Approve Pickup Plan
lodge_Pcp436;Lodge Pickup Plan
lodge_Pcp158;Lodge Pickup Plan
lodge_Pcp93;Lodge Pickup Plan
lodge_Pcp468;Lodge Pickup Plan
lodge_Pcp249;Lodge Pickup Plan
lodge_Pcp56;Lodge Pickup Plan
lodge_Pcp306;Lodge Pickup Plan
lodge_Pcp70;Lodge Pickup Plan
lodge_Pcp217;Lodge Pickup Plan
lodge_Pcp185;Lodge Pickup Plan
lodge_Pcp466;Lodge Pickup Plan
lodge_Pcp369;Lodge Pickup Plan
lodge_Pcp379;Lodge Pickup Plan
lodge_Pcp1;Lodge Pickup Plan
lodge_Pcp253;Lodge Pickup Plan
lodge_Pcp82;Lodge Pickup Plan
lodge_Pcp342;Lodge Pickup Plan
lodge_Pcp338;Lodge Pickup Plan
lodge_Pcp209;Lodge Pickup Plan
lodge_Pcp498;Lodge Pickup Plan
lodge_Pcp168;Lodge Pickup Plan
lodge_Pcp459;Lodge Pickup Plan
lodge_Pcp211;Lodge Pickup Plan
lodge_Pcp343;Lodge Pickup Plan
lodge_Pcp404;Lodge Pickup Plan
lodge_Pcp419;Lodge Pickup Plan
lodge_Pcp346;Lodge Pickup Plan
lodge_Pcp36;Lodge Pickup Plan
assess_Pcp89;Assess Pickup Plan
lodge_Pcp330;Lodge Pickup Plan
approve_Pcp89;Approve Pickup Plan
lodge_Pcp220;Lodge Pickup Plan
lodge_Pcp464;Lodge Pickup Plan
lodge_Pcp34;Lodge Pickup Plan
lodge_Pcp146;Lodge Pickup Plan
assess_Pcp338;Assess Pickup Plan
approve_Pcp338;Approve Pickup Plan
lodge_Pcp339;Lodge Pickup Plan
lodge_Pcp487;Lodge Pickup Plan
lodge_Pcp374;Lodge Pickup Plan
lodge_Pcp438;Lodge Pickup Plan
lodge_Pcp99;Lodge Pickup Plan
lodge_Pcp367;Lodge Pickup Plan
lodge_Pcp228;Lodge Pickup Plan
lodge_Pcp205;Lodge Pickup Plan
lodge_Pcp166;Lodge Pickup Plan
lodge_Pcp311;Lodge Pickup Plan
lodge_Pcp174;Lodge Pickup Plan
lodge_Pcp77;Lodge Pickup Plan
lodge_Pcp431;Lodge Pickup Plan
lodge_Pcp495;Lodge Pickup Plan
lodge_Pcp450;Lodge Pickup Plan
lodge_Pcp38;Lodge Pickup Plan
lodge_Pcp198;Lodge Pickup Plan
lodge_Pcp469;Lodge Pickup Plan
lodge_Pcp190;Lodge Pickup Plan
lodge_Pcp440;Lodge Pickup Plan
lodge_Pcp214;Lodge Pickup Plan
assign_tr7_Pcp35;Assign Truck
enter_tr7_Pcp35;Enter the port
assign_tr38_Pcp35;Assign Truck
enter_tr38_Pcp35;Enter the port
register_arrival_tr38_Pcp35;Register the truck arrival
register_arrival_tr7_Pcp35;Register the truck arrival
weigh_empty_tr38_Pcp35;Weigh the Empty Truck
weigh_empty_tr7_Pcp35;Weigh the Empty Truck
check_abnorm_tr38_Pcp35;Check Empty Truck Weight Abnormality
arrive_Silo3_tr38_Pcp35;Arrive at the Silo
check_abnorm_tr7_Pcp35;Check Empty Truck Weight Abnormality
arrive_Silo3_tr7_Pcp35;Arrive at the Silo
determine_continu_tr38_Pcp35_Silo3;Determine the Continuance of the Pickup
determine_continu_tr7_Pcp35_Silo3;Determine the Continuance of the Pickup
load_tr7_Pcp35;Load Truck
load_tr38_Pcp35;Load Truck
weigh_loaded_tr7_Pcp35;Weigh the Loaded Truck
issue_ticket_tr7_Pcp35;Issue the Weighing Ticket
input_tally_tr7_Pcp35;Input the Tally Sheet
eval_tr7exit_Pcp35;Evaluate the Truck Exit
exit_tr7_Pcp35;Exit the port
weigh_loaded_tr38_Pcp35;Weigh the Loaded Truck
issue_ticket_tr38_Pcp35;Issue the Weighing Ticket
input_tally_tr38_Pcp35;Input the Tally Sheet
eval_tr38exit_Pcp35;Evaluate the Truck Exit
exit_tr38_Pcp35;Exit the port
lodge_Pcp224;Lodge Pickup Plan
lodge_Pcp443;Lodge Pickup Plan
lodge_Pcp22;Lodge Pickup Plan
lodge_Pcp252;Lodge Pickup Plan
lodge_Pcp279;Lodge Pickup Plan
lodge_Pcp482;Lodge Pickup Plan
lodge_Pcp460;Lodge Pickup Plan
lodge_Pcp221;Lodge Pickup Plan
lodge_Pcp162;Lodge Pickup Plan
lodge_Pcp287;Lodge Pickup Plan
lodge_Pcp421;Lodge Pickup Plan
lodge_Pcp117;Lodge Pickup Plan
assign_tr17_Pcp88;Assign Truck
assign_tr6_Pcp88;Assign Truck
enter_tr6_Pcp88;Enter the port
enter_tr17_Pcp88;Enter the port
register_arrival_tr17_Pcp88;Register the truck arrival
lodge_Pcp182;Lodge Pickup Plan
weigh_empty_tr17_Pcp88;Weigh the Empty Truck
check_abnorm_tr17_Pcp88;Check Empty Truck Weight Abnormality
register_arrival_tr6_Pcp88;Register the truck arrival
arrive_Silo4_tr17_Pcp88;Arrive at the Silo
determine_continu_tr17_Pcp88_Silo4;Determine the Continuance of the Pickup
lodge_Pcp234;Lodge Pickup Plan
weigh_empty_tr6_Pcp88;Weigh the Empty Truck
check_abnorm_tr6_Pcp88;Check Empty Truck Weight Abnormality
arrive_Silo4_tr6_Pcp88;Arrive at the Silo
load_tr17_Pcp88;Load Truck
determine_continu_tr6_Pcp88_Silo4;Determine the Continuance of the Pickup
load_tr6_Pcp88;Load Truck
weigh_loaded_tr17_Pcp88;Weigh the Loaded Truck
issue_ticket_tr17_Pcp88;Issue the Weighing Ticket
input_tally_tr17_Pcp88;Input the Tally Sheet
eval_tr17exit_Pcp88;Evaluate the Truck Exit
lodge_Pcp389;Lodge Pickup Plan
exit_tr17_Pcp88;Exit the port
lodge_Pcp186;Lodge Pickup Plan
weigh_loaded_tr6_Pcp88;Weigh the Loaded Truck
issue_ticket_tr6_Pcp88;Issue the Weighing Ticket
input_tally_tr6_Pcp88;Input the Tally Sheet
eval_tr6exit_Pcp88;Evaluate the Truck Exit
exit_tr6_Pcp88;Exit the port
lodge_Pcp124;Lodge Pickup Plan
lodge_Pcp447;Lodge Pickup Plan
lodge_Pcp410;Lodge Pickup Plan
lodge_Pcp177;Lodge Pickup Plan
lodge_Pcp428;Lodge Pickup Plan
lodge_Pcp94;Lodge Pickup Plan
lodge_Pcp271;Lodge Pickup Plan
lodge_Pcp248;Lodge Pickup Plan
lodge_Pcp411;Lodge Pickup Plan
lodge_Pcp196;Lodge Pickup Plan
lodge_Pcp479;Lodge Pickup Plan
lodge_Pcp281;Lodge Pickup Plan
lodge_Pcp121;Lodge Pickup Plan
lodge_Pcp81;Lodge Pickup Plan
lodge_Pcp197;Lodge Pickup Plan
lodge_Pcp223;Lodge Pickup Plan
lodge_Pcp230;Lodge Pickup Plan
lodge_Pcp314;Lodge Pickup Plan
lodge_Pcp414;Lodge Pickup Plan
lodge_Pcp397;Lodge Pickup Plan
lodge_Pcp72;Lodge Pickup Plan
lodge_Pcp427;Lodge Pickup Plan
lodge_Pcp327;Lodge Pickup Plan
lodge_Pcp169;Lodge Pickup Plan
assess_Pcp69;Assess Pickup Plan
approve_Pcp69;Approve Pickup Plan
assess_Pcp415;Assess Pickup Plan
assess_Pcp228;Assess Pickup Plan
approve_Pcp415;Approve Pickup Plan
approve_Pcp228;Approve Pickup Plan
assess_Pcp169;Assess Pickup Plan
assess_Pcp385;Assess Pickup Plan
approve_Pcp169;Approve Pickup Plan
approve_Pcp385;Approve Pickup Plan
assess_Pcp468;Assess Pickup Plan
assess_Pcp190;Assess Pickup Plan
approve_Pcp468;Approve Pickup Plan
assess_Pcp146;Assess Pickup Plan
approve_Pcp190;Approve Pickup Plan
approve_Pcp146;Approve Pickup Plan
assess_Pcp234;Assess Pickup Plan
assess_Pcp245;Assess Pickup Plan
approve_Pcp234;Approve Pickup Plan
approve_Pcp245;Approve Pickup Plan
lodge_Pcp128;Lodge Pickup Plan
assess_Pcp119;Assess Pickup Plan
assess_Pcp110;Assess Pickup Plan
approve_Pcp119;Approve Pickup Plan
assess_Pcp81;Assess Pickup Plan
approve_Pcp110;Approve Pickup Plan
assess_Pcp287;Assess Pickup Plan
approve_Pcp81;Approve Pickup Plan
approve_Pcp287;Approve Pickup Plan
assess_Pcp128;Assess Pickup Plan
assess_Pcp258;Assess Pickup Plan
approve_Pcp128;Approve Pickup Plan
lodge_Pcp20;Lodge Pickup Plan
approve_Pcp258;Approve Pickup Plan
assess_Pcp105;Assess Pickup Plan
approve_Pcp105;Approve Pickup Plan
assess_Pcp404;Assess Pickup Plan
lodge_Pcp430;Lodge Pickup Plan
assess_Pcp440;Assess Pickup Plan
approve_Pcp404;Approve Pickup Plan
assess_Pcp82;Assess Pickup Plan
approve_Pcp440;Approve Pickup Plan
approve_Pcp82;Approve Pickup Plan
assign_tr13_Pcp89;Assign Truck
enter_tr13_Pcp89;Enter the port
assign_tr3_Pcp89;Assign Truck
register_arrival_tr13_Pcp89;Register the truck arrival
enter_tr3_Pcp89;Enter the port
register_arrival_tr3_Pcp89;Register the truck arrival
weigh_empty_tr13_Pcp89;Weigh the Empty Truck
check_abnorm_tr13_Pcp89;Check Empty Truck Weight Abnormality
arrive_Silo18_tr13_Pcp89;Arrive at the Silo
weigh_empty_tr3_Pcp89;Weigh the Empty Truck
check_abnorm_tr3_Pcp89;Check Empty Truck Weight Abnormality
determine_continu_tr13_Pcp89_Silo18;Determine the Continuance of the Pickup
arrive_Silo18_tr3_Pcp89;Arrive at the Silo
load_tr13_Pcp89;Load Truck
determine_continu_tr3_Pcp89_Silo18;Determine the Continuance of the Pickup
lodge_Pcp452;Lodge Pickup Plan
load_tr3_Pcp89;Load Truck
weigh_loaded_tr13_Pcp89;Weigh the Loaded Truck
issue_ticket_tr13_Pcp89;Issue the Weighing Ticket
input_tally_tr13_Pcp89;Input the Tally Sheet
eval_tr13exit_Pcp89;Evaluate the Truck Exit
exit_tr13_Pcp89;Exit the port
lodge_Pcp341;Lodge Pickup Plan
assign_tr34_Pcp338;Assign Truck
assign_tr50_Pcp338;Assign Truck
enter_tr34_Pcp338;Enter the port
register_arrival_tr34_Pcp338;Register the truck arrival
enter_tr50_Pcp338;Enter the port
weigh_empty_tr34_Pcp338;Weigh the Empty Truck
check_abnorm_tr34_Pcp338;Check Empty Truck Weight Abnormality
arrive_Silo11_tr34_Pcp338;Arrive at the Silo
register_arrival_tr50_Pcp338;Register the truck arrival
determine_continu_tr34_Pcp338_Silo11;Determine the Continuance of the Pickup
load_tr34_Pcp338;Load Truck
weigh_empty_tr50_Pcp338;Weigh the Empty Truck
check_abnorm_tr50_Pcp338;Check Empty Truck Weight Abnormality
arrive_Silo11_tr50_Pcp338;Arrive at the Silo
determine_continu_tr50_Pcp338_Silo11;Determine the Continuance of the Pickup
load_tr50_Pcp338;Load Truck
weigh_loaded_tr3_Pcp89;Weigh the Loaded Truck
issue_ticket_tr3_Pcp89;Issue the Weighing Ticket
input_tally_tr3_Pcp89;Input the Tally Sheet
eval_tr3exit_Pcp89;Evaluate the Truck Exit
exit_tr3_Pcp89;Exit the port
weigh_loaded_tr34_Pcp338;Weigh the Loaded Truck
issue_ticket_tr34_Pcp338;Issue the Weighing Ticket
input_tally_tr34_Pcp338;Input the Tally Sheet
eval_tr34exit_Pcp338;Evaluate the Truck Exit
exit_tr34_Pcp338;Exit the port
lodge_Pcp354;Lodge Pickup Plan
lodge_Pcp467;Lodge Pickup Plan
weigh_loaded_tr50_Pcp338;Weigh the Loaded Truck
issue_ticket_tr50_Pcp338;Issue the Weighing Ticket
input_tally_tr50_Pcp338;Input the Tally Sheet
eval_tr50exit_Pcp338;Evaluate the Truck Exit
exit_tr50_Pcp338;Exit the port
lodge_Pcp23;Lodge Pickup Plan
lodge_Pcp179;Lodge Pickup Plan
lodge_Pcp432;Lodge Pickup Plan
assess_Pcp438;Assess Pickup Plan
assess_Pcp121;Assess Pickup Plan
approve_Pcp438;Approve Pickup Plan
assess_Pcp432;Assess Pickup Plan
approve_Pcp121;Approve Pickup Plan
assess_Pcp459;Assess Pickup Plan
approve_Pcp432;Approve Pickup Plan
approve_Pcp459;Approve Pickup Plan
assess_Pcp14;Assess Pickup Plan
assess_Pcp219;Assess Pickup Plan
approve_Pcp14;Approve Pickup Plan
approve_Pcp219;Approve Pickup Plan
assess_Pcp284;Assess Pickup Plan
assess_Pcp431;Assess Pickup Plan
approve_Pcp284;Approve Pickup Plan
assess_Pcp162;Assess Pickup Plan
approve_Pcp431;Approve Pickup Plan
approve_Pcp162;Approve Pickup Plan
lodge_Pcp213;Lodge Pickup Plan
lodge_Pcp64;Lodge Pickup Plan
assess_Pcp209;Assess Pickup Plan
approve_Pcp209;Approve Pickup Plan
lodge_Pcp423;Lodge Pickup Plan
lodge_Pcp293;Lodge Pickup Plan
lodge_Pcp171;Lodge Pickup Plan
lodge_Pcp207;Lodge Pickup Plan
lodge_Pcp470;Lodge Pickup Plan
lodge_Pcp74;Lodge Pickup Plan
lodge_Pcp113;Lodge Pickup Plan
lodge_Pcp476;Lodge Pickup Plan
lodge_Pcp285;Lodge Pickup Plan
lodge_Pcp275;Lodge Pickup Plan
lodge_Pcp336;Lodge Pickup Plan
assess_Pcp208;Assess Pickup Plan
assess_Pcp94;Assess Pickup Plan
approve_Pcp208;Approve Pickup Plan
assess_Pcp224;Assess Pickup Plan
approve_Pcp94;Approve Pickup Plan
assess_Pcp451;Assess Pickup Plan
approve_Pcp224;Approve Pickup Plan
assess_Pcp379;Assess Pickup Plan
approve_Pcp451;Approve Pickup Plan
assess_Pcp336;Assess Pickup Plan
approve_Pcp379;Approve Pickup Plan
lodge_Pcp104;Lodge Pickup Plan
approve_Pcp336;Approve Pickup Plan
assess_Pcp223;Assess Pickup Plan
approve_Pcp223;Approve Pickup Plan
assess_Pcp497;Assess Pickup Plan
approve_Pcp497;Approve Pickup Plan
assess_Pcp367;Assess Pickup Plan
approve_Pcp367;Approve Pickup Plan
lodge_Pcp334;Lodge Pickup Plan
lodge_Pcp153;Lodge Pickup Plan
assess_Pcp314;Assess Pickup Plan
assess_Pcp124;Assess Pickup Plan
approve_Pcp314;Approve Pickup Plan
assess_Pcp106;Assess Pickup Plan
approve_Pcp124;Approve Pickup Plan
approve_Pcp106;Approve Pickup Plan
assess_Pcp487;Assess Pickup Plan
assess_Pcp354;Assess Pickup Plan
approve_Pcp487;Approve Pickup Plan
assess_Pcp38;Assess Pickup Plan
approve_Pcp354;Approve Pickup Plan
approve_Pcp38;Approve Pickup Plan
assess_Pcp498;Assess Pickup Plan
approve_Pcp498;Approve Pickup Plan
assess_Pcp73;Assess Pickup Plan
assess_Pcp93;Assess Pickup Plan
approve_Pcp73;Approve Pickup Plan
approve_Pcp93;Approve Pickup Plan
assess_Pcp153;Assess Pickup Plan
approve_Pcp153;Approve Pickup Plan
lodge_Pcp363;Lodge Pickup Plan
assess_Pcp482;Assess Pickup Plan
assess_Pcp213;Assess Pickup Plan
approve_Pcp482;Approve Pickup Plan
assess_Pcp427;Assess Pickup Plan
approve_Pcp213;Approve Pickup Plan
assess_Pcp168;Assess Pickup Plan
approve_Pcp427;Approve Pickup Plan
assess_Pcp240;Assess Pickup Plan
approve_Pcp168;Approve Pickup Plan
assess_Pcp248;Assess Pickup Plan
approve_Pcp240;Approve Pickup Plan
approve_Pcp248;Approve Pickup Plan
assess_Pcp99;Assess Pickup Plan
assess_Pcp294;Assess Pickup Plan
approve_Pcp99;Approve Pickup Plan
assess_Pcp450;Assess Pickup Plan
approve_Pcp294;Approve Pickup Plan
assess_Pcp363;Assess Pickup Plan
approve_Pcp450;Approve Pickup Plan
approve_Pcp363;Approve Pickup Plan
assess_Pcp48;Assess Pickup Plan
approve_Pcp48;Approve Pickup Plan
lodge_Pcp204;Lodge Pickup Plan
lodge_Pcp383;Lodge Pickup Plan
lodge_Pcp398;Lodge Pickup Plan
lodge_Pcp194;Lodge Pickup Plan
assess_Pcp85;Assess Pickup Plan
assess_Pcp434;Assess Pickup Plan
approve_Pcp85;Approve Pickup Plan
assess_Pcp421;Assess Pickup Plan
approve_Pcp434;Approve Pickup Plan
assess_Pcp346;Assess Pickup Plan
approve_Pcp421;Approve Pickup Plan
assess_Pcp194;Assess Pickup Plan
approve_Pcp346;Approve Pickup Plan
assess_Pcp324;Assess Pickup Plan
approve_Pcp194;Approve Pickup Plan
assess_Pcp293;Assess Pickup Plan
approve_Pcp324;Approve Pickup Plan
assess_Pcp452;Assess Pickup Plan
approve_Pcp293;Approve Pickup Plan
assess_Pcp70;Assess Pickup Plan
approve_Pcp452;Approve Pickup Plan
approve_Pcp70;Approve Pickup Plan
assess_Pcp469;Assess Pickup Plan
approve_Pcp469;Approve Pickup Plan
assess_Pcp271;Assess Pickup Plan
approve_Pcp271;Approve Pickup Plan
lodge_Pcp202;Lodge Pickup Plan
lodge_Pcp370;Lodge Pickup Plan
lodge_Pcp49;Lodge Pickup Plan
lodge_Pcp435;Lodge Pickup Plan
lodge_Pcp163;Lodge Pickup Plan
lodge_Pcp303;Lodge Pickup Plan
lodge_Pcp263;Lodge Pickup Plan
lodge_Pcp388;Lodge Pickup Plan
lodge_Pcp362;Lodge Pickup Plan
lodge_Pcp456;Lodge Pickup Plan
lodge_Pcp309;Lodge Pickup Plan
lodge_Pcp193;Lodge Pickup Plan
lodge_Pcp478;Lodge Pickup Plan
assign_tr29_Pcp69;Assign Truck
assign_tr38_Pcp69;Assign Truck
enter_tr29_Pcp69;Enter the port
assign_tr26_Pcp415;Assign Truck
assign_tr9_Pcp415;Assign Truck
assign_tr11_Pcp228;Assign Truck
register_arrival_tr29_Pcp69;Register the truck arrival
assign_tr21_Pcp228;Assign Truck
enter_tr11_Pcp228;Enter the port
assign_tr39_Pcp169;Assign Truck
assign_tr44_Pcp169;Assign Truck
enter_tr21_Pcp228;Enter the port
assign_tr10_Pcp385;Assign Truck
enter_tr39_Pcp169;Enter the port
enter_tr9_Pcp415;Enter the port
enter_tr38_Pcp69;Enter the port
enter_tr10_Pcp385;Enter the port
enter_tr44_Pcp169;Enter the port
assign_tr35_Pcp385;Assign Truck
register_arrival_tr21_Pcp228;Register the truck arrival
register_arrival_tr39_Pcp169;Register the truck arrival
register_arrival_tr9_Pcp415;Register the truck arrival
register_arrival_tr38_Pcp69;Register the truck arrival
enter_tr35_Pcp385;Enter the port
assign_tr23_Pcp468;Assign Truck
assign_tr27_Pcp190;Assign Truck
register_arrival_tr11_Pcp228;Register the truck arrival
register_arrival_tr10_Pcp385;Register the truck arrival
weigh_empty_tr9_Pcp415;Weigh the Empty Truck
assign_tr46_Pcp190;Assign Truck
register_arrival_tr44_Pcp169;Register the truck arrival
assign_tr43_Pcp468;Assign Truck
enter_tr23_Pcp468;Enter the port
weigh_empty_tr39_Pcp169;Weigh the Empty Truck
check_abnorm_tr9_Pcp415;Check Empty Truck Weight Abnormality
enter_tr46_Pcp190;Enter the port
enter_tr43_Pcp468;Enter the port
check_abnorm_tr39_Pcp169;Check Empty Truck Weight Abnormality
enter_tr26_Pcp415;Enter the port
arrive_Silo11_tr9_Pcp415;Arrive at the Silo
weigh_empty_tr11_Pcp228;Weigh the Empty Truck
weigh_empty_tr21_Pcp228;Weigh the Empty Truck
register_arrival_tr26_Pcp415;Register the truck arrival
assign_tr45_Pcp146;Assign Truck
assign_tr33_Pcp146;Assign Truck
check_abnorm_tr21_Pcp228;Check Empty Truck Weight Abnormality
check_abnorm_tr11_Pcp228;Check Empty Truck Weight Abnormality
arrive_Silo11_tr39_Pcp169;Arrive at the Silo
enter_tr45_Pcp146;Enter the port
register_arrival_tr43_Pcp468;Register the truck arrival
weigh_empty_tr44_Pcp169;Weigh the Empty Truck
arrive_Silo11_tr11_Pcp228;Arrive at the Silo
enter_tr27_Pcp190;Enter the port
register_arrival_tr35_Pcp385;Register the truck arrival
arrive_Silo11_tr21_Pcp228;Arrive at the Silo
enter_tr33_Pcp146;Enter the port
weigh_empty_tr10_Pcp385;Weigh the Empty Truck
determine_continu_tr11_Pcp228_Silo11;Determine the Continuance of the Pickup
check_abnorm_tr44_Pcp169;Check Empty Truck Weight Abnormality
weigh_empty_tr43_Pcp468;Weigh the Empty Truck
check_abnorm_tr10_Pcp385;Check Empty Truck Weight Abnormality
fail_weigh_tr10_Pcp385;Fail to Weigh
weigh_empty_tr26_Pcp415;Weigh the Empty Truck
register_arrival_tr45_Pcp146;Register the truck arrival
assign_tr15_Pcp234;Assign Truck
check_abnorm_tr43_Pcp468;Check Empty Truck Weight Abnormality
fail_weigh_tr43_Pcp468;Fail to Weigh
assign_tr8_Pcp234;Assign Truck
assign_tr5_Pcp245;Assign Truck
arrive_Silo11_tr44_Pcp169;Arrive at the Silo
assign_tr40_Pcp245;Assign Truck
assign_tr6_Pcp119;Assign Truck
register_arrival_tr27_Pcp190;Register the truck arrival
weigh_empty_tr35_Pcp385;Weigh the Empty Truck
check_abnorm_tr35_Pcp385;Check Empty Truck Weight Abnormality
fail_weigh_tr35_Pcp385;Fail to Weigh
enter_tr6_Pcp119;Enter the port
enter_tr5_Pcp245;Enter the port
determine_continu_tr21_Pcp228_Silo11;Determine the Continuance of the Pickup
assign_tr18_Pcp110;Assign Truck
enter_tr8_Pcp234;Enter the port
check_abnorm_tr26_Pcp415;Check Empty Truck Weight Abnormality
register_arrival_tr23_Pcp468;Register the truck arrival
register_arrival_tr33_Pcp146;Register the truck arrival
assign_tr19_Pcp119;Assign Truck
assign_tr25_Pcp110;Assign Truck
determine_continu_tr39_Pcp169_Silo11;Determine the Continuance of the Pickup
load_tr11_Pcp228;Load Truck
register_arrival_tr5_Pcp245;Register the truck arrival
register_arrival_tr46_Pcp190;Register the truck arrival
enter_tr19_Pcp119;Enter the port
arrive_Silo11_tr26_Pcp415;Arrive at the Silo
load_tr39_Pcp169;Load Truck
assign_tr37_Pcp81;Assign Truck
enter_tr25_Pcp110;Enter the port
enter_tr40_Pcp245;Enter the port
enter_tr37_Pcp81;Enter the port
assign_tr17_Pcp81;Assign Truck
assign_tr32_Pcp287;Assign Truck
assign_tr30_Pcp128;Assign Truck
register_arrival_tr8_Pcp234;Register the truck arrival
load_tr21_Pcp228;Load Truck
register_arrival_tr6_Pcp119;Register the truck arrival
determine_continu_tr9_Pcp415_Silo11;Determine the Continuance of the Pickup
enter_tr15_Pcp234;Enter the port
weigh_empty_tr45_Pcp146;Weigh the Empty Truck
assign_tr4_Pcp287;Assign Truck
weigh_empty_tr33_Pcp146;Weigh the Empty Truck
check_abnorm_tr33_Pcp146;Check Empty Truck Weight Abnormality
check_abnorm_tr45_Pcp146;Check Empty Truck Weight Abnormality
weigh_empty_tr38_Pcp69;Weigh the Empty Truck
weigh_empty_tr8_Pcp234;Weigh the Empty Truck
arrive_Silo11_tr33_Pcp146;Arrive at the Silo
load_tr9_Pcp415;Load Truck
arrive_Silo11_tr45_Pcp146;Arrive at the Silo
check_abnorm_tr38_Pcp69;Check Empty Truck Weight Abnormality
register_arrival_tr19_Pcp119;Register the truck arrival
register_arrival_tr15_Pcp234;Register the truck arrival
assign_tr49_Pcp258;Assign Truck
enter_tr4_Pcp287;Enter the port
determine_continu_tr44_Pcp169_Silo11;Determine the Continuance of the Pickup
arrive_Silo11_tr38_Pcp69;Arrive at the Silo
check_abnorm_tr8_Pcp234;Check Empty Truck Weight Abnormality
weigh_empty_tr27_Pcp190;Weigh the Empty Truck
determine_continu_tr33_Pcp146_Silo11;Determine the Continuance of the Pickup
assign_tr7_Pcp258;Assign Truck
assign_tr31_Pcp105;Assign Truck
weigh_empty_tr5_Pcp245;Weigh the Empty Truck
weigh_empty_tr6_Pcp119;Weigh the Empty Truck
enter_tr18_Pcp110;Enter the port
weigh_empty_tr29_Pcp69;Weigh the Empty Truck
arrive_Silo11_tr8_Pcp234;Arrive at the Silo
register_arrival_tr25_Pcp110;Register the truck arrival
enter_tr32_Pcp287;Enter the port
check_abnorm_tr6_Pcp119;Check Empty Truck Weight Abnormality
assign_tr14_Pcp404;Assign Truck
assign_tr28_Pcp105;Assign Truck
check_abnorm_tr5_Pcp245;Check Empty Truck Weight Abnormality
register_arrival_tr40_Pcp245;Register the truck arrival
register_arrival_tr4_Pcp287;Register the truck arrival
weigh_empty_tr46_Pcp190;Weigh the Empty Truck
load_tr44_Pcp169;Load Truck
weigh_loaded_tr11_Pcp228;Weigh the Loaded Truck
check_abnorm_tr29_Pcp69;Check Empty Truck Weight Abnormality
determine_continu_tr45_Pcp146_Silo11;Determine the Continuance of the Pickup
arrive_Silo7_tr6_Pcp119;Arrive at the Silo
arrive_Silo11_tr5_Pcp245;Arrive at the Silo
determine_continu_tr26_Pcp415_Silo11;Determine the Continuance of the Pickup
enter_tr31_Pcp105;Enter the port
check_abnorm_tr27_Pcp190;Check Empty Truck Weight Abnormality
weigh_empty_tr23_Pcp468;Weigh the Empty Truck
arrive_Silo11_tr29_Pcp69;Arrive at the Silo
assign_tr1_Pcp404;Assign Truck
enter_tr49_Pcp258;Enter the port
register_arrival_tr32_Pcp287;Register the truck arrival
enter_tr30_Pcp128;Enter the port
enter_tr7_Pcp258;Enter the port
issue_ticket_tr11_Pcp228;Issue the Weighing Ticket
input_tally_tr11_Pcp228;Input the Tally Sheet
eval_tr11exit_Pcp228;Evaluate the Truck Exit
check_abnorm_tr23_Pcp468;Check Empty Truck Weight Abnormality
determine_continu_tr38_Pcp69_Silo11;Determine the Continuance of the Pickup
check_abnorm_tr46_Pcp190;Check Empty Truck Weight Abnormality
enter_tr17_Pcp81;Enter the port
assign_tr16_Pcp440;Assign Truck
assign_tr42_Pcp440;Assign Truck
weigh_empty_tr40_Pcp245;Weigh the Empty Truck
register_arrival_tr30_Pcp128;Register the truck arrival
arrive_Silo11_tr27_Pcp190;Arrive at the Silo
register_arrival_tr31_Pcp105;Register the truck arrival
arrive_Silo11_tr23_Pcp468;Arrive at the Silo
arrive_Silo11_tr46_Pcp190;Arrive at the Silo
load_tr38_Pcp69;Load Truck
register_arrival_tr7_Pcp258;Register the truck arrival
assign_tr20_Pcp82;Assign Truck
check_abnorm_tr40_Pcp245;Check Empty Truck Weight Abnormality
assign_tr24_Pcp82;Assign Truck
weigh_empty_tr4_Pcp287;Weigh the Empty Truck
enter_tr14_Pcp404;Enter the port
register_arrival_tr18_Pcp110;Register the truck arrival
exit_tr11_Pcp228;Exit the port
register_arrival_tr37_Pcp81;Register the truck arrival
weigh_loaded_tr21_Pcp228;Weigh the Loaded Truck
weigh_empty_tr30_Pcp128;Weigh the Empty Truck
enter_tr24_Pcp82;Enter the port
register_arrival_tr17_Pcp81;Register the truck arrival
check_abnorm_tr4_Pcp287;Check Empty Truck Weight Abnormality
arrive_Silo11_tr40_Pcp245;Arrive at the Silo
enter_tr28_Pcp105;Enter the port
enter_tr1_Pcp404;Enter the port
register_arrival_tr49_Pcp258;Register the truck arrival
weigh_empty_tr31_Pcp105;Weigh the Empty Truck
load_tr45_Pcp146;Load Truck
weigh_empty_tr25_Pcp110;Weigh the Empty Truck
determine_continu_tr5_Pcp245_Silo11;Determine the Continuance of the Pickup
load_tr33_Pcp146;Load Truck
weigh_empty_tr15_Pcp234;Weigh the Empty Truck
weigh_loaded_tr44_Pcp169;Weigh the Loaded Truck
check_abnorm_tr31_Pcp105;Check Empty Truck Weight Abnormality
load_tr26_Pcp415;Load Truck
arrive_Silo7_tr4_Pcp287;Arrive at the Silo
enter_tr16_Pcp440;Enter the port
check_abnorm_tr30_Pcp128;Check Empty Truck Weight Abnormality
arrive_Silo7_tr31_Pcp105;Arrive at the Silo
check_abnorm_tr15_Pcp234;Check Empty Truck Weight Abnormality
issue_ticket_tr21_Pcp228;Issue the Weighing Ticket
input_tally_tr21_Pcp228;Input the Tally Sheet
eval_tr21exit_Pcp228;Evaluate the Truck Exit
determine_continu_tr8_Pcp234_Silo11;Determine the Continuance of the Pickup
check_abnorm_tr25_Pcp110;Check Empty Truck Weight Abnormality
register_arrival_tr16_Pcp440;Register the truck arrival
weigh_empty_tr18_Pcp110;Weigh the Empty Truck
load_tr8_Pcp234;Load Truck
arrive_Silo11_tr15_Pcp234;Arrive at the Silo
arrive_Silo7_tr30_Pcp128;Arrive at the Silo
arrive_Silo7_tr25_Pcp110;Arrive at the Silo
weigh_empty_tr37_Pcp81;Weigh the Empty Truck
enter_tr42_Pcp440;Enter the port
load_tr5_Pcp245;Load Truck
check_abnorm_tr18_Pcp110;Check Empty Truck Weight Abnormality
check_abnorm_tr37_Pcp81;Check Empty Truck Weight Abnormality
issue_ticket_tr44_Pcp169;Issue the Weighing Ticket
input_tally_tr44_Pcp169;Input the Tally Sheet
weigh_empty_tr32_Pcp287;Weigh the Empty Truck
determine_continu_tr4_Pcp287_Silo7;Determine the Continuance of the Pickup
eval_tr44exit_Pcp169;Evaluate the Truck Exit
lodge_Pcp408;Lodge Pickup Plan
determine_continu_tr6_Pcp119_Silo7;Determine the Continuance of the Pickup
determine_continu_tr46_Pcp190_Silo11;Determine the Continuance of the Pickup
exit_tr44_Pcp169;Exit the port
arrive_Silo7_tr37_Pcp81;Arrive at the Silo
weigh_empty_tr16_Pcp440;Weigh the Empty Truck
arrive_Silo7_tr18_Pcp110;Arrive at the Silo
check_abnorm_tr32_Pcp287;Check Empty Truck Weight Abnormality
exit_tr21_Pcp228;Exit the port
check_abnorm_tr16_Pcp440;Check Empty Truck Weight Abnormality
determine_continu_tr31_Pcp105_Silo7;Determine the Continuance of the Pickup
register_arrival_tr14_Pcp404;Register the truck arrival
weigh_empty_tr7_Pcp258;Weigh the Empty Truck
determine_continu_tr29_Pcp69_Silo11;Determine the Continuance of the Pickup
register_arrival_tr1_Pcp404;Register the truck arrival
arrive_Silo7_tr16_Pcp440;Arrive at the Silo
load_tr31_Pcp105;Load Truck
register_arrival_tr24_Pcp82;Register the truck arrival
arrive_Silo7_tr32_Pcp287;Arrive at the Silo
determine_continu_tr30_Pcp128_Silo7;Determine the Continuance of the Pickup
load_tr6_Pcp119;Load Truck
check_abnorm_tr7_Pcp258;Check Empty Truck Weight Abnormality
determine_continu_tr23_Pcp468_Silo11;Determine the Continuance of the Pickup
enter_tr20_Pcp82;Enter the port
load_tr46_Pcp190;Load Truck
weigh_empty_tr49_Pcp258;Weigh the Empty Truck
load_tr4_Pcp287;Load Truck
weigh_empty_tr19_Pcp119;Weigh the Empty Truck
arrive_Silo7_tr7_Pcp258;Arrive at the Silo
check_abnorm_tr49_Pcp258;Check Empty Truck Weight Abnormality
register_arrival_tr28_Pcp105;Register the truck arrival
check_abnorm_tr19_Pcp119;Check Empty Truck Weight Abnormality
weigh_empty_tr1_Pcp404;Weigh the Empty Truck
arrive_Silo7_tr49_Pcp258;Arrive at the Silo
load_tr23_Pcp468;Load Truck
load_tr30_Pcp128;Load Truck
check_abnorm_tr1_Pcp404;Check Empty Truck Weight Abnormality
arrive_Silo7_tr19_Pcp119;Arrive at the Silo
register_arrival_tr42_Pcp440;Register the truck arrival
determine_continu_tr7_Pcp258_Silo7;Determine the Continuance of the Pickup
load_tr7_Pcp258;Load Truck
arrive_Silo7_tr1_Pcp404;Arrive at the Silo
load_tr29_Pcp69;Load Truck
weigh_empty_tr17_Pcp81;Weigh the Empty Truck
weigh_empty_tr14_Pcp404;Weigh the Empty Truck
weigh_loaded_tr33_Pcp146;Weigh the Loaded Truck
weigh_empty_tr24_Pcp82;Weigh the Empty Truck
weigh_empty_tr42_Pcp440;Weigh the Empty Truck
determine_continu_tr32_Pcp287_Silo7;Determine the Continuance of the Pickup
determine_continu_tr15_Pcp234_Silo11;Determine the Continuance of the Pickup
check_abnorm_tr42_Pcp440;Check Empty Truck Weight Abnormality
check_abnorm_tr14_Pcp404;Check Empty Truck Weight Abnormality
check_abnorm_tr24_Pcp82;Check Empty Truck Weight Abnormality
arrive_Silo7_tr42_Pcp440;Arrive at the Silo
arrive_Silo7_tr14_Pcp404;Arrive at the Silo
determine_continu_tr27_Pcp190_Silo11;Determine the Continuance of the Pickup
arrive_Silo7_tr24_Pcp82;Arrive at the Silo
check_abnorm_tr17_Pcp81;Check Empty Truck Weight Abnormality
determine_continu_tr25_Pcp110_Silo7;Determine the Continuance of the Pickup
determine_continu_tr40_Pcp245_Silo11;Determine the Continuance of the Pickup
load_tr15_Pcp234;Load Truck
determine_continu_tr49_Pcp258_Silo7;Determine the Continuance of the Pickup
arrive_Silo7_tr17_Pcp81;Arrive at the Silo
weigh_loaded_tr4_Pcp287;Weigh the Loaded Truck
load_tr32_Pcp287;Load Truck
determine_continu_tr42_Pcp440_Silo7;Determine the Continuance of the Pickup
load_tr27_Pcp190;Load Truck
determine_continu_tr24_Pcp82_Silo7;Determine the Continuance of the Pickup
load_tr49_Pcp258;Load Truck
determine_continu_tr18_Pcp110_Silo7;Determine the Continuance of the Pickup
load_tr42_Pcp440;Load Truck
issue_ticket_tr4_Pcp287;Issue the Weighing Ticket
input_tally_tr4_Pcp287;Input the Tally Sheet
weigh_loaded_tr5_Pcp245;Weigh the Loaded Truck
load_tr40_Pcp245;Load Truck
lodge_Pcp45;Lodge Pickup Plan
eval_tr4exit_Pcp287;Evaluate the Truck Exit
issue_ticket_tr33_Pcp146;Issue the Weighing Ticket
input_tally_tr33_Pcp146;Input the Tally Sheet
eval_tr33exit_Pcp146;Evaluate the Truck Exit
exit_tr4_Pcp287;Exit the port
issue_ticket_tr5_Pcp245;Issue the Weighing Ticket
input_tally_tr5_Pcp245;Input the Tally Sheet
eval_tr5exit_Pcp245;Evaluate the Truck Exit
register_arrival_tr20_Pcp82;Register the truck arrival
exit_tr33_Pcp146;Exit the port
weigh_empty_tr28_Pcp105;Weigh the Empty Truck
determine_continu_tr16_Pcp440_Silo7;Determine the Continuance of the Pickup
determine_continu_tr19_Pcp119_Silo7;Determine the Continuance of the Pickup
determine_continu_tr37_Pcp81_Silo7;Determine the Continuance of the Pickup
load_tr25_Pcp110;Load Truck
load_tr19_Pcp119;Load Truck
load_tr16_Pcp440;Load Truck
determine_continu_tr1_Pcp404_Silo7;Determine the Continuance of the Pickup
load_tr24_Pcp82;Load Truck
load_tr37_Pcp81;Load Truck
exit_tr5_Pcp245;Exit the port
load_tr18_Pcp110;Load Truck
load_tr1_Pcp404;Load Truck
weigh_empty_tr20_Pcp82;Weigh the Empty Truck
check_abnorm_tr28_Pcp105;Check Empty Truck Weight Abnormality
determine_continu_tr14_Pcp404_Silo7;Determine the Continuance of the Pickup
check_abnorm_tr20_Pcp82;Check Empty Truck Weight Abnormality
load_tr14_Pcp404;Load Truck
arrive_Silo7_tr28_Pcp105;Arrive at the Silo
weigh_loaded_tr32_Pcp287;Weigh the Loaded Truck
weigh_loaded_tr40_Pcp245;Weigh the Loaded Truck
arrive_Silo7_tr20_Pcp82;Arrive at the Silo
issue_ticket_tr40_Pcp245;Issue the Weighing Ticket
input_tally_tr40_Pcp245;Input the Tally Sheet
eval_tr40exit_Pcp245;Evaluate the Truck Exit
weigh_loaded_tr30_Pcp128;Weigh the Loaded Truck
exit_tr40_Pcp245;Exit the port
weigh_loaded_tr26_Pcp415;Weigh the Loaded Truck
issue_ticket_tr32_Pcp287;Issue the Weighing Ticket
input_tally_tr32_Pcp287;Input the Tally Sheet
eval_tr32exit_Pcp287;Evaluate the Truck Exit
exit_tr32_Pcp287;Exit the port
determine_continu_tr28_Pcp105_Silo7;Determine the Continuance of the Pickup
weigh_loaded_tr23_Pcp468;Weigh the Loaded Truck
determine_continu_tr17_Pcp81_Silo7;Determine the Continuance of the Pickup
load_tr28_Pcp105;Load Truck
weigh_loaded_tr6_Pcp119;Weigh the Loaded Truck
load_tr17_Pcp81;Load Truck
issue_ticket_tr30_Pcp128;Issue the Weighing Ticket
input_tally_tr30_Pcp128;Input the Tally Sheet
eval_tr30exit_Pcp128;Evaluate the Truck Exit
weigh_loaded_tr19_Pcp119;Weigh the Loaded Truck
issue_ticket_tr6_Pcp119;Issue the Weighing Ticket
input_tally_tr6_Pcp119;Input the Tally Sheet
weigh_loaded_tr37_Pcp81;Weigh the Loaded Truck
exit_tr30_Pcp128;Exit the port
eval_tr6exit_Pcp119;Evaluate the Truck Exit
issue_ticket_tr26_Pcp415;Issue the Weighing Ticket
input_tally_tr26_Pcp415;Input the Tally Sheet
eval_tr26exit_Pcp415;Evaluate the Truck Exit
exit_tr6_Pcp119;Exit the port
issue_ticket_tr19_Pcp119;Issue the Weighing Ticket
input_tally_tr19_Pcp119;Input the Tally Sheet
weigh_loaded_tr38_Pcp69;Weigh the Loaded Truck
issue_ticket_tr23_Pcp468;Issue the Weighing Ticket
input_tally_tr23_Pcp468;Input the Tally Sheet
eval_tr23exit_Pcp468;Evaluate the Truck Exit
weigh_loaded_tr15_Pcp234;Weigh the Loaded Truck
exit_tr26_Pcp415;Exit the port
eval_tr19exit_Pcp119;Evaluate the Truck Exit
exit_tr19_Pcp119;Exit the port
lodge_Pcp141;Lodge Pickup Plan
exit_tr23_Pcp468;Exit the port
issue_ticket_tr15_Pcp234;Issue the Weighing Ticket
input_tally_tr15_Pcp234;Input the Tally Sheet
eval_tr15exit_Pcp234;Evaluate the Truck Exit
weigh_loaded_tr39_Pcp169;Weigh the Loaded Truck
issue_ticket_tr37_Pcp81;Issue the Weighing Ticket
input_tally_tr37_Pcp81;Input the Tally Sheet
eval_tr37exit_Pcp81;Evaluate the Truck Exit
weigh_loaded_tr49_Pcp258;Weigh the Loaded Truck
exit_tr37_Pcp81;Exit the port
exit_tr15_Pcp234;Exit the port
weigh_loaded_tr28_Pcp105;Weigh the Loaded Truck
issue_ticket_tr38_Pcp69;Issue the Weighing Ticket
input_tally_tr38_Pcp69;Input the Tally Sheet
eval_tr38exit_Pcp69;Evaluate the Truck Exit
issue_ticket_tr49_Pcp258;Issue the Weighing Ticket
input_tally_tr49_Pcp258;Input the Tally Sheet
eval_tr49exit_Pcp258;Evaluate the Truck Exit
exit_tr38_Pcp69;Exit the port
issue_ticket_tr39_Pcp169;Issue the Weighing Ticket
input_tally_tr39_Pcp169;Input the Tally Sheet
eval_tr39exit_Pcp169;Evaluate the Truck Exit
exit_tr39_Pcp169;Exit the port
determine_continu_tr20_Pcp82_Silo7;Determine the Continuance of the Pickup
issue_ticket_tr28_Pcp105;Issue the Weighing Ticket
input_tally_tr28_Pcp105;Input the Tally Sheet
eval_tr28exit_Pcp105;Evaluate the Truck Exit
exit_tr28_Pcp105;Exit the port
exit_tr49_Pcp258;Exit the port
load_tr20_Pcp82;Load Truck
weigh_loaded_tr8_Pcp234;Weigh the Loaded Truck
weigh_loaded_tr16_Pcp440;Weigh the Loaded Truck
issue_ticket_tr8_Pcp234;Issue the Weighing Ticket
input_tally_tr8_Pcp234;Input the Tally Sheet
weigh_loaded_tr29_Pcp69;Weigh the Loaded Truck
eval_tr8exit_Pcp234;Evaluate the Truck Exit
issue_ticket_tr16_Pcp440;Issue the Weighing Ticket
input_tally_tr16_Pcp440;Input the Tally Sheet
weigh_loaded_tr7_Pcp258;Weigh the Loaded Truck
eval_tr16exit_Pcp440;Evaluate the Truck Exit
exit_tr8_Pcp234;Exit the port
exit_tr16_Pcp440;Exit the port
weigh_loaded_tr20_Pcp82;Weigh the Loaded Truck
issue_ticket_tr7_Pcp258;Issue the Weighing Ticket
issue_ticket_tr29_Pcp69;Issue the Weighing Ticket
input_tally_tr7_Pcp258;Input the Tally Sheet
input_tally_tr29_Pcp69;Input the Tally Sheet
eval_tr29exit_Pcp69;Evaluate the Truck Exit
eval_tr7exit_Pcp258;Evaluate the Truck Exit
exit_tr29_Pcp69;Exit the port
weigh_loaded_tr25_Pcp110;Weigh the Loaded Truck
weigh_loaded_tr9_Pcp415;Weigh the Loaded Truck
exit_tr7_Pcp258;Exit the port
issue_ticket_tr9_Pcp415;Issue the Weighing Ticket
input_tally_tr9_Pcp415;Input the Tally Sheet
issue_ticket_tr25_Pcp110;Issue the Weighing Ticket
input_tally_tr25_Pcp110;Input the Tally Sheet
eval_tr25exit_Pcp110;Evaluate the Truck Exit
exit_tr25_Pcp110;Exit the port
weigh_loaded_tr24_Pcp82;Weigh the Loaded Truck
eval_tr9exit_Pcp415;Evaluate the Truck Exit
exit_tr9_Pcp415;Exit the port
weigh_loaded_tr46_Pcp190;Weigh the Loaded Truck
issue_ticket_tr24_Pcp82;Issue the Weighing Ticket
input_tally_tr24_Pcp82;Input the Tally Sheet
eval_tr24exit_Pcp82;Evaluate the Truck Exit
weigh_loaded_tr27_Pcp190;Weigh the Loaded Truck
issue_ticket_tr46_Pcp190;Issue the Weighing Ticket
input_tally_tr46_Pcp190;Input the Tally Sheet
exit_tr24_Pcp82;Exit the port
issue_ticket_tr20_Pcp82;Issue the Weighing Ticket
input_tally_tr20_Pcp82;Input the Tally Sheet
eval_tr20exit_Pcp82;Evaluate the Truck Exit
exit_tr20_Pcp82;Exit the port
issue_ticket_tr27_Pcp190;Issue the Weighing Ticket
input_tally_tr27_Pcp190;Input the Tally Sheet
eval_tr27exit_Pcp190;Evaluate the Truck Exit
eval_tr46exit_Pcp190;Evaluate the Truck Exit
exit_tr46_Pcp190;Exit the port
weigh_loaded_tr17_Pcp81;Weigh the Loaded Truck
issue_ticket_tr17_Pcp81;Issue the Weighing Ticket
input_tally_tr17_Pcp81;Input the Tally Sheet
eval_tr17exit_Pcp81;Evaluate the Truck Exit
weigh_loaded_tr31_Pcp105;Weigh the Loaded Truck
exit_tr17_Pcp81;Exit the port
exit_tr27_Pcp190;Exit the port
weigh_loaded_tr45_Pcp146;Weigh the Loaded Truck
weigh_loaded_tr18_Pcp110;Weigh the Loaded Truck
issue_ticket_tr31_Pcp105;Issue the Weighing Ticket
input_tally_tr31_Pcp105;Input the Tally Sheet
eval_tr31exit_Pcp105;Evaluate the Truck Exit
exit_tr31_Pcp105;Exit the port
weigh_loaded_tr14_Pcp404;Weigh the Loaded Truck
issue_ticket_tr45_Pcp146;Issue the Weighing Ticket
input_tally_tr45_Pcp146;Input the Tally Sheet
eval_tr45exit_Pcp146;Evaluate the Truck Exit
exit_tr45_Pcp146;Exit the port
issue_ticket_tr18_Pcp110;Issue the Weighing Ticket
input_tally_tr18_Pcp110;Input the Tally Sheet
eval_tr18exit_Pcp110;Evaluate the Truck Exit
issue_ticket_tr14_Pcp404;Issue the Weighing Ticket
input_tally_tr14_Pcp404;Input the Tally Sheet
exit_tr18_Pcp110;Exit the port
eval_tr14exit_Pcp404;Evaluate the Truck Exit
weigh_loaded_tr42_Pcp440;Weigh the Loaded Truck
exit_tr14_Pcp404;Exit the port
issue_ticket_tr42_Pcp440;Issue the Weighing Ticket
input_tally_tr42_Pcp440;Input the Tally Sheet
eval_tr42exit_Pcp440;Evaluate the Truck Exit
exit_tr42_Pcp440;Exit the port
weigh_loaded_tr1_Pcp404;Weigh the Loaded Truck
issue_ticket_tr1_Pcp404;Issue the Weighing Ticket
input_tally_tr1_Pcp404;Input the Tally Sheet
eval_tr1exit_Pcp404;Evaluate the Truck Exit
exit_tr1_Pcp404;Exit the port
lodge_Pcp102;Lodge Pickup Plan
lodge_Pcp473;Lodge Pickup Plan
assess_Pcp130;Assess Pickup Plan
assess_Pcp473;Assess Pickup Plan
approve_Pcp130;Approve Pickup Plan
assess_Pcp495;Assess Pickup Plan
approve_Pcp473;Approve Pickup Plan
assess_Pcp388;Assess Pickup Plan
approve_Pcp495;Approve Pickup Plan
assess_Pcp220;Assess Pickup Plan
approve_Pcp388;Approve Pickup Plan
approve_Pcp220;Approve Pickup Plan
assess_Pcp428;Assess Pickup Plan
approve_Pcp428;Approve Pickup Plan
assess_Pcp230;Assess Pickup Plan
approve_Pcp230;Approve Pickup Plan
assess_Pcp334;Assess Pickup Plan
approve_Pcp334;Approve Pickup Plan
assess_Pcp483;Assess Pickup Plan
approve_Pcp483;Approve Pickup Plan
assess_Pcp436;Assess Pickup Plan
approve_Pcp436;Approve Pickup Plan
lodge_Pcp382;Lodge Pickup Plan
assess_Pcp309;Assess Pickup Plan
assess_Pcp205;Assess Pickup Plan
approve_Pcp309;Approve Pickup Plan
assess_Pcp360;Assess Pickup Plan
approve_Pcp205;Approve Pickup Plan
lodge_Pcp380;Lodge Pickup Plan
assess_Pcp382;Assess Pickup Plan
approve_Pcp360;Approve Pickup Plan
assess_Pcp342;Assess Pickup Plan
approve_Pcp382;Approve Pickup Plan
assess_Pcp72;Assess Pickup Plan
approve_Pcp342;Approve Pickup Plan
approve_Pcp72;Approve Pickup Plan
assess_Pcp113;Assess Pickup Plan
assess_Pcp365;Assess Pickup Plan
approve_Pcp113;Approve Pickup Plan
assess_Pcp403;Assess Pickup Plan
approve_Pcp365;Approve Pickup Plan
assess_Pcp454;Assess Pickup Plan
approve_Pcp403;Approve Pickup Plan
assess_Pcp156;Assess Pickup Plan
approve_Pcp454;Approve Pickup Plan
assess_Pcp221;Assess Pickup Plan
approve_Pcp156;Approve Pickup Plan
approve_Pcp221;Approve Pickup Plan
lodge_Pcp86;Lodge Pickup Plan
assess_Pcp22;Assess Pickup Plan
assess_Pcp126;Assess Pickup Plan
approve_Pcp22;Approve Pickup Plan
assess_Pcp163;Assess Pickup Plan
approve_Pcp126;Approve Pickup Plan
approve_Pcp163;Approve Pickup Plan
assess_Pcp159;Assess Pickup Plan
assess_Pcp479;Assess Pickup Plan
approve_Pcp159;Approve Pickup Plan
assess_Pcp9;Assess Pickup Plan
approve_Pcp479;Approve Pickup Plan
assess_Pcp86;Assess Pickup Plan
approve_Pcp9;Approve Pickup Plan
assess_Pcp104;Assess Pickup Plan
approve_Pcp86;Approve Pickup Plan
approve_Pcp104;Approve Pickup Plan
assess_Pcp1;Assess Pickup Plan
assess_Pcp116;Assess Pickup Plan
approve_Pcp1;Approve Pickup Plan
approve_Pcp116;Approve Pickup Plan
assess_Pcp166;Assess Pickup Plan
assess_Pcp23;Assess Pickup Plan
approve_Pcp166;Approve Pickup Plan
approve_Pcp23;Approve Pickup Plan
assign_tr13_Pcp438;Assign Truck
assign_tr47_Pcp438;Assign Truck
enter_tr47_Pcp438;Enter the port
assign_tr48_Pcp121;Assign Truck
assign_tr12_Pcp432;Assign Truck
assign_tr34_Pcp121;Assign Truck
enter_tr34_Pcp121;Enter the port
assign_tr22_Pcp14;Assign Truck
register_arrival_tr47_Pcp438;Register the truck arrival
assign_tr2_Pcp14;Assign Truck
enter_tr48_Pcp121;Enter the port
assign_tr36_Pcp432;Assign Truck
register_arrival_tr34_Pcp121;Register the truck arrival
enter_tr2_Pcp14;Enter the port
assign_tr50_Pcp459;Assign Truck
assign_tr41_Pcp459;Assign Truck
assign_tr3_Pcp219;Assign Truck
register_arrival_tr48_Pcp121;Register the truck arrival
weigh_empty_tr47_Pcp438;Weigh the Empty Truck
check_abnorm_tr47_Pcp438;Check Empty Truck Weight Abnormality
enter_tr50_Pcp459;Enter the port
weigh_empty_tr48_Pcp121;Weigh the Empty Truck
enter_tr12_Pcp432;Enter the port
arrive_Silo8_tr47_Pcp438;Arrive at the Silo
check_abnorm_tr48_Pcp121;Check Empty Truck Weight Abnormality
enter_tr13_Pcp438;Enter the port
determine_continu_tr47_Pcp438_Silo8;Determine the Continuance of the Pickup
arrive_Silo8_tr48_Pcp121;Arrive at the Silo
weigh_empty_tr34_Pcp121;Weigh the Empty Truck
enter_tr22_Pcp14;Enter the port
load_tr47_Pcp438;Load Truck
register_arrival_tr2_Pcp14;Register the truck arrival
check_abnorm_tr34_Pcp121;Check Empty Truck Weight Abnormality
determine_continu_tr48_Pcp121_Silo8;Determine the Continuance of the Pickup
register_arrival_tr13_Pcp438;Register the truck arrival
load_tr48_Pcp121;Load Truck
arrive_Silo8_tr34_Pcp121;Arrive at the Silo
enter_tr41_Pcp459;Enter the port
register_arrival_tr22_Pcp14;Register the truck arrival
register_arrival_tr50_Pcp459;Register the truck arrival
weigh_empty_tr13_Pcp438;Weigh the Empty Truck
check_abnorm_tr13_Pcp438;Check Empty Truck Weight Abnormality
enter_tr36_Pcp432;Enter the port
arrive_Silo8_tr13_Pcp438;Arrive at the Silo
register_arrival_tr41_Pcp459;Register the truck arrival
register_arrival_tr36_Pcp432;Register the truck arrival
weigh_empty_tr50_Pcp459;Weigh the Empty Truck
enter_tr3_Pcp219;Enter the port
check_abnorm_tr50_Pcp459;Check Empty Truck Weight Abnormality
weigh_empty_tr2_Pcp14;Weigh the Empty Truck
arrive_Silo8_tr50_Pcp459;Arrive at the Silo
register_arrival_tr12_Pcp432;Register the truck arrival
register_arrival_tr3_Pcp219;Register the truck arrival
check_abnorm_tr2_Pcp14;Check Empty Truck Weight Abnormality
determine_continu_tr34_Pcp121_Silo8;Determine the Continuance of the Pickup
arrive_Silo8_tr2_Pcp14;Arrive at the Silo
weigh_empty_tr41_Pcp459;Weigh the Empty Truck
determine_continu_tr50_Pcp459_Silo8;Determine the Continuance of the Pickup
weigh_empty_tr12_Pcp432;Weigh the Empty Truck
check_abnorm_tr41_Pcp459;Check Empty Truck Weight Abnormality
check_abnorm_tr12_Pcp432;Check Empty Truck Weight Abnormality
arrive_Silo8_tr41_Pcp459;Arrive at the Silo
weigh_empty_tr22_Pcp14;Weigh the Empty Truck
load_tr50_Pcp459;Load Truck
arrive_Silo8_tr12_Pcp432;Arrive at the Silo
weigh_empty_tr36_Pcp432;Weigh the Empty Truck
determine_continu_tr2_Pcp14_Silo8;Determine the Continuance of the Pickup
check_abnorm_tr22_Pcp14;Check Empty Truck Weight Abnormality
check_abnorm_tr36_Pcp432;Check Empty Truck Weight Abnormality
weigh_empty_tr3_Pcp219;Weigh the Empty Truck
arrive_Silo8_tr22_Pcp14;Arrive at the Silo
arrive_Silo8_tr36_Pcp432;Arrive at the Silo
load_tr2_Pcp14;Load Truck
check_abnorm_tr3_Pcp219;Check Empty Truck Weight Abnormality
determine_continu_tr41_Pcp459_Silo8;Determine the Continuance of the Pickup
arrive_Silo8_tr3_Pcp219;Arrive at the Silo
load_tr34_Pcp121;Load Truck
determine_continu_tr13_Pcp438_Silo8;Determine the Continuance of the Pickup
determine_continu_tr36_Pcp432_Silo8;Determine the Continuance of the Pickup
load_tr13_Pcp438;Load Truck
load_tr36_Pcp432;Load Truck
determine_continu_tr3_Pcp219_Silo8;Determine the Continuance of the Pickup
load_tr41_Pcp459;Load Truck
determine_continu_tr12_Pcp432_Silo8;Determine the Continuance of the Pickup
load_tr3_Pcp219;Load Truck
load_tr12_Pcp432;Load Truck
weigh_loaded_tr13_Pcp438;Weigh the Loaded Truck
determine_continu_tr22_Pcp14_Silo8;Determine the Continuance of the Pickup
issue_ticket_tr13_Pcp438;Issue the Weighing Ticket
input_tally_tr13_Pcp438;Input the Tally Sheet
eval_tr13exit_Pcp438;Evaluate the Truck Exit
load_tr22_Pcp14;Load Truck
exit_tr13_Pcp438;Exit the port
weigh_loaded_tr12_Pcp432;Weigh the Loaded Truck
weigh_loaded_tr41_Pcp459;Weigh the Loaded Truck
weigh_loaded_tr34_Pcp121;Weigh the Loaded Truck
issue_ticket_tr41_Pcp459;Issue the Weighing Ticket
input_tally_tr41_Pcp459;Input the Tally Sheet
weigh_loaded_tr48_Pcp121;Weigh the Loaded Truck
eval_tr41exit_Pcp459;Evaluate the Truck Exit
exit_tr41_Pcp459;Exit the port
issue_ticket_tr34_Pcp121;Issue the Weighing Ticket
input_tally_tr34_Pcp121;Input the Tally Sheet
eval_tr34exit_Pcp121;Evaluate the Truck Exit
issue_ticket_tr12_Pcp432;Issue the Weighing Ticket
input_tally_tr12_Pcp432;Input the Tally Sheet
eval_tr12exit_Pcp432;Evaluate the Truck Exit
issue_ticket_tr48_Pcp121;Issue the Weighing Ticket
input_tally_tr48_Pcp121;Input the Tally Sheet
eval_tr48exit_Pcp121;Evaluate the Truck Exit
exit_tr12_Pcp432;Exit the port
exit_tr34_Pcp121;Exit the port
exit_tr48_Pcp121;Exit the port
weigh_loaded_tr50_Pcp459;Weigh the Loaded Truck
issue_ticket_tr50_Pcp459;Issue the Weighing Ticket
input_tally_tr50_Pcp459;Input the Tally Sheet
eval_tr50exit_Pcp459;Evaluate the Truck Exit
exit_tr50_Pcp459;Exit the port
weigh_loaded_tr2_Pcp14;Weigh the Loaded Truck
issue_ticket_tr2_Pcp14;Issue the Weighing Ticket
input_tally_tr2_Pcp14;Input the Tally Sheet
eval_tr2exit_Pcp14;Evaluate the Truck Exit
exit_tr2_Pcp14;Exit the port
weigh_loaded_tr3_Pcp219;Weigh the Loaded Truck
issue_ticket_tr3_Pcp219;Issue the Weighing Ticket
input_tally_tr3_Pcp219;Input the Tally Sheet
eval_tr3exit_Pcp219;Evaluate the Truck Exit
exit_tr3_Pcp219;Exit the port
weigh_loaded_tr36_Pcp432;Weigh the Loaded Truck
issue_ticket_tr36_Pcp432;Issue the Weighing Ticket
input_tally_tr36_Pcp432;Input the Tally Sheet
eval_tr36exit_Pcp432;Evaluate the Truck Exit
exit_tr36_Pcp432;Exit the port
weigh_loaded_tr22_Pcp14;Weigh the Loaded Truck
issue_ticket_tr22_Pcp14;Issue the Weighing Ticket
input_tally_tr22_Pcp14;Input the Tally Sheet
eval_tr22exit_Pcp14;Evaluate the Truck Exit
exit_tr22_Pcp14;Exit the port
weigh_loaded_tr47_Pcp438;Weigh the Loaded Truck
issue_ticket_tr47_Pcp438;Issue the Weighing Ticket
input_tally_tr47_Pcp438;Input the Tally Sheet
eval_tr47exit_Pcp438;Evaluate the Truck Exit
exit_tr47_Pcp438;Exit the port
lodge_Pcp236;Lodge Pickup Plan
assess_Pcp177;Assess Pickup Plan
assess_Pcp330;Assess Pickup Plan
approve_Pcp177;Approve Pickup Plan
assess_Pcp207;Assess Pickup Plan
approve_Pcp330;Approve Pickup Plan
assess_Pcp443;Assess Pickup Plan
approve_Pcp207;Approve Pickup Plan
approve_Pcp443;Approve Pickup Plan
assess_Pcp362;Assess Pickup Plan
assess_Pcp20;Assess Pickup Plan
approve_Pcp362;Approve Pickup Plan
approve_Pcp20;Approve Pickup Plan
assess_Pcp490;Assess Pickup Plan
assess_Pcp398;Assess Pickup Plan
approve_Pcp490;Approve Pickup Plan
assess_Pcp236;Assess Pickup Plan
approve_Pcp398;Approve Pickup Plan
assess_Pcp395;Assess Pickup Plan
approve_Pcp236;Approve Pickup Plan
assess_Pcp103;Assess Pickup Plan
approve_Pcp395;Approve Pickup Plan
approve_Pcp103;Approve Pickup Plan
assess_Pcp155;Assess Pickup Plan
approve_Pcp155;Approve Pickup Plan
lodge_Pcp237;Lodge Pickup Plan
lodge_Pcp484;Lodge Pickup Plan
lodge_Pcp344;Lodge Pickup Plan
lodge_Pcp175;Lodge Pickup Plan
assess_Pcp182;Assess Pickup Plan
assess_Pcp175;Assess Pickup Plan
approve_Pcp182;Approve Pickup Plan
assess_Pcp414;Assess Pickup Plan
approve_Pcp175;Approve Pickup Plan
assess_Pcp270;Assess Pickup Plan
approve_Pcp414;Approve Pickup Plan
assess_Pcp306;Assess Pickup Plan
approve_Pcp270;Approve Pickup Plan
assess_Pcp464;Assess Pickup Plan
approve_Pcp306;Approve Pickup Plan
assess_Pcp171;Assess Pickup Plan
approve_Pcp464;Approve Pickup Plan
assess_Pcp95;Assess Pickup Plan
approve_Pcp171;Approve Pickup Plan
approve_Pcp95;Approve Pickup Plan
assess_Pcp45;Assess Pickup Plan
approve_Pcp45;Approve Pickup Plan
assess_Pcp100;Assess Pickup Plan
approve_Pcp100;Approve Pickup Plan
assess_Pcp263;Assess Pickup Plan
approve_Pcp263;Approve Pickup Plan
assess_Pcp370;Assess Pickup Plan
approve_Pcp370;Approve Pickup Plan
lodge_Pcp260;Lodge Pickup Plan
assess_Pcp296;Assess Pickup Plan
assess_Pcp117;Assess Pickup Plan
approve_Pcp296;Approve Pickup Plan
assess_Pcp102;Assess Pickup Plan
approve_Pcp117;Approve Pickup Plan
assess_Pcp107;Assess Pickup Plan
approve_Pcp102;Approve Pickup Plan
assess_Pcp253;Assess Pickup Plan
approve_Pcp107;Approve Pickup Plan
assess_Pcp311;Assess Pickup Plan
approve_Pcp253;Approve Pickup Plan
assess_Pcp197;Assess Pickup Plan
approve_Pcp311;Approve Pickup Plan
assess_Pcp383;Assess Pickup Plan
approve_Pcp197;Approve Pickup Plan
assess_Pcp260;Assess Pickup Plan
approve_Pcp383;Approve Pickup Plan
assess_Pcp433;Assess Pickup Plan
approve_Pcp260;Approve Pickup Plan
assess_Pcp430;Assess Pickup Plan
approve_Pcp433;Approve Pickup Plan
assess_Pcp34;Assess Pickup Plan
approve_Pcp430;Approve Pickup Plan
approve_Pcp34;Approve Pickup Plan
lodge_Pcp485;Lodge Pickup Plan
assess_Pcp397;Assess Pickup Plan
assess_Pcp211;Assess Pickup Plan
approve_Pcp397;Approve Pickup Plan
assess_Pcp4;Assess Pickup Plan
approve_Pcp211;Approve Pickup Plan
assess_Pcp196;Assess Pickup Plan
approve_Pcp4;Approve Pickup Plan
assess_Pcp456;Assess Pickup Plan
approve_Pcp196;Approve Pickup Plan
assess_Pcp279;Assess Pickup Plan
approve_Pcp456;Approve Pickup Plan
assess_Pcp76;Assess Pickup Plan
approve_Pcp279;Approve Pickup Plan
assess_Pcp291;Assess Pickup Plan
approve_Pcp76;Approve Pickup Plan
assess_Pcp285;Assess Pickup Plan
approve_Pcp291;Approve Pickup Plan
approve_Pcp285;Approve Pickup Plan
assess_Pcp217;Assess Pickup Plan
assess_Pcp407;Assess Pickup Plan
approve_Pcp217;Approve Pickup Plan
approve_Pcp407;Approve Pickup Plan
assess_Pcp485;Assess Pickup Plan
approve_Pcp485;Approve Pickup Plan
lodge_Pcp142;Lodge Pickup Plan
lodge_Pcp63;Lodge Pickup Plan
assess_Pcp63;Assess Pickup Plan
assess_Pcp7;Assess Pickup Plan
approve_Pcp63;Approve Pickup Plan
lodge_Pcp172;Lodge Pickup Plan
assess_Pcp74;Assess Pickup Plan
approve_Pcp7;Approve Pickup Plan
assess_Pcp281;Assess Pickup Plan
approve_Pcp74;Approve Pickup Plan
assess_Pcp145;Assess Pickup Plan
approve_Pcp281;Approve Pickup Plan
approve_Pcp145;Approve Pickup Plan
assess_Pcp466;Assess Pickup Plan
assess_Pcp198;Assess Pickup Plan
approve_Pcp466;Approve Pickup Plan
approve_Pcp198;Approve Pickup Plan
assess_Pcp435;Assess Pickup Plan
approve_Pcp435;Approve Pickup Plan
assess_Pcp380;Assess Pickup Plan
assess_Pcp36;Assess Pickup Plan
approve_Pcp380;Approve Pickup Plan
approve_Pcp36;Approve Pickup Plan
lodge_Pcp453;Lodge Pickup Plan
lodge_Pcp472;Lodge Pickup Plan
lodge_Pcp138;Lodge Pickup Plan
lodge_Pcp96;Lodge Pickup Plan
lodge_Pcp413;Lodge Pickup Plan
lodge_Pcp457;Lodge Pickup Plan
assess_Pcp204;Assess Pickup Plan
approve_Pcp204;Approve Pickup Plan
assess_Pcp193;Assess Pickup Plan
approve_Pcp193;Approve Pickup Plan
assess_Pcp170;Assess Pickup Plan
assess_Pcp465;Assess Pickup Plan
approve_Pcp170;Approve Pickup Plan
assess_Pcp174;Assess Pickup Plan
approve_Pcp465;Approve Pickup Plan
approve_Pcp174;Approve Pickup Plan
assess_Pcp151;Assess Pickup Plan
assess_Pcp344;Assess Pickup Plan
approve_Pcp151;Approve Pickup Plan
approve_Pcp344;Approve Pickup Plan
assess_Pcp249;Assess Pickup Plan
assess_Pcp391;Assess Pickup Plan
approve_Pcp249;Approve Pickup Plan
assess_Pcp41;Assess Pickup Plan
approve_Pcp391;Approve Pickup Plan
assess_Pcp447;Assess Pickup Plan
approve_Pcp41;Approve Pickup Plan
assess_Pcp457;Assess Pickup Plan
approve_Pcp447;Approve Pickup Plan
assess_Pcp64;Assess Pickup Plan
approve_Pcp457;Approve Pickup Plan
approve_Pcp64;Approve Pickup Plan
lodge_Pcp187;Lodge Pickup Plan
lodge_Pcp305;Lodge Pickup Plan
assess_Pcp138;Assess Pickup Plan
assess_Pcp411;Assess Pickup Plan
approve_Pcp138;Approve Pickup Plan
assess_Pcp179;Assess Pickup Plan
approve_Pcp411;Approve Pickup Plan
assess_Pcp305;Assess Pickup Plan
approve_Pcp179;Approve Pickup Plan
assess_Pcp478;Assess Pickup Plan
approve_Pcp305;Approve Pickup Plan
assess_Pcp290;Assess Pickup Plan
approve_Pcp478;Approve Pickup Plan
assess_Pcp419;Assess Pickup Plan
approve_Pcp290;Approve Pickup Plan
assess_Pcp49;Assess Pickup Plan
approve_Pcp419;Approve Pickup Plan
approve_Pcp49;Approve Pickup Plan
assess_Pcp476;Assess Pickup Plan
assess_Pcp56;Assess Pickup Plan
approve_Pcp476;Approve Pickup Plan
approve_Pcp56;Approve Pickup Plan
assess_Pcp46;Assess Pickup Plan
approve_Pcp46;Approve Pickup Plan
assess_Pcp252;Assess Pickup Plan
assess_Pcp172;Assess Pickup Plan
approve_Pcp252;Approve Pickup Plan
approve_Pcp172;Approve Pickup Plan
lodge_Pcp257;Lodge Pickup Plan
assess_Pcp237;Assess Pickup Plan
approve_Pcp237;Approve Pickup Plan
assess_Pcp257;Assess Pickup Plan
approve_Pcp257;Approve Pickup Plan
assess_Pcp413;Assess Pickup Plan
approve_Pcp413;Approve Pickup Plan
lodge_Pcp276;Lodge Pickup Plan
assess_Pcp369;Assess Pickup Plan
assess_Pcp467;Assess Pickup Plan
approve_Pcp369;Approve Pickup Plan
assess_Pcp470;Assess Pickup Plan
approve_Pcp467;Approve Pickup Plan
assess_Pcp276;Assess Pickup Plan
approve_Pcp470;Approve Pickup Plan
assess_Pcp77;Assess Pickup Plan
approve_Pcp276;Approve Pickup Plan
assess_Pcp303;Assess Pickup Plan
approve_Pcp77;Approve Pickup Plan
assess_Pcp320;Assess Pickup Plan
approve_Pcp303;Approve Pickup Plan
assess_Pcp389;Assess Pickup Plan
approve_Pcp320;Approve Pickup Plan
assess_Pcp161;Assess Pickup Plan
approve_Pcp389;Approve Pickup Plan
assess_Pcp374;Assess Pickup Plan
approve_Pcp161;Approve Pickup Plan
assess_Pcp484;Assess Pickup Plan
approve_Pcp374;Approve Pickup Plan
assess_Pcp96;Assess Pickup Plan
approve_Pcp484;Approve Pickup Plan
assess_Pcp472;Assess Pickup Plan
approve_Pcp96;Approve Pickup Plan
approve_Pcp472;Approve Pickup Plan
lodge_Pcp315;Lodge Pickup Plan
assign_tr10_Pcp271;Assign Truck
enter_tr10_Pcp271;Enter the port
assign_tr43_Pcp99;Assign Truck
register_arrival_tr10_Pcp271;Register the truck arrival
assign_tr35_Pcp434;Assign Truck
weigh_empty_tr10_Pcp271;Weigh the Empty Truck
check_abnorm_tr10_Pcp271;Check Empty Truck Weight Abnormality
enter_tr43_Pcp99;Enter the port
arrive_Silo17_tr10_Pcp271;Arrive at the Silo
enter_tr35_Pcp434;Enter the port
determine_continu_tr10_Pcp271_Silo17;Determine the Continuance of the Pickup
load_tr10_Pcp271;Load Truck
register_arrival_tr43_Pcp99;Register the truck arrival
weigh_empty_tr43_Pcp99;Weigh the Empty Truck
register_arrival_tr35_Pcp434;Register the truck arrival
check_abnorm_tr43_Pcp99;Check Empty Truck Weight Abnormality
arrive_Silo15_tr43_Pcp99;Arrive at the Silo
assign_tr11_Pcp99;Assign Truck
enter_tr11_Pcp99;Enter the port
weigh_loaded_tr10_Pcp271;Weigh the Loaded Truck
assign_tr44_Pcp223;Assign Truck
assign_tr21_Pcp421;Assign Truck
weigh_empty_tr35_Pcp434;Weigh the Empty Truck
enter_tr21_Pcp421;Enter the port
enter_tr44_Pcp223;Enter the port
determine_continu_tr43_Pcp99_Silo15;Determine the Continuance of the Pickup
check_abnorm_tr35_Pcp434;Check Empty Truck Weight Abnormality
issue_ticket_tr10_Pcp271;Issue the Weighing Ticket
input_tally_tr10_Pcp271;Input the Tally Sheet
eval_tr10exit_Pcp271;Evaluate the Truck Exit
load_tr43_Pcp99;Load Truck
arrive_Silo17_tr35_Pcp434;Arrive at the Silo
exit_tr10_Pcp271;Exit the port
register_arrival_tr11_Pcp99;Register the truck arrival
register_arrival_tr44_Pcp223;Register the truck arrival
register_arrival_tr21_Pcp421;Register the truck arrival
determine_continu_tr35_Pcp434_Silo17;Determine the Continuance of the Pickup
weigh_empty_tr21_Pcp421;Weigh the Empty Truck
weigh_empty_tr44_Pcp223;Weigh the Empty Truck
check_abnorm_tr21_Pcp421;Check Empty Truck Weight Abnormality
load_tr35_Pcp434;Load Truck
check_abnorm_tr44_Pcp223;Check Empty Truck Weight Abnormality
arrive_Silo17_tr21_Pcp421;Arrive at the Silo
arrive_Silo4_tr44_Pcp223;Arrive at the Silo
assign_tr4_Pcp219;Assign Truck
assign_tr33_Pcp354;Assign Truck
determine_continu_tr44_Pcp223_Silo4;Determine the Continuance of the Pickup
determine_continu_tr21_Pcp421_Silo17;Determine the Continuance of the Pickup
load_tr21_Pcp421;Load Truck
load_tr44_Pcp223;Load Truck
assign_tr5_Pcp194;Assign Truck
weigh_empty_tr11_Pcp99;Weigh the Empty Truck
check_abnorm_tr11_Pcp99;Check Empty Truck Weight Abnormality
enter_tr33_Pcp354;Enter the port
arrive_Silo15_tr11_Pcp99;Arrive at the Silo
enter_tr4_Pcp219;Enter the port
register_arrival_tr33_Pcp354;Register the truck arrival
assign_tr32_Pcp487;Assign Truck
enter_tr32_Pcp487;Enter the port
register_arrival_tr4_Pcp219;Register the truck arrival
enter_tr5_Pcp194;Enter the port
assign_tr40_Pcp482;Assign Truck
determine_continu_tr11_Pcp99_Silo15;Determine the Continuance of the Pickup
register_arrival_tr5_Pcp194;Register the truck arrival
enter_tr40_Pcp482;Enter the port
load_tr11_Pcp99;Load Truck
register_arrival_tr32_Pcp487;Register the truck arrival
weigh_empty_tr4_Pcp219;Weigh the Empty Truck
assign_tr30_Pcp497;Assign Truck
check_abnorm_tr4_Pcp219;Check Empty Truck Weight Abnormality
enter_tr30_Pcp497;Enter the port
assign_tr6_Pcp363;Assign Truck
assign_tr26_Pcp209;Assign Truck
assign_tr19_Pcp354;Assign Truck
enter_tr6_Pcp363;Enter the port
arrive_Silo8_tr4_Pcp219;Arrive at the Silo
weigh_empty_tr5_Pcp194;Weigh the Empty Truck
check_abnorm_tr5_Pcp194;Check Empty Truck Weight Abnormality
assign_tr23_Pcp434;Assign Truck
register_arrival_tr40_Pcp482;Register the truck arrival
determine_continu_tr4_Pcp219_Silo8;Determine the Continuance of the Pickup
register_arrival_tr30_Pcp497;Register the truck arrival
arrive_Silo17_tr5_Pcp194;Arrive at the Silo
enter_tr26_Pcp209;Enter the port
assign_tr15_Pcp208;Assign Truck
assign_tr37_Pcp38;Assign Truck
load_tr4_Pcp219;Load Truck
register_arrival_tr6_Pcp363;Register the truck arrival
enter_tr23_Pcp434;Enter the port
enter_tr15_Pcp208;Enter the port
assign_tr38_Pcp421;Assign Truck
weigh_empty_tr30_Pcp497;Weigh the Empty Truck
check_abnorm_tr30_Pcp497;Check Empty Truck Weight Abnormality
register_arrival_tr26_Pcp209;Register the truck arrival
register_arrival_tr23_Pcp434;Register the truck arrival
determine_continu_tr5_Pcp194_Silo17;Determine the Continuance of the Pickup
arrive_Silo4_tr30_Pcp497;Arrive at the Silo
weigh_empty_tr33_Pcp354;Weigh the Empty Truck
weigh_empty_tr32_Pcp487;Weigh the Empty Truck
enter_tr37_Pcp38;Enter the port
assign_tr39_Pcp248;Assign Truck
assign_tr28_Pcp223;Assign Truck
check_abnorm_tr33_Pcp354;Check Empty Truck Weight Abnormality
check_abnorm_tr32_Pcp487;Check Empty Truck Weight Abnormality
assign_tr49_Pcp213;Assign Truck
register_arrival_tr37_Pcp38;Register the truck arrival
register_arrival_tr15_Pcp208;Register the truck arrival
arrive_Silo5_tr33_Pcp354;Arrive at the Silo
weigh_empty_tr23_Pcp434;Weigh the Empty Truck
arrive_Silo5_tr32_Pcp487;Arrive at the Silo
enter_tr19_Pcp354;Enter the port
weigh_empty_tr6_Pcp363;Weigh the Empty Truck
check_abnorm_tr6_Pcp363;Check Empty Truck Weight Abnormality
check_abnorm_tr23_Pcp434;Check Empty Truck Weight Abnormality
load_tr5_Pcp194;Load Truck
weigh_empty_tr26_Pcp209;Weigh the Empty Truck
arrive_Silo15_tr6_Pcp363;Arrive at the Silo
enter_tr49_Pcp213;Enter the port
register_arrival_tr19_Pcp354;Register the truck arrival
arrive_Silo17_tr23_Pcp434;Arrive at the Silo
weigh_empty_tr40_Pcp482;Weigh the Empty Truck
determine_continu_tr32_Pcp487_Silo5;Determine the Continuance of the Pickup
enter_tr28_Pcp223;Enter the port
enter_tr38_Pcp421;Enter the port
check_abnorm_tr26_Pcp209;Check Empty Truck Weight Abnormality
weigh_empty_tr15_Pcp208;Weigh the Empty Truck
check_abnorm_tr40_Pcp482;Check Empty Truck Weight Abnormality
register_arrival_tr49_Pcp213;Register the truck arrival
arrive_Silo20_tr26_Pcp209;Arrive at the Silo
check_abnorm_tr15_Pcp208;Check Empty Truck Weight Abnormality
arrive_Silo15_tr40_Pcp482;Arrive at the Silo
load_tr32_Pcp487;Load Truck
determine_continu_tr30_Pcp497_Silo4;Determine the Continuance of the Pickup
arrive_Silo4_tr15_Pcp208;Arrive at the Silo
weigh_empty_tr19_Pcp354;Weigh the Empty Truck
determine_continu_tr26_Pcp209_Silo20;Determine the Continuance of the Pickup
load_tr30_Pcp497;Load Truck
enter_tr39_Pcp248;Enter the port
register_arrival_tr28_Pcp223;Register the truck arrival
check_abnorm_tr19_Pcp354;Check Empty Truck Weight Abnormality
load_tr26_Pcp209;Load Truck
weigh_loaded_tr4_Pcp219;Weigh the Loaded Truck
weigh_empty_tr49_Pcp213;Weigh the Empty Truck
arrive_Silo5_tr19_Pcp354;Arrive at the Silo
weigh_empty_tr37_Pcp38;Weigh the Empty Truck
assign_tr16_Pcp70;Assign Truck
assign_tr8_Pcp73;Assign Truck
check_abnorm_tr49_Pcp213;Check Empty Truck Weight Abnormality
determine_continu_tr15_Pcp208_Silo4;Determine the Continuance of the Pickup
weigh_empty_tr28_Pcp223;Weigh the Empty Truck
arrive_Silo15_tr49_Pcp213;Arrive at the Silo
determine_continu_tr23_Pcp434_Silo17;Determine the Continuance of the Pickup
check_abnorm_tr28_Pcp223;Check Empty Truck Weight Abnormality
assign_tr29_Pcp240;Assign Truck
check_abnorm_tr37_Pcp38;Check Empty Truck Weight Abnormality
determine_continu_tr6_Pcp363_Silo15;Determine the Continuance of the Pickup
arrive_Silo4_tr28_Pcp223;Arrive at the Silo
enter_tr8_Pcp73;Enter the port
register_arrival_tr38_Pcp421;Register the truck arrival
load_tr15_Pcp208;Load Truck
arrive_Silo5_tr37_Pcp38;Arrive at the Silo
determine_continu_tr40_Pcp482_Silo15;Determine the Continuance of the Pickup
determine_continu_tr49_Pcp213_Silo15;Determine the Continuance of the Pickup
assign_tr7_Pcp94;Assign Truck
load_tr49_Pcp213;Load Truck
register_arrival_tr8_Pcp73;Register the truck arrival
determine_continu_tr37_Pcp38_Silo5;Determine the Continuance of the Pickup
load_tr23_Pcp434;Load Truck
assign_tr25_Pcp293;Assign Truck
determine_continu_tr33_Pcp354_Silo5;Determine the Continuance of the Pickup
load_tr6_Pcp363;Load Truck
issue_ticket_tr4_Pcp219;Issue the Weighing Ticket
input_tally_tr4_Pcp219;Input the Tally Sheet
eval_tr4exit_Pcp219;Evaluate the Truck Exit
load_tr40_Pcp482;Load Truck
assign_tr9_Pcp451;Assign Truck
enter_tr29_Pcp240;Enter the port
enter_tr25_Pcp293;Enter the port
weigh_empty_tr8_Pcp73;Weigh the Empty Truck
load_tr33_Pcp354;Load Truck
exit_tr4_Pcp219;Exit the port
register_arrival_tr25_Pcp293;Register the truck arrival
assign_tr24_Pcp70;Assign Truck
enter_tr9_Pcp451;Enter the port
enter_tr16_Pcp70;Enter the port
register_arrival_tr29_Pcp240;Register the truck arrival
check_abnorm_tr8_Pcp73;Check Empty Truck Weight Abnormality
register_arrival_tr16_Pcp70;Register the truck arrival
arrive_Silo5_tr8_Pcp73;Arrive at the Silo
assign_tr20_Pcp498;Assign Truck
weigh_loaded_tr26_Pcp209;Weigh the Loaded Truck
load_tr37_Pcp38;Load Truck
register_arrival_tr39_Pcp248;Register the truck arrival
register_arrival_tr9_Pcp451;Register the truck arrival
assign_tr46_Pcp106;Assign Truck
enter_tr24_Pcp70;Enter the port
determine_continu_tr19_Pcp354_Silo5;Determine the Continuance of the Pickup
weigh_loaded_tr23_Pcp434;Weigh the Loaded Truck
weigh_empty_tr16_Pcp70;Weigh the Empty Truck
weigh_loaded_tr44_Pcp223;Weigh the Loaded Truck
check_abnorm_tr16_Pcp70;Check Empty Truck Weight Abnormality
enter_tr7_Pcp94;Enter the port
determine_continu_tr28_Pcp223_Silo4;Determine the Continuance of the Pickup
weigh_empty_tr29_Pcp240;Weigh the Empty Truck
weigh_empty_tr25_Pcp293;Weigh the Empty Truck
issue_ticket_tr23_Pcp434;Issue the Weighing Ticket
input_tally_tr23_Pcp434;Input the Tally Sheet
arrive_Silo17_tr16_Pcp70;Arrive at the Silo
check_abnorm_tr25_Pcp293;Check Empty Truck Weight Abnormality
eval_tr23exit_Pcp434;Evaluate the Truck Exit
enter_tr46_Pcp106;Enter the port
exit_tr23_Pcp434;Exit the port
enter_tr20_Pcp498;Enter the port
arrive_Silo17_tr25_Pcp293;Arrive at the Silo
check_abnorm_tr29_Pcp240;Check Empty Truck Weight Abnormality
weigh_empty_tr9_Pcp451;Weigh the Empty Truck
check_abnorm_tr9_Pcp451;Check Empty Truck Weight Abnormality
load_tr19_Pcp354;Load Truck
register_arrival_tr46_Pcp106;Register the truck arrival
arrive_Silo15_tr29_Pcp240;Arrive at the Silo
register_arrival_tr7_Pcp94;Register the truck arrival
load_tr28_Pcp223;Load Truck
assign_tr27_Pcp94;Assign Truck
assign_tr17_Pcp248;Assign Truck
arrive_Silo4_tr9_Pcp451;Arrive at the Silo
register_arrival_tr20_Pcp498;Register the truck arrival
enter_tr27_Pcp94;Enter the port
register_arrival_tr24_Pcp70;Register the truck arrival
issue_ticket_tr26_Pcp209;Issue the Weighing Ticket
input_tally_tr26_Pcp209;Input the Tally Sheet
eval_tr26exit_Pcp209;Evaluate the Truck Exit
weigh_loaded_tr35_Pcp434;Weigh the Loaded Truck
issue_ticket_tr44_Pcp223;Issue the Weighing Ticket
input_tally_tr44_Pcp223;Input the Tally Sheet
eval_tr44exit_Pcp223;Evaluate the Truck Exit
weigh_empty_tr7_Pcp94;Weigh the Empty Truck
weigh_empty_tr20_Pcp498;Weigh the Empty Truck
weigh_empty_tr39_Pcp248;Weigh the Empty Truck
exit_tr26_Pcp209;Exit the port
determine_continu_tr16_Pcp70_Silo17;Determine the Continuance of the Pickup
weigh_empty_tr24_Pcp70;Weigh the Empty Truck
check_abnorm_tr39_Pcp248;Check Empty Truck Weight Abnormality
check_abnorm_tr24_Pcp70;Check Empty Truck Weight Abnormality
check_abnorm_tr7_Pcp94;Check Empty Truck Weight Abnormality
check_abnorm_tr20_Pcp498;Check Empty Truck Weight Abnormality
exit_tr44_Pcp223;Exit the port
arrive_Silo17_tr24_Pcp70;Arrive at the Silo
assign_tr31_Pcp208;Assign Truck
arrive_Silo5_tr20_Pcp498;Arrive at the Silo
arrive_Silo15_tr39_Pcp248;Arrive at the Silo
determine_continu_tr9_Pcp451_Silo4;Determine the Continuance of the Pickup
determine_continu_tr8_Pcp73_Silo5;Determine the Continuance of the Pickup
weigh_loaded_tr30_Pcp497;Weigh the Loaded Truck
arrive_Silo4_tr7_Pcp94;Arrive at the Silo
weigh_loaded_tr40_Pcp482;Weigh the Loaded Truck
assign_tr45_Pcp294;Assign Truck
enter_tr31_Pcp208;Enter the port
enter_tr17_Pcp248;Enter the port
load_tr8_Pcp73;Load Truck
issue_ticket_tr35_Pcp434;Issue the Weighing Ticket
input_tally_tr35_Pcp434;Input the Tally Sheet
eval_tr35exit_Pcp434;Evaluate the Truck Exit
determine_continu_tr24_Pcp70_Silo17;Determine the Continuance of the Pickup
determine_continu_tr29_Pcp240_Silo15;Determine the Continuance of the Pickup
determine_continu_tr25_Pcp293_Silo17;Determine the Continuance of the Pickup
enter_tr45_Pcp294;Enter the port
exit_tr35_Pcp434;Exit the port
register_arrival_tr27_Pcp94;Register the truck arrival
load_tr25_Pcp293;Load Truck
issue_ticket_tr40_Pcp482;Issue the Weighing Ticket
input_tally_tr40_Pcp482;Input the Tally Sheet
determine_continu_tr7_Pcp94_Silo4;Determine the Continuance of the Pickup
load_tr16_Pcp70;Load Truck
register_arrival_tr45_Pcp294;Register the truck arrival
weigh_empty_tr38_Pcp421;Weigh the Empty Truck
weigh_empty_tr46_Pcp106;Weigh the Empty Truck
eval_tr40exit_Pcp482;Evaluate the Truck Exit
check_abnorm_tr46_Pcp106;Check Empty Truck Weight Abnormality
determine_continu_tr20_Pcp498_Silo5;Determine the Continuance of the Pickup
exit_tr40_Pcp482;Exit the port
load_tr29_Pcp240;Load Truck
load_tr9_Pcp451;Load Truck
load_tr20_Pcp498;Load Truck
arrive_Silo5_tr46_Pcp106;Arrive at the Silo
weigh_empty_tr45_Pcp294;Weigh the Empty Truck
check_abnorm_tr45_Pcp294;Check Empty Truck Weight Abnormality
lodge_Pcp131;Lodge Pickup Plan
check_abnorm_tr38_Pcp421;Check Empty Truck Weight Abnormality
issue_ticket_tr30_Pcp497;Issue the Weighing Ticket
input_tally_tr30_Pcp497;Input the Tally Sheet
eval_tr30exit_Pcp497;Evaluate the Truck Exit
assign_tr18_Pcp452;Assign Truck
exit_tr30_Pcp497;Exit the port
arrive_Silo15_tr45_Pcp294;Arrive at the Silo
load_tr7_Pcp94;Load Truck
arrive_Silo17_tr38_Pcp421;Arrive at the Silo
register_arrival_tr17_Pcp248;Register the truck arrival
weigh_empty_tr27_Pcp94;Weigh the Empty Truck
determine_continu_tr46_Pcp106_Silo5;Determine the Continuance of the Pickup
weigh_loaded_tr49_Pcp213;Weigh the Loaded Truck
check_abnorm_tr27_Pcp94;Check Empty Truck Weight Abnormality
load_tr24_Pcp70;Load Truck
register_arrival_tr31_Pcp208;Register the truck arrival
arrive_Silo4_tr27_Pcp94;Arrive at the Silo
determine_continu_tr45_Pcp294_Silo15;Determine the Continuance of the Pickup
weigh_empty_tr17_Pcp248;Weigh the Empty Truck
assign_tr14_Pcp497;Assign Truck
issue_ticket_tr49_Pcp213;Issue the Weighing Ticket
input_tally_tr49_Pcp213;Input the Tally Sheet
determine_continu_tr39_Pcp248_Silo15;Determine the Continuance of the Pickup
eval_tr49exit_Pcp213;Evaluate the Truck Exit
load_tr39_Pcp248;Load Truck
check_abnorm_tr17_Pcp248;Check Empty Truck Weight Abnormality
load_tr46_Pcp106;Load Truck
weigh_loaded_tr20_Pcp498;Weigh the Loaded Truck
enter_tr14_Pcp497;Enter the port
exit_tr49_Pcp213;Exit the port
enter_tr18_Pcp452;Enter the port
arrive_Silo15_tr17_Pcp248;Arrive at the Silo
assign_tr42_Pcp450;Assign Truck
determine_continu_tr38_Pcp421_Silo17;Determine the Continuance of the Pickup
load_tr45_Pcp294;Load Truck
load_tr38_Pcp421;Load Truck
weigh_empty_tr31_Pcp208;Weigh the Empty Truck
weigh_loaded_tr29_Pcp240;Weigh the Loaded Truck
check_abnorm_tr31_Pcp208;Check Empty Truck Weight Abnormality
enter_tr42_Pcp450;Enter the port
register_arrival_tr18_Pcp452;Register the truck arrival
arrive_Silo4_tr31_Pcp208;Arrive at the Silo
weigh_loaded_tr11_Pcp99;Weigh the Loaded Truck
weigh_loaded_tr46_Pcp106;Weigh the Loaded Truck
determine_continu_tr27_Pcp94_Silo4;Determine the Continuance of the Pickup
weigh_empty_tr18_Pcp452;Weigh the Empty Truck
weigh_loaded_tr43_Pcp99;Weigh the Loaded Truck
issue_ticket_tr20_Pcp498;Issue the Weighing Ticket
input_tally_tr20_Pcp498;Input the Tally Sheet
eval_tr20exit_Pcp498;Evaluate the Truck Exit
check_abnorm_tr18_Pcp452;Check Empty Truck Weight Abnormality
exit_tr20_Pcp498;Exit the port
issue_ticket_tr43_Pcp99;Issue the Weighing Ticket
input_tally_tr43_Pcp99;Input the Tally Sheet
weigh_loaded_tr21_Pcp421;Weigh the Loaded Truck
determine_continu_tr31_Pcp208_Silo4;Determine the Continuance of the Pickup
weigh_loaded_tr33_Pcp354;Weigh the Loaded Truck
eval_tr43exit_Pcp99;Evaluate the Truck Exit
register_arrival_tr42_Pcp450;Register the truck arrival
arrive_Silo17_tr18_Pcp452;Arrive at the Silo
load_tr27_Pcp94;Load Truck
issue_ticket_tr46_Pcp106;Issue the Weighing Ticket
input_tally_tr46_Pcp106;Input the Tally Sheet
eval_tr46exit_Pcp106;Evaluate the Truck Exit
exit_tr43_Pcp99;Exit the port
load_tr31_Pcp208;Load Truck
issue_ticket_tr29_Pcp240;Issue the Weighing Ticket
input_tally_tr29_Pcp240;Input the Tally Sheet
eval_tr29exit_Pcp240;Evaluate the Truck Exit
exit_tr29_Pcp240;Exit the port
exit_tr46_Pcp106;Exit the port
issue_ticket_tr21_Pcp421;Issue the Weighing Ticket
input_tally_tr21_Pcp421;Input the Tally Sheet
determine_continu_tr18_Pcp452_Silo17;Determine the Continuance of the Pickup
determine_continu_tr17_Pcp248_Silo15;Determine the Continuance of the Pickup
eval_tr21exit_Pcp421;Evaluate the Truck Exit
load_tr18_Pcp452;Load Truck
exit_tr21_Pcp421;Exit the port
weigh_loaded_tr19_Pcp354;Weigh the Loaded Truck
issue_ticket_tr33_Pcp354;Issue the Weighing Ticket
input_tally_tr33_Pcp354;Input the Tally Sheet
eval_tr33exit_Pcp354;Evaluate the Truck Exit
load_tr17_Pcp248;Load Truck
exit_tr33_Pcp354;Exit the port
weigh_empty_tr42_Pcp450;Weigh the Empty Truck
weigh_loaded_tr27_Pcp94;Weigh the Loaded Truck
issue_ticket_tr11_Pcp99;Issue the Weighing Ticket
input_tally_tr11_Pcp99;Input the Tally Sheet
eval_tr11exit_Pcp99;Evaluate the Truck Exit
check_abnorm_tr42_Pcp450;Check Empty Truck Weight Abnormality
exit_tr11_Pcp99;Exit the port
register_arrival_tr14_Pcp497;Register the truck arrival
arrive_Silo15_tr42_Pcp450;Arrive at the Silo
issue_ticket_tr19_Pcp354;Issue the Weighing Ticket
input_tally_tr19_Pcp354;Input the Tally Sheet
eval_tr19exit_Pcp354;Evaluate the Truck Exit
detain_tr19_Pcp354;Detain at the port
weigh_loaded_tr45_Pcp294;Weigh the Loaded Truck
weigh_loaded_tr15_Pcp208;Weigh the Loaded Truck
issue_ticket_tr27_Pcp94;Issue the Weighing Ticket
input_tally_tr27_Pcp94;Input the Tally Sheet
eval_tr27exit_Pcp94;Evaluate the Truck Exit
weigh_loaded_tr18_Pcp452;Weigh the Loaded Truck
exit_tr27_Pcp94;Exit the port
weigh_loaded_tr39_Pcp248;Weigh the Loaded Truck
determine_continu_tr42_Pcp450_Silo15;Determine the Continuance of the Pickup
assign_tr1_Pcp451;Assign Truck
issue_ticket_tr18_Pcp452;Issue the Weighing Ticket
input_tally_tr18_Pcp452;Input the Tally Sheet
eval_tr18exit_Pcp452;Evaluate the Truck Exit
exit_tr19_Pcp354;Exit the port
load_tr42_Pcp450;Load Truck
exit_tr18_Pcp452;Exit the port
weigh_empty_tr14_Pcp497;Weigh the Empty Truck
weigh_loaded_tr37_Pcp38;Weigh the Loaded Truck
check_abnorm_tr14_Pcp497;Check Empty Truck Weight Abnormality
arrive_Silo4_tr14_Pcp497;Arrive at the Silo
weigh_loaded_tr31_Pcp208;Weigh the Loaded Truck
issue_ticket_tr15_Pcp208;Issue the Weighing Ticket
input_tally_tr15_Pcp208;Input the Tally Sheet
eval_tr15exit_Pcp208;Evaluate the Truck Exit
determine_continu_tr14_Pcp497_Silo4;Determine the Continuance of the Pickup
enter_tr1_Pcp451;Enter the port
issue_ticket_tr39_Pcp248;Issue the Weighing Ticket
input_tally_tr39_Pcp248;Input the Tally Sheet
eval_tr39exit_Pcp248;Evaluate the Truck Exit
exit_tr15_Pcp208;Exit the port
weigh_loaded_tr7_Pcp94;Weigh the Loaded Truck
issue_ticket_tr7_Pcp94;Issue the Weighing Ticket
input_tally_tr7_Pcp94;Input the Tally Sheet
register_arrival_tr1_Pcp451;Register the truck arrival
exit_tr39_Pcp248;Exit the port
eval_tr7exit_Pcp94;Evaluate the Truck Exit
load_tr14_Pcp497;Load Truck
weigh_loaded_tr24_Pcp70;Weigh the Loaded Truck
issue_ticket_tr31_Pcp208;Issue the Weighing Ticket
input_tally_tr31_Pcp208;Input the Tally Sheet
exit_tr7_Pcp94;Exit the port
weigh_loaded_tr42_Pcp450;Weigh the Loaded Truck
issue_ticket_tr37_Pcp38;Issue the Weighing Ticket
input_tally_tr37_Pcp38;Input the Tally Sheet
eval_tr37exit_Pcp38;Evaluate the Truck Exit
eval_tr31exit_Pcp208;Evaluate the Truck Exit
exit_tr31_Pcp208;Exit the port
issue_ticket_tr24_Pcp70;Issue the Weighing Ticket
input_tally_tr24_Pcp70;Input the Tally Sheet
exit_tr37_Pcp38;Exit the port
issue_ticket_tr45_Pcp294;Issue the Weighing Ticket
input_tally_tr45_Pcp294;Input the Tally Sheet
eval_tr45exit_Pcp294;Evaluate the Truck Exit
eval_tr24exit_Pcp70;Evaluate the Truck Exit
exit_tr45_Pcp294;Exit the port
issue_ticket_tr42_Pcp450;Issue the Weighing Ticket
input_tally_tr42_Pcp450;Input the Tally Sheet
weigh_loaded_tr8_Pcp73;Weigh the Loaded Truck
eval_tr42exit_Pcp450;Evaluate the Truck Exit
exit_tr42_Pcp450;Exit the port
exit_tr24_Pcp70;Exit the port
weigh_loaded_tr38_Pcp421;Weigh the Loaded Truck
weigh_empty_tr1_Pcp451;Weigh the Empty Truck
check_abnorm_tr1_Pcp451;Check Empty Truck Weight Abnormality
weigh_loaded_tr25_Pcp293;Weigh the Loaded Truck
arrive_Silo4_tr1_Pcp451;Arrive at the Silo
issue_ticket_tr38_Pcp421;Issue the Weighing Ticket
input_tally_tr38_Pcp421;Input the Tally Sheet
eval_tr38exit_Pcp421;Evaluate the Truck Exit
exit_tr38_Pcp421;Exit the port
issue_ticket_tr8_Pcp73;Issue the Weighing Ticket
input_tally_tr8_Pcp73;Input the Tally Sheet
eval_tr8exit_Pcp73;Evaluate the Truck Exit
exit_tr8_Pcp73;Exit the port
weigh_loaded_tr17_Pcp248;Weigh the Loaded Truck
weigh_loaded_tr6_Pcp363;Weigh the Loaded Truck
issue_ticket_tr25_Pcp293;Issue the Weighing Ticket
input_tally_tr25_Pcp293;Input the Tally Sheet
eval_tr25exit_Pcp293;Evaluate the Truck Exit
exit_tr25_Pcp293;Exit the port
issue_ticket_tr17_Pcp248;Issue the Weighing Ticket
input_tally_tr17_Pcp248;Input the Tally Sheet
eval_tr17exit_Pcp248;Evaluate the Truck Exit
weigh_loaded_tr32_Pcp487;Weigh the Loaded Truck
exit_tr17_Pcp248;Exit the port
issue_ticket_tr6_Pcp363;Issue the Weighing Ticket
input_tally_tr6_Pcp363;Input the Tally Sheet
eval_tr6exit_Pcp363;Evaluate the Truck Exit
exit_tr6_Pcp363;Exit the port
determine_continu_tr1_Pcp451_Silo4;Determine the Continuance of the Pickup
fail_load_tr1_Pcp451;Fail to Load
issue_ticket_tr32_Pcp487;Issue the Weighing Ticket
input_tally_tr32_Pcp487;Input the Tally Sheet
eval_tr32exit_Pcp487;Evaluate the Truck Exit
exit_tr32_Pcp487;Exit the port
weigh_loaded_tr16_Pcp70;Weigh the Loaded Truck
weigh_loaded_tr14_Pcp497;Weigh the Loaded Truck
issue_ticket_tr14_Pcp497;Issue the Weighing Ticket
input_tally_tr14_Pcp497;Input the Tally Sheet
eval_tr14exit_Pcp497;Evaluate the Truck Exit
exit_tr14_Pcp497;Exit the port
issue_ticket_tr16_Pcp70;Issue the Weighing Ticket
input_tally_tr16_Pcp70;Input the Tally Sheet
eval_tr16exit_Pcp70;Evaluate the Truck Exit
exit_tr16_Pcp70;Exit the port
weigh_loaded_tr5_Pcp194;Weigh the Loaded Truck
issue_ticket_tr5_Pcp194;Issue the Weighing Ticket
input_tally_tr5_Pcp194;Input the Tally Sheet
eval_tr5exit_Pcp194;Evaluate the Truck Exit
exit_tr5_Pcp194;Exit the port
weigh_loaded_tr9_Pcp451;Weigh the Loaded Truck
issue_ticket_tr9_Pcp451;Issue the Weighing Ticket
input_tally_tr9_Pcp451;Input the Tally Sheet
eval_tr9exit_Pcp451;Evaluate the Truck Exit
weigh_loaded_tr28_Pcp223;Weigh the Loaded Truck
exit_tr9_Pcp451;Exit the port
issue_ticket_tr28_Pcp223;Issue the Weighing Ticket
input_tally_tr28_Pcp223;Input the Tally Sheet
eval_tr28exit_Pcp223;Evaluate the Truck Exit
exit_tr28_Pcp223;Exit the port
assign_tr13_Pcp73;Assign Truck
enter_tr13_Pcp73;Enter the port
register_arrival_tr13_Pcp73;Register the truck arrival
weigh_empty_tr13_Pcp73;Weigh the Empty Truck
check_abnorm_tr13_Pcp73;Check Empty Truck Weight Abnormality
arrive_Silo5_tr13_Pcp73;Arrive at the Silo
determine_continu_tr13_Pcp73_Silo5;Determine the Continuance of the Pickup
assign_tr41_Pcp86;Assign Truck
load_tr13_Pcp73;Load Truck
enter_tr41_Pcp86;Enter the port
assign_tr12_Pcp162;Assign Truck
assign_tr34_Pcp205;Assign Truck
enter_tr12_Pcp162;Enter the port
assign_tr48_Pcp365;Assign Truck
enter_tr48_Pcp365;Enter the port
register_arrival_tr41_Pcp86;Register the truck arrival
register_arrival_tr12_Pcp162;Register the truck arrival
assign_tr50_Pcp482;Assign Truck
enter_tr50_Pcp482;Enter the port
register_arrival_tr48_Pcp365;Register the truck arrival
enter_tr34_Pcp205;Enter the port
register_arrival_tr50_Pcp482;Register the truck arrival
register_arrival_tr34_Pcp205;Register the truck arrival
weigh_empty_tr41_Pcp86;Weigh the Empty Truck
weigh_empty_tr12_Pcp162;Weigh the Empty Truck
check_abnorm_tr41_Pcp86;Check Empty Truck Weight Abnormality
check_abnorm_tr12_Pcp162;Check Empty Truck Weight Abnormality
arrive_Silo1_tr41_Pcp86;Arrive at the Silo
arrive_Silo8_tr12_Pcp162;Arrive at the Silo
assign_tr2_Pcp495;Assign Truck
determine_continu_tr12_Pcp162_Silo8;Determine the Continuance of the Pickup
weigh_empty_tr48_Pcp365;Weigh the Empty Truck
check_abnorm_tr48_Pcp365;Check Empty Truck Weight Abnormality
determine_continu_tr41_Pcp86_Silo1;Determine the Continuance of the Pickup
weigh_empty_tr34_Pcp205;Weigh the Empty Truck
arrive_Silo14_tr48_Pcp365;Arrive at the Silo
check_abnorm_tr34_Pcp205;Check Empty Truck Weight Abnormality
weigh_empty_tr50_Pcp482;Weigh the Empty Truck
enter_tr2_Pcp495;Enter the port
check_abnorm_tr50_Pcp482;Check Empty Truck Weight Abnormality
determine_continu_tr48_Pcp365_Silo14;Determine the Continuance of the Pickup
load_tr41_Pcp86;Load Truck
arrive_Silo14_tr34_Pcp205;Arrive at the Silo
arrive_Silo15_tr50_Pcp482;Arrive at the Silo
fail_load_tr48_Pcp365;Fail to Load
load_tr12_Pcp162;Load Truck
register_arrival_tr2_Pcp495;Register the truck arrival
assign_tr3_Pcp104;Assign Truck
weigh_empty_tr2_Pcp495;Weigh the Empty Truck
determine_continu_tr50_Pcp482_Silo15;Determine the Continuance of the Pickup
determine_continu_tr34_Pcp205_Silo14;Determine the Continuance of the Pickup
check_abnorm_tr2_Pcp495;Check Empty Truck Weight Abnormality
arrive_Silo3_tr2_Pcp495;Arrive at the Silo
weigh_loaded_tr41_Pcp86;Weigh the Loaded Truck
fail_load_tr34_Pcp205;Fail to Load
load_tr50_Pcp482;Load Truck
enter_tr3_Pcp104;Enter the port
determine_continu_tr2_Pcp495_Silo3;Determine the Continuance of the Pickup
load_tr2_Pcp495;Load Truck
register_arrival_tr3_Pcp104;Register the truck arrival
issue_ticket_tr41_Pcp86;Issue the Weighing Ticket
input_tally_tr41_Pcp86;Input the Tally Sheet
eval_tr41exit_Pcp86;Evaluate the Truck Exit
exit_tr41_Pcp86;Exit the port
weigh_empty_tr3_Pcp104;Weigh the Empty Truck
check_abnorm_tr3_Pcp104;Check Empty Truck Weight Abnormality
arrive_Silo1_tr3_Pcp104;Arrive at the Silo
assign_tr36_Pcp367;Assign Truck
enter_tr36_Pcp367;Enter the port
weigh_loaded_tr2_Pcp495;Weigh the Loaded Truck
weigh_loaded_tr12_Pcp162;Weigh the Loaded Truck
issue_ticket_tr2_Pcp495;Issue the Weighing Ticket
input_tally_tr2_Pcp495;Input the Tally Sheet
eval_tr2exit_Pcp495;Evaluate the Truck Exit
exit_tr2_Pcp495;Exit the port
weigh_loaded_tr50_Pcp482;Weigh the Loaded Truck
issue_ticket_tr12_Pcp162;Issue the Weighing Ticket
input_tally_tr12_Pcp162;Input the Tally Sheet
eval_tr12exit_Pcp162;Evaluate the Truck Exit
issue_ticket_tr50_Pcp482;Issue the Weighing Ticket
input_tally_tr50_Pcp482;Input the Tally Sheet
eval_tr50exit_Pcp482;Evaluate the Truck Exit
exit_tr12_Pcp162;Exit the port
register_arrival_tr36_Pcp367;Register the truck arrival
exit_tr50_Pcp482;Exit the port
determine_continu_tr3_Pcp104_Silo1;Determine the Continuance of the Pickup
load_tr3_Pcp104;Load Truck
assign_tr22_Pcp113;Assign Truck
weigh_empty_tr36_Pcp367;Weigh the Empty Truck
check_abnorm_tr36_Pcp367;Check Empty Truck Weight Abnormality
arrive_Silo4_tr36_Pcp367;Arrive at the Silo
enter_tr22_Pcp113;Enter the port
register_arrival_tr22_Pcp113;Register the truck arrival
determine_continu_tr36_Pcp367_Silo4;Determine the Continuance of the Pickup
load_tr36_Pcp367;Load Truck
weigh_empty_tr22_Pcp113;Weigh the Empty Truck
check_abnorm_tr22_Pcp113;Check Empty Truck Weight Abnormality
arrive_Silo14_tr22_Pcp113;Arrive at the Silo
assign_tr47_Pcp124;Assign Truck
determine_continu_tr22_Pcp113_Silo14;Determine the Continuance of the Pickup
load_tr22_Pcp113;Load Truck
enter_tr47_Pcp124;Enter the port
register_arrival_tr47_Pcp124;Register the truck arrival
weigh_empty_tr47_Pcp124;Weigh the Empty Truck
check_abnorm_tr47_Pcp124;Check Empty Truck Weight Abnormality
arrive_Silo5_tr47_Pcp124;Arrive at the Silo
weigh_loaded_tr13_Pcp73;Weigh the Loaded Truck
determine_continu_tr47_Pcp124_Silo5;Determine the Continuance of the Pickup
fail_load_tr47_Pcp124;Fail to Load
issue_ticket_tr13_Pcp73;Issue the Weighing Ticket
input_tally_tr13_Pcp73;Input the Tally Sheet
eval_tr13exit_Pcp73;Evaluate the Truck Exit
exit_tr13_Pcp73;Exit the port
weigh_loaded_tr22_Pcp113;Weigh the Loaded Truck
weigh_loaded_tr36_Pcp367;Weigh the Loaded Truck
lodge_Pcp280;Lodge Pickup Plan
assess_Pcp315;Assess Pickup Plan
approve_Pcp315;Approve Pickup Plan
assess_Pcp396;Assess Pickup Plan
assess_Pcp341;Assess Pickup Plan
approve_Pcp396;Approve Pickup Plan
issue_ticket_tr36_Pcp367;Issue the Weighing Ticket
input_tally_tr36_Pcp367;Input the Tally Sheet
eval_tr36exit_Pcp367;Evaluate the Truck Exit
exit_tr36_Pcp367;Exit the port
assess_Pcp410;Assess Pickup Plan
approve_Pcp341;Approve Pickup Plan
weigh_loaded_tr3_Pcp104;Weigh the Loaded Truck
issue_ticket_tr22_Pcp113;Issue the Weighing Ticket
input_tally_tr22_Pcp113;Input the Tally Sheet
eval_tr22exit_Pcp113;Evaluate the Truck Exit
assess_Pcp339;Assess Pickup Plan
approve_Pcp410;Approve Pickup Plan
exit_tr22_Pcp113;Exit the port
lodge_Pcp345;Lodge Pickup Plan
assess_Pcp12;Assess Pickup Plan
approve_Pcp339;Approve Pickup Plan
assess_Pcp185;Assess Pickup Plan
approve_Pcp12;Approve Pickup Plan
assess_Pcp423;Assess Pickup Plan
approve_Pcp185;Approve Pickup Plan
assess_Pcp141;Assess Pickup Plan
approve_Pcp423;Approve Pickup Plan
issue_ticket_tr3_Pcp104;Issue the Weighing Ticket
input_tally_tr3_Pcp104;Input the Tally Sheet
eval_tr3exit_Pcp104;Evaluate the Truck Exit
exit_tr3_Pcp104;Exit the port
assess_Pcp142;Assess Pickup Plan
approve_Pcp141;Approve Pickup Plan
approve_Pcp142;Approve Pickup Plan
assess_Pcp460;Assess Pickup Plan
assess_Pcp275;Assess Pickup Plan
approve_Pcp460;Approve Pickup Plan
approve_Pcp275;Approve Pickup Plan
assess_Pcp280;Assess Pickup Plan
approve_Pcp280;Approve Pickup Plan
assess_Pcp134;Assess Pickup Plan
approve_Pcp134;Approve Pickup Plan
lodge_Pcp25;Lodge Pickup Plan
assess_Pcp25;Assess Pickup Plan
approve_Pcp25;Approve Pickup Plan
lodge_Pcp24;Lodge Pickup Plan
assess_Pcp24;Assess Pickup Plan
approve_Pcp24;Approve Pickup Plan
lodge_Pcp348;Lodge Pickup Plan
assess_Pcp348;Assess Pickup Plan
approve_Pcp348;Approve Pickup Plan
lodge_Pcp310;Lodge Pickup Plan
assess_Pcp345;Assess Pickup Plan
assess_Pcp268;Assess Pickup Plan
approve_Pcp345;Approve Pickup Plan
assess_Pcp158;Assess Pickup Plan
approve_Pcp268;Approve Pickup Plan
assess_Pcp327;Assess Pickup Plan
approve_Pcp158;Approve Pickup Plan
assess_Pcp343;Assess Pickup Plan
approve_Pcp327;Approve Pickup Plan
assess_Pcp226;Assess Pickup Plan
approve_Pcp343;Approve Pickup Plan
assess_Pcp202;Assess Pickup Plan
approve_Pcp226;Approve Pickup Plan
assess_Pcp187;Assess Pickup Plan
approve_Pcp202;Approve Pickup Plan
assess_Pcp408;Assess Pickup Plan
approve_Pcp187;Approve Pickup Plan
assess_Pcp131;Assess Pickup Plan
approve_Pcp408;Approve Pickup Plan
assess_Pcp214;Assess Pickup Plan
approve_Pcp131;Approve Pickup Plan
assess_Pcp310;Assess Pickup Plan
approve_Pcp214;Approve Pickup Plan
assess_Pcp453;Assess Pickup Plan
approve_Pcp310;Approve Pickup Plan
approve_Pcp453;Approve Pickup Plan
assess_Pcp186;Assess Pickup Plan
approve_Pcp186;Approve Pickup Plan
lodge_Pcp355;Lodge Pickup Plan
assess_Pcp355;Assess Pickup Plan
approve_Pcp355;Approve Pickup Plan
assign_tr10_Pcp407;Assign Truck
enter_tr10_Pcp407;Enter the port
register_arrival_tr10_Pcp407;Register the truck arrival
weigh_empty_tr10_Pcp407;Weigh the Empty Truck
check_abnorm_tr10_Pcp407;Check Empty Truck Weight Abnormality
arrive_Silo19_tr10_Pcp407;Arrive at the Silo
determine_continu_tr10_Pcp407_Silo19;Determine the Continuance of the Pickup
load_tr10_Pcp407;Load Truck
weigh_loaded_tr10_Pcp407;Weigh the Loaded Truck
issue_ticket_tr10_Pcp407;Issue the Weighing Ticket
input_tally_tr10_Pcp407;Input the Tally Sheet
eval_tr10exit_Pcp407;Evaluate the Truck Exit
exit_tr10_Pcp407;Exit the port
assign_tr4_Pcp428;Assign Truck
enter_tr4_Pcp428;Enter the port
register_arrival_tr4_Pcp428;Register the truck arrival
weigh_empty_tr4_Pcp428;Weigh the Empty Truck
assign_tr23_Pcp389;Assign Truck
enter_tr23_Pcp389;Enter the port
check_abnorm_tr4_Pcp428;Check Empty Truck Weight Abnormality
arrive_Silo3_tr4_Pcp428;Arrive at the Silo
register_arrival_tr23_Pcp389;Register the truck arrival
assign_tr26_Pcp320;Assign Truck
enter_tr26_Pcp320;Enter the port
weigh_empty_tr23_Pcp389;Weigh the Empty Truck
assign_tr44_Pcp427;Assign Truck
check_abnorm_tr23_Pcp389;Check Empty Truck Weight Abnormality
arrive_Silo12_tr23_Pcp389;Arrive at the Silo
assign_tr35_Pcp324;Assign Truck
assign_tr40_Pcp1;Assign Truck
enter_tr44_Pcp427;Enter the port
register_arrival_tr44_Pcp427;Register the truck arrival
enter_tr40_Pcp1;Enter the port
register_arrival_tr26_Pcp320;Register the truck arrival
assign_tr30_Pcp454;Assign Truck
register_arrival_tr40_Pcp1;Register the truck arrival
weigh_empty_tr44_Pcp427;Weigh the Empty Truck
determine_continu_tr4_Pcp428_Silo3;Determine the Continuance of the Pickup
check_abnorm_tr44_Pcp427;Check Empty Truck Weight Abnormality
weigh_empty_tr26_Pcp320;Weigh the Empty Truck
load_tr4_Pcp428;Load Truck
arrive_Silo15_tr44_Pcp427;Arrive at the Silo
check_abnorm_tr26_Pcp320;Check Empty Truck Weight Abnormality
enter_tr35_Pcp324;Enter the port
arrive_Silo12_tr26_Pcp320;Arrive at the Silo
assign_tr49_Pcp330;Assign Truck
determine_continu_tr23_Pcp389_Silo12;Determine the Continuance of the Pickup
load_tr23_Pcp389;Load Truck
weigh_empty_tr40_Pcp1;Weigh the Empty Truck
check_abnorm_tr40_Pcp1;Check Empty Truck Weight Abnormality
arrive_Silo1_tr40_Pcp1;Arrive at the Silo
register_arrival_tr35_Pcp324;Register the truck arrival
enter_tr30_Pcp454;Enter the port
enter_tr49_Pcp330;Enter the port
determine_continu_tr44_Pcp427_Silo15;Determine the Continuance of the Pickup
assign_tr20_Pcp171;Assign Truck
register_arrival_tr49_Pcp330;Register the truck arrival
load_tr44_Pcp427;Load Truck
register_arrival_tr30_Pcp454;Register the truck arrival
assign_tr43_Pcp472;Assign Truck
assign_tr46_Pcp309;Assign Truck
enter_tr20_Pcp171;Enter the port
weigh_empty_tr35_Pcp324;Weigh the Empty Truck
determine_continu_tr26_Pcp320_Silo12;Determine the Continuance of the Pickup
assign_tr29_Pcp113;Assign Truck
determine_continu_tr40_Pcp1_Silo1;Determine the Continuance of the Pickup
check_abnorm_tr35_Pcp324;Check Empty Truck Weight Abnormality
enter_tr29_Pcp113;Enter the port
arrive_Silo17_tr35_Pcp324;Arrive at the Silo
assign_tr21_Pcp63;Assign Truck
register_arrival_tr29_Pcp113;Register the truck arrival
register_arrival_tr20_Pcp171;Register the truck arrival
load_tr40_Pcp1;Load Truck
enter_tr21_Pcp63;Enter the port
load_tr26_Pcp320;Load Truck
assign_tr33_Pcp360;Assign Truck
enter_tr43_Pcp472;Enter the port
assign_tr11_Pcp479;Assign Truck
weigh_empty_tr49_Pcp330;Weigh the Empty Truck
weigh_empty_tr30_Pcp454;Weigh the Empty Truck
enter_tr11_Pcp479;Enter the port
check_abnorm_tr49_Pcp330;Check Empty Truck Weight Abnormality
check_abnorm_tr30_Pcp454;Check Empty Truck Weight Abnormality
enter_tr33_Pcp360;Enter the port
arrive_Silo14_tr30_Pcp454;Arrive at the Silo
arrive_Silo9_tr49_Pcp330;Arrive at the Silo
enter_tr46_Pcp309;Enter the port
register_arrival_tr21_Pcp63;Register the truck arrival
register_arrival_tr46_Pcp309;Register the truck arrival
assign_tr27_Pcp336;Assign Truck
weigh_empty_tr21_Pcp63;Weigh the Empty Truck
determine_continu_tr35_Pcp324_Silo17;Determine the Continuance of the Pickup
enter_tr27_Pcp336;Enter the port
determine_continu_tr49_Pcp330_Silo9;Determine the Continuance of the Pickup
weigh_empty_tr46_Pcp309;Weigh the Empty Truck
load_tr49_Pcp330;Load Truck
check_abnorm_tr21_Pcp63;Check Empty Truck Weight Abnormality
assign_tr19_Pcp20;Assign Truck
load_tr35_Pcp324;Load Truck
check_abnorm_tr46_Pcp309;Check Empty Truck Weight Abnormality
assign_tr18_Pcp207;Assign Truck
register_arrival_tr11_Pcp479;Register the truck arrival
arrive_Silo18_tr21_Pcp63;Arrive at the Silo
weigh_empty_tr20_Pcp171;Weigh the Empty Truck
enter_tr18_Pcp207;Enter the port
arrive_Silo14_tr46_Pcp309;Arrive at the Silo
enter_tr19_Pcp20;Enter the port
register_arrival_tr33_Pcp360;Register the truck arrival
weigh_empty_tr29_Pcp113;Weigh the Empty Truck
register_arrival_tr43_Pcp472;Register the truck arrival
register_arrival_tr19_Pcp20;Register the truck arrival
register_arrival_tr27_Pcp336;Register the truck arrival
weigh_empty_tr11_Pcp479;Weigh the Empty Truck
check_abnorm_tr20_Pcp171;Check Empty Truck Weight Abnormality
weigh_empty_tr33_Pcp360;Weigh the Empty Truck
check_abnorm_tr29_Pcp113;Check Empty Truck Weight Abnormality
arrive_Silo6_tr20_Pcp171;Arrive at the Silo
check_abnorm_tr11_Pcp479;Check Empty Truck Weight Abnormality
weigh_empty_tr19_Pcp20;Weigh the Empty Truck
weigh_empty_tr27_Pcp336;Weigh the Empty Truck
check_abnorm_tr33_Pcp360;Check Empty Truck Weight Abnormality
arrive_Silo1_tr11_Pcp479;Arrive at the Silo
arrive_Silo14_tr29_Pcp113;Arrive at the Silo
arrive_Silo14_tr33_Pcp360;Arrive at the Silo
register_arrival_tr18_Pcp207;Register the truck arrival
determine_continu_tr20_Pcp171_Silo6;Determine the Continuance of the Pickup
check_abnorm_tr19_Pcp20;Check Empty Truck Weight Abnormality
determine_continu_tr30_Pcp454_Silo14;Determine the Continuance of the Pickup
determine_continu_tr21_Pcp63_Silo18;Determine the Continuance of the Pickup
check_abnorm_tr27_Pcp336;Check Empty Truck Weight Abnormality
determine_continu_tr33_Pcp360_Silo14;Determine the Continuance of the Pickup
arrive_Silo4_tr27_Pcp336;Arrive at the Silo
assign_tr15_Pcp96;Assign Truck
arrive_Silo9_tr19_Pcp20;Arrive at the Silo
assign_tr39_Pcp362;Assign Truck
weigh_loaded_tr35_Pcp324;Weigh the Loaded Truck
load_tr21_Pcp63;Load Truck
enter_tr39_Pcp362;Enter the port
assign_tr7_Pcp168;Assign Truck
load_tr33_Pcp360;Load Truck
assign_tr37_Pcp253;Assign Truck
assign_tr31_Pcp484;Assign Truck
assign_tr45_Pcp102;Assign Truck
register_arrival_tr39_Pcp362;Register the truck arrival
load_tr20_Pcp171;Load Truck
load_tr30_Pcp454;Load Truck
issue_ticket_tr35_Pcp324;Issue the Weighing Ticket
input_tally_tr35_Pcp324;Input the Tally Sheet
eval_tr35exit_Pcp324;Evaluate the Truck Exit
assign_tr42_Pcp23;Assign Truck
exit_tr35_Pcp324;Exit the port
assign_tr24_Pcp249;Assign Truck
determine_continu_tr29_Pcp113_Silo14;Determine the Continuance of the Pickup
enter_tr37_Pcp253;Enter the port
enter_tr24_Pcp249;Enter the port
weigh_empty_tr18_Pcp207;Weigh the Empty Truck
weigh_empty_tr43_Pcp472;Weigh the Empty Truck
enter_tr45_Pcp102;Enter the port
load_tr29_Pcp113;Load Truck
check_abnorm_tr43_Pcp472;Check Empty Truck Weight Abnormality
enter_tr31_Pcp484;Enter the port
determine_continu_tr11_Pcp479_Silo1;Determine the Continuance of the Pickup
arrive_Silo12_tr43_Pcp472;Arrive at the Silo
load_tr11_Pcp479;Load Truck
enter_tr42_Pcp23;Enter the port
register_arrival_tr31_Pcp484;Register the truck arrival
determine_continu_tr27_Pcp336_Silo4;Determine the Continuance of the Pickup
check_abnorm_tr18_Pcp207;Check Empty Truck Weight Abnormality
enter_tr15_Pcp96;Enter the port
determine_continu_tr46_Pcp309_Silo14;Determine the Continuance of the Pickup
load_tr27_Pcp336;Load Truck
arrive_Silo9_tr18_Pcp207;Arrive at the Silo
determine_continu_tr19_Pcp20_Silo9;Determine the Continuance of the Pickup
weigh_loaded_tr20_Pcp171;Weigh the Loaded Truck
enter_tr7_Pcp168;Enter the port
register_arrival_tr24_Pcp249;Register the truck arrival
load_tr46_Pcp309;Load Truck
register_arrival_tr37_Pcp253;Register the truck arrival
assign_tr38_Pcp86;Assign Truck
register_arrival_tr7_Pcp168;Register the truck arrival
weigh_empty_tr31_Pcp484;Weigh the Empty Truck
enter_tr38_Pcp86;Enter the port
check_abnorm_tr31_Pcp484;Check Empty Truck Weight Abnormality
arrive_Silo12_tr31_Pcp484;Arrive at the Silo
register_arrival_tr42_Pcp23;Register the truck arrival
weigh_empty_tr39_Pcp362;Weigh the Empty Truck
register_arrival_tr45_Pcp102;Register the truck arrival
assign_tr25_Pcp407;Assign Truck
check_abnorm_tr39_Pcp362;Check Empty Truck Weight Abnormality
assign_tr8_Pcp221;Assign Truck
arrive_Silo9_tr39_Pcp362;Arrive at the Silo
issue_ticket_tr20_Pcp171;Issue the Weighing Ticket
input_tally_tr20_Pcp171;Input the Tally Sheet
eval_tr20exit_Pcp171;Evaluate the Truck Exit
exit_tr20_Pcp171;Exit the port
determine_continu_tr43_Pcp472_Silo12;Determine the Continuance of the Pickup
weigh_empty_tr45_Pcp102;Weigh the Empty Truck
weigh_empty_tr37_Pcp253;Weigh the Empty Truck
check_abnorm_tr45_Pcp102;Check Empty Truck Weight Abnormality
register_arrival_tr15_Pcp96;Register the truck arrival
load_tr19_Pcp20;Load Truck
assign_tr17_Pcp305;Assign Truck
enter_tr25_Pcp407;Enter the port
register_arrival_tr38_Pcp86;Register the truck arrival
weigh_empty_tr24_Pcp249;Weigh the Empty Truck
assign_tr6_Pcp336;Assign Truck
arrive_Silo13_tr45_Pcp102;Arrive at the Silo
weigh_empty_tr7_Pcp168;Weigh the Empty Truck
check_abnorm_tr37_Pcp253;Check Empty Truck Weight Abnormality
weigh_loaded_tr44_Pcp427;Weigh the Loaded Truck
load_tr43_Pcp472;Load Truck
register_arrival_tr25_Pcp407;Register the truck arrival
check_abnorm_tr24_Pcp249;Check Empty Truck Weight Abnormality
determine_continu_tr39_Pcp362_Silo9;Determine the Continuance of the Pickup
check_abnorm_tr7_Pcp168;Check Empty Truck Weight Abnormality
weigh_empty_tr38_Pcp86;Weigh the Empty Truck
assign_tr1_Pcp207;Assign Truck
arrive_Silo13_tr37_Pcp253;Arrive at the Silo
load_tr39_Pcp362;Load Truck
arrive_Silo20_tr24_Pcp249;Arrive at the Silo
arrive_Silo15_tr7_Pcp168;Arrive at the Silo
check_abnorm_tr38_Pcp86;Check Empty Truck Weight Abnormality
weigh_loaded_tr30_Pcp454;Weigh the Loaded Truck
determine_continu_tr31_Pcp484_Silo12;Determine the Continuance of the Pickup
enter_tr8_Pcp221;Enter the port
determine_continu_tr18_Pcp207_Silo9;Determine the Continuance of the Pickup
load_tr31_Pcp484;Load Truck
assign_tr32_Pcp64;Assign Truck
arrive_Silo1_tr38_Pcp86;Arrive at the Silo
enter_tr1_Pcp207;Enter the port
weigh_empty_tr15_Pcp96;Weigh the Empty Truck
determine_continu_tr7_Pcp168_Silo15;Determine the Continuance of the Pickup
enter_tr17_Pcp305;Enter the port
issue_ticket_tr30_Pcp454;Issue the Weighing Ticket
input_tally_tr30_Pcp454;Input the Tally Sheet
check_abnorm_tr15_Pcp96;Check Empty Truck Weight Abnormality
load_tr7_Pcp168;Load Truck
load_tr18_Pcp207;Load Truck
enter_tr32_Pcp64;Enter the port
arrive_Silo12_tr15_Pcp96;Arrive at the Silo
eval_tr30exit_Pcp454;Evaluate the Truck Exit
enter_tr6_Pcp336;Enter the port
weigh_loaded_tr21_Pcp63;Weigh the Loaded Truck
weigh_empty_tr25_Pcp407;Weigh the Empty Truck
check_abnorm_tr25_Pcp407;Check Empty Truck Weight Abnormality
issue_ticket_tr21_Pcp63;Issue the Weighing Ticket
input_tally_tr21_Pcp63;Input the Tally Sheet
exit_tr30_Pcp454;Exit the port
arrive_Silo19_tr25_Pcp407;Arrive at the Silo
eval_tr21exit_Pcp63;Evaluate the Truck Exit
determine_continu_tr37_Pcp253_Silo13;Determine the Continuance of the Pickup
exit_tr21_Pcp63;Exit the port
issue_ticket_tr44_Pcp427;Issue the Weighing Ticket
input_tally_tr44_Pcp427;Input the Tally Sheet
register_arrival_tr8_Pcp221;Register the truck arrival
eval_tr44exit_Pcp427;Evaluate the Truck Exit
weigh_loaded_tr11_Pcp479;Weigh the Loaded Truck
exit_tr44_Pcp427;Exit the port
register_arrival_tr6_Pcp336;Register the truck arrival
issue_ticket_tr11_Pcp479;Issue the Weighing Ticket
input_tally_tr11_Pcp479;Input the Tally Sheet
eval_tr11exit_Pcp479;Evaluate the Truck Exit
register_arrival_tr17_Pcp305;Register the truck arrival
register_arrival_tr32_Pcp64;Register the truck arrival
determine_continu_tr38_Pcp86_Silo1;Determine the Continuance of the Pickup
load_tr37_Pcp253;Load Truck
determine_continu_tr25_Pcp407_Silo19;Determine the Continuance of the Pickup
register_arrival_tr1_Pcp207;Register the truck arrival
load_tr38_Pcp86;Load Truck
exit_tr11_Pcp479;Exit the port
weigh_empty_tr6_Pcp336;Weigh the Empty Truck
load_tr25_Pcp407;Load Truck
check_abnorm_tr6_Pcp336;Check Empty Truck Weight Abnormality
weigh_empty_tr42_Pcp23;Weigh the Empty Truck
weigh_empty_tr8_Pcp221;Weigh the Empty Truck
determine_continu_tr45_Pcp102_Silo13;Determine the Continuance of the Pickup
load_tr45_Pcp102;Load Truck
check_abnorm_tr8_Pcp221;Check Empty Truck Weight Abnormality
arrive_Silo4_tr6_Pcp336;Arrive at the Silo
weigh_empty_tr17_Pcp305;Weigh the Empty Truck
check_abnorm_tr42_Pcp23;Check Empty Truck Weight Abnormality
arrive_Silo14_tr8_Pcp221;Arrive at the Silo
weigh_loaded_tr49_Pcp330;Weigh the Loaded Truck
determine_continu_tr24_Pcp249_Silo20;Determine the Continuance of the Pickup
weigh_loaded_tr33_Pcp360;Weigh the Loaded Truck
issue_ticket_tr49_Pcp330;Issue the Weighing Ticket
input_tally_tr49_Pcp330;Input the Tally Sheet
arrive_Silo1_tr42_Pcp23;Arrive at the Silo
check_abnorm_tr17_Pcp305;Check Empty Truck Weight Abnormality
weigh_empty_tr32_Pcp64;Weigh the Empty Truck
issue_ticket_tr33_Pcp360;Issue the Weighing Ticket
input_tally_tr33_Pcp360;Input the Tally Sheet
eval_tr33exit_Pcp360;Evaluate the Truck Exit
eval_tr49exit_Pcp330;Evaluate the Truck Exit
exit_tr49_Pcp330;Exit the port
arrive_Silo16_tr17_Pcp305;Arrive at the Silo
exit_tr33_Pcp360;Exit the port
check_abnorm_tr32_Pcp64;Check Empty Truck Weight Abnormality
weigh_loaded_tr7_Pcp168;Weigh the Loaded Truck
arrive_Silo20_tr32_Pcp64;Arrive at the Silo
load_tr24_Pcp249;Load Truck
determine_continu_tr42_Pcp23_Silo1;Determine the Continuance of the Pickup
weigh_loaded_tr18_Pcp207;Weigh the Loaded Truck
weigh_empty_tr1_Pcp207;Weigh the Empty Truck
determine_continu_tr15_Pcp96_Silo12;Determine the Continuance of the Pickup
weigh_loaded_tr25_Pcp407;Weigh the Loaded Truck
check_abnorm_tr1_Pcp207;Check Empty Truck Weight Abnormality
determine_continu_tr8_Pcp221_Silo14;Determine the Continuance of the Pickup
load_tr42_Pcp23;Load Truck
arrive_Silo9_tr1_Pcp207;Arrive at the Silo
weigh_loaded_tr38_Pcp86;Weigh the Loaded Truck
load_tr15_Pcp96;Load Truck
issue_ticket_tr25_Pcp407;Issue the Weighing Ticket
input_tally_tr25_Pcp407;Input the Tally Sheet
eval_tr25exit_Pcp407;Evaluate the Truck Exit
exit_tr25_Pcp407;Exit the port
determine_continu_tr1_Pcp207_Silo9;Determine the Continuance of the Pickup
load_tr1_Pcp207;Load Truck
assign_tr14_Pcp197;Assign Truck
determine_continu_tr17_Pcp305_Silo16;Determine the Continuance of the Pickup
issue_ticket_tr38_Pcp86;Issue the Weighing Ticket
input_tally_tr38_Pcp86;Input the Tally Sheet
eval_tr38exit_Pcp86;Evaluate the Truck Exit
load_tr8_Pcp221;Load Truck
exit_tr38_Pcp86;Exit the port
determine_continu_tr6_Pcp336_Silo4;Determine the Continuance of the Pickup
issue_ticket_tr7_Pcp168;Issue the Weighing Ticket
weigh_loaded_tr26_Pcp320;Weigh the Loaded Truck
input_tally_tr7_Pcp168;Input the Tally Sheet
eval_tr7exit_Pcp168;Evaluate the Truck Exit
exit_tr7_Pcp168;Exit the port
load_tr6_Pcp336;Load Truck
assign_tr16_Pcp163;Assign Truck
load_tr17_Pcp305;Load Truck
enter_tr16_Pcp163;Enter the port
determine_continu_tr32_Pcp64_Silo20;Determine the Continuance of the Pickup
issue_ticket_tr18_Pcp207;Issue the Weighing Ticket
input_tally_tr18_Pcp207;Input the Tally Sheet
eval_tr18exit_Pcp207;Evaluate the Truck Exit
weigh_loaded_tr1_Pcp207;Weigh the Loaded Truck
issue_ticket_tr26_Pcp320;Issue the Weighing Ticket
input_tally_tr26_Pcp320;Input the Tally Sheet
eval_tr26exit_Pcp320;Evaluate the Truck Exit
exit_tr26_Pcp320;Exit the port
exit_tr18_Pcp207;Exit the port
enter_tr14_Pcp197;Enter the port
load_tr32_Pcp64;Load Truck
assign_tr5_Pcp334;Assign Truck
register_arrival_tr14_Pcp197;Register the truck arrival
weigh_loaded_tr29_Pcp113;Weigh the Loaded Truck
issue_ticket_tr29_Pcp113;Issue the Weighing Ticket
input_tally_tr29_Pcp113;Input the Tally Sheet
register_arrival_tr16_Pcp163;Register the truck arrival
eval_tr29exit_Pcp113;Evaluate the Truck Exit
exit_tr29_Pcp113;Exit the port
enter_tr5_Pcp334;Enter the port
weigh_empty_tr16_Pcp163;Weigh the Empty Truck
check_abnorm_tr16_Pcp163;Check Empty Truck Weight Abnormality
weigh_empty_tr14_Pcp197;Weigh the Empty Truck
issue_ticket_tr1_Pcp207;Issue the Weighing Ticket
input_tally_tr1_Pcp207;Input the Tally Sheet
eval_tr1exit_Pcp207;Evaluate the Truck Exit
arrive_Silo1_tr16_Pcp163;Arrive at the Silo
check_abnorm_tr14_Pcp197;Check Empty Truck Weight Abnormality
exit_tr1_Pcp207;Exit the port
arrive_Silo13_tr14_Pcp197;Arrive at the Silo
weigh_loaded_tr17_Pcp305;Weigh the Loaded Truck
determine_continu_tr16_Pcp163_Silo1;Determine the Continuance of the Pickup
register_arrival_tr5_Pcp334;Register the truck arrival
weigh_loaded_tr40_Pcp1;Weigh the Loaded Truck
issue_ticket_tr40_Pcp1;Issue the Weighing Ticket
input_tally_tr40_Pcp1;Input the Tally Sheet
eval_tr40exit_Pcp1;Evaluate the Truck Exit
weigh_loaded_tr4_Pcp428;Weigh the Loaded Truck
issue_ticket_tr17_Pcp305;Issue the Weighing Ticket
input_tally_tr17_Pcp305;Input the Tally Sheet
eval_tr17exit_Pcp305;Evaluate the Truck Exit
exit_tr40_Pcp1;Exit the port
load_tr16_Pcp163;Load Truck
weigh_loaded_tr24_Pcp249;Weigh the Loaded Truck
exit_tr17_Pcp305;Exit the port
weigh_loaded_tr32_Pcp64;Weigh the Loaded Truck
issue_ticket_tr4_Pcp428;Issue the Weighing Ticket
input_tally_tr4_Pcp428;Input the Tally Sheet
eval_tr4exit_Pcp428;Evaluate the Truck Exit
exit_tr4_Pcp428;Exit the port
determine_continu_tr14_Pcp197_Silo13;Determine the Continuance of the Pickup
weigh_loaded_tr8_Pcp221;Weigh the Loaded Truck
issue_ticket_tr32_Pcp64;Issue the Weighing Ticket
input_tally_tr32_Pcp64;Input the Tally Sheet
eval_tr32exit_Pcp64;Evaluate the Truck Exit
issue_ticket_tr24_Pcp249;Issue the Weighing Ticket
input_tally_tr24_Pcp249;Input the Tally Sheet
eval_tr24exit_Pcp249;Evaluate the Truck Exit
exit_tr24_Pcp249;Exit the port
load_tr14_Pcp197;Load Truck
exit_tr32_Pcp64;Exit the port
weigh_loaded_tr15_Pcp96;Weigh the Loaded Truck
weigh_loaded_tr46_Pcp309;Weigh the Loaded Truck
issue_ticket_tr15_Pcp96;Issue the Weighing Ticket
input_tally_tr15_Pcp96;Input the Tally Sheet
issue_ticket_tr8_Pcp221;Issue the Weighing Ticket
input_tally_tr8_Pcp221;Input the Tally Sheet
eval_tr8exit_Pcp221;Evaluate the Truck Exit
weigh_empty_tr5_Pcp334;Weigh the Empty Truck
exit_tr8_Pcp221;Exit the port
issue_ticket_tr46_Pcp309;Issue the Weighing Ticket
input_tally_tr46_Pcp309;Input the Tally Sheet
eval_tr15exit_Pcp96;Evaluate the Truck Exit
assign_tr9_Pcp431;Assign Truck
exit_tr15_Pcp96;Exit the port
eval_tr46exit_Pcp309;Evaluate the Truck Exit
enter_tr9_Pcp431;Enter the port
check_abnorm_tr5_Pcp334;Check Empty Truck Weight Abnormality
weigh_loaded_tr6_Pcp336;Weigh the Loaded Truck
weigh_loaded_tr23_Pcp389;Weigh the Loaded Truck
assign_tr28_Pcp155;Assign Truck
arrive_Silo3_tr5_Pcp334;Arrive at the Silo
exit_tr46_Pcp309;Exit the port
issue_ticket_tr6_Pcp336;Issue the Weighing Ticket
input_tally_tr6_Pcp336;Input the Tally Sheet
enter_tr28_Pcp155;Enter the port
eval_tr6exit_Pcp336;Evaluate the Truck Exit
exit_tr6_Pcp336;Exit the port
issue_ticket_tr23_Pcp389;Issue the Weighing Ticket
input_tally_tr23_Pcp389;Input the Tally Sheet
eval_tr23exit_Pcp389;Evaluate the Truck Exit
exit_tr23_Pcp389;Exit the port
determine_continu_tr5_Pcp334_Silo3;Determine the Continuance of the Pickup
load_tr5_Pcp334;Load Truck
weigh_loaded_tr39_Pcp362;Weigh the Loaded Truck
register_arrival_tr28_Pcp155;Register the truck arrival
register_arrival_tr9_Pcp431;Register the truck arrival
weigh_loaded_tr19_Pcp20;Weigh the Loaded Truck
issue_ticket_tr39_Pcp362;Issue the Weighing Ticket
input_tally_tr39_Pcp362;Input the Tally Sheet
eval_tr39exit_Pcp362;Evaluate the Truck Exit
exit_tr39_Pcp362;Exit the port
weigh_empty_tr28_Pcp155;Weigh the Empty Truck
check_abnorm_tr28_Pcp155;Check Empty Truck Weight Abnormality
weigh_empty_tr9_Pcp431;Weigh the Empty Truck
weigh_loaded_tr43_Pcp472;Weigh the Loaded Truck
arrive_Silo9_tr28_Pcp155;Arrive at the Silo
check_abnorm_tr9_Pcp431;Check Empty Truck Weight Abnormality
issue_ticket_tr43_Pcp472;Issue the Weighing Ticket
arrive_Silo8_tr9_Pcp431;Arrive at the Silo
input_tally_tr43_Pcp472;Input the Tally Sheet
issue_ticket_tr19_Pcp20;Issue the Weighing Ticket
input_tally_tr19_Pcp20;Input the Tally Sheet
eval_tr43exit_Pcp472;Evaluate the Truck Exit
eval_tr19exit_Pcp20;Evaluate the Truck Exit
exit_tr43_Pcp472;Exit the port
weigh_loaded_tr45_Pcp102;Weigh the Loaded Truck
exit_tr19_Pcp20;Exit the port
determine_continu_tr28_Pcp155_Silo9;Determine the Continuance of the Pickup
determine_continu_tr9_Pcp431_Silo8;Determine the Continuance of the Pickup
load_tr9_Pcp431;Load Truck
load_tr28_Pcp155;Load Truck
issue_ticket_tr45_Pcp102;Issue the Weighing Ticket
input_tally_tr45_Pcp102;Input the Tally Sheet
eval_tr45exit_Pcp102;Evaluate the Truck Exit
exit_tr45_Pcp102;Exit the port
weigh_loaded_tr42_Pcp23;Weigh the Loaded Truck
weigh_loaded_tr14_Pcp197;Weigh the Loaded Truck
issue_ticket_tr14_Pcp197;Issue the Weighing Ticket
input_tally_tr14_Pcp197;Input the Tally Sheet
eval_tr14exit_Pcp197;Evaluate the Truck Exit
exit_tr14_Pcp197;Exit the port
weigh_loaded_tr37_Pcp253;Weigh the Loaded Truck
issue_ticket_tr42_Pcp23;Issue the Weighing Ticket
input_tally_tr42_Pcp23;Input the Tally Sheet
eval_tr42exit_Pcp23;Evaluate the Truck Exit
weigh_loaded_tr31_Pcp484;Weigh the Loaded Truck
exit_tr42_Pcp23;Exit the port
issue_ticket_tr31_Pcp484;Issue the Weighing Ticket
input_tally_tr31_Pcp484;Input the Tally Sheet
eval_tr31exit_Pcp484;Evaluate the Truck Exit
exit_tr31_Pcp484;Exit the port
weigh_loaded_tr28_Pcp155;Weigh the Loaded Truck
issue_ticket_tr28_Pcp155;Issue the Weighing Ticket
input_tally_tr28_Pcp155;Input the Tally Sheet
eval_tr28exit_Pcp155;Evaluate the Truck Exit
exit_tr28_Pcp155;Exit the port
weigh_loaded_tr27_Pcp336;Weigh the Loaded Truck
issue_ticket_tr37_Pcp253;Issue the Weighing Ticket
input_tally_tr37_Pcp253;Input the Tally Sheet
eval_tr37exit_Pcp253;Evaluate the Truck Exit
exit_tr37_Pcp253;Exit the port
issue_ticket_tr27_Pcp336;Issue the Weighing Ticket
input_tally_tr27_Pcp336;Input the Tally Sheet
eval_tr27exit_Pcp336;Evaluate the Truck Exit
exit_tr27_Pcp336;Exit the port
weigh_loaded_tr9_Pcp431;Weigh the Loaded Truck
issue_ticket_tr9_Pcp431;Issue the Weighing Ticket
input_tally_tr9_Pcp431;Input the Tally Sheet
eval_tr9exit_Pcp431;Evaluate the Truck Exit
exit_tr9_Pcp431;Exit the port
weigh_loaded_tr16_Pcp163;Weigh the Loaded Truck
issue_ticket_tr16_Pcp163;Issue the Weighing Ticket
input_tally_tr16_Pcp163;Input the Tally Sheet
eval_tr16exit_Pcp163;Evaluate the Truck Exit
exit_tr16_Pcp163;Exit the port
weigh_loaded_tr5_Pcp334;Weigh the Loaded Truck
issue_ticket_tr5_Pcp334;Issue the Weighing Ticket
input_tally_tr5_Pcp334;Input the Tally Sheet
eval_tr5exit_Pcp334;Evaluate the Truck Exit
exit_tr5_Pcp334;Exit the port
assign_tr48_Pcp95;Assign Truck
enter_tr48_Pcp95;Enter the port
register_arrival_tr48_Pcp95;Register the truck arrival
weigh_empty_tr48_Pcp95;Weigh the Empty Truck
check_abnorm_tr48_Pcp95;Check Empty Truck Weight Abnormality
arrive_Silo6_tr48_Pcp95;Arrive at the Silo
assign_tr34_Pcp311;Assign Truck
enter_tr34_Pcp311;Enter the port
register_arrival_tr34_Pcp311;Register the truck arrival
assign_tr41_Pcp49;Assign Truck
determine_continu_tr48_Pcp95_Silo6;Determine the Continuance of the Pickup
load_tr48_Pcp95;Load Truck
weigh_empty_tr34_Pcp311;Weigh the Empty Truck
check_abnorm_tr34_Pcp311;Check Empty Truck Weight Abnormality
arrive_Silo13_tr34_Pcp311;Arrive at the Silo
enter_tr41_Pcp49;Enter the port
assign_tr2_Pcp397;Assign Truck
determine_continu_tr34_Pcp311_Silo13;Determine the Continuance of the Pickup
assign_tr12_Pcp104;Assign Truck
enter_tr2_Pcp397;Enter the port
assign_tr50_Pcp48;Assign Truck
enter_tr12_Pcp104;Enter the port
register_arrival_tr2_Pcp397;Register the truck arrival
enter_tr50_Pcp48;Enter the port
register_arrival_tr12_Pcp104;Register the truck arrival
load_tr34_Pcp311;Load Truck
register_arrival_tr50_Pcp48;Register the truck arrival
weigh_empty_tr2_Pcp397;Weigh the Empty Truck
weigh_empty_tr12_Pcp104;Weigh the Empty Truck
check_abnorm_tr2_Pcp397;Check Empty Truck Weight Abnormality
check_abnorm_tr12_Pcp104;Check Empty Truck Weight Abnormality
arrive_Silo19_tr2_Pcp397;Arrive at the Silo
arrive_Silo1_tr12_Pcp104;Arrive at the Silo
determine_continu_tr2_Pcp397_Silo19;Determine the Continuance of the Pickup
weigh_empty_tr50_Pcp48;Weigh the Empty Truck
check_abnorm_tr50_Pcp48;Check Empty Truck Weight Abnormality
load_tr2_Pcp397;Load Truck
arrive_Silo15_tr50_Pcp48;Arrive at the Silo
register_arrival_tr41_Pcp49;Register the truck arrival
determine_continu_tr12_Pcp104_Silo1;Determine the Continuance of the Pickup
weigh_empty_tr41_Pcp49;Weigh the Empty Truck
load_tr12_Pcp104;Load Truck
check_abnorm_tr41_Pcp49;Check Empty Truck Weight Abnormality
arrive_Silo16_tr41_Pcp49;Arrive at the Silo
weigh_loaded_tr48_Pcp95;Weigh the Loaded Truck
determine_continu_tr50_Pcp48_Silo15;Determine the Continuance of the Pickup
load_tr50_Pcp48;Load Truck
issue_ticket_tr48_Pcp95;Issue the Weighing Ticket
input_tally_tr48_Pcp95;Input the Tally Sheet
eval_tr48exit_Pcp95;Evaluate the Truck Exit
exit_tr48_Pcp95;Exit the port
determine_continu_tr41_Pcp49_Silo16;Determine the Continuance of the Pickup
load_tr41_Pcp49;Load Truck
weigh_loaded_tr34_Pcp311;Weigh the Loaded Truck
issue_ticket_tr34_Pcp311;Issue the Weighing Ticket
input_tally_tr34_Pcp311;Input the Tally Sheet
weigh_loaded_tr41_Pcp49;Weigh the Loaded Truck
eval_tr34exit_Pcp311;Evaluate the Truck Exit
exit_tr34_Pcp311;Exit the port
issue_ticket_tr41_Pcp49;Issue the Weighing Ticket
input_tally_tr41_Pcp49;Input the Tally Sheet
eval_tr41exit_Pcp49;Evaluate the Truck Exit
exit_tr41_Pcp49;Exit the port
assign_tr47_Pcp430;Assign Truck
assign_tr13_Pcp490;Assign Truck
enter_tr13_Pcp490;Enter the port
register_arrival_tr13_Pcp490;Register the truck arrival
enter_tr47_Pcp430;Enter the port
weigh_empty_tr13_Pcp490;Weigh the Empty Truck
check_abnorm_tr13_Pcp490;Check Empty Truck Weight Abnormality
arrive_Silo9_tr13_Pcp490;Arrive at the Silo
register_arrival_tr47_Pcp430;Register the truck arrival
determine_continu_tr13_Pcp490_Silo9;Determine the Continuance of the Pickup
weigh_empty_tr47_Pcp430;Weigh the Empty Truck
load_tr13_Pcp490;Load Truck
check_abnorm_tr47_Pcp430;Check Empty Truck Weight Abnormality
arrive_Silo13_tr47_Pcp430;Arrive at the Silo
weigh_loaded_tr50_Pcp48;Weigh the Loaded Truck
determine_continu_tr47_Pcp430_Silo13;Determine the Continuance of the Pickup
assign_tr36_Pcp369;Assign Truck
enter_tr36_Pcp369;Enter the port
issue_ticket_tr50_Pcp48;Issue the Weighing Ticket
input_tally_tr50_Pcp48;Input the Tally Sheet
eval_tr50exit_Pcp48;Evaluate the Truck Exit
load_tr47_Pcp430;Load Truck
assign_tr22_Pcp330;Assign Truck
exit_tr50_Pcp48;Exit the port
enter_tr22_Pcp330;Enter the port
register_arrival_tr36_Pcp369;Register the truck arrival
weigh_empty_tr36_Pcp369;Weigh the Empty Truck
register_arrival_tr22_Pcp330;Register the truck arrival
check_abnorm_tr36_Pcp369;Check Empty Truck Weight Abnormality
assign_tr3_Pcp270;Assign Truck
arrive_Silo12_tr36_Pcp369;Arrive at the Silo
enter_tr3_Pcp270;Enter the port
weigh_empty_tr22_Pcp330;Weigh the Empty Truck
determine_continu_tr36_Pcp369_Silo12;Determine the Continuance of the Pickup
check_abnorm_tr22_Pcp330;Check Empty Truck Weight Abnormality
arrive_Silo9_tr22_Pcp330;Arrive at the Silo
load_tr36_Pcp369;Load Truck
weigh_loaded_tr2_Pcp397;Weigh the Loaded Truck
issue_ticket_tr2_Pcp397;Issue the Weighing Ticket
input_tally_tr2_Pcp397;Input the Tally Sheet
register_arrival_tr3_Pcp270;Register the truck arrival
eval_tr2exit_Pcp397;Evaluate the Truck Exit
exit_tr2_Pcp397;Exit the port
weigh_empty_tr3_Pcp270;Weigh the Empty Truck
check_abnorm_tr3_Pcp270;Check Empty Truck Weight Abnormality
arrive_Silo6_tr3_Pcp270;Arrive at the Silo
determine_continu_tr22_Pcp330_Silo9;Determine the Continuance of the Pickup
determine_continu_tr3_Pcp270_Silo6;Determine the Continuance of the Pickup
load_tr22_Pcp330;Load Truck
load_tr3_Pcp270;Load Truck
weigh_loaded_tr13_Pcp490;Weigh the Loaded Truck
weigh_loaded_tr47_Pcp430;Weigh the Loaded Truck
weigh_loaded_tr22_Pcp330;Weigh the Loaded Truck
issue_ticket_tr13_Pcp490;Issue the Weighing Ticket
input_tally_tr13_Pcp490;Input the Tally Sheet
eval_tr13exit_Pcp490;Evaluate the Truck Exit
exit_tr13_Pcp490;Exit the port
issue_ticket_tr22_Pcp330;Issue the Weighing Ticket
input_tally_tr22_Pcp330;Input the Tally Sheet
eval_tr22exit_Pcp330;Evaluate the Truck Exit
exit_tr22_Pcp330;Exit the port
weigh_loaded_tr12_Pcp104;Weigh the Loaded Truck
issue_ticket_tr47_Pcp430;Issue the Weighing Ticket
input_tally_tr47_Pcp430;Input the Tally Sheet
eval_tr47exit_Pcp430;Evaluate the Truck Exit
exit_tr47_Pcp430;Exit the port
issue_ticket_tr12_Pcp104;Issue the Weighing Ticket
input_tally_tr12_Pcp104;Input the Tally Sheet
eval_tr12exit_Pcp104;Evaluate the Truck Exit
exit_tr12_Pcp104;Exit the port
weigh_loaded_tr36_Pcp369;Weigh the Loaded Truck
issue_ticket_tr36_Pcp369;Issue the Weighing Ticket
input_tally_tr36_Pcp369;Input the Tally Sheet
eval_tr36exit_Pcp369;Evaluate the Truck Exit
exit_tr36_Pcp369;Exit the port
weigh_loaded_tr3_Pcp270;Weigh the Loaded Truck
issue_ticket_tr3_Pcp270;Issue the Weighing Ticket
input_tally_tr3_Pcp270;Input the Tally Sheet
eval_tr3exit_Pcp270;Evaluate the Truck Exit
exit_tr3_Pcp270;Exit the port
assign_tr10_Pcp116;Assign Truck
enter_tr10_Pcp116;Enter the port
register_arrival_tr10_Pcp116;Register the truck arrival
weigh_empty_tr10_Pcp116;Weigh the Empty Truck
check_abnorm_tr10_Pcp116;Check Empty Truck Weight Abnormality
arrive_Silo1_tr10_Pcp116;Arrive at the Silo
determine_continu_tr10_Pcp116_Silo1;Determine the Continuance of the Pickup
load_tr10_Pcp116;Load Truck
assign_tr35_Pcp342;Assign Truck
enter_tr35_Pcp342;Enter the port
weigh_loaded_tr10_Pcp116;Weigh the Loaded Truck
issue_ticket_tr10_Pcp116;Issue the Weighing Ticket
input_tally_tr10_Pcp116;Input the Tally Sheet
eval_tr10exit_Pcp116;Evaluate the Truck Exit
register_arrival_tr35_Pcp342;Register the truck arrival
exit_tr10_Pcp116;Exit the port
assign_tr20_Pcp103;Assign Truck
enter_tr20_Pcp103;Enter the port
register_arrival_tr20_Pcp103;Register the truck arrival
weigh_empty_tr35_Pcp342;Weigh the Empty Truck
weigh_empty_tr20_Pcp103;Weigh the Empty Truck
check_abnorm_tr35_Pcp342;Check Empty Truck Weight Abnormality
check_abnorm_tr20_Pcp103;Check Empty Truck Weight Abnormality
arrive_Silo14_tr35_Pcp342;Arrive at the Silo
arrive_Silo9_tr20_Pcp103;Arrive at the Silo
assign_tr30_Pcp202;Assign Truck
assign_tr21_Pcp310;Assign Truck
enter_tr30_Pcp202;Enter the port
assign_tr44_Pcp427;Assign Truck
enter_tr21_Pcp310;Enter the port
register_arrival_tr21_Pcp310;Register the truck arrival
assign_tr11_Pcp397;Assign Truck
enter_tr11_Pcp397;Enter the port
weigh_empty_tr21_Pcp310;Weigh the Empty Truck
check_abnorm_tr21_Pcp310;Check Empty Truck Weight Abnormality
register_arrival_tr11_Pcp397;Register the truck arrival
register_arrival_tr30_Pcp202;Register the truck arrival
enter_tr44_Pcp427;Enter the port
determine_continu_tr20_Pcp103_Silo9;Determine the Continuance of the Pickup
arrive_Silo10_tr21_Pcp310;Arrive at the Silo
assign_tr49_Pcp469;Assign Truck
weigh_empty_tr11_Pcp397;Weigh the Empty Truck
assign_tr33_Pcp45;Assign Truck
enter_tr49_Pcp469;Enter the port
check_abnorm_tr11_Pcp397;Check Empty Truck Weight Abnormality
register_arrival_tr44_Pcp427;Register the truck arrival
arrive_Silo19_tr11_Pcp397;Arrive at the Silo
determine_continu_tr35_Pcp342_Silo14;Determine the Continuance of the Pickup
determine_continu_tr21_Pcp310_Silo10;Determine the Continuance of the Pickup
register_arrival_tr49_Pcp469;Register the truck arrival
fail_load_tr21_Pcp310;Fail to Load
weigh_empty_tr30_Pcp202;Weigh the Empty Truck
weigh_empty_tr44_Pcp427;Weigh the Empty Truck
check_abnorm_tr30_Pcp202;Check Empty Truck Weight Abnormality
check_abnorm_tr44_Pcp427;Check Empty Truck Weight Abnormality
arrive_Silo15_tr44_Pcp427;Arrive at the Silo
arrive_Silo10_tr30_Pcp202;Arrive at the Silo
load_tr20_Pcp103;Load Truck
load_tr35_Pcp342;Load Truck
assign_tr25_Pcp281;Assign Truck
weigh_empty_tr49_Pcp469;Weigh the Empty Truck
determine_continu_tr30_Pcp202_Silo10;Determine the Continuance of the Pickup
enter_tr25_Pcp281;Enter the port
register_arrival_tr25_Pcp281;Register the truck arrival
fail_load_tr30_Pcp202;Fail to Load
check_abnorm_tr49_Pcp469;Check Empty Truck Weight Abnormality
assign_tr38_Pcp296;Assign Truck
arrive_Silo17_tr49_Pcp469;Arrive at the Silo
determine_continu_tr11_Pcp397_Silo19;Determine the Continuance of the Pickup
assign_tr7_Pcp470;Assign Truck
enter_tr33_Pcp45;Enter the port
weigh_empty_tr25_Pcp281;Weigh the Empty Truck
load_tr11_Pcp397;Load Truck
determine_continu_tr44_Pcp427_Silo15;Determine the Continuance of the Pickup
check_abnorm_tr25_Pcp281;Check Empty Truck Weight Abnormality
load_tr44_Pcp427;Load Truck
register_arrival_tr33_Pcp45;Register the truck arrival
arrive_Silo18_tr25_Pcp281;Arrive at the Silo
enter_tr7_Pcp470;Enter the port
assign_tr18_Pcp260;Assign Truck
assign_tr26_Pcp175;Assign Truck
enter_tr26_Pcp175;Enter the port
determine_continu_tr49_Pcp469_Silo17;Determine the Continuance of the Pickup
register_arrival_tr26_Pcp175;Register the truck arrival
determine_continu_tr25_Pcp281_Silo18;Determine the Continuance of the Pickup
weigh_empty_tr33_Pcp45;Weigh the Empty Truck
register_arrival_tr7_Pcp470;Register the truck arrival
check_abnorm_tr33_Pcp45;Check Empty Truck Weight Abnormality
enter_tr18_Pcp260;Enter the port
load_tr25_Pcp281;Load Truck
arrive_Silo6_tr33_Pcp45;Arrive at the Silo
enter_tr38_Pcp296;Enter the port
register_arrival_tr18_Pcp260;Register the truck arrival
assign_tr29_Pcp276;Assign Truck
determine_continu_tr33_Pcp45_Silo6;Determine the Continuance of the Pickup
weigh_empty_tr26_Pcp175;Weigh the Empty Truck
load_tr49_Pcp469;Load Truck
enter_tr29_Pcp276;Enter the port
check_abnorm_tr26_Pcp175;Check Empty Truck Weight Abnormality
weigh_empty_tr18_Pcp260;Weigh the Empty Truck
arrive_Silo6_tr26_Pcp175;Arrive at the Silo
check_abnorm_tr18_Pcp260;Check Empty Truck Weight Abnormality
assign_tr1_Pcp485;Assign Truck
arrive_Silo13_tr18_Pcp260;Arrive at the Silo
weigh_empty_tr7_Pcp470;Weigh the Empty Truck
load_tr33_Pcp45;Load Truck
check_abnorm_tr7_Pcp470;Check Empty Truck Weight Abnormality
enter_tr1_Pcp485;Enter the port
arrive_Silo12_tr7_Pcp470;Arrive at the Silo
weigh_loaded_tr20_Pcp103;Weigh the Loaded Truck
register_arrival_tr38_Pcp296;Register the truck arrival
determine_continu_tr18_Pcp260_Silo13;Determine the Continuance of the Pickup
load_tr18_Pcp260;Load Truck
determine_continu_tr26_Pcp175_Silo6;Determine the Continuance of the Pickup
register_arrival_tr29_Pcp276;Register the truck arrival
assign_tr40_Pcp275;Assign Truck
assign_tr17_Pcp423;Assign Truck
determine_continu_tr7_Pcp470_Silo12;Determine the Continuance of the Pickup
weigh_loaded_tr49_Pcp469;Weigh the Loaded Truck
enter_tr17_Pcp423;Enter the port
issue_ticket_tr20_Pcp103;Issue the Weighing Ticket
input_tally_tr20_Pcp103;Input the Tally Sheet
eval_tr20exit_Pcp103;Evaluate the Truck Exit
load_tr7_Pcp470;Load Truck
enter_tr40_Pcp275;Enter the port
weigh_empty_tr38_Pcp296;Weigh the Empty Truck
exit_tr20_Pcp103;Exit the port
load_tr26_Pcp175;Load Truck
register_arrival_tr17_Pcp423;Register the truck arrival
check_abnorm_tr38_Pcp296;Check Empty Truck Weight Abnormality
assign_tr4_Pcp38;Assign Truck
enter_tr4_Pcp38;Enter the port
arrive_Silo13_tr38_Pcp296;Arrive at the Silo
issue_ticket_tr49_Pcp469;Issue the Weighing Ticket
input_tally_tr49_Pcp469;Input the Tally Sheet
assign_tr24_Pcp41;Assign Truck
register_arrival_tr40_Pcp275;Register the truck arrival
eval_tr49exit_Pcp469;Evaluate the Truck Exit
assign_tr32_Pcp457;Assign Truck
exit_tr49_Pcp469;Exit the port
register_arrival_tr4_Pcp38;Register the truck arrival
enter_tr24_Pcp41;Enter the port
assign_tr8_Pcp76;Assign Truck
determine_continu_tr38_Pcp296_Silo13;Determine the Continuance of the Pickup
register_arrival_tr24_Pcp41;Register the truck arrival
assign_tr15_Pcp213;Assign Truck
register_arrival_tr1_Pcp485;Register the truck arrival
enter_tr8_Pcp76;Enter the port
weigh_empty_tr40_Pcp275;Weigh the Empty Truck
assign_tr46_Pcp177;Assign Truck
enter_tr32_Pcp457;Enter the port
load_tr38_Pcp296;Load Truck
weigh_empty_tr29_Pcp276;Weigh the Empty Truck
assign_tr6_Pcp106;Assign Truck
enter_tr46_Pcp177;Enter the port
check_abnorm_tr40_Pcp275;Check Empty Truck Weight Abnormality
weigh_empty_tr1_Pcp485;Weigh the Empty Truck
check_abnorm_tr29_Pcp276;Check Empty Truck Weight Abnormality
arrive_Silo2_tr40_Pcp275;Arrive at the Silo
enter_tr15_Pcp213;Enter the port
register_arrival_tr8_Pcp76;Register the truck arrival
arrive_Silo12_tr29_Pcp276;Arrive at the Silo
check_abnorm_tr1_Pcp485;Check Empty Truck Weight Abnormality
weigh_empty_tr4_Pcp38;Weigh the Empty Truck
weigh_empty_tr24_Pcp41;Weigh the Empty Truck
check_abnorm_tr4_Pcp38;Check Empty Truck Weight Abnormality
arrive_Silo19_tr1_Pcp485;Arrive at the Silo
enter_tr6_Pcp106;Enter the port
arrive_Silo5_tr4_Pcp38;Arrive at the Silo
check_abnorm_tr24_Pcp41;Check Empty Truck Weight Abnormality
assign_tr23_Pcp56;Assign Truck
arrive_Silo20_tr24_Pcp41;Arrive at the Silo
weigh_empty_tr8_Pcp76;Weigh the Empty Truck
determine_continu_tr24_Pcp41_Silo20;Determine the Continuance of the Pickup
determine_continu_tr29_Pcp276_Silo12;Determine the Continuance of the Pickup
determine_continu_tr4_Pcp38_Silo5;Determine the Continuance of the Pickup
register_arrival_tr32_Pcp457;Register the truck arrival
enter_tr23_Pcp56;Enter the port
weigh_loaded_tr44_Pcp427;Weigh the Loaded Truck
determine_continu_tr1_Pcp485_Silo19;Determine the Continuance of the Pickup
check_abnorm_tr8_Pcp76;Check Empty Truck Weight Abnormality
load_tr29_Pcp276;Load Truck
register_arrival_tr23_Pcp56;Register the truck arrival
arrive_Silo19_tr8_Pcp76;Arrive at the Silo
load_tr24_Pcp41;Load Truck
register_arrival_tr46_Pcp177;Register the truck arrival
load_tr1_Pcp485;Load Truck
register_arrival_tr15_Pcp213;Register the truck arrival
load_tr4_Pcp38;Load Truck
register_arrival_tr6_Pcp106;Register the truck arrival
determine_continu_tr8_Pcp76_Silo19;Determine the Continuance of the Pickup
load_tr8_Pcp76;Load Truck
weigh_empty_tr15_Pcp213;Weigh the Empty Truck
determine_continu_tr40_Pcp275_Silo2;Determine the Continuance of the Pickup
weigh_empty_tr32_Pcp457;Weigh the Empty Truck
weigh_empty_tr17_Pcp423;Weigh the Empty Truck
weigh_empty_tr46_Pcp177;Weigh the Empty Truck
weigh_empty_tr6_Pcp106;Weigh the Empty Truck
assign_tr39_Pcp24;Assign Truck
check_abnorm_tr17_Pcp423;Check Empty Truck Weight Abnormality
check_abnorm_tr6_Pcp106;Check Empty Truck Weight Abnormality
check_abnorm_tr15_Pcp213;Check Empty Truck Weight Abnormality
arrive_Silo2_tr17_Pcp423;Arrive at the Silo
enter_tr39_Pcp24;Enter the port
check_abnorm_tr32_Pcp457;Check Empty Truck Weight Abnormality
arrive_Silo5_tr6_Pcp106;Arrive at the Silo
issue_ticket_tr44_Pcp427;Issue the Weighing Ticket
input_tally_tr44_Pcp427;Input the Tally Sheet
eval_tr44exit_Pcp427;Evaluate the Truck Exit
arrive_Silo15_tr15_Pcp213;Arrive at the Silo
arrive_Silo20_tr32_Pcp457;Arrive at the Silo
check_abnorm_tr46_Pcp177;Check Empty Truck Weight Abnormality
determine_continu_tr17_Pcp423_Silo2;Determine the Continuance of the Pickup
assign_tr43_Pcp204;Assign Truck
determine_continu_tr6_Pcp106_Silo5;Determine the Continuance of the Pickup
exit_tr44_Pcp427;Exit the port
weigh_empty_tr23_Pcp56;Weigh the Empty Truck
arrive_Silo9_tr46_Pcp177;Arrive at the Silo
load_tr6_Pcp106;Load Truck
register_arrival_tr39_Pcp24;Register the truck arrival
determine_continu_tr15_Pcp213_Silo15;Determine the Continuance of the Pickup
enter_tr43_Pcp204;Enter the port
check_abnorm_tr23_Pcp56;Check Empty Truck Weight Abnormality
load_tr40_Pcp275;Load Truck
determine_continu_tr32_Pcp457_Silo20;Determine the Continuance of the Pickup
register_arrival_tr43_Pcp204;Register the truck arrival
load_tr17_Pcp423;Load Truck
assign_tr19_Pcp151;Assign Truck
arrive_Silo16_tr23_Pcp56;Arrive at the Silo
load_tr15_Pcp213;Load Truck
determine_continu_tr46_Pcp177_Silo9;Determine the Continuance of the Pickup
load_tr32_Pcp457;Load Truck
load_tr46_Pcp177;Load Truck
weigh_loaded_tr7_Pcp470;Weigh the Loaded Truck
enter_tr19_Pcp151;Enter the port
weigh_loaded_tr25_Pcp281;Weigh the Loaded Truck
assign_tr45_Pcp495;Assign Truck
enter_tr45_Pcp495;Enter the port
weigh_empty_tr39_Pcp24;Weigh the Empty Truck
weigh_empty_tr43_Pcp204;Weigh the Empty Truck
weigh_loaded_tr40_Pcp275;Weigh the Loaded Truck
issue_ticket_tr7_Pcp470;Issue the Weighing Ticket
input_tally_tr7_Pcp470;Input the Tally Sheet
eval_tr7exit_Pcp470;Evaluate the Truck Exit
weigh_loaded_tr4_Pcp38;Weigh the Loaded Truck
check_abnorm_tr39_Pcp24;Check Empty Truck Weight Abnormality
exit_tr7_Pcp470;Exit the port
check_abnorm_tr43_Pcp204;Check Empty Truck Weight Abnormality
arrive_Silo20_tr43_Pcp204;Arrive at the Silo
issue_ticket_tr25_Pcp281;Issue the Weighing Ticket
input_tally_tr25_Pcp281;Input the Tally Sheet
eval_tr25exit_Pcp281;Evaluate the Truck Exit
exit_tr25_Pcp281;Exit the port
arrive_Silo4_tr39_Pcp24;Arrive at the Silo
determine_continu_tr23_Pcp56_Silo16;Determine the Continuance of the Pickup
register_arrival_tr19_Pcp151;Register the truck arrival
weigh_loaded_tr32_Pcp457;Weigh the Loaded Truck
issue_ticket_tr40_Pcp275;Issue the Weighing Ticket
input_tally_tr40_Pcp275;Input the Tally Sheet
eval_tr40exit_Pcp275;Evaluate the Truck Exit
exit_tr40_Pcp275;Exit the port
register_arrival_tr45_Pcp495;Register the truck arrival
issue_ticket_tr32_Pcp457;Issue the Weighing Ticket
input_tally_tr32_Pcp457;Input the Tally Sheet
eval_tr32exit_Pcp457;Evaluate the Truck Exit
weigh_loaded_tr8_Pcp76;Weigh the Loaded Truck
issue_ticket_tr4_Pcp38;Issue the Weighing Ticket
input_tally_tr4_Pcp38;Input the Tally Sheet
eval_tr4exit_Pcp38;Evaluate the Truck Exit
weigh_empty_tr19_Pcp151;Weigh the Empty Truck
determine_continu_tr39_Pcp24_Silo4;Determine the Continuance of the Pickup
issue_ticket_tr8_Pcp76;Issue the Weighing Ticket
input_tally_tr8_Pcp76;Input the Tally Sheet
exit_tr32_Pcp457;Exit the port
load_tr23_Pcp56;Load Truck
exit_tr4_Pcp38;Exit the port
weigh_loaded_tr15_Pcp213;Weigh the Loaded Truck
assign_tr14_Pcp49;Assign Truck
eval_tr8exit_Pcp76;Evaluate the Truck Exit
determine_continu_tr43_Pcp204_Silo20;Determine the Continuance of the Pickup
issue_ticket_tr15_Pcp213;Issue the Weighing Ticket
input_tally_tr15_Pcp213;Input the Tally Sheet
exit_tr8_Pcp76;Exit the port
load_tr39_Pcp24;Load Truck
enter_tr14_Pcp49;Enter the port
eval_tr15exit_Pcp213;Evaluate the Truck Exit
check_abnorm_tr19_Pcp151;Check Empty Truck Weight Abnormality
weigh_empty_tr45_Pcp495;Weigh the Empty Truck
exit_tr15_Pcp213;Exit the port
arrive_Silo20_tr19_Pcp151;Arrive at the Silo
weigh_loaded_tr35_Pcp342;Weigh the Loaded Truck
check_abnorm_tr45_Pcp495;Check Empty Truck Weight Abnormality
weigh_loaded_tr38_Pcp296;Weigh the Loaded Truck
arrive_Silo3_tr45_Pcp495;Arrive at the Silo
register_arrival_tr14_Pcp49;Register the truck arrival
assign_tr42_Pcp205;Assign Truck
issue_ticket_tr38_Pcp296;Issue the Weighing Ticket
input_tally_tr38_Pcp296;Input the Tally Sheet
eval_tr38exit_Pcp296;Evaluate the Truck Exit
weigh_empty_tr14_Pcp49;Weigh the Empty Truck
weigh_loaded_tr33_Pcp45;Weigh the Loaded Truck
exit_tr38_Pcp296;Exit the port
weigh_loaded_tr18_Pcp260;Weigh the Loaded Truck
load_tr43_Pcp204;Load Truck
assign_tr31_Pcp196;Assign Truck
weigh_loaded_tr11_Pcp397;Weigh the Loaded Truck
check_abnorm_tr14_Pcp49;Check Empty Truck Weight Abnormality
arrive_Silo16_tr14_Pcp49;Arrive at the Silo
enter_tr42_Pcp205;Enter the port
enter_tr31_Pcp196;Enter the port
register_arrival_tr42_Pcp205;Register the truck arrival
determine_continu_tr19_Pcp151_Silo20;Determine the Continuance of the Pickup
register_arrival_tr31_Pcp196;Register the truck arrival
issue_ticket_tr33_Pcp45;Issue the Weighing Ticket
issue_ticket_tr11_Pcp397;Issue the Weighing Ticket
input_tally_tr33_Pcp45;Input the Tally Sheet
input_tally_tr11_Pcp397;Input the Tally Sheet
eval_tr11exit_Pcp397;Evaluate the Truck Exit
issue_ticket_tr35_Pcp342;Issue the Weighing Ticket
input_tally_tr35_Pcp342;Input the Tally Sheet
eval_tr35exit_Pcp342;Evaluate the Truck Exit
exit_tr35_Pcp342;Exit the port
assign_tr28_Pcp447;Assign Truck
eval_tr33exit_Pcp45;Evaluate the Truck Exit
exit_tr11_Pcp397;Exit the port
issue_ticket_tr18_Pcp260;Issue the Weighing Ticket
input_tally_tr18_Pcp260;Input the Tally Sheet
eval_tr18exit_Pcp260;Evaluate the Truck Exit
exit_tr33_Pcp45;Exit the port
exit_tr18_Pcp260;Exit the port
weigh_empty_tr42_Pcp205;Weigh the Empty Truck
enter_tr28_Pcp447;Enter the port
check_abnorm_tr42_Pcp205;Check Empty Truck Weight Abnormality
load_tr19_Pcp151;Load Truck
arrive_Silo14_tr42_Pcp205;Arrive at the Silo
assign_tr37_Pcp447;Assign Truck
register_arrival_tr28_Pcp447;Register the truck arrival
weigh_empty_tr31_Pcp196;Weigh the Empty Truck
check_abnorm_tr31_Pcp196;Check Empty Truck Weight Abnormality
determine_continu_tr45_Pcp495_Silo3;Determine the Continuance of the Pickup
arrive_Silo19_tr31_Pcp196;Arrive at the Silo
assign_tr27_Pcp236;Assign Truck
weigh_empty_tr28_Pcp447;Weigh the Empty Truck
check_abnorm_tr28_Pcp447;Check Empty Truck Weight Abnormality
fail_load_tr45_Pcp495;Fail to Load
arrive_Silo20_tr28_Pcp447;Arrive at the Silo
determine_continu_tr42_Pcp205_Silo14;Determine the Continuance of the Pickup
weigh_loaded_tr29_Pcp276;Weigh the Loaded Truck
load_tr42_Pcp205;Load Truck
enter_tr37_Pcp447;Enter the port
determine_continu_tr14_Pcp49_Silo16;Determine the Continuance of the Pickup
weigh_loaded_tr46_Pcp177;Weigh the Loaded Truck
determine_continu_tr28_Pcp447_Silo20;Determine the Continuance of the Pickup
register_arrival_tr37_Pcp447;Register the truck arrival
issue_ticket_tr29_Pcp276;Issue the Weighing Ticket
input_tally_tr29_Pcp276;Input the Tally Sheet
eval_tr29exit_Pcp276;Evaluate the Truck Exit
weigh_loaded_tr19_Pcp151;Weigh the Loaded Truck
exit_tr29_Pcp276;Exit the port
determine_continu_tr31_Pcp196_Silo19;Determine the Continuance of the Pickup
weigh_empty_tr37_Pcp447;Weigh the Empty Truck
load_tr31_Pcp196;Load Truck
load_tr14_Pcp49;Load Truck
issue_ticket_tr19_Pcp151;Issue the Weighing Ticket
input_tally_tr19_Pcp151;Input the Tally Sheet
eval_tr19exit_Pcp151;Evaluate the Truck Exit
check_abnorm_tr37_Pcp447;Check Empty Truck Weight Abnormality
issue_ticket_tr46_Pcp177;Issue the Weighing Ticket
input_tally_tr46_Pcp177;Input the Tally Sheet
eval_tr46exit_Pcp177;Evaluate the Truck Exit
exit_tr46_Pcp177;Exit the port
load_tr28_Pcp447;Load Truck
exit_tr19_Pcp151;Exit the port
enter_tr27_Pcp236;Enter the port
arrive_Silo20_tr37_Pcp447;Arrive at the Silo
weigh_loaded_tr17_Pcp423;Weigh the Loaded Truck
weigh_loaded_tr42_Pcp205;Weigh the Loaded Truck
determine_continu_tr37_Pcp447_Silo20;Determine the Continuance of the Pickup
register_arrival_tr27_Pcp236;Register the truck arrival
issue_ticket_tr17_Pcp423;Issue the Weighing Ticket
input_tally_tr17_Pcp423;Input the Tally Sheet
eval_tr17exit_Pcp423;Evaluate the Truck Exit
exit_tr17_Pcp423;Exit the port
load_tr37_Pcp447;Load Truck
weigh_loaded_tr1_Pcp485;Weigh the Loaded Truck
weigh_empty_tr27_Pcp236;Weigh the Empty Truck
check_abnorm_tr27_Pcp236;Check Empty Truck Weight Abnormality
arrive_Silo9_tr27_Pcp236;Arrive at the Silo
weigh_loaded_tr37_Pcp447;Weigh the Loaded Truck
issue_ticket_tr42_Pcp205;Issue the Weighing Ticket
input_tally_tr42_Pcp205;Input the Tally Sheet
eval_tr42exit_Pcp205;Evaluate the Truck Exit
exit_tr42_Pcp205;Exit the port
weigh_loaded_tr31_Pcp196;Weigh the Loaded Truck
issue_ticket_tr1_Pcp485;Issue the Weighing Ticket
input_tally_tr1_Pcp485;Input the Tally Sheet
eval_tr1exit_Pcp485;Evaluate the Truck Exit
issue_ticket_tr31_Pcp196;Issue the Weighing Ticket
input_tally_tr31_Pcp196;Input the Tally Sheet
eval_tr31exit_Pcp196;Evaluate the Truck Exit
exit_tr1_Pcp485;Exit the port
exit_tr31_Pcp196;Exit the port
determine_continu_tr27_Pcp236_Silo9;Determine the Continuance of the Pickup
load_tr27_Pcp236;Load Truck
weigh_loaded_tr28_Pcp447;Weigh the Loaded Truck
weigh_loaded_tr24_Pcp41;Weigh the Loaded Truck
assign_tr9_Pcp23;Assign Truck
issue_ticket_tr37_Pcp447;Issue the Weighing Ticket
input_tally_tr37_Pcp447;Input the Tally Sheet
eval_tr37exit_Pcp447;Evaluate the Truck Exit
issue_ticket_tr24_Pcp41;Issue the Weighing Ticket
input_tally_tr24_Pcp41;Input the Tally Sheet
eval_tr24exit_Pcp41;Evaluate the Truck Exit
exit_tr24_Pcp41;Exit the port
exit_tr37_Pcp447;Exit the port
weigh_loaded_tr26_Pcp175;Weigh the Loaded Truck
issue_ticket_tr28_Pcp447;Issue the Weighing Ticket
input_tally_tr28_Pcp447;Input the Tally Sheet
eval_tr28exit_Pcp447;Evaluate the Truck Exit
exit_tr28_Pcp447;Exit the port
enter_tr9_Pcp23;Enter the port
issue_ticket_tr26_Pcp175;Issue the Weighing Ticket
input_tally_tr26_Pcp175;Input the Tally Sheet
eval_tr26exit_Pcp175;Evaluate the Truck Exit
exit_tr26_Pcp175;Exit the port
weigh_loaded_tr43_Pcp204;Weigh the Loaded Truck
weigh_loaded_tr14_Pcp49;Weigh the Loaded Truck
issue_ticket_tr43_Pcp204;Issue the Weighing Ticket
input_tally_tr43_Pcp204;Input the Tally Sheet
eval_tr43exit_Pcp204;Evaluate the Truck Exit
exit_tr43_Pcp204;Exit the port
issue_ticket_tr14_Pcp49;Issue the Weighing Ticket
input_tally_tr14_Pcp49;Input the Tally Sheet
eval_tr14exit_Pcp49;Evaluate the Truck Exit
exit_tr14_Pcp49;Exit the port
weigh_loaded_tr23_Pcp56;Weigh the Loaded Truck
issue_ticket_tr23_Pcp56;Issue the Weighing Ticket
input_tally_tr23_Pcp56;Input the Tally Sheet
eval_tr23exit_Pcp56;Evaluate the Truck Exit
register_arrival_tr9_Pcp23;Register the truck arrival
exit_tr23_Pcp56;Exit the port
weigh_empty_tr9_Pcp23;Weigh the Empty Truck
check_abnorm_tr9_Pcp23;Check Empty Truck Weight Abnormality
weigh_loaded_tr6_Pcp106;Weigh the Loaded Truck
arrive_Silo1_tr9_Pcp23;Arrive at the Silo
issue_ticket_tr6_Pcp106;Issue the Weighing Ticket
input_tally_tr6_Pcp106;Input the Tally Sheet
eval_tr6exit_Pcp106;Evaluate the Truck Exit
assign_tr16_Pcp117;Assign Truck
exit_tr6_Pcp106;Exit the port
determine_continu_tr9_Pcp23_Silo1;Determine the Continuance of the Pickup
load_tr9_Pcp23;Load Truck
weigh_loaded_tr39_Pcp24;Weigh the Loaded Truck
weigh_loaded_tr27_Pcp236;Weigh the Loaded Truck
enter_tr16_Pcp117;Enter the port
register_arrival_tr16_Pcp117;Register the truck arrival
issue_ticket_tr27_Pcp236;Issue the Weighing Ticket
input_tally_tr27_Pcp236;Input the Tally Sheet
eval_tr27exit_Pcp236;Evaluate the Truck Exit
exit_tr27_Pcp236;Exit the port
assign_tr5_Pcp453;Assign Truck
issue_ticket_tr39_Pcp24;Issue the Weighing Ticket
input_tally_tr39_Pcp24;Input the Tally Sheet
eval_tr39exit_Pcp24;Evaluate the Truck Exit
exit_tr39_Pcp24;Exit the port
enter_tr5_Pcp453;Enter the port
register_arrival_tr5_Pcp453;Register the truck arrival
weigh_empty_tr16_Pcp117;Weigh the Empty Truck
check_abnorm_tr16_Pcp117;Check Empty Truck Weight Abnormality
arrive_Silo13_tr16_Pcp117;Arrive at the Silo
weigh_loaded_tr9_Pcp23;Weigh the Loaded Truck
issue_ticket_tr9_Pcp23;Issue the Weighing Ticket
input_tally_tr9_Pcp23;Input the Tally Sheet
determine_continu_tr16_Pcp117_Silo13;Determine the Continuance of the Pickup
eval_tr9exit_Pcp23;Evaluate the Truck Exit
exit_tr9_Pcp23;Exit the port
load_tr16_Pcp117;Load Truck
weigh_empty_tr5_Pcp453;Weigh the Empty Truck
check_abnorm_tr5_Pcp453;Check Empty Truck Weight Abnormality
arrive_Silo10_tr5_Pcp453;Arrive at the Silo
determine_continu_tr5_Pcp453_Silo10;Determine the Continuance of the Pickup
load_tr5_Pcp453;Load Truck
weigh_loaded_tr16_Pcp117;Weigh the Loaded Truck
issue_ticket_tr16_Pcp117;Issue the Weighing Ticket
input_tally_tr16_Pcp117;Input the Tally Sheet
eval_tr16exit_Pcp117;Evaluate the Truck Exit
exit_tr16_Pcp117;Exit the port
weigh_loaded_tr5_Pcp453;Weigh the Loaded Truck
issue_ticket_tr5_Pcp453;Issue the Weighing Ticket
input_tally_tr5_Pcp453;Input the Tally Sheet
eval_tr5exit_Pcp453;Evaluate the Truck Exit
exit_tr5_Pcp453;Exit the port
assign_tr48_Pcp294;Assign Truck
enter_tr48_Pcp294;Enter the port
register_arrival_tr48_Pcp294;Register the truck arrival
assign_tr34_Pcp211;Assign Truck
weigh_empty_tr48_Pcp294;Weigh the Empty Truck
check_abnorm_tr48_Pcp294;Check Empty Truck Weight Abnormality
arrive_Silo15_tr48_Pcp294;Arrive at the Silo
assign_tr41_Pcp284;Assign Truck
enter_tr34_Pcp211;Enter the port
register_arrival_tr34_Pcp211;Register the truck arrival
determine_continu_tr48_Pcp294_Silo15;Determine the Continuance of the Pickup
load_tr48_Pcp294;Load Truck
weigh_empty_tr34_Pcp211;Weigh the Empty Truck
enter_tr41_Pcp284;Enter the port
check_abnorm_tr34_Pcp211;Check Empty Truck Weight Abnormality
arrive_Silo19_tr34_Pcp211;Arrive at the Silo
register_arrival_tr41_Pcp284;Register the truck arrival
weigh_empty_tr41_Pcp284;Weigh the Empty Truck
check_abnorm_tr41_Pcp284;Check Empty Truck Weight Abnormality
arrive_Silo8_tr41_Pcp284;Arrive at the Silo
determine_continu_tr34_Pcp211_Silo19;Determine the Continuance of the Pickup
weigh_loaded_tr48_Pcp294;Weigh the Loaded Truck
load_tr34_Pcp211;Load Truck
issue_ticket_tr48_Pcp294;Issue the Weighing Ticket
input_tally_tr48_Pcp294;Input the Tally Sheet
eval_tr48exit_Pcp294;Evaluate the Truck Exit
exit_tr48_Pcp294;Exit the port
determine_continu_tr41_Pcp284_Silo8;Determine the Continuance of the Pickup
load_tr41_Pcp284;Load Truck
weigh_loaded_tr41_Pcp284;Weigh the Loaded Truck
issue_ticket_tr41_Pcp284;Issue the Weighing Ticket
input_tally_tr41_Pcp284;Input the Tally Sheet
eval_tr41exit_Pcp284;Evaluate the Truck Exit
exit_tr41_Pcp284;Exit the port
assign_tr50_Pcp72;Assign Truck
enter_tr50_Pcp72;Enter the port
assign_tr2_Pcp179;Assign Truck
enter_tr2_Pcp179;Enter the port
register_arrival_tr50_Pcp72;Register the truck arrival
weigh_loaded_tr34_Pcp211;Weigh the Loaded Truck
issue_ticket_tr34_Pcp211;Issue the Weighing Ticket
input_tally_tr34_Pcp211;Input the Tally Sheet
register_arrival_tr2_Pcp179;Register the truck arrival
eval_tr34exit_Pcp211;Evaluate the Truck Exit
exit_tr34_Pcp211;Exit the port
weigh_empty_tr2_Pcp179;Weigh the Empty Truck
check_abnorm_tr2_Pcp179;Check Empty Truck Weight Abnormality
weigh_empty_tr50_Pcp72;Weigh the Empty Truck
arrive_Silo16_tr2_Pcp179;Arrive at the Silo
check_abnorm_tr50_Pcp72;Check Empty Truck Weight Abnormality
arrive_Silo14_tr50_Pcp72;Arrive at the Silo
determine_continu_tr2_Pcp179_Silo16;Determine the Continuance of the Pickup
load_tr2_Pcp179;Load Truck
determine_continu_tr50_Pcp72_Silo14;Determine the Continuance of the Pickup
load_tr50_Pcp72;Load Truck
assign_tr13_Pcp25;Assign Truck
assign_tr22_Pcp395;Assign Truck
assign_tr47_Pcp367;Assign Truck
enter_tr22_Pcp395;Enter the port
enter_tr13_Pcp25;Enter the port
register_arrival_tr22_Pcp395;Register the truck arrival
assign_tr12_Pcp151;Assign Truck
enter_tr47_Pcp367;Enter the port
register_arrival_tr13_Pcp25;Register the truck arrival
register_arrival_tr47_Pcp367;Register the truck arrival
enter_tr12_Pcp151;Enter the port
weigh_empty_tr22_Pcp395;Weigh the Empty Truck
weigh_empty_tr47_Pcp367;Weigh the Empty Truck
check_abnorm_tr47_Pcp367;Check Empty Truck Weight Abnormality
check_abnorm_tr22_Pcp395;Check Empty Truck Weight Abnormality
arrive_Silo4_tr47_Pcp367;Arrive at the Silo
register_arrival_tr12_Pcp151;Register the truck arrival
arrive_Silo9_tr22_Pcp395;Arrive at the Silo
weigh_empty_tr13_Pcp25;Weigh the Empty Truck
check_abnorm_tr13_Pcp25;Check Empty Truck Weight Abnormality
arrive_Silo5_tr13_Pcp25;Arrive at the Silo
weigh_empty_tr12_Pcp151;Weigh the Empty Truck
assign_tr36_Pcp209;Assign Truck
check_abnorm_tr12_Pcp151;Check Empty Truck Weight Abnormality
enter_tr36_Pcp209;Enter the port
arrive_Silo20_tr12_Pcp151;Arrive at the Silo
register_arrival_tr36_Pcp209;Register the truck arrival
weigh_loaded_tr50_Pcp72;Weigh the Loaded Truck
determine_continu_tr47_Pcp367_Silo4;Determine the Continuance of the Pickup
issue_ticket_tr50_Pcp72;Issue the Weighing Ticket
input_tally_tr50_Pcp72;Input the Tally Sheet
eval_tr50exit_Pcp72;Evaluate the Truck Exit
determine_continu_tr13_Pcp25_Silo5;Determine the Continuance of the Pickup
weigh_empty_tr36_Pcp209;Weigh the Empty Truck
load_tr13_Pcp25;Load Truck
weigh_loaded_tr2_Pcp179;Weigh the Loaded Truck
determine_continu_tr12_Pcp151_Silo20;Determine the Continuance of the Pickup
check_abnorm_tr36_Pcp209;Check Empty Truck Weight Abnormality
exit_tr50_Pcp72;Exit the port
load_tr47_Pcp367;Load Truck
arrive_Silo20_tr36_Pcp209;Arrive at the Silo
determine_continu_tr22_Pcp395_Silo9;Determine the Continuance of the Pickup
load_tr12_Pcp151;Load Truck
load_tr22_Pcp395;Load Truck
issue_ticket_tr2_Pcp179;Issue the Weighing Ticket
input_tally_tr2_Pcp179;Input the Tally Sheet
eval_tr2exit_Pcp179;Evaluate the Truck Exit
exit_tr2_Pcp179;Exit the port
determine_continu_tr36_Pcp209_Silo20;Determine the Continuance of the Pickup
load_tr36_Pcp209;Load Truck
weigh_loaded_tr12_Pcp151;Weigh the Loaded Truck
weigh_loaded_tr13_Pcp25;Weigh the Loaded Truck
issue_ticket_tr12_Pcp151;Issue the Weighing Ticket
input_tally_tr12_Pcp151;Input the Tally Sheet
issue_ticket_tr13_Pcp25;Issue the Weighing Ticket
input_tally_tr13_Pcp25;Input the Tally Sheet
eval_tr12exit_Pcp151;Evaluate the Truck Exit
eval_tr13exit_Pcp25;Evaluate the Truck Exit
exit_tr12_Pcp151;Exit the port
exit_tr13_Pcp25;Exit the port
weigh_loaded_tr47_Pcp367;Weigh the Loaded Truck
issue_ticket_tr47_Pcp367;Issue the Weighing Ticket
input_tally_tr47_Pcp367;Input the Tally Sheet
eval_tr47exit_Pcp367;Evaluate the Truck Exit
exit_tr47_Pcp367;Exit the port
lodge_Pcp43;Lodge Pickup Plan
weigh_loaded_tr36_Pcp209;Weigh the Loaded Truck
issue_ticket_tr36_Pcp209;Issue the Weighing Ticket
input_tally_tr36_Pcp209;Input the Tally Sheet
eval_tr36exit_Pcp209;Evaluate the Truck Exit
exit_tr36_Pcp209;Exit the port
assign_tr3_Pcp342;Assign Truck
enter_tr3_Pcp342;Enter the port
register_arrival_tr3_Pcp342;Register the truck arrival
weigh_empty_tr3_Pcp342;Weigh the Empty Truck
check_abnorm_tr3_Pcp342;Check Empty Truck Weight Abnormality
arrive_Silo14_tr3_Pcp342;Arrive at the Silo
determine_continu_tr3_Pcp342_Silo14;Determine the Continuance of the Pickup
load_tr3_Pcp342;Load Truck
weigh_loaded_tr22_Pcp395;Weigh the Loaded Truck
issue_ticket_tr22_Pcp395;Issue the Weighing Ticket
input_tally_tr22_Pcp395;Input the Tally Sheet
eval_tr22exit_Pcp395;Evaluate the Truck Exit
exit_tr22_Pcp395;Exit the port
weigh_loaded_tr3_Pcp342;Weigh the Loaded Truck
issue_ticket_tr3_Pcp342;Issue the Weighing Ticket
input_tally_tr3_Pcp342;Input the Tally Sheet
eval_tr3exit_Pcp342;Evaluate the Truck Exit
exit_tr3_Pcp342;Exit the port
lodge_Pcp152;Lodge Pickup Plan
assess_Pcp152;Assess Pickup Plan
approve_Pcp152;Approve Pickup Plan
lodge_Pcp66;Lodge Pickup Plan
assess_Pcp43;Assess Pickup Plan
assess_Pcp66;Assess Pickup Plan
approve_Pcp43;Approve Pickup Plan
approve_Pcp66;Approve Pickup Plan
assign_tr10_Pcp355;Assign Truck
enter_tr10_Pcp355;Enter the port
register_arrival_tr10_Pcp355;Register the truck arrival
weigh_empty_tr10_Pcp355;Weigh the Empty Truck
check_abnorm_tr10_Pcp355;Check Empty Truck Weight Abnormality
arrive_Silo14_tr10_Pcp355;Arrive at the Silo
assign_tr21_Pcp177;Assign Truck
determine_continu_tr10_Pcp355_Silo14;Determine the Continuance of the Pickup
load_tr10_Pcp355;Load Truck
assign_tr30_Pcp182;Assign Truck
enter_tr21_Pcp177;Enter the port
enter_tr30_Pcp182;Enter the port
register_arrival_tr21_Pcp177;Register the truck arrival
register_arrival_tr30_Pcp182;Register the truck arrival
weigh_empty_tr21_Pcp177;Weigh the Empty Truck
check_abnorm_tr21_Pcp177;Check Empty Truck Weight Abnormality
weigh_empty_tr30_Pcp182;Weigh the Empty Truck
arrive_Silo9_tr21_Pcp177;Arrive at the Silo
check_abnorm_tr30_Pcp182;Check Empty Truck Weight Abnormality
arrive_Silo6_tr30_Pcp182;Arrive at the Silo
determine_continu_tr30_Pcp182_Silo6;Determine the Continuance of the Pickup
load_tr30_Pcp182;Load Truck
determine_continu_tr21_Pcp177_Silo9;Determine the Continuance of the Pickup
fail_load_tr21_Pcp177;Fail to Load
assign_tr20_Pcp202;Assign Truck
assign_tr49_Pcp487;Assign Truck
weigh_loaded_tr30_Pcp182;Weigh the Loaded Truck
issue_ticket_tr30_Pcp182;Issue the Weighing Ticket
input_tally_tr30_Pcp182;Input the Tally Sheet
enter_tr20_Pcp202;Enter the port
eval_tr30exit_Pcp182;Evaluate the Truck Exit
enter_tr49_Pcp487;Enter the port
register_arrival_tr20_Pcp202;Register the truck arrival
exit_tr30_Pcp182;Exit the port
register_arrival_tr49_Pcp487;Register the truck arrival
weigh_empty_tr20_Pcp202;Weigh the Empty Truck
check_abnorm_tr20_Pcp202;Check Empty Truck Weight Abnormality
arrive_Silo10_tr20_Pcp202;Arrive at the Silo
determine_continu_tr20_Pcp202_Silo10;Determine the Continuance of the Pickup
weigh_empty_tr49_Pcp487;Weigh the Empty Truck
assign_tr44_Pcp159;Assign Truck
load_tr20_Pcp202;Load Truck
check_abnorm_tr49_Pcp487;Check Empty Truck Weight Abnormality
enter_tr44_Pcp159;Enter the port
arrive_Silo5_tr49_Pcp487;Arrive at the Silo
determine_continu_tr49_Pcp487_Silo5;Determine the Continuance of the Pickup
assign_tr7_Pcp77;Assign Truck
weigh_loaded_tr20_Pcp202;Weigh the Loaded Truck
enter_tr7_Pcp77;Enter the port
load_tr49_Pcp487;Load Truck
assign_tr25_Pcp153;Assign Truck
assign_tr40_Pcp100;Assign Truck
assign_tr4_Pcp252;Assign Truck
issue_ticket_tr20_Pcp202;Issue the Weighing Ticket
input_tally_tr20_Pcp202;Input the Tally Sheet
eval_tr20exit_Pcp202;Evaluate the Truck Exit
enter_tr40_Pcp100;Enter the port
assign_tr32_Pcp423;Assign Truck
exit_tr20_Pcp202;Exit the port
weigh_loaded_tr10_Pcp355;Weigh the Loaded Truck
enter_tr25_Pcp153;Enter the port
enter_tr32_Pcp423;Enter the port
assign_tr8_Pcp419;Assign Truck
enter_tr4_Pcp252;Enter the port
assign_tr15_Pcp411;Assign Truck
register_arrival_tr7_Pcp77;Register the truck arrival
register_arrival_tr40_Pcp100;Register the truck arrival
issue_ticket_tr10_Pcp355;Issue the Weighing Ticket
input_tally_tr10_Pcp355;Input the Tally Sheet
eval_tr10exit_Pcp355;Evaluate the Truck Exit
enter_tr8_Pcp419;Enter the port
exit_tr10_Pcp355;Exit the port
enter_tr15_Pcp411;Enter the port
register_arrival_tr32_Pcp423;Register the truck arrival
register_arrival_tr4_Pcp252;Register the truck arrival
register_arrival_tr15_Pcp411;Register the truck arrival
assign_tr38_Pcp284;Assign Truck
weigh_empty_tr40_Pcp100;Weigh the Empty Truck
register_arrival_tr25_Pcp153;Register the truck arrival
weigh_empty_tr4_Pcp252;Weigh the Empty Truck
weigh_empty_tr15_Pcp411;Weigh the Empty Truck
weigh_empty_tr7_Pcp77;Weigh the Empty Truck
check_abnorm_tr4_Pcp252;Check Empty Truck Weight Abnormality
check_abnorm_tr15_Pcp411;Check Empty Truck Weight Abnormality
arrive_Silo16_tr4_Pcp252;Arrive at the Silo
check_abnorm_tr7_Pcp77;Check Empty Truck Weight Abnormality
check_abnorm_tr40_Pcp100;Check Empty Truck Weight Abnormality
weigh_empty_tr32_Pcp423;Weigh the Empty Truck
arrive_Silo16_tr15_Pcp411;Arrive at the Silo
check_abnorm_tr32_Pcp423;Check Empty Truck Weight Abnormality
arrive_Silo6_tr40_Pcp100;Arrive at the Silo
arrive_Silo12_tr7_Pcp77;Arrive at the Silo
arrive_Silo2_tr32_Pcp423;Arrive at the Silo
assign_tr35_Pcp142;Assign Truck
weigh_empty_tr25_Pcp153;Weigh the Empty Truck
determine_continu_tr7_Pcp77_Silo12;Determine the Continuance of the Pickup
determine_continu_tr15_Pcp411_Silo16;Determine the Continuance of the Pickup
enter_tr35_Pcp142;Enter the port
assign_tr33_Pcp370;Assign Truck
assign_tr18_Pcp396;Assign Truck
register_arrival_tr8_Pcp419;Register the truck arrival
enter_tr38_Pcp284;Enter the port
check_abnorm_tr25_Pcp153;Check Empty Truck Weight Abnormality
register_arrival_tr35_Pcp142;Register the truck arrival
load_tr15_Pcp411;Load Truck
load_tr7_Pcp77;Load Truck
assign_tr11_Pcp408;Assign Truck
enter_tr33_Pcp370;Enter the port
determine_continu_tr4_Pcp252_Silo16;Determine the Continuance of the Pickup
arrive_Silo5_tr25_Pcp153;Arrive at the Silo
weigh_empty_tr8_Pcp419;Weigh the Empty Truck
enter_tr11_Pcp408;Enter the port
enter_tr18_Pcp396;Enter the port
check_abnorm_tr8_Pcp419;Check Empty Truck Weight Abnormality
load_tr4_Pcp252;Load Truck
weigh_empty_tr35_Pcp142;Weigh the Empty Truck
register_arrival_tr33_Pcp370;Register the truck arrival
register_arrival_tr18_Pcp396;Register the truck arrival
arrive_Silo16_tr8_Pcp419;Arrive at the Silo
register_arrival_tr44_Pcp159;Register the truck arrival
check_abnorm_tr35_Pcp142;Check Empty Truck Weight Abnormality
determine_continu_tr25_Pcp153_Silo5;Determine the Continuance of the Pickup
assign_tr45_Pcp296;Assign Truck
arrive_Silo2_tr35_Pcp142;Arrive at the Silo
register_arrival_tr11_Pcp408;Register the truck arrival
load_tr25_Pcp153;Load Truck
enter_tr45_Pcp296;Enter the port
weigh_empty_tr33_Pcp370;Weigh the Empty Truck
weigh_empty_tr44_Pcp159;Weigh the Empty Truck
weigh_empty_tr18_Pcp396;Weigh the Empty Truck
check_abnorm_tr33_Pcp370;Check Empty Truck Weight Abnormality
determine_continu_tr32_Pcp423_Silo2;Determine the Continuance of the Pickup
check_abnorm_tr44_Pcp159;Check Empty Truck Weight Abnormality
determine_continu_tr8_Pcp419_Silo16;Determine the Continuance of the Pickup
arrive_Silo6_tr33_Pcp370;Arrive at the Silo
register_arrival_tr45_Pcp296;Register the truck arrival
fail_load_tr32_Pcp423;Fail to Load
arrive_Silo1_tr44_Pcp159;Arrive at the Silo
determine_continu_tr40_Pcp100_Silo6;Determine the Continuance of the Pickup
check_abnorm_tr18_Pcp396;Check Empty Truck Weight Abnormality
weigh_empty_tr11_Pcp408;Weigh the Empty Truck
determine_continu_tr33_Pcp370_Silo6;Determine the Continuance of the Pickup
load_tr40_Pcp100;Load Truck
arrive_Silo2_tr18_Pcp396;Arrive at the Silo
load_tr8_Pcp419;Load Truck
weigh_empty_tr45_Pcp296;Weigh the Empty Truck
check_abnorm_tr11_Pcp408;Check Empty Truck Weight Abnormality
assign_tr29_Pcp117;Assign Truck
arrive_Silo10_tr11_Pcp408;Arrive at the Silo
weigh_loaded_tr15_Pcp411;Weigh the Loaded Truck
check_abnorm_tr45_Pcp296;Check Empty Truck Weight Abnormality
determine_continu_tr35_Pcp142_Silo2;Determine the Continuance of the Pickup
determine_continu_tr18_Pcp396_Silo2;Determine the Continuance of the Pickup
arrive_Silo13_tr45_Pcp296;Arrive at the Silo
load_tr33_Pcp370;Load Truck
fail_load_tr35_Pcp142;Fail to Load
assign_tr46_Pcp476;Assign Truck
load_tr18_Pcp396;Load Truck
assign_tr19_Pcp131;Assign Truck
determine_continu_tr44_Pcp159_Silo1;Determine the Continuance of the Pickup
register_arrival_tr38_Pcp284;Register the truck arrival
weigh_loaded_tr25_Pcp153;Weigh the Loaded Truck
load_tr44_Pcp159;Load Truck
enter_tr29_Pcp117;Enter the port
register_arrival_tr29_Pcp117;Register the truck arrival
weigh_loaded_tr7_Pcp77;Weigh the Loaded Truck
determine_continu_tr11_Pcp408_Silo10;Determine the Continuance of the Pickup
issue_ticket_tr15_Pcp411;Issue the Weighing Ticket
input_tally_tr15_Pcp411;Input the Tally Sheet
enter_tr19_Pcp131;Enter the port
assign_tr17_Pcp275;Assign Truck
eval_tr15exit_Pcp411;Evaluate the Truck Exit
exit_tr15_Pcp411;Exit the port
weigh_empty_tr38_Pcp284;Weigh the Empty Truck
determine_continu_tr45_Pcp296_Silo13;Determine the Continuance of the Pickup
enter_tr17_Pcp275;Enter the port
register_arrival_tr19_Pcp131;Register the truck arrival
issue_ticket_tr25_Pcp153;Issue the Weighing Ticket
enter_tr46_Pcp476;Enter the port
input_tally_tr25_Pcp153;Input the Tally Sheet
weigh_empty_tr29_Pcp117;Weigh the Empty Truck
eval_tr25exit_Pcp153;Evaluate the Truck Exit
load_tr11_Pcp408;Load Truck
exit_tr25_Pcp153;Exit the port
check_abnorm_tr38_Pcp284;Check Empty Truck Weight Abnormality
issue_ticket_tr7_Pcp77;Issue the Weighing Ticket
input_tally_tr7_Pcp77;Input the Tally Sheet
eval_tr7exit_Pcp77;Evaluate the Truck Exit
check_abnorm_tr29_Pcp117;Check Empty Truck Weight Abnormality
arrive_Silo8_tr38_Pcp284;Arrive at the Silo
arrive_Silo13_tr29_Pcp117;Arrive at the Silo
exit_tr7_Pcp77;Exit the port
load_tr45_Pcp296;Load Truck
weigh_loaded_tr33_Pcp370;Weigh the Loaded Truck
weigh_empty_tr19_Pcp131;Weigh the Empty Truck
check_abnorm_tr19_Pcp131;Check Empty Truck Weight Abnormality
determine_continu_tr29_Pcp117_Silo13;Determine the Continuance of the Pickup
arrive_Silo10_tr19_Pcp131;Arrive at the Silo
load_tr29_Pcp117;Load Truck
assign_tr42_Pcp171;Assign Truck
register_arrival_tr46_Pcp476;Register the truck arrival
enter_tr42_Pcp171;Enter the port
determine_continu_tr19_Pcp131_Silo10;Determine the Continuance of the Pickup
weigh_empty_tr46_Pcp476;Weigh the Empty Truck
assign_tr1_Pcp398;Assign Truck
assign_tr31_Pcp211;Assign Truck
load_tr19_Pcp131;Load Truck
weigh_loaded_tr40_Pcp100;Weigh the Loaded Truck
enter_tr31_Pcp211;Enter the port
check_abnorm_tr46_Pcp476;Check Empty Truck Weight Abnormality
register_arrival_tr17_Pcp275;Register the truck arrival
issue_ticket_tr40_Pcp100;Issue the Weighing Ticket
weigh_loaded_tr18_Pcp396;Weigh the Loaded Truck
input_tally_tr40_Pcp100;Input the Tally Sheet
register_arrival_tr31_Pcp211;Register the truck arrival
eval_tr40exit_Pcp100;Evaluate the Truck Exit
weigh_loaded_tr45_Pcp296;Weigh the Loaded Truck
arrive_Silo16_tr46_Pcp476;Arrive at the Silo
determine_continu_tr38_Pcp284_Silo8;Determine the Continuance of the Pickup
exit_tr40_Pcp100;Exit the port
load_tr38_Pcp284;Load Truck
issue_ticket_tr18_Pcp396;Issue the Weighing Ticket
input_tally_tr18_Pcp396;Input the Tally Sheet
eval_tr18exit_Pcp396;Evaluate the Truck Exit
weigh_empty_tr17_Pcp275;Weigh the Empty Truck
determine_continu_tr46_Pcp476_Silo16;Determine the Continuance of the Pickup
issue_ticket_tr33_Pcp370;Issue the Weighing Ticket
input_tally_tr33_Pcp370;Input the Tally Sheet
eval_tr33exit_Pcp370;Evaluate the Truck Exit
enter_tr1_Pcp398;Enter the port
register_arrival_tr42_Pcp171;Register the truck arrival
exit_tr18_Pcp396;Exit the port
check_abnorm_tr17_Pcp275;Check Empty Truck Weight Abnormality
weigh_empty_tr31_Pcp211;Weigh the Empty Truck
exit_tr33_Pcp370;Exit the port
register_arrival_tr1_Pcp398;Register the truck arrival
issue_ticket_tr45_Pcp296;Issue the Weighing Ticket
input_tally_tr45_Pcp296;Input the Tally Sheet
eval_tr45exit_Pcp296;Evaluate the Truck Exit
arrive_Silo2_tr17_Pcp275;Arrive at the Silo
check_abnorm_tr31_Pcp211;Check Empty Truck Weight Abnormality
arrive_Silo19_tr31_Pcp211;Arrive at the Silo
exit_tr45_Pcp296;Exit the port
weigh_empty_tr42_Pcp171;Weigh the Empty Truck
check_abnorm_tr42_Pcp171;Check Empty Truck Weight Abnormality
weigh_empty_tr1_Pcp398;Weigh the Empty Truck
load_tr46_Pcp476;Load Truck
arrive_Silo6_tr42_Pcp171;Arrive at the Silo
assign_tr24_Pcp197;Assign Truck
check_abnorm_tr1_Pcp398;Check Empty Truck Weight Abnormality
arrive_Silo9_tr1_Pcp398;Arrive at the Silo
assign_tr37_Pcp72;Assign Truck
determine_continu_tr31_Pcp211_Silo19;Determine the Continuance of the Pickup
determine_continu_tr17_Pcp275_Silo2;Determine the Continuance of the Pickup
assign_tr28_Pcp379;Assign Truck
load_tr31_Pcp211;Load Truck
load_tr17_Pcp275;Load Truck
assign_tr26_Pcp467;Assign Truck
enter_tr26_Pcp467;Enter the port
enter_tr28_Pcp379;Enter the port
enter_tr24_Pcp197;Enter the port
weigh_loaded_tr19_Pcp131;Weigh the Loaded Truck
weigh_loaded_tr38_Pcp284;Weigh the Loaded Truck
enter_tr37_Pcp72;Enter the port
assign_tr43_Pcp309;Assign Truck
register_arrival_tr26_Pcp467;Register the truck arrival
enter_tr43_Pcp309;Enter the port
weigh_loaded_tr31_Pcp211;Weigh the Loaded Truck
register_arrival_tr28_Pcp379;Register the truck arrival
determine_continu_tr1_Pcp398_Silo9;Determine the Continuance of the Pickup
determine_continu_tr42_Pcp171_Silo6;Determine the Continuance of the Pickup
issue_ticket_tr31_Pcp211;Issue the Weighing Ticket
input_tally_tr31_Pcp211;Input the Tally Sheet
assign_tr14_Pcp249;Assign Truck
load_tr1_Pcp398;Load Truck
register_arrival_tr24_Pcp197;Register the truck arrival
eval_tr31exit_Pcp211;Evaluate the Truck Exit
exit_tr31_Pcp211;Exit the port
issue_ticket_tr19_Pcp131;Issue the Weighing Ticket
input_tally_tr19_Pcp131;Input the Tally Sheet
eval_tr19exit_Pcp131;Evaluate the Truck Exit
enter_tr14_Pcp249;Enter the port
weigh_loaded_tr46_Pcp476;Weigh the Loaded Truck
weigh_loaded_tr29_Pcp117;Weigh the Loaded Truck
register_arrival_tr37_Pcp72;Register the truck arrival
weigh_empty_tr26_Pcp467;Weigh the Empty Truck
register_arrival_tr14_Pcp249;Register the truck arrival
check_abnorm_tr26_Pcp467;Check Empty Truck Weight Abnormality
weigh_empty_tr28_Pcp379;Weigh the Empty Truck
weigh_loaded_tr4_Pcp252;Weigh the Loaded Truck
check_abnorm_tr28_Pcp379;Check Empty Truck Weight Abnormality
exit_tr19_Pcp131;Exit the port
arrive_Silo12_tr26_Pcp467;Arrive at the Silo
assign_tr23_Pcp270;Assign Truck
load_tr42_Pcp171;Load Truck
register_arrival_tr43_Pcp309;Register the truck arrival
issue_ticket_tr29_Pcp117;Issue the Weighing Ticket
input_tally_tr29_Pcp117;Input the Tally Sheet
issue_ticket_tr38_Pcp284;Issue the Weighing Ticket
input_tally_tr38_Pcp284;Input the Tally Sheet
enter_tr23_Pcp270;Enter the port
eval_tr29exit_Pcp117;Evaluate the Truck Exit
arrive_Silo4_tr28_Pcp379;Arrive at the Silo
weigh_empty_tr37_Pcp72;Weigh the Empty Truck
exit_tr29_Pcp117;Exit the port
eval_tr38exit_Pcp284;Evaluate the Truck Exit
register_arrival_tr23_Pcp270;Register the truck arrival
determine_continu_tr26_Pcp467_Silo12;Determine the Continuance of the Pickup
check_abnorm_tr37_Pcp72;Check Empty Truck Weight Abnormality
weigh_empty_tr14_Pcp249;Weigh the Empty Truck
weigh_empty_tr24_Pcp197;Weigh the Empty Truck
issue_ticket_tr4_Pcp252;Issue the Weighing Ticket
input_tally_tr4_Pcp252;Input the Tally Sheet
eval_tr4exit_Pcp252;Evaluate the Truck Exit
arrive_Silo14_tr37_Pcp72;Arrive at the Silo
exit_tr38_Pcp284;Exit the port
exit_tr4_Pcp252;Exit the port
check_abnorm_tr14_Pcp249;Check Empty Truck Weight Abnormality
check_abnorm_tr24_Pcp197;Check Empty Truck Weight Abnormality
load_tr26_Pcp467;Load Truck
arrive_Silo20_tr14_Pcp249;Arrive at the Silo
arrive_Silo13_tr24_Pcp197;Arrive at the Silo
weigh_loaded_tr44_Pcp159;Weigh the Loaded Truck
weigh_empty_tr23_Pcp270;Weigh the Empty Truck
weigh_empty_tr43_Pcp309;Weigh the Empty Truck
check_abnorm_tr23_Pcp270;Check Empty Truck Weight Abnormality
issue_ticket_tr44_Pcp159;Issue the Weighing Ticket
input_tally_tr44_Pcp159;Input the Tally Sheet
eval_tr44exit_Pcp159;Evaluate the Truck Exit
determine_continu_tr24_Pcp197_Silo13;Determine the Continuance of the Pickup
arrive_Silo6_tr23_Pcp270;Arrive at the Silo
check_abnorm_tr43_Pcp309;Check Empty Truck Weight Abnormality
issue_ticket_tr46_Pcp476;Issue the Weighing Ticket
input_tally_tr46_Pcp476;Input the Tally Sheet
eval_tr46exit_Pcp476;Evaluate the Truck Exit
determine_continu_tr37_Pcp72_Silo14;Determine the Continuance of the Pickup
exit_tr46_Pcp476;Exit the port
arrive_Silo14_tr43_Pcp309;Arrive at the Silo
exit_tr44_Pcp159;Exit the port
assign_tr6_Pcp435;Assign Truck
load_tr24_Pcp197;Load Truck
load_tr37_Pcp72;Load Truck
determine_continu_tr23_Pcp270_Silo6;Determine the Continuance of the Pickup
determine_continu_tr28_Pcp379_Silo4;Determine the Continuance of the Pickup
weigh_loaded_tr42_Pcp171;Weigh the Loaded Truck
enter_tr6_Pcp435;Enter the port
load_tr28_Pcp379;Load Truck
assign_tr27_Pcp172;Assign Truck
load_tr23_Pcp270;Load Truck
weigh_loaded_tr11_Pcp408;Weigh the Loaded Truck
enter_tr27_Pcp172;Enter the port
issue_ticket_tr42_Pcp171;Issue the Weighing Ticket
input_tally_tr42_Pcp171;Input the Tally Sheet
eval_tr42exit_Pcp171;Evaluate the Truck Exit
register_arrival_tr6_Pcp435;Register the truck arrival
exit_tr42_Pcp171;Exit the port
determine_continu_tr14_Pcp249_Silo20;Determine the Continuance of the Pickup
assign_tr39_Pcp473;Assign Truck
enter_tr39_Pcp473;Enter the port
determine_continu_tr43_Pcp309_Silo14;Determine the Continuance of the Pickup
register_arrival_tr27_Pcp172;Register the truck arrival
issue_ticket_tr11_Pcp408;Issue the Weighing Ticket
input_tally_tr11_Pcp408;Input the Tally Sheet
eval_tr11exit_Pcp408;Evaluate the Truck Exit
load_tr14_Pcp249;Load Truck
weigh_empty_tr6_Pcp435;Weigh the Empty Truck
register_arrival_tr39_Pcp473;Register the truck arrival
exit_tr11_Pcp408;Exit the port
check_abnorm_tr6_Pcp435;Check Empty Truck Weight Abnormality
arrive_Silo18_tr6_Pcp435;Arrive at the Silo
weigh_empty_tr27_Pcp172;Weigh the Empty Truck
check_abnorm_tr27_Pcp172;Check Empty Truck Weight Abnormality
weigh_loaded_tr17_Pcp275;Weigh the Loaded Truck
arrive_Silo16_tr27_Pcp172;Arrive at the Silo
load_tr43_Pcp309;Load Truck
weigh_loaded_tr23_Pcp270;Weigh the Loaded Truck
weigh_empty_tr39_Pcp473;Weigh the Empty Truck
check_abnorm_tr39_Pcp473;Check Empty Truck Weight Abnormality
arrive_Silo3_tr39_Pcp473;Arrive at the Silo
weigh_loaded_tr24_Pcp197;Weigh the Loaded Truck
weigh_loaded_tr49_Pcp487;Weigh the Loaded Truck
assign_tr9_Pcp253;Assign Truck
issue_ticket_tr49_Pcp487;Issue the Weighing Ticket
input_tally_tr49_Pcp487;Input the Tally Sheet
determine_continu_tr39_Pcp473_Silo3;Determine the Continuance of the Pickup
eval_tr49exit_Pcp487;Evaluate the Truck Exit
issue_ticket_tr23_Pcp270;Issue the Weighing Ticket
input_tally_tr23_Pcp270;Input the Tally Sheet
determine_continu_tr27_Pcp172_Silo16;Determine the Continuance of the Pickup
eval_tr23exit_Pcp270;Evaluate the Truck Exit
exit_tr49_Pcp487;Exit the port
exit_tr23_Pcp270;Exit the port
load_tr27_Pcp172;Load Truck
load_tr39_Pcp473;Load Truck
issue_ticket_tr24_Pcp197;Issue the Weighing Ticket
input_tally_tr24_Pcp197;Input the Tally Sheet
eval_tr24exit_Pcp197;Evaluate the Truck Exit
weigh_loaded_tr1_Pcp398;Weigh the Loaded Truck
issue_ticket_tr17_Pcp275;Issue the Weighing Ticket
input_tally_tr17_Pcp275;Input the Tally Sheet
eval_tr17exit_Pcp275;Evaluate the Truck Exit
determine_continu_tr6_Pcp435_Silo18;Determine the Continuance of the Pickup
exit_tr24_Pcp197;Exit the port
exit_tr17_Pcp275;Exit the port
load_tr6_Pcp435;Load Truck
issue_ticket_tr1_Pcp398;Issue the Weighing Ticket
input_tally_tr1_Pcp398;Input the Tally Sheet
eval_tr1exit_Pcp398;Evaluate the Truck Exit
exit_tr1_Pcp398;Exit the port
enter_tr9_Pcp253;Enter the port
register_arrival_tr9_Pcp253;Register the truck arrival
assign_tr16_Pcp465;Assign Truck
weigh_empty_tr9_Pcp253;Weigh the Empty Truck
enter_tr16_Pcp465;Enter the port
weigh_loaded_tr8_Pcp419;Weigh the Loaded Truck
check_abnorm_tr9_Pcp253;Check Empty Truck Weight Abnormality
weigh_loaded_tr26_Pcp467;Weigh the Loaded Truck
weigh_loaded_tr28_Pcp379;Weigh the Loaded Truck
issue_ticket_tr8_Pcp419;Issue the Weighing Ticket
input_tally_tr8_Pcp419;Input the Tally Sheet
eval_tr8exit_Pcp419;Evaluate the Truck Exit
arrive_Silo13_tr9_Pcp253;Arrive at the Silo
exit_tr8_Pcp419;Exit the port
weigh_loaded_tr37_Pcp72;Weigh the Loaded Truck
register_arrival_tr16_Pcp465;Register the truck arrival
issue_ticket_tr26_Pcp467;Issue the Weighing Ticket
input_tally_tr26_Pcp467;Input the Tally Sheet
eval_tr26exit_Pcp467;Evaluate the Truck Exit
weigh_loaded_tr43_Pcp309;Weigh the Loaded Truck
exit_tr26_Pcp467;Exit the port
issue_ticket_tr28_Pcp379;Issue the Weighing Ticket
input_tally_tr28_Pcp379;Input the Tally Sheet
weigh_empty_tr16_Pcp465;Weigh the Empty Truck
eval_tr28exit_Pcp379;Evaluate the Truck Exit
check_abnorm_tr16_Pcp465;Check Empty Truck Weight Abnormality
issue_ticket_tr37_Pcp72;Issue the Weighing Ticket
input_tally_tr37_Pcp72;Input the Tally Sheet
eval_tr37exit_Pcp72;Evaluate the Truck Exit
arrive_Silo20_tr16_Pcp465;Arrive at the Silo
exit_tr37_Pcp72;Exit the port
exit_tr28_Pcp379;Exit the port
issue_ticket_tr43_Pcp309;Issue the Weighing Ticket
input_tally_tr43_Pcp309;Input the Tally Sheet
eval_tr43exit_Pcp309;Evaluate the Truck Exit
exit_tr43_Pcp309;Exit the port
determine_continu_tr9_Pcp253_Silo13;Determine the Continuance of the Pickup
assign_tr5_Pcp454;Assign Truck
enter_tr5_Pcp454;Enter the port
load_tr9_Pcp253;Load Truck
register_arrival_tr5_Pcp454;Register the truck arrival
weigh_loaded_tr27_Pcp172;Weigh the Loaded Truck
determine_continu_tr16_Pcp465_Silo20;Determine the Continuance of the Pickup
load_tr16_Pcp465;Load Truck
issue_ticket_tr27_Pcp172;Issue the Weighing Ticket
input_tally_tr27_Pcp172;Input the Tally Sheet
eval_tr27exit_Pcp172;Evaluate the Truck Exit
weigh_empty_tr5_Pcp454;Weigh the Empty Truck
check_abnorm_tr5_Pcp454;Check Empty Truck Weight Abnormality
arrive_Silo14_tr5_Pcp454;Arrive at the Silo
exit_tr27_Pcp172;Exit the port
determine_continu_tr5_Pcp454_Silo14;Determine the Continuance of the Pickup
weigh_loaded_tr9_Pcp253;Weigh the Loaded Truck
weigh_loaded_tr39_Pcp473;Weigh the Loaded Truck
load_tr5_Pcp454;Load Truck
issue_ticket_tr39_Pcp473;Issue the Weighing Ticket
input_tally_tr39_Pcp473;Input the Tally Sheet
eval_tr39exit_Pcp473;Evaluate the Truck Exit
exit_tr39_Pcp473;Exit the port
weigh_loaded_tr6_Pcp435;Weigh the Loaded Truck
issue_ticket_tr9_Pcp253;Issue the Weighing Ticket
input_tally_tr9_Pcp253;Input the Tally Sheet
eval_tr9exit_Pcp253;Evaluate the Truck Exit
issue_ticket_tr6_Pcp435;Issue the Weighing Ticket
input_tally_tr6_Pcp435;Input the Tally Sheet
exit_tr9_Pcp253;Exit the port
eval_tr6exit_Pcp435;Evaluate the Truck Exit
exit_tr6_Pcp435;Exit the port
weigh_loaded_tr14_Pcp249;Weigh the Loaded Truck
issue_ticket_tr14_Pcp249;Issue the Weighing Ticket
input_tally_tr14_Pcp249;Input the Tally Sheet
eval_tr14exit_Pcp249;Evaluate the Truck Exit
exit_tr14_Pcp249;Exit the port
weigh_loaded_tr16_Pcp465;Weigh the Loaded Truck
issue_ticket_tr16_Pcp465;Issue the Weighing Ticket
input_tally_tr16_Pcp465;Input the Tally Sheet
eval_tr16exit_Pcp465;Evaluate the Truck Exit
exit_tr16_Pcp465;Exit the port
assign_tr48_Pcp268;Assign Truck
enter_tr48_Pcp268;Enter the port
register_arrival_tr48_Pcp268;Register the truck arrival
assign_tr41_Pcp76;Assign Truck
weigh_empty_tr48_Pcp268;Weigh the Empty Truck
check_abnorm_tr48_Pcp268;Check Empty Truck Weight Abnormality
arrive_Silo10_tr48_Pcp268;Arrive at the Silo
determine_continu_tr48_Pcp268_Silo10;Determine the Continuance of the Pickup
enter_tr41_Pcp76;Enter the port
load_tr48_Pcp268;Load Truck
register_arrival_tr41_Pcp76;Register the truck arrival
weigh_loaded_tr5_Pcp454;Weigh the Loaded Truck
issue_ticket_tr5_Pcp454;Issue the Weighing Ticket
input_tally_tr5_Pcp454;Input the Tally Sheet
eval_tr5exit_Pcp454;Evaluate the Truck Exit
weigh_empty_tr41_Pcp76;Weigh the Empty Truck
exit_tr5_Pcp454;Exit the port
check_abnorm_tr41_Pcp76;Check Empty Truck Weight Abnormality
arrive_Silo19_tr41_Pcp76;Arrive at the Silo
determine_continu_tr41_Pcp76_Silo19;Determine the Continuance of the Pickup
load_tr41_Pcp76;Load Truck
assign_tr34_Pcp383;Assign Truck
weigh_loaded_tr48_Pcp268;Weigh the Loaded Truck
enter_tr34_Pcp383;Enter the port
register_arrival_tr34_Pcp383;Register the truck arrival
issue_ticket_tr48_Pcp268;Issue the Weighing Ticket
input_tally_tr48_Pcp268;Input the Tally Sheet
eval_tr48exit_Pcp268;Evaluate the Truck Exit
exit_tr48_Pcp268;Exit the port
weigh_empty_tr34_Pcp383;Weigh the Empty Truck
check_abnorm_tr34_Pcp383;Check Empty Truck Weight Abnormality
arrive_Silo13_tr34_Pcp383;Arrive at the Silo
determine_continu_tr34_Pcp383_Silo13;Determine the Continuance of the Pickup
weigh_loaded_tr41_Pcp76;Weigh the Loaded Truck
load_tr34_Pcp383;Load Truck
issue_ticket_tr41_Pcp76;Issue the Weighing Ticket
input_tally_tr41_Pcp76;Input the Tally Sheet
eval_tr41exit_Pcp76;Evaluate the Truck Exit
exit_tr41_Pcp76;Exit the port
weigh_loaded_tr34_Pcp383;Weigh the Loaded Truck
issue_ticket_tr34_Pcp383;Issue the Weighing Ticket
input_tally_tr34_Pcp383;Input the Tally Sheet
eval_tr34exit_Pcp383;Evaluate the Truck Exit
exit_tr34_Pcp383;Exit the port
assign_tr50_Pcp452;Assign Truck
enter_tr50_Pcp452;Enter the port
register_arrival_tr50_Pcp452;Register the truck arrival
assign_tr2_Pcp460;Assign Truck
weigh_empty_tr50_Pcp452;Weigh the Empty Truck
enter_tr2_Pcp460;Enter the port
check_abnorm_tr50_Pcp452;Check Empty Truck Weight Abnormality
arrive_Silo17_tr50_Pcp452;Arrive at the Silo
register_arrival_tr2_Pcp460;Register the truck arrival
assign_tr12_Pcp45;Assign Truck
assign_tr13_Pcp369;Assign Truck
enter_tr13_Pcp369;Enter the port
weigh_empty_tr2_Pcp460;Weigh the Empty Truck
check_abnorm_tr2_Pcp460;Check Empty Truck Weight Abnormality
arrive_Silo2_tr2_Pcp460;Arrive at the Silo
enter_tr12_Pcp45;Enter the port
determine_continu_tr2_Pcp460_Silo2;Determine the Continuance of the Pickup
register_arrival_tr13_Pcp369;Register the truck arrival
load_tr2_Pcp460;Load Truck
register_arrival_tr12_Pcp45;Register the truck arrival
determine_continu_tr50_Pcp452_Silo17;Determine the Continuance of the Pickup
assign_tr47_Pcp217;Assign Truck
load_tr50_Pcp452;Load Truck
enter_tr47_Pcp217;Enter the port
weigh_empty_tr12_Pcp45;Weigh the Empty Truck
weigh_empty_tr13_Pcp369;Weigh the Empty Truck
check_abnorm_tr13_Pcp369;Check Empty Truck Weight Abnormality
register_arrival_tr47_Pcp217;Register the truck arrival
check_abnorm_tr12_Pcp45;Check Empty Truck Weight Abnormality
arrive_Silo12_tr13_Pcp369;Arrive at the Silo
arrive_Silo6_tr12_Pcp45;Arrive at the Silo
assign_tr36_Pcp327;Assign Truck
weigh_empty_tr47_Pcp217;Weigh the Empty Truck
check_abnorm_tr47_Pcp217;Check Empty Truck Weight Abnormality
arrive_Silo19_tr47_Pcp217;Arrive at the Silo
determine_continu_tr13_Pcp369_Silo12;Determine the Continuance of the Pickup
determine_continu_tr47_Pcp217_Silo19;Determine the Continuance of the Pickup
load_tr47_Pcp217;Load Truck
enter_tr36_Pcp327;Enter the port
determine_continu_tr12_Pcp45_Silo6;Determine the Continuance of the Pickup
load_tr13_Pcp369;Load Truck
load_tr12_Pcp45;Load Truck
register_arrival_tr36_Pcp327;Register the truck arrival
weigh_empty_tr36_Pcp327;Weigh the Empty Truck
check_abnorm_tr36_Pcp327;Check Empty Truck Weight Abnormality
arrive_Silo10_tr36_Pcp327;Arrive at the Silo
weigh_loaded_tr13_Pcp369;Weigh the Loaded Truck
weigh_loaded_tr47_Pcp217;Weigh the Loaded Truck
issue_ticket_tr13_Pcp369;Issue the Weighing Ticket
input_tally_tr13_Pcp369;Input the Tally Sheet
eval_tr13exit_Pcp369;Evaluate the Truck Exit
exit_tr13_Pcp369;Exit the port
determine_continu_tr36_Pcp327_Silo10;Determine the Continuance of the Pickup
issue_ticket_tr47_Pcp217;Issue the Weighing Ticket
input_tally_tr47_Pcp217;Input the Tally Sheet
eval_tr47exit_Pcp217;Evaluate the Truck Exit
exit_tr47_Pcp217;Exit the port
load_tr36_Pcp327;Load Truck
weigh_loaded_tr2_Pcp460;Weigh the Loaded Truck
issue_ticket_tr2_Pcp460;Issue the Weighing Ticket
input_tally_tr2_Pcp460;Input the Tally Sheet
eval_tr2exit_Pcp460;Evaluate the Truck Exit
exit_tr2_Pcp460;Exit the port
weigh_loaded_tr36_Pcp327;Weigh the Loaded Truck
weigh_loaded_tr50_Pcp452;Weigh the Loaded Truck
issue_ticket_tr36_Pcp327;Issue the Weighing Ticket
input_tally_tr36_Pcp327;Input the Tally Sheet
assign_tr22_Pcp141;Assign Truck
eval_tr36exit_Pcp327;Evaluate the Truck Exit
exit_tr36_Pcp327;Exit the port
issue_ticket_tr50_Pcp452;Issue the Weighing Ticket
input_tally_tr50_Pcp452;Input the Tally Sheet
eval_tr50exit_Pcp452;Evaluate the Truck Exit
enter_tr22_Pcp141;Enter the port
exit_tr50_Pcp452;Exit the port
register_arrival_tr22_Pcp141;Register the truck arrival
assign_tr3_Pcp484;Assign Truck
weigh_loaded_tr12_Pcp45;Weigh the Loaded Truck
weigh_empty_tr22_Pcp141;Weigh the Empty Truck
enter_tr3_Pcp484;Enter the port
check_abnorm_tr22_Pcp141;Check Empty Truck Weight Abnormality
register_arrival_tr3_Pcp484;Register the truck arrival
arrive_Silo2_tr22_Pcp141;Arrive at the Silo
issue_ticket_tr12_Pcp45;Issue the Weighing Ticket
input_tally_tr12_Pcp45;Input the Tally Sheet
eval_tr12exit_Pcp45;Evaluate the Truck Exit
determine_continu_tr22_Pcp141_Silo2;Determine the Continuance of the Pickup
exit_tr12_Pcp45;Exit the port
load_tr22_Pcp141;Load Truck
weigh_empty_tr3_Pcp484;Weigh the Empty Truck
check_abnorm_tr3_Pcp484;Check Empty Truck Weight Abnormality
arrive_Silo12_tr3_Pcp484;Arrive at the Silo
determine_continu_tr3_Pcp484_Silo12;Determine the Continuance of the Pickup
load_tr3_Pcp484;Load Truck
weigh_loaded_tr22_Pcp141;Weigh the Loaded Truck
issue_ticket_tr22_Pcp141;Issue the Weighing Ticket
input_tally_tr22_Pcp141;Input the Tally Sheet
eval_tr22exit_Pcp141;Evaluate the Truck Exit
exit_tr22_Pcp141;Exit the port
weigh_loaded_tr3_Pcp484;Weigh the Loaded Truck
issue_ticket_tr3_Pcp484;Issue the Weighing Ticket
input_tally_tr3_Pcp484;Input the Tally Sheet
eval_tr3exit_Pcp484;Evaluate the Truck Exit
exit_tr3_Pcp484;Exit the port
lodge_Pcp297;Lodge Pickup Plan
lodge_Pcp425;Lodge Pickup Plan
assess_Pcp297;Assess Pickup Plan
assess_Pcp425;Assess Pickup Plan
approve_Pcp297;Approve Pickup Plan
approve_Pcp425;Approve Pickup Plan
lodge_Pcp192;Lodge Pickup Plan
assess_Pcp192;Assess Pickup Plan
approve_Pcp192;Approve Pickup Plan
assign_tr21_Pcp408;Assign Truck
enter_tr21_Pcp408;Enter the port
assign_tr30_Pcp290;Assign Truck
register_arrival_tr21_Pcp408;Register the truck arrival
weigh_empty_tr21_Pcp408;Weigh the Empty Truck
check_abnorm_tr21_Pcp408;Check Empty Truck Weight Abnormality
enter_tr30_Pcp290;Enter the port
arrive_Silo10_tr21_Pcp408;Arrive at the Silo
register_arrival_tr30_Pcp290;Register the truck arrival
weigh_empty_tr30_Pcp290;Weigh the Empty Truck
check_abnorm_tr30_Pcp290;Check Empty Truck Weight Abnormality
arrive_Silo16_tr30_Pcp290;Arrive at the Silo
determine_continu_tr21_Pcp408_Silo10;Determine the Continuance of the Pickup
load_tr21_Pcp408;Load Truck
determine_continu_tr30_Pcp290_Silo16;Determine the Continuance of the Pickup
load_tr30_Pcp290;Load Truck
assign_tr20_Pcp395;Assign Truck
enter_tr20_Pcp395;Enter the port
register_arrival_tr20_Pcp395;Register the truck arrival
weigh_empty_tr20_Pcp395;Weigh the Empty Truck
assign_tr10_Pcp221;Assign Truck
check_abnorm_tr20_Pcp395;Check Empty Truck Weight Abnormality
enter_tr10_Pcp221;Enter the port
arrive_Silo9_tr20_Pcp395;Arrive at the Silo
register_arrival_tr10_Pcp221;Register the truck arrival
weigh_empty_tr10_Pcp221;Weigh the Empty Truck
check_abnorm_tr10_Pcp221;Check Empty Truck Weight Abnormality
arrive_Silo14_tr10_Pcp221;Arrive at the Silo
determine_continu_tr20_Pcp395_Silo9;Determine the Continuance of the Pickup
load_tr20_Pcp395;Load Truck
determine_continu_tr10_Pcp221_Silo14;Determine the Continuance of the Pickup
load_tr10_Pcp221;Load Truck
assign_tr32_Pcp339;Assign Truck
enter_tr32_Pcp339;Enter the port
register_arrival_tr32_Pcp339;Register the truck arrival
assign_tr35_Pcp56;Assign Truck
weigh_loaded_tr21_Pcp408;Weigh the Loaded Truck
weigh_loaded_tr30_Pcp290;Weigh the Loaded Truck
issue_ticket_tr21_Pcp408;Issue the Weighing Ticket
input_tally_tr21_Pcp408;Input the Tally Sheet
eval_tr21exit_Pcp408;Evaluate the Truck Exit
exit_tr21_Pcp408;Exit the port
issue_ticket_tr30_Pcp290;Issue the Weighing Ticket
input_tally_tr30_Pcp290;Input the Tally Sheet
eval_tr30exit_Pcp290;Evaluate the Truck Exit
weigh_empty_tr32_Pcp339;Weigh the Empty Truck
check_abnorm_tr32_Pcp339;Check Empty Truck Weight Abnormality
assign_tr15_Pcp257;Assign Truck
arrive_Silo2_tr32_Pcp339;Arrive at the Silo
enter_tr15_Pcp257;Enter the port
assign_tr25_Pcp365;Assign Truck
exit_tr30_Pcp290;Exit the port
enter_tr25_Pcp365;Enter the port
register_arrival_tr15_Pcp257;Register the truck arrival
assign_tr7_Pcp46;Assign Truck
enter_tr35_Pcp56;Enter the port
weigh_empty_tr15_Pcp257;Weigh the Empty Truck
check_abnorm_tr15_Pcp257;Check Empty Truck Weight Abnormality
enter_tr7_Pcp46;Enter the port
arrive_Silo11_tr15_Pcp257;Arrive at the Silo
determine_continu_tr32_Pcp339_Silo2;Determine the Continuance of the Pickup
register_arrival_tr25_Pcp365;Register the truck arrival
fail_load_tr32_Pcp339;Fail to Load
determine_continu_tr15_Pcp257_Silo11;Determine the Continuance of the Pickup
weigh_empty_tr25_Pcp365;Weigh the Empty Truck
load_tr15_Pcp257;Load Truck
register_arrival_tr35_Pcp56;Register the truck arrival
check_abnorm_tr25_Pcp365;Check Empty Truck Weight Abnormality
assign_tr40_Pcp145;Assign Truck
arrive_Silo14_tr25_Pcp365;Arrive at the Silo
weigh_empty_tr35_Pcp56;Weigh the Empty Truck
assign_tr18_Pcp456;Assign Truck
assign_tr33_Pcp341;Assign Truck
enter_tr40_Pcp145;Enter the port
weigh_loaded_tr10_Pcp221;Weigh the Loaded Truck
assign_tr45_Pcp226;Assign Truck
check_abnorm_tr35_Pcp56;Check Empty Truck Weight Abnormality
enter_tr33_Pcp341;Enter the port
arrive_Silo16_tr35_Pcp56;Arrive at the Silo
determine_continu_tr25_Pcp365_Silo14;Determine the Continuance of the Pickup
issue_ticket_tr10_Pcp221;Issue the Weighing Ticket
input_tally_tr10_Pcp221;Input the Tally Sheet
enter_tr18_Pcp456;Enter the port
eval_tr10exit_Pcp221;Evaluate the Truck Exit
register_arrival_tr33_Pcp341;Register the truck arrival
exit_tr10_Pcp221;Exit the port
register_arrival_tr7_Pcp46;Register the truck arrival
register_arrival_tr40_Pcp145;Register the truck arrival
enter_tr45_Pcp226;Enter the port
weigh_empty_tr7_Pcp46;Weigh the Empty Truck
check_abnorm_tr7_Pcp46;Check Empty Truck Weight Abnormality
load_tr25_Pcp365;Load Truck
arrive_Silo16_tr7_Pcp46;Arrive at the Silo
determine_continu_tr35_Pcp56_Silo16;Determine the Continuance of the Pickup
register_arrival_tr45_Pcp226;Register the truck arrival
weigh_empty_tr33_Pcp341;Weigh the Empty Truck
register_arrival_tr18_Pcp456;Register the truck arrival
determine_continu_tr7_Pcp46_Silo16;Determine the Continuance of the Pickup
check_abnorm_tr33_Pcp341;Check Empty Truck Weight Abnormality
load_tr7_Pcp46;Load Truck
weigh_empty_tr40_Pcp145;Weigh the Empty Truck
load_tr35_Pcp56;Load Truck
check_abnorm_tr40_Pcp145;Check Empty Truck Weight Abnormality
arrive_Silo2_tr33_Pcp341;Arrive at the Silo
arrive_Silo18_tr40_Pcp145;Arrive at the Silo
assign_tr31_Pcp483;Assign Truck
enter_tr31_Pcp483;Enter the port
assign_tr19_Pcp130;Assign Truck
weigh_empty_tr45_Pcp226;Weigh the Empty Truck
register_arrival_tr31_Pcp483;Register the truck arrival
assign_tr29_Pcp163;Assign Truck
enter_tr29_Pcp163;Enter the port
check_abnorm_tr45_Pcp226;Check Empty Truck Weight Abnormality
determine_continu_tr33_Pcp341_Silo2;Determine the Continuance of the Pickup
weigh_loaded_tr20_Pcp395;Weigh the Loaded Truck
fail_load_tr33_Pcp341;Fail to Load
assign_tr4_Pcp346;Assign Truck
arrive_Silo10_tr45_Pcp226;Arrive at the Silo
enter_tr19_Pcp130;Enter the port
assign_tr38_Pcp344;Assign Truck
issue_ticket_tr20_Pcp395;Issue the Weighing Ticket
input_tally_tr20_Pcp395;Input the Tally Sheet
eval_tr20exit_Pcp395;Evaluate the Truck Exit
exit_tr20_Pcp395;Exit the port
enter_tr38_Pcp344;Enter the port
register_arrival_tr19_Pcp130;Register the truck arrival
weigh_empty_tr31_Pcp483;Weigh the Empty Truck
register_arrival_tr38_Pcp344;Register the truck arrival
check_abnorm_tr31_Pcp483;Check Empty Truck Weight Abnormality
weigh_empty_tr18_Pcp456;Weigh the Empty Truck
check_abnorm_tr18_Pcp456;Check Empty Truck Weight Abnormality
arrive_Silo3_tr31_Pcp483;Arrive at the Silo
assign_tr46_Pcp204;Assign Truck
weigh_loaded_tr7_Pcp46;Weigh the Loaded Truck
enter_tr4_Pcp346;Enter the port
arrive_Silo19_tr18_Pcp456;Arrive at the Silo
enter_tr46_Pcp204;Enter the port
issue_ticket_tr7_Pcp46;Issue the Weighing Ticket
input_tally_tr7_Pcp46;Input the Tally Sheet
eval_tr7exit_Pcp46;Evaluate the Truck Exit
weigh_empty_tr19_Pcp130;Weigh the Empty Truck
determine_continu_tr40_Pcp145_Silo18;Determine the Continuance of the Pickup
assign_tr44_Pcp411;Assign Truck
register_arrival_tr46_Pcp204;Register the truck arrival
check_abnorm_tr19_Pcp130;Check Empty Truck Weight Abnormality
determine_continu_tr31_Pcp483_Silo3;Determine the Continuance of the Pickup
weigh_empty_tr38_Pcp344;Weigh the Empty Truck
weigh_loaded_tr35_Pcp56;Weigh the Loaded Truck
exit_tr7_Pcp46;Exit the port
arrive_Silo3_tr19_Pcp130;Arrive at the Silo
enter_tr44_Pcp411;Enter the port
load_tr31_Pcp483;Load Truck
load_tr40_Pcp145;Load Truck
weigh_empty_tr46_Pcp204;Weigh the Empty Truck
check_abnorm_tr38_Pcp344;Check Empty Truck Weight Abnormality
register_arrival_tr4_Pcp346;Register the truck arrival
arrive_Silo20_tr38_Pcp344;Arrive at the Silo
issue_ticket_tr35_Pcp56;Issue the Weighing Ticket
input_tally_tr35_Pcp56;Input the Tally Sheet
check_abnorm_tr46_Pcp204;Check Empty Truck Weight Abnormality
determine_continu_tr18_Pcp456_Silo19;Determine the Continuance of the Pickup
eval_tr35exit_Pcp56;Evaluate the Truck Exit
determine_continu_tr45_Pcp226_Silo10;Determine the Continuance of the Pickup
arrive_Silo20_tr46_Pcp204;Arrive at the Silo
exit_tr35_Pcp56;Exit the port
load_tr18_Pcp456;Load Truck
determine_continu_tr46_Pcp204_Silo20;Determine the Continuance of the Pickup
load_tr45_Pcp226;Load Truck
weigh_loaded_tr25_Pcp365;Weigh the Loaded Truck
weigh_empty_tr4_Pcp346;Weigh the Empty Truck
determine_continu_tr38_Pcp344_Silo20;Determine the Continuance of the Pickup
check_abnorm_tr4_Pcp346;Check Empty Truck Weight Abnormality
assign_tr42_Pcp403;Assign Truck
determine_continu_tr19_Pcp130_Silo3;Determine the Continuance of the Pickup
register_arrival_tr44_Pcp411;Register the truck arrival
issue_ticket_tr25_Pcp365;Issue the Weighing Ticket
input_tally_tr25_Pcp365;Input the Tally Sheet
load_tr46_Pcp204;Load Truck
enter_tr42_Pcp403;Enter the port
load_tr19_Pcp130;Load Truck
arrive_Silo17_tr4_Pcp346;Arrive at the Silo
register_arrival_tr29_Pcp163;Register the truck arrival
eval_tr25exit_Pcp365;Evaluate the Truck Exit
assign_tr11_Pcp107;Assign Truck
load_tr38_Pcp344;Load Truck
weigh_empty_tr29_Pcp163;Weigh the Empty Truck
weigh_loaded_tr40_Pcp145;Weigh the Loaded Truck
weigh_empty_tr44_Pcp411;Weigh the Empty Truck
check_abnorm_tr44_Pcp411;Check Empty Truck Weight Abnormality
exit_tr25_Pcp365;Exit the port
arrive_Silo16_tr44_Pcp411;Arrive at the Silo
weigh_loaded_tr15_Pcp257;Weigh the Loaded Truck
issue_ticket_tr15_Pcp257;Issue the Weighing Ticket
input_tally_tr15_Pcp257;Input the Tally Sheet
determine_continu_tr4_Pcp346_Silo17;Determine the Continuance of the Pickup
check_abnorm_tr29_Pcp163;Check Empty Truck Weight Abnormality
issue_ticket_tr40_Pcp145;Issue the Weighing Ticket
input_tally_tr40_Pcp145;Input the Tally Sheet
eval_tr40exit_Pcp145;Evaluate the Truck Exit
eval_tr15exit_Pcp257;Evaluate the Truck Exit
arrive_Silo1_tr29_Pcp163;Arrive at the Silo
exit_tr40_Pcp145;Exit the port
exit_tr15_Pcp257;Exit the port
weigh_loaded_tr38_Pcp344;Weigh the Loaded Truck
load_tr4_Pcp346;Load Truck
weigh_loaded_tr46_Pcp204;Weigh the Loaded Truck
enter_tr11_Pcp107;Enter the port
determine_continu_tr29_Pcp163_Silo1;Determine the Continuance of the Pickup
issue_ticket_tr46_Pcp204;Issue the Weighing Ticket
input_tally_tr46_Pcp204;Input the Tally Sheet
eval_tr46exit_Pcp204;Evaluate the Truck Exit
register_arrival_tr11_Pcp107;Register the truck arrival
exit_tr46_Pcp204;Exit the port
load_tr29_Pcp163;Load Truck
assign_tr23_Pcp281;Assign Truck
determine_continu_tr44_Pcp411_Silo16;Determine the Continuance of the Pickup
assign_tr49_Pcp360;Assign Truck
issue_ticket_tr38_Pcp344;Issue the Weighing Ticket
input_tally_tr38_Pcp344;Input the Tally Sheet
eval_tr38exit_Pcp344;Evaluate the Truck Exit
enter_tr23_Pcp281;Enter the port
register_arrival_tr42_Pcp403;Register the truck arrival
load_tr44_Pcp411;Load Truck
exit_tr38_Pcp344;Exit the port
assign_tr17_Pcp306;Assign Truck
weigh_empty_tr11_Pcp107;Weigh the Empty Truck
assign_tr24_Pcp436;Assign Truck
check_abnorm_tr11_Pcp107;Check Empty Truck Weight Abnormality
assign_tr1_Pcp396;Assign Truck
weigh_loaded_tr29_Pcp163;Weigh the Loaded Truck
weigh_empty_tr42_Pcp403;Weigh the Empty Truck
arrive_Silo13_tr11_Pcp107;Arrive at the Silo
enter_tr17_Pcp306;Enter the port
enter_tr49_Pcp360;Enter the port
weigh_loaded_tr44_Pcp411;Weigh the Loaded Truck
enter_tr1_Pcp396;Enter the port
check_abnorm_tr42_Pcp403;Check Empty Truck Weight Abnormality
issue_ticket_tr29_Pcp163;Issue the Weighing Ticket
input_tally_tr29_Pcp163;Input the Tally Sheet
weigh_loaded_tr19_Pcp130;Weigh the Loaded Truck
eval_tr29exit_Pcp163;Evaluate the Truck Exit
register_arrival_tr17_Pcp306;Register the truck arrival
enter_tr24_Pcp436;Enter the port
arrive_Silo14_tr42_Pcp403;Arrive at the Silo
exit_tr29_Pcp163;Exit the port
register_arrival_tr49_Pcp360;Register the truck arrival
determine_continu_tr11_Pcp107_Silo13;Determine the Continuance of the Pickup
determine_continu_tr42_Pcp403_Silo14;Determine the Continuance of the Pickup
load_tr42_Pcp403;Load Truck
issue_ticket_tr44_Pcp411;Issue the Weighing Ticket
input_tally_tr44_Pcp411;Input the Tally Sheet
eval_tr44exit_Pcp411;Evaluate the Truck Exit
issue_ticket_tr19_Pcp130;Issue the Weighing Ticket
input_tally_tr19_Pcp130;Input the Tally Sheet
eval_tr19exit_Pcp130;Evaluate the Truck Exit
register_arrival_tr23_Pcp281;Register the truck arrival
exit_tr44_Pcp411;Exit the port
exit_tr19_Pcp130;Exit the port
register_arrival_tr24_Pcp436;Register the truck arrival
weigh_empty_tr49_Pcp360;Weigh the Empty Truck
check_abnorm_tr49_Pcp360;Check Empty Truck Weight Abnormality
arrive_Silo14_tr49_Pcp360;Arrive at the Silo
load_tr11_Pcp107;Load Truck
weigh_empty_tr17_Pcp306;Weigh the Empty Truck
check_abnorm_tr17_Pcp306;Check Empty Truck Weight Abnormality
weigh_loaded_tr18_Pcp456;Weigh the Loaded Truck
register_arrival_tr1_Pcp396;Register the truck arrival
weigh_empty_tr23_Pcp281;Weigh the Empty Truck
check_abnorm_tr23_Pcp281;Check Empty Truck Weight Abnormality
arrive_Silo6_tr17_Pcp306;Arrive at the Silo
assign_tr8_Pcp158;Assign Truck
arrive_Silo18_tr23_Pcp281;Arrive at the Silo
weigh_loaded_tr4_Pcp346;Weigh the Loaded Truck
enter_tr8_Pcp158;Enter the port
weigh_loaded_tr31_Pcp483;Weigh the Loaded Truck
assign_tr26_Pcp268;Assign Truck
issue_ticket_tr4_Pcp346;Issue the Weighing Ticket
weigh_loaded_tr11_Pcp107;Weigh the Loaded Truck
input_tally_tr4_Pcp346;Input the Tally Sheet
eval_tr4exit_Pcp346;Evaluate the Truck Exit
enter_tr26_Pcp268;Enter the port
exit_tr4_Pcp346;Exit the port
determine_continu_tr49_Pcp360_Silo14;Determine the Continuance of the Pickup
assign_tr37_Pcp134;Assign Truck
enter_tr37_Pcp134;Enter the port
issue_ticket_tr18_Pcp456;Issue the Weighing Ticket
input_tally_tr18_Pcp456;Input the Tally Sheet
eval_tr18exit_Pcp456;Evaluate the Truck Exit
assign_tr28_Pcp293;Assign Truck
determine_continu_tr17_Pcp306_Silo6;Determine the Continuance of the Pickup
assign_tr43_Pcp214;Assign Truck
weigh_loaded_tr42_Pcp403;Weigh the Loaded Truck
issue_ticket_tr31_Pcp483;Issue the Weighing Ticket
input_tally_tr31_Pcp483;Input the Tally Sheet
eval_tr31exit_Pcp483;Evaluate the Truck Exit
register_arrival_tr37_Pcp134;Register the truck arrival
exit_tr31_Pcp483;Exit the port
register_arrival_tr8_Pcp158;Register the truck arrival
weigh_empty_tr1_Pcp396;Weigh the Empty Truck
determine_continu_tr23_Pcp281_Silo18;Determine the Continuance of the Pickup
fail_load_tr17_Pcp306;Fail to Load
exit_tr18_Pcp456;Exit the port
load_tr49_Pcp360;Load Truck
issue_ticket_tr42_Pcp403;Issue the Weighing Ticket
input_tally_tr42_Pcp403;Input the Tally Sheet
eval_tr42exit_Pcp403;Evaluate the Truck Exit
check_abnorm_tr1_Pcp396;Check Empty Truck Weight Abnormality
issue_ticket_tr11_Pcp107;Issue the Weighing Ticket
input_tally_tr11_Pcp107;Input the Tally Sheet
eval_tr11exit_Pcp107;Evaluate the Truck Exit
arrive_Silo2_tr1_Pcp396;Arrive at the Silo
load_tr23_Pcp281;Load Truck
weigh_empty_tr24_Pcp436;Weigh the Empty Truck
register_arrival_tr26_Pcp268;Register the truck arrival
exit_tr42_Pcp403;Exit the port
exit_tr11_Pcp107;Exit the port
check_abnorm_tr24_Pcp436;Check Empty Truck Weight Abnormality
enter_tr43_Pcp214;Enter the port
weigh_empty_tr37_Pcp134;Weigh the Empty Truck
weigh_loaded_tr45_Pcp226;Weigh the Loaded Truck
enter_tr28_Pcp293;Enter the port
arrive_Silo3_tr24_Pcp436;Arrive at the Silo
weigh_empty_tr8_Pcp158;Weigh the Empty Truck
weigh_empty_tr26_Pcp268;Weigh the Empty Truck
register_arrival_tr43_Pcp214;Register the truck arrival
check_abnorm_tr37_Pcp134;Check Empty Truck Weight Abnormality
check_abnorm_tr26_Pcp268;Check Empty Truck Weight Abnormality
check_abnorm_tr8_Pcp158;Check Empty Truck Weight Abnormality
arrive_Silo10_tr26_Pcp268;Arrive at the Silo
issue_ticket_tr45_Pcp226;Issue the Weighing Ticket
input_tally_tr45_Pcp226;Input the Tally Sheet
weigh_empty_tr43_Pcp214;Weigh the Empty Truck
eval_tr45exit_Pcp226;Evaluate the Truck Exit
arrive_Silo2_tr37_Pcp134;Arrive at the Silo
arrive_Silo10_tr8_Pcp158;Arrive at the Silo
exit_tr45_Pcp226;Exit the port
check_abnorm_tr43_Pcp214;Check Empty Truck Weight Abnormality
determine_continu_tr24_Pcp436_Silo3;Determine the Continuance of the Pickup
arrive_Silo10_tr43_Pcp214;Arrive at the Silo
weigh_loaded_tr49_Pcp360;Weigh the Loaded Truck
determine_continu_tr1_Pcp396_Silo2;Determine the Continuance of the Pickup
register_arrival_tr28_Pcp293;Register the truck arrival
load_tr24_Pcp436;Load Truck
issue_ticket_tr49_Pcp360;Issue the Weighing Ticket
input_tally_tr49_Pcp360;Input the Tally Sheet
eval_tr49exit_Pcp360;Evaluate the Truck Exit
exit_tr49_Pcp360;Exit the port
determine_continu_tr8_Pcp158_Silo10;Determine the Continuance of the Pickup
determine_continu_tr37_Pcp134_Silo2;Determine the Continuance of the Pickup
load_tr8_Pcp158;Load Truck
load_tr37_Pcp134;Load Truck
load_tr1_Pcp396;Load Truck
weigh_empty_tr28_Pcp293;Weigh the Empty Truck
check_abnorm_tr28_Pcp293;Check Empty Truck Weight Abnormality
determine_continu_tr43_Pcp214_Silo10;Determine the Continuance of the Pickup
arrive_Silo17_tr28_Pcp293;Arrive at the Silo
determine_continu_tr26_Pcp268_Silo10;Determine the Continuance of the Pickup
assign_tr27_Pcp43;Assign Truck
load_tr26_Pcp268;Load Truck
load_tr43_Pcp214;Load Truck
enter_tr27_Pcp43;Enter the port
assign_tr39_Pcp327;Assign Truck
enter_tr39_Pcp327;Enter the port
weigh_loaded_tr37_Pcp134;Weigh the Loaded Truck
assign_tr9_Pcp74;Assign Truck
register_arrival_tr27_Pcp43;Register the truck arrival
issue_ticket_tr37_Pcp134;Issue the Weighing Ticket
input_tally_tr37_Pcp134;Input the Tally Sheet
register_arrival_tr39_Pcp327;Register the truck arrival
eval_tr37exit_Pcp134;Evaluate the Truck Exit
enter_tr9_Pcp74;Enter the port
exit_tr37_Pcp134;Exit the port
assign_tr6_Pcp279;Assign Truck
weigh_empty_tr39_Pcp327;Weigh the Empty Truck
enter_tr6_Pcp279;Enter the port
weigh_empty_tr27_Pcp43;Weigh the Empty Truck
determine_continu_tr28_Pcp293_Silo17;Determine the Continuance of the Pickup
check_abnorm_tr27_Pcp43;Check Empty Truck Weight Abnormality
check_abnorm_tr39_Pcp327;Check Empty Truck Weight Abnormality
arrive_Silo10_tr27_Pcp43;Arrive at the Silo
arrive_Silo10_tr39_Pcp327;Arrive at the Silo
register_arrival_tr9_Pcp74;Register the truck arrival
register_arrival_tr6_Pcp279;Register the truck arrival
load_tr28_Pcp293;Load Truck
weigh_loaded_tr23_Pcp281;Weigh the Loaded Truck
determine_continu_tr39_Pcp327_Silo10;Determine the Continuance of the Pickup
load_tr39_Pcp327;Load Truck
weigh_loaded_tr1_Pcp396;Weigh the Loaded Truck
issue_ticket_tr23_Pcp281;Issue the Weighing Ticket
input_tally_tr23_Pcp281;Input the Tally Sheet
eval_tr23exit_Pcp281;Evaluate the Truck Exit
exit_tr23_Pcp281;Exit the port
determine_continu_tr27_Pcp43_Silo10;Determine the Continuance of the Pickup
load_tr27_Pcp43;Load Truck
issue_ticket_tr1_Pcp396;Issue the Weighing Ticket
input_tally_tr1_Pcp396;Input the Tally Sheet
eval_tr1exit_Pcp396;Evaluate the Truck Exit
exit_tr1_Pcp396;Exit the port
weigh_empty_tr9_Pcp74;Weigh the Empty Truck
check_abnorm_tr9_Pcp74;Check Empty Truck Weight Abnormality
weigh_empty_tr6_Pcp279;Weigh the Empty Truck
check_abnorm_tr6_Pcp279;Check Empty Truck Weight Abnormality
arrive_Silo19_tr6_Pcp279;Arrive at the Silo
arrive_Silo18_tr9_Pcp74;Arrive at the Silo
weigh_loaded_tr27_Pcp43;Weigh the Loaded Truck
assign_tr14_Pcp485;Assign Truck
enter_tr14_Pcp485;Enter the port
weigh_loaded_tr8_Pcp158;Weigh the Loaded Truck
register_arrival_tr14_Pcp485;Register the truck arrival
determine_continu_tr6_Pcp279_Silo19;Determine the Continuance of the Pickup
determine_continu_tr9_Pcp74_Silo18;Determine the Continuance of the Pickup
weigh_empty_tr14_Pcp485;Weigh the Empty Truck
load_tr6_Pcp279;Load Truck
check_abnorm_tr14_Pcp485;Check Empty Truck Weight Abnormality
issue_ticket_tr8_Pcp158;Issue the Weighing Ticket
input_tally_tr8_Pcp158;Input the Tally Sheet
eval_tr8exit_Pcp158;Evaluate the Truck Exit
exit_tr8_Pcp158;Exit the port
weigh_loaded_tr43_Pcp214;Weigh the Loaded Truck
arrive_Silo19_tr14_Pcp485;Arrive at the Silo
load_tr9_Pcp74;Load Truck
issue_ticket_tr43_Pcp214;Issue the Weighing Ticket
input_tally_tr43_Pcp214;Input the Tally Sheet
eval_tr43exit_Pcp214;Evaluate the Truck Exit
exit_tr43_Pcp214;Exit the port
issue_ticket_tr27_Pcp43;Issue the Weighing Ticket
input_tally_tr27_Pcp43;Input the Tally Sheet
eval_tr27exit_Pcp43;Evaluate the Truck Exit
exit_tr27_Pcp43;Exit the port
weigh_loaded_tr6_Pcp279;Weigh the Loaded Truck
determine_continu_tr14_Pcp485_Silo19;Determine the Continuance of the Pickup
issue_ticket_tr6_Pcp279;Issue the Weighing Ticket
input_tally_tr6_Pcp279;Input the Tally Sheet
eval_tr6exit_Pcp279;Evaluate the Truck Exit
weigh_loaded_tr9_Pcp74;Weigh the Loaded Truck
exit_tr6_Pcp279;Exit the port
load_tr14_Pcp485;Load Truck
issue_ticket_tr9_Pcp74;Issue the Weighing Ticket
input_tally_tr9_Pcp74;Input the Tally Sheet
eval_tr9exit_Pcp74;Evaluate the Truck Exit
detain_tr9_Pcp74;Detain at the port
exit_tr9_Pcp74;Exit the port
assign_tr16_Pcp198;Assign Truck
weigh_loaded_tr28_Pcp293;Weigh the Loaded Truck
issue_ticket_tr28_Pcp293;Issue the Weighing Ticket
input_tally_tr28_Pcp293;Input the Tally Sheet
eval_tr28exit_Pcp293;Evaluate the Truck Exit
exit_tr28_Pcp293;Exit the port
weigh_loaded_tr14_Pcp485;Weigh the Loaded Truck
enter_tr16_Pcp198;Enter the port
register_arrival_tr16_Pcp198;Register the truck arrival
issue_ticket_tr14_Pcp485;Issue the Weighing Ticket
input_tally_tr14_Pcp485;Input the Tally Sheet
eval_tr14exit_Pcp485;Evaluate the Truck Exit
exit_tr14_Pcp485;Exit the port
weigh_loaded_tr39_Pcp327;Weigh the Loaded Truck
weigh_empty_tr16_Pcp198;Weigh the Empty Truck
issue_ticket_tr39_Pcp327;Issue the Weighing Ticket
input_tally_tr39_Pcp327;Input the Tally Sheet
eval_tr39exit_Pcp327;Evaluate the Truck Exit
exit_tr39_Pcp327;Exit the port
weigh_loaded_tr24_Pcp436;Weigh the Loaded Truck
check_abnorm_tr16_Pcp198;Check Empty Truck Weight Abnormality
arrive_Silo18_tr16_Pcp198;Arrive at the Silo
issue_ticket_tr24_Pcp436;Issue the Weighing Ticket
input_tally_tr24_Pcp436;Input the Tally Sheet
eval_tr24exit_Pcp436;Evaluate the Truck Exit
exit_tr24_Pcp436;Exit the port
determine_continu_tr16_Pcp198_Silo18;Determine the Continuance of the Pickup
load_tr16_Pcp198;Load Truck
weigh_loaded_tr26_Pcp268;Weigh the Loaded Truck
issue_ticket_tr26_Pcp268;Issue the Weighing Ticket
input_tally_tr26_Pcp268;Input the Tally Sheet
eval_tr26exit_Pcp268;Evaluate the Truck Exit
exit_tr26_Pcp268;Exit the port
weigh_loaded_tr16_Pcp198;Weigh the Loaded Truck
assign_tr5_Pcp363;Assign Truck
issue_ticket_tr16_Pcp198;Issue the Weighing Ticket
input_tally_tr16_Pcp198;Input the Tally Sheet
eval_tr16exit_Pcp198;Evaluate the Truck Exit
exit_tr16_Pcp198;Exit the port
enter_tr5_Pcp363;Enter the port
register_arrival_tr5_Pcp363;Register the truck arrival
weigh_empty_tr5_Pcp363;Weigh the Empty Truck
check_abnorm_tr5_Pcp363;Check Empty Truck Weight Abnormality
arrive_Silo15_tr5_Pcp363;Arrive at the Silo
assign_tr48_Pcp131;Assign Truck
determine_continu_tr5_Pcp363_Silo15;Determine the Continuance of the Pickup
load_tr5_Pcp363;Load Truck
enter_tr48_Pcp131;Enter the port
weigh_loaded_tr5_Pcp363;Weigh the Loaded Truck
issue_ticket_tr5_Pcp363;Issue the Weighing Ticket
input_tally_tr5_Pcp363;Input the Tally Sheet
eval_tr5exit_Pcp363;Evaluate the Truck Exit
exit_tr5_Pcp363;Exit the port
register_arrival_tr48_Pcp131;Register the truck arrival
weigh_empty_tr48_Pcp131;Weigh the Empty Truck
check_abnorm_tr48_Pcp131;Check Empty Truck Weight Abnormality
arrive_Silo10_tr48_Pcp131;Arrive at the Silo
assign_tr41_Pcp315;Assign Truck
enter_tr41_Pcp315;Enter the port
assign_tr34_Pcp74;Assign Truck
register_arrival_tr41_Pcp315;Register the truck arrival
determine_continu_tr48_Pcp131_Silo10;Determine the Continuance of the Pickup
weigh_empty_tr41_Pcp315;Weigh the Empty Truck
check_abnorm_tr41_Pcp315;Check Empty Truck Weight Abnormality
load_tr48_Pcp131;Load Truck
arrive_Silo2_tr41_Pcp315;Arrive at the Silo
enter_tr34_Pcp74;Enter the port
determine_continu_tr41_Pcp315_Silo2;Determine the Continuance of the Pickup
register_arrival_tr34_Pcp74;Register the truck arrival
load_tr41_Pcp315;Load Truck
weigh_loaded_tr41_Pcp315;Weigh the Loaded Truck
weigh_empty_tr34_Pcp74;Weigh the Empty Truck
check_abnorm_tr34_Pcp74;Check Empty Truck Weight Abnormality
issue_ticket_tr41_Pcp315;Issue the Weighing Ticket
input_tally_tr41_Pcp315;Input the Tally Sheet
eval_tr41exit_Pcp315;Evaluate the Truck Exit
arrive_Silo18_tr34_Pcp74;Arrive at the Silo
exit_tr41_Pcp315;Exit the port
determine_continu_tr34_Pcp74_Silo18;Determine the Continuance of the Pickup
load_tr34_Pcp74;Load Truck
weigh_loaded_tr48_Pcp131;Weigh the Loaded Truck
issue_ticket_tr48_Pcp131;Issue the Weighing Ticket
input_tally_tr48_Pcp131;Input the Tally Sheet
eval_tr48exit_Pcp131;Evaluate the Truck Exit
exit_tr48_Pcp131;Exit the port
weigh_loaded_tr34_Pcp74;Weigh the Loaded Truck
issue_ticket_tr34_Pcp74;Issue the Weighing Ticket
input_tally_tr34_Pcp74;Input the Tally Sheet
eval_tr34exit_Pcp74;Evaluate the Truck Exit
exit_tr34_Pcp74;Exit the port
assign_tr13_Pcp472;Assign Truck
assign_tr47_Pcp476;Assign Truck
enter_tr47_Pcp476;Enter the port
enter_tr13_Pcp472;Enter the port
register_arrival_tr47_Pcp476;Register the truck arrival
register_arrival_tr13_Pcp472;Register the truck arrival
weigh_empty_tr47_Pcp476;Weigh the Empty Truck
check_abnorm_tr47_Pcp476;Check Empty Truck Weight Abnormality
arrive_Silo16_tr47_Pcp476;Arrive at the Silo
determine_continu_tr47_Pcp476_Silo16;Determine the Continuance of the Pickup
assign_tr2_Pcp362;Assign Truck
load_tr47_Pcp476;Load Truck
enter_tr2_Pcp362;Enter the port
weigh_empty_tr13_Pcp472;Weigh the Empty Truck
check_abnorm_tr13_Pcp472;Check Empty Truck Weight Abnormality
register_arrival_tr2_Pcp362;Register the truck arrival
arrive_Silo12_tr13_Pcp472;Arrive at the Silo
weigh_loaded_tr47_Pcp476;Weigh the Loaded Truck
weigh_empty_tr2_Pcp362;Weigh the Empty Truck
determine_continu_tr13_Pcp472_Silo12;Determine the Continuance of the Pickup
check_abnorm_tr2_Pcp362;Check Empty Truck Weight Abnormality
load_tr13_Pcp472;Load Truck
arrive_Silo9_tr2_Pcp362;Arrive at the Silo
issue_ticket_tr47_Pcp476;Issue the Weighing Ticket
input_tally_tr47_Pcp476;Input the Tally Sheet
eval_tr47exit_Pcp476;Evaluate the Truck Exit
exit_tr47_Pcp476;Exit the port
determine_continu_tr2_Pcp362_Silo9;Determine the Continuance of the Pickup
load_tr2_Pcp362;Load Truck
weigh_loaded_tr13_Pcp472;Weigh the Loaded Truck
assign_tr36_Pcp85;Assign Truck
enter_tr36_Pcp85;Enter the port
issue_ticket_tr13_Pcp472;Issue the Weighing Ticket
input_tally_tr13_Pcp472;Input the Tally Sheet
eval_tr13exit_Pcp472;Evaluate the Truck Exit
exit_tr13_Pcp472;Exit the port
assign_tr50_Pcp483;Assign Truck
register_arrival_tr36_Pcp85;Register the truck arrival
enter_tr50_Pcp483;Enter the port
register_arrival_tr50_Pcp483;Register the truck arrival
weigh_empty_tr50_Pcp483;Weigh the Empty Truck
check_abnorm_tr50_Pcp483;Check Empty Truck Weight Abnormality
weigh_empty_tr36_Pcp85;Weigh the Empty Truck
arrive_Silo3_tr50_Pcp483;Arrive at the Silo
check_abnorm_tr36_Pcp85;Check Empty Truck Weight Abnormality
weigh_loaded_tr2_Pcp362;Weigh the Loaded Truck
arrive_Silo17_tr36_Pcp85;Arrive at the Silo
issue_ticket_tr2_Pcp362;Issue the Weighing Ticket
input_tally_tr2_Pcp362;Input the Tally Sheet
eval_tr2exit_Pcp362;Evaluate the Truck Exit
exit_tr2_Pcp362;Exit the port
determine_continu_tr50_Pcp483_Silo3;Determine the Continuance of the Pickup
load_tr50_Pcp483;Load Truck
assign_tr12_Pcp389;Assign Truck
determine_continu_tr36_Pcp85_Silo17;Determine the Continuance of the Pickup
enter_tr12_Pcp389;Enter the port
register_arrival_tr12_Pcp389;Register the truck arrival
load_tr36_Pcp85;Load Truck
weigh_empty_tr12_Pcp389;Weigh the Empty Truck
check_abnorm_tr12_Pcp389;Check Empty Truck Weight Abnormality
arrive_Silo12_tr12_Pcp389;Arrive at the Silo
determine_continu_tr12_Pcp389_Silo12;Determine the Continuance of the Pickup
load_tr12_Pcp389;Load Truck
weigh_loaded_tr50_Pcp483;Weigh the Loaded Truck
issue_ticket_tr50_Pcp483;Issue the Weighing Ticket
input_tally_tr50_Pcp483;Input the Tally Sheet
eval_tr50exit_Pcp483;Evaluate the Truck Exit
exit_tr50_Pcp483;Exit the port
assign_tr22_Pcp466;Assign Truck
enter_tr22_Pcp466;Enter the port
register_arrival_tr22_Pcp466;Register the truck arrival
weigh_empty_tr22_Pcp466;Weigh the Empty Truck
check_abnorm_tr22_Pcp466;Check Empty Truck Weight Abnormality
assign_tr3_Pcp324;Assign Truck
arrive_Silo18_tr22_Pcp466;Arrive at the Silo
enter_tr3_Pcp324;Enter the port
register_arrival_tr3_Pcp324;Register the truck arrival
weigh_empty_tr3_Pcp324;Weigh the Empty Truck
check_abnorm_tr3_Pcp324;Check Empty Truck Weight Abnormality
arrive_Silo17_tr3_Pcp324;Arrive at the Silo
determine_continu_tr22_Pcp466_Silo18;Determine the Continuance of the Pickup
weigh_loaded_tr36_Pcp85;Weigh the Loaded Truck
load_tr22_Pcp466;Load Truck
issue_ticket_tr36_Pcp85;Issue the Weighing Ticket
input_tally_tr36_Pcp85;Input the Tally Sheet
eval_tr36exit_Pcp85;Evaluate the Truck Exit
exit_tr36_Pcp85;Exit the port
determine_continu_tr3_Pcp324_Silo17;Determine the Continuance of the Pickup
load_tr3_Pcp324;Load Truck
weigh_loaded_tr22_Pcp466;Weigh the Loaded Truck
issue_ticket_tr22_Pcp466;Issue the Weighing Ticket
input_tally_tr22_Pcp466;Input the Tally Sheet
eval_tr22exit_Pcp466;Evaluate the Truck Exit
exit_tr22_Pcp466;Exit the port
weigh_loaded_tr12_Pcp389;Weigh the Loaded Truck
issue_ticket_tr12_Pcp389;Issue the Weighing Ticket
input_tally_tr12_Pcp389;Input the Tally Sheet
eval_tr12exit_Pcp389;Evaluate the Truck Exit
exit_tr12_Pcp389;Exit the port
lodge_Pcp429;Lodge Pickup Plan
weigh_loaded_tr3_Pcp324;Weigh the Loaded Truck
issue_ticket_tr3_Pcp324;Issue the Weighing Ticket
input_tally_tr3_Pcp324;Input the Tally Sheet
eval_tr3exit_Pcp324;Evaluate the Truck Exit
exit_tr3_Pcp324;Exit the port
lodge_Pcp250;Lodge Pickup Plan
assess_Pcp250;Assess Pickup Plan
approve_Pcp250;Approve Pickup Plan
lodge_Pcp50;Lodge Pickup Plan
assess_Pcp429;Assess Pickup Plan
approve_Pcp429;Approve Pickup Plan
assess_Pcp50;Assess Pickup Plan
approve_Pcp50;Approve Pickup Plan
assign_tr21_Pcp155;Assign Truck
assign_tr30_Pcp1;Assign Truck
enter_tr21_Pcp155;Enter the port
register_arrival_tr21_Pcp155;Register the truck arrival
weigh_empty_tr21_Pcp155;Weigh the Empty Truck
enter_tr30_Pcp1;Enter the port
check_abnorm_tr21_Pcp155;Check Empty Truck Weight Abnormality
arrive_Silo9_tr21_Pcp155;Arrive at the Silo
register_arrival_tr30_Pcp1;Register the truck arrival
determine_continu_tr21_Pcp155_Silo9;Determine the Continuance of the Pickup
assign_tr32_Pcp379;Assign Truck
weigh_empty_tr30_Pcp1;Weigh the Empty Truck
enter_tr32_Pcp379;Enter the port
check_abnorm_tr30_Pcp1;Check Empty Truck Weight Abnormality
arrive_Silo1_tr30_Pcp1;Arrive at the Silo
register_arrival_tr32_Pcp379;Register the truck arrival
load_tr21_Pcp155;Load Truck
determine_continu_tr30_Pcp1_Silo1;Determine the Continuance of the Pickup
assign_tr10_Pcp130;Assign Truck
weigh_empty_tr32_Pcp379;Weigh the Empty Truck
check_abnorm_tr32_Pcp379;Check Empty Truck Weight Abnormality
load_tr30_Pcp1;Load Truck
arrive_Silo4_tr32_Pcp379;Arrive at the Silo
enter_tr10_Pcp130;Enter the port
register_arrival_tr10_Pcp130;Register the truck arrival
determine_continu_tr32_Pcp379_Silo4;Determine the Continuance of the Pickup
load_tr32_Pcp379;Load Truck
weigh_loaded_tr30_Pcp1;Weigh the Loaded Truck
weigh_empty_tr10_Pcp130;Weigh the Empty Truck
check_abnorm_tr10_Pcp130;Check Empty Truck Weight Abnormality
issue_ticket_tr30_Pcp1;Issue the Weighing Ticket
input_tally_tr30_Pcp1;Input the Tally Sheet
eval_tr30exit_Pcp1;Evaluate the Truck Exit
exit_tr30_Pcp1;Exit the port
arrive_Silo3_tr10_Pcp130;Arrive at the Silo
assign_tr33_Pcp410;Assign Truck
assign_tr20_Pcp100;Assign Truck
weigh_loaded_tr21_Pcp155;Weigh the Loaded Truck
enter_tr33_Pcp410;Enter the port
determine_continu_tr10_Pcp130_Silo3;Determine the Continuance of the Pickup
register_arrival_tr33_Pcp410;Register the truck arrival
load_tr10_Pcp130;Load Truck
assign_tr7_Pcp339;Assign Truck
enter_tr7_Pcp339;Enter the port
weigh_loaded_tr32_Pcp379;Weigh the Loaded Truck
enter_tr20_Pcp100;Enter the port
issue_ticket_tr32_Pcp379;Issue the Weighing Ticket
input_tally_tr32_Pcp379;Input the Tally Sheet
register_arrival_tr7_Pcp339;Register the truck arrival
assign_tr35_Pcp34;Assign Truck
register_arrival_tr20_Pcp100;Register the truck arrival
eval_tr32exit_Pcp379;Evaluate the Truck Exit
enter_tr35_Pcp34;Enter the port
exit_tr32_Pcp379;Exit the port
weigh_empty_tr33_Pcp410;Weigh the Empty Truck
register_arrival_tr35_Pcp34;Register the truck arrival
check_abnorm_tr33_Pcp410;Check Empty Truck Weight Abnormality
issue_ticket_tr21_Pcp155;Issue the Weighing Ticket
input_tally_tr21_Pcp155;Input the Tally Sheet
eval_tr21exit_Pcp155;Evaluate the Truck Exit
exit_tr21_Pcp155;Exit the port
weigh_empty_tr7_Pcp339;Weigh the Empty Truck
weigh_empty_tr20_Pcp100;Weigh the Empty Truck
arrive_Silo2_tr33_Pcp410;Arrive at the Silo
check_abnorm_tr7_Pcp339;Check Empty Truck Weight Abnormality
check_abnorm_tr20_Pcp100;Check Empty Truck Weight Abnormality
arrive_Silo2_tr7_Pcp339;Arrive at the Silo
arrive_Silo6_tr20_Pcp100;Arrive at the Silo
weigh_empty_tr35_Pcp34;Weigh the Empty Truck
determine_continu_tr20_Pcp100_Silo6;Determine the Continuance of the Pickup
assign_tr25_Pcp41;Assign Truck
determine_continu_tr33_Pcp410_Silo2;Determine the Continuance of the Pickup
determine_continu_tr7_Pcp339_Silo2;Determine the Continuance of the Pickup
check_abnorm_tr35_Pcp34;Check Empty Truck Weight Abnormality
load_tr33_Pcp410;Load Truck
assign_tr40_Pcp431;Assign Truck
arrive_Silo13_tr35_Pcp34;Arrive at the Silo
assign_tr15_Pcp34;Assign Truck
enter_tr15_Pcp34;Enter the port
load_tr7_Pcp339;Load Truck
register_arrival_tr15_Pcp34;Register the truck arrival
load_tr20_Pcp100;Load Truck
weigh_loaded_tr10_Pcp130;Weigh the Loaded Truck
issue_ticket_tr10_Pcp130;Issue the Weighing Ticket
input_tally_tr10_Pcp130;Input the Tally Sheet
eval_tr10exit_Pcp130;Evaluate the Truck Exit
assign_tr46_Pcp220;Assign Truck
enter_tr25_Pcp41;Enter the port
exit_tr10_Pcp130;Exit the port
register_arrival_tr25_Pcp41;Register the truck arrival
enter_tr40_Pcp431;Enter the port
weigh_empty_tr15_Pcp34;Weigh the Empty Truck
weigh_empty_tr25_Pcp41;Weigh the Empty Truck
check_abnorm_tr15_Pcp34;Check Empty Truck Weight Abnormality
check_abnorm_tr25_Pcp41;Check Empty Truck Weight Abnormality
assign_tr38_Pcp161;Assign Truck
arrive_Silo13_tr15_Pcp34;Arrive at the Silo
arrive_Silo20_tr25_Pcp41;Arrive at the Silo
determine_continu_tr35_Pcp34_Silo13;Determine the Continuance of the Pickup
enter_tr38_Pcp161;Enter the port
load_tr35_Pcp34;Load Truck
enter_tr46_Pcp220;Enter the port
determine_continu_tr15_Pcp34_Silo13;Determine the Continuance of the Pickup
weigh_loaded_tr33_Pcp410;Weigh the Loaded Truck
assign_tr29_Pcp263;Assign Truck
register_arrival_tr38_Pcp161;Register the truck arrival
load_tr15_Pcp34;Load Truck
register_arrival_tr46_Pcp220;Register the truck arrival
enter_tr29_Pcp263;Enter the port
issue_ticket_tr33_Pcp410;Issue the Weighing Ticket
input_tally_tr33_Pcp410;Input the Tally Sheet
register_arrival_tr40_Pcp431;Register the truck arrival
register_arrival_tr29_Pcp263;Register the truck arrival
eval_tr33exit_Pcp410;Evaluate the Truck Exit
weigh_empty_tr46_Pcp220;Weigh the Empty Truck
exit_tr33_Pcp410;Exit the port
assign_tr44_Pcp124;Assign Truck
weigh_empty_tr38_Pcp161;Weigh the Empty Truck
check_abnorm_tr46_Pcp220;Check Empty Truck Weight Abnormality
weigh_empty_tr29_Pcp263;Weigh the Empty Truck
weigh_loaded_tr15_Pcp34;Weigh the Loaded Truck
arrive_Silo3_tr46_Pcp220;Arrive at the Silo
weigh_empty_tr40_Pcp431;Weigh the Empty Truck
assign_tr19_Pcp186;Assign Truck
check_abnorm_tr38_Pcp161;Check Empty Truck Weight Abnormality
enter_tr19_Pcp186;Enter the port
check_abnorm_tr40_Pcp431;Check Empty Truck Weight Abnormality
arrive_Silo12_tr38_Pcp161;Arrive at the Silo
check_abnorm_tr29_Pcp263;Check Empty Truck Weight Abnormality
determine_continu_tr46_Pcp220_Silo3;Determine the Continuance of the Pickup
arrive_Silo8_tr40_Pcp431;Arrive at the Silo
determine_continu_tr25_Pcp41_Silo20;Determine the Continuance of the Pickup
issue_ticket_tr15_Pcp34;Issue the Weighing Ticket
load_tr46_Pcp220;Load Truck
input_tally_tr15_Pcp34;Input the Tally Sheet
arrive_Silo6_tr29_Pcp263;Arrive at the Silo
eval_tr15exit_Pcp34;Evaluate the Truck Exit
exit_tr15_Pcp34;Exit the port
load_tr25_Pcp41;Load Truck
determine_continu_tr38_Pcp161_Silo12;Determine the Continuance of the Pickup
register_arrival_tr19_Pcp186;Register the truck arrival
load_tr38_Pcp161;Load Truck
enter_tr44_Pcp124;Enter the port
determine_continu_tr40_Pcp431_Silo8;Determine the Continuance of the Pickup
register_arrival_tr44_Pcp124;Register the truck arrival
assign_tr4_Pcp240;Assign Truck
determine_continu_tr29_Pcp263_Silo6;Determine the Continuance of the Pickup
load_tr29_Pcp263;Load Truck
assign_tr31_Pcp469;Assign Truck
weigh_empty_tr44_Pcp124;Weigh the Empty Truck
load_tr40_Pcp431;Load Truck
enter_tr4_Pcp240;Enter the port
assign_tr17_Pcp433;Assign Truck
weigh_loaded_tr20_Pcp100;Weigh the Loaded Truck
check_abnorm_tr44_Pcp124;Check Empty Truck Weight Abnormality
weigh_empty_tr19_Pcp186;Weigh the Empty Truck
assign_tr18_Pcp285;Assign Truck
issue_ticket_tr20_Pcp100;Issue the Weighing Ticket
input_tally_tr20_Pcp100;Input the Tally Sheet
enter_tr18_Pcp285;Enter the port
enter_tr31_Pcp469;Enter the port
arrive_Silo5_tr44_Pcp124;Arrive at the Silo
eval_tr20exit_Pcp100;Evaluate the Truck Exit
check_abnorm_tr19_Pcp186;Check Empty Truck Weight Abnormality
exit_tr20_Pcp100;Exit the port
arrive_Silo10_tr19_Pcp186;Arrive at the Silo
register_arrival_tr4_Pcp240;Register the truck arrival
assign_tr11_Pcp398;Assign Truck
enter_tr17_Pcp433;Enter the port
register_arrival_tr18_Pcp285;Register the truck arrival
weigh_empty_tr4_Pcp240;Weigh the Empty Truck
register_arrival_tr31_Pcp469;Register the truck arrival
assign_tr42_Pcp315;Assign Truck
check_abnorm_tr4_Pcp240;Check Empty Truck Weight Abnormality
register_arrival_tr17_Pcp433;Register the truck arrival
arrive_Silo15_tr4_Pcp240;Arrive at the Silo
enter_tr11_Pcp398;Enter the port
assign_tr45_Pcp170;Assign Truck
enter_tr42_Pcp315;Enter the port
weigh_loaded_tr25_Pcp41;Weigh the Loaded Truck
weigh_empty_tr17_Pcp433;Weigh the Empty Truck
check_abnorm_tr17_Pcp433;Check Empty Truck Weight Abnormality
determine_continu_tr4_Pcp240_Silo15;Determine the Continuance of the Pickup
weigh_loaded_tr38_Pcp161;Weigh the Loaded Truck
arrive_Silo13_tr17_Pcp433;Arrive at the Silo
weigh_empty_tr31_Pcp469;Weigh the Empty Truck
assign_tr49_Pcp152;Assign Truck
register_arrival_tr42_Pcp315;Register the truck arrival
check_abnorm_tr31_Pcp469;Check Empty Truck Weight Abnormality
enter_tr49_Pcp152;Enter the port
arrive_Silo17_tr31_Pcp469;Arrive at the Silo
issue_ticket_tr38_Pcp161;Issue the Weighing Ticket
input_tally_tr38_Pcp161;Input the Tally Sheet
eval_tr38exit_Pcp161;Evaluate the Truck Exit
exit_tr38_Pcp161;Exit the port
load_tr4_Pcp240;Load Truck
weigh_empty_tr18_Pcp285;Weigh the Empty Truck
determine_continu_tr44_Pcp124_Silo5;Determine the Continuance of the Pickup
check_abnorm_tr18_Pcp285;Check Empty Truck Weight Abnormality
enter_tr45_Pcp170;Enter the port
load_tr44_Pcp124;Load Truck
weigh_loaded_tr29_Pcp263;Weigh the Loaded Truck
determine_continu_tr19_Pcp186_Silo10;Determine the Continuance of the Pickup
issue_ticket_tr25_Pcp41;Issue the Weighing Ticket
input_tally_tr25_Pcp41;Input the Tally Sheet
weigh_empty_tr42_Pcp315;Weigh the Empty Truck
arrive_Silo19_tr18_Pcp285;Arrive at the Silo
fail_load_tr19_Pcp186;Fail to Load
check_abnorm_tr42_Pcp315;Check Empty Truck Weight Abnormality
eval_tr25exit_Pcp41;Evaluate the Truck Exit
exit_tr25_Pcp41;Exit the port
arrive_Silo2_tr42_Pcp315;Arrive at the Silo
issue_ticket_tr29_Pcp263;Issue the Weighing Ticket
input_tally_tr29_Pcp263;Input the Tally Sheet
eval_tr29exit_Pcp263;Evaluate the Truck Exit
determine_continu_tr31_Pcp469_Silo17;Determine the Continuance of the Pickup
exit_tr29_Pcp263;Exit the port
load_tr31_Pcp469;Load Truck
register_arrival_tr45_Pcp170;Register the truck arrival
determine_continu_tr17_Pcp433_Silo13;Determine the Continuance of the Pickup
register_arrival_tr49_Pcp152;Register the truck arrival
load_tr17_Pcp433;Load Truck
weigh_loaded_tr4_Pcp240;Weigh the Loaded Truck
register_arrival_tr11_Pcp398;Register the truck arrival
weigh_empty_tr45_Pcp170;Weigh the Empty Truck
weigh_empty_tr49_Pcp152;Weigh the Empty Truck
determine_continu_tr18_Pcp285_Silo19;Determine the Continuance of the Pickup
check_abnorm_tr45_Pcp170;Check Empty Truck Weight Abnormality
check_abnorm_tr49_Pcp152;Check Empty Truck Weight Abnormality
weigh_loaded_tr7_Pcp339;Weigh the Loaded Truck
arrive_Silo20_tr45_Pcp170;Arrive at the Silo
weigh_loaded_tr35_Pcp34;Weigh the Loaded Truck
weigh_loaded_tr40_Pcp431;Weigh the Loaded Truck
arrive_Silo3_tr49_Pcp152;Arrive at the Silo
load_tr18_Pcp285;Load Truck
issue_ticket_tr4_Pcp240;Issue the Weighing Ticket
input_tally_tr4_Pcp240;Input the Tally Sheet
eval_tr4exit_Pcp240;Evaluate the Truck Exit
issue_ticket_tr7_Pcp339;Issue the Weighing Ticket
input_tally_tr7_Pcp339;Input the Tally Sheet
exit_tr4_Pcp240;Exit the port
eval_tr7exit_Pcp339;Evaluate the Truck Exit
weigh_empty_tr11_Pcp398;Weigh the Empty Truck
check_abnorm_tr11_Pcp398;Check Empty Truck Weight Abnormality
exit_tr7_Pcp339;Exit the port
arrive_Silo9_tr11_Pcp398;Arrive at the Silo
issue_ticket_tr40_Pcp431;Issue the Weighing Ticket
input_tally_tr40_Pcp431;Input the Tally Sheet
eval_tr40exit_Pcp431;Evaluate the Truck Exit
exit_tr40_Pcp431;Exit the port
determine_continu_tr42_Pcp315_Silo2;Determine the Continuance of the Pickup
determine_continu_tr49_Pcp152_Silo3;Determine the Continuance of the Pickup
issue_ticket_tr35_Pcp34;Issue the Weighing Ticket
input_tally_tr35_Pcp34;Input the Tally Sheet
eval_tr35exit_Pcp34;Evaluate the Truck Exit
determine_continu_tr11_Pcp398_Silo9;Determine the Continuance of the Pickup
weigh_loaded_tr31_Pcp469;Weigh the Loaded Truck
exit_tr35_Pcp34;Exit the port
load_tr49_Pcp152;Load Truck
determine_continu_tr45_Pcp170_Silo20;Determine the Continuance of the Pickup
load_tr11_Pcp398;Load Truck
weigh_loaded_tr18_Pcp285;Weigh the Loaded Truck
assign_tr37_Pcp85;Assign Truck
load_tr45_Pcp170;Load Truck
load_tr42_Pcp315;Load Truck
issue_ticket_tr31_Pcp469;Issue the Weighing Ticket
input_tally_tr31_Pcp469;Input the Tally Sheet
eval_tr31exit_Pcp469;Evaluate the Truck Exit
exit_tr31_Pcp469;Exit the port
enter_tr37_Pcp85;Enter the port
weigh_loaded_tr46_Pcp220;Weigh the Loaded Truck
issue_ticket_tr18_Pcp285;Issue the Weighing Ticket
input_tally_tr18_Pcp285;Input the Tally Sheet
eval_tr18exit_Pcp285;Evaluate the Truck Exit
exit_tr18_Pcp285;Exit the port
issue_ticket_tr46_Pcp220;Issue the Weighing Ticket
input_tally_tr46_Pcp220;Input the Tally Sheet
eval_tr46exit_Pcp220;Evaluate the Truck Exit
exit_tr46_Pcp220;Exit the port
weigh_loaded_tr49_Pcp152;Weigh the Loaded Truck
weigh_loaded_tr42_Pcp315;Weigh the Loaded Truck
register_arrival_tr37_Pcp85;Register the truck arrival
issue_ticket_tr42_Pcp315;Issue the Weighing Ticket
input_tally_tr42_Pcp315;Input the Tally Sheet
issue_ticket_tr49_Pcp152;Issue the Weighing Ticket
input_tally_tr49_Pcp152;Input the Tally Sheet
eval_tr42exit_Pcp315;Evaluate the Truck Exit
weigh_empty_tr37_Pcp85;Weigh the Empty Truck
exit_tr42_Pcp315;Exit the port
eval_tr49exit_Pcp152;Evaluate the Truck Exit
exit_tr49_Pcp152;Exit the port
assign_tr23_Pcp64;Assign Truck
check_abnorm_tr37_Pcp85;Check Empty Truck Weight Abnormality
arrive_Silo17_tr37_Pcp85;Arrive at the Silo
enter_tr23_Pcp64;Enter the port
assign_tr1_Pcp314;Assign Truck
enter_tr1_Pcp314;Enter the port
weigh_loaded_tr11_Pcp398;Weigh the Loaded Truck
determine_continu_tr37_Pcp85_Silo17;Determine the Continuance of the Pickup
register_arrival_tr23_Pcp64;Register the truck arrival
issue_ticket_tr11_Pcp398;Issue the Weighing Ticket
input_tally_tr11_Pcp398;Input the Tally Sheet
load_tr37_Pcp85;Load Truck
eval_tr11exit_Pcp398;Evaluate the Truck Exit
register_arrival_tr1_Pcp314;Register the truck arrival
detain_tr11_Pcp398;Detain at the port
weigh_empty_tr1_Pcp314;Weigh the Empty Truck
check_abnorm_tr1_Pcp314;Check Empty Truck Weight Abnormality
arrive_Silo5_tr1_Pcp314;Arrive at the Silo
determine_continu_tr1_Pcp314_Silo5;Determine the Continuance of the Pickup
exit_tr11_Pcp398;Exit the port
weigh_loaded_tr37_Pcp85;Weigh the Loaded Truck
load_tr1_Pcp314;Load Truck
assign_tr8_Pcp430;Assign Truck
issue_ticket_tr37_Pcp85;Issue the Weighing Ticket
input_tally_tr37_Pcp85;Input the Tally Sheet
eval_tr37exit_Pcp85;Evaluate the Truck Exit
weigh_empty_tr23_Pcp64;Weigh the Empty Truck
exit_tr37_Pcp85;Exit the port
assign_tr43_Pcp306;Assign Truck
enter_tr43_Pcp306;Enter the port
check_abnorm_tr23_Pcp64;Check Empty Truck Weight Abnormality
assign_tr27_Pcp107;Assign Truck
arrive_Silo20_tr23_Pcp64;Arrive at the Silo
enter_tr8_Pcp430;Enter the port
enter_tr27_Pcp107;Enter the port
determine_continu_tr23_Pcp64_Silo20;Determine the Continuance of the Pickup
register_arrival_tr43_Pcp306;Register the truck arrival
load_tr23_Pcp64;Load Truck
register_arrival_tr8_Pcp430;Register the truck arrival
weigh_loaded_tr1_Pcp314;Weigh the Loaded Truck
register_arrival_tr27_Pcp107;Register the truck arrival
weigh_empty_tr43_Pcp306;Weigh the Empty Truck
assign_tr6_Pcp166;Assign Truck
weigh_empty_tr27_Pcp107;Weigh the Empty Truck
check_abnorm_tr43_Pcp306;Check Empty Truck Weight Abnormality
arrive_Silo6_tr43_Pcp306;Arrive at the Silo
issue_ticket_tr1_Pcp314;Issue the Weighing Ticket
input_tally_tr1_Pcp314;Input the Tally Sheet
enter_tr6_Pcp166;Enter the port
register_arrival_tr6_Pcp166;Register the truck arrival
weigh_empty_tr8_Pcp430;Weigh the Empty Truck
eval_tr1exit_Pcp314;Evaluate the Truck Exit
exit_tr1_Pcp314;Exit the port
check_abnorm_tr27_Pcp107;Check Empty Truck Weight Abnormality
determine_continu_tr43_Pcp306_Silo6;Determine the Continuance of the Pickup
arrive_Silo13_tr27_Pcp107;Arrive at the Silo
load_tr43_Pcp306;Load Truck
check_abnorm_tr8_Pcp430;Check Empty Truck Weight Abnormality
arrive_Silo13_tr8_Pcp430;Arrive at the Silo
weigh_empty_tr6_Pcp166;Weigh the Empty Truck
determine_continu_tr8_Pcp430_Silo13;Determine the Continuance of the Pickup
check_abnorm_tr6_Pcp166;Check Empty Truck Weight Abnormality
arrive_Silo1_tr6_Pcp166;Arrive at the Silo
load_tr8_Pcp430;Load Truck
assign_tr9_Pcp464;Assign Truck
determine_continu_tr27_Pcp107_Silo13;Determine the Continuance of the Pickup
determine_continu_tr6_Pcp166_Silo1;Determine the Continuance of the Pickup
enter_tr9_Pcp464;Enter the port
register_arrival_tr9_Pcp464;Register the truck arrival
load_tr6_Pcp166;Load Truck
load_tr27_Pcp107;Load Truck
weigh_empty_tr9_Pcp464;Weigh the Empty Truck
check_abnorm_tr9_Pcp464;Check Empty Truck Weight Abnormality
assign_tr28_Pcp460;Assign Truck
arrive_Silo6_tr9_Pcp464;Arrive at the Silo
weigh_loaded_tr44_Pcp124;Weigh the Loaded Truck
enter_tr28_Pcp460;Enter the port
determine_continu_tr9_Pcp464_Silo6;Determine the Continuance of the Pickup
load_tr9_Pcp464;Load Truck
register_arrival_tr28_Pcp460;Register the truck arrival
assign_tr14_Pcp311;Assign Truck
issue_ticket_tr44_Pcp124;Issue the Weighing Ticket
input_tally_tr44_Pcp124;Input the Tally Sheet
eval_tr44exit_Pcp124;Evaluate the Truck Exit
exit_tr44_Pcp124;Exit the port
enter_tr14_Pcp311;Enter the port
register_arrival_tr14_Pcp311;Register the truck arrival
assign_tr39_Pcp450;Assign Truck
weigh_empty_tr14_Pcp311;Weigh the Empty Truck
weigh_loaded_tr45_Pcp170;Weigh the Loaded Truck
check_abnorm_tr14_Pcp311;Check Empty Truck Weight Abnormality
weigh_empty_tr28_Pcp460;Weigh the Empty Truck
assign_tr24_Pcp46;Assign Truck
enter_tr39_Pcp450;Enter the port
arrive_Silo13_tr14_Pcp311;Arrive at the Silo
check_abnorm_tr28_Pcp460;Check Empty Truck Weight Abnormality
weigh_loaded_tr6_Pcp166;Weigh the Loaded Truck
register_arrival_tr39_Pcp450;Register the truck arrival
arrive_Silo2_tr28_Pcp460;Arrive at the Silo
enter_tr24_Pcp46;Enter the port
issue_ticket_tr45_Pcp170;Issue the Weighing Ticket
input_tally_tr45_Pcp170;Input the Tally Sheet
eval_tr45exit_Pcp170;Evaluate the Truck Exit
determine_continu_tr14_Pcp311_Silo13;Determine the Continuance of the Pickup
exit_tr45_Pcp170;Exit the port
weigh_loaded_tr9_Pcp464;Weigh the Loaded Truck
determine_continu_tr28_Pcp460_Silo2;Determine the Continuance of the Pickup
issue_ticket_tr6_Pcp166;Issue the Weighing Ticket
input_tally_tr6_Pcp166;Input the Tally Sheet
eval_tr6exit_Pcp166;Evaluate the Truck Exit
fail_load_tr14_Pcp311;Fail to Load
weigh_empty_tr39_Pcp450;Weigh the Empty Truck
load_tr28_Pcp460;Load Truck
check_abnorm_tr39_Pcp450;Check Empty Truck Weight Abnormality
exit_tr6_Pcp166;Exit the port
arrive_Silo15_tr39_Pcp450;Arrive at the Silo
determine_continu_tr39_Pcp450_Silo15;Determine the Continuance of the Pickup
load_tr39_Pcp450;Load Truck
assign_tr26_Pcp388;Assign Truck
weigh_loaded_tr27_Pcp107;Weigh the Loaded Truck
register_arrival_tr24_Pcp46;Register the truck arrival
weigh_loaded_tr17_Pcp433;Weigh the Loaded Truck
issue_ticket_tr9_Pcp464;Issue the Weighing Ticket
input_tally_tr9_Pcp464;Input the Tally Sheet
eval_tr9exit_Pcp464;Evaluate the Truck Exit
exit_tr9_Pcp464;Exit the port
issue_ticket_tr17_Pcp433;Issue the Weighing Ticket
input_tally_tr17_Pcp433;Input the Tally Sheet
eval_tr17exit_Pcp433;Evaluate the Truck Exit
exit_tr17_Pcp433;Exit the port
enter_tr26_Pcp388;Enter the port
issue_ticket_tr27_Pcp107;Issue the Weighing Ticket
input_tally_tr27_Pcp107;Input the Tally Sheet
eval_tr27exit_Pcp107;Evaluate the Truck Exit
exit_tr27_Pcp107;Exit the port
weigh_empty_tr24_Pcp46;Weigh the Empty Truck
assign_tr16_Pcp172;Assign Truck
check_abnorm_tr24_Pcp46;Check Empty Truck Weight Abnormality
arrive_Silo16_tr24_Pcp46;Arrive at the Silo
register_arrival_tr26_Pcp388;Register the truck arrival
enter_tr16_Pcp172;Enter the port
weigh_loaded_tr23_Pcp64;Weigh the Loaded Truck
weigh_empty_tr26_Pcp388;Weigh the Empty Truck
register_arrival_tr16_Pcp172;Register the truck arrival
weigh_loaded_tr43_Pcp306;Weigh the Loaded Truck
determine_continu_tr24_Pcp46_Silo16;Determine the Continuance of the Pickup
weigh_loaded_tr28_Pcp460;Weigh the Loaded Truck
weigh_empty_tr16_Pcp172;Weigh the Empty Truck
check_abnorm_tr26_Pcp388;Check Empty Truck Weight Abnormality
issue_ticket_tr43_Pcp306;Issue the Weighing Ticket
check_abnorm_tr16_Pcp172;Check Empty Truck Weight Abnormality
input_tally_tr43_Pcp306;Input the Tally Sheet
issue_ticket_tr23_Pcp64;Issue the Weighing Ticket
eval_tr43exit_Pcp306;Evaluate the Truck Exit
input_tally_tr23_Pcp64;Input the Tally Sheet
eval_tr23exit_Pcp64;Evaluate the Truck Exit
load_tr24_Pcp46;Load Truck
exit_tr43_Pcp306;Exit the port
arrive_Silo3_tr26_Pcp388;Arrive at the Silo
exit_tr23_Pcp64;Exit the port
arrive_Silo16_tr16_Pcp172;Arrive at the Silo
issue_ticket_tr28_Pcp460;Issue the Weighing Ticket
input_tally_tr28_Pcp460;Input the Tally Sheet
eval_tr28exit_Pcp460;Evaluate the Truck Exit
exit_tr28_Pcp460;Exit the port
determine_continu_tr16_Pcp172_Silo16;Determine the Continuance of the Pickup
determine_continu_tr26_Pcp388_Silo3;Determine the Continuance of the Pickup
load_tr26_Pcp388;Load Truck
load_tr16_Pcp172;Load Truck
assign_tr5_Pcp303;Assign Truck
weigh_loaded_tr24_Pcp46;Weigh the Loaded Truck
weigh_loaded_tr8_Pcp430;Weigh the Loaded Truck
enter_tr5_Pcp303;Enter the port
issue_ticket_tr24_Pcp46;Issue the Weighing Ticket
input_tally_tr24_Pcp46;Input the Tally Sheet
eval_tr24exit_Pcp46;Evaluate the Truck Exit
exit_tr24_Pcp46;Exit the port
register_arrival_tr5_Pcp303;Register the truck arrival
issue_ticket_tr8_Pcp430;Issue the Weighing Ticket
input_tally_tr8_Pcp430;Input the Tally Sheet
eval_tr8exit_Pcp430;Evaluate the Truck Exit
exit_tr8_Pcp430;Exit the port
weigh_empty_tr5_Pcp303;Weigh the Empty Truck
check_abnorm_tr5_Pcp303;Check Empty Truck Weight Abnormality
arrive_Silo12_tr5_Pcp303;Arrive at the Silo
determine_continu_tr5_Pcp303_Silo12;Determine the Continuance of the Pickup
weigh_loaded_tr26_Pcp388;Weigh the Loaded Truck
load_tr5_Pcp303;Load Truck
issue_ticket_tr26_Pcp388;Issue the Weighing Ticket
input_tally_tr26_Pcp388;Input the Tally Sheet
eval_tr26exit_Pcp388;Evaluate the Truck Exit
exit_tr26_Pcp388;Exit the port
weigh_loaded_tr39_Pcp450;Weigh the Loaded Truck
weigh_loaded_tr5_Pcp303;Weigh the Loaded Truck
issue_ticket_tr39_Pcp450;Issue the Weighing Ticket
input_tally_tr39_Pcp450;Input the Tally Sheet
eval_tr39exit_Pcp450;Evaluate the Truck Exit
issue_ticket_tr5_Pcp303;Issue the Weighing Ticket
input_tally_tr5_Pcp303;Input the Tally Sheet
eval_tr5exit_Pcp303;Evaluate the Truck Exit
exit_tr39_Pcp450;Exit the port
exit_tr5_Pcp303;Exit the port
weigh_loaded_tr16_Pcp172;Weigh the Loaded Truck
issue_ticket_tr16_Pcp172;Issue the Weighing Ticket
input_tally_tr16_Pcp172;Input the Tally Sheet
eval_tr16exit_Pcp172;Evaluate the Truck Exit
exit_tr16_Pcp172;Exit the port
assign_tr41_Pcp217;Assign Truck
enter_tr41_Pcp217;Enter the port
register_arrival_tr41_Pcp217;Register the truck arrival
weigh_empty_tr41_Pcp217;Weigh the Empty Truck
check_abnorm_tr41_Pcp217;Check Empty Truck Weight Abnormality
arrive_Silo19_tr41_Pcp217;Arrive at the Silo
determine_continu_tr41_Pcp217_Silo19;Determine the Continuance of the Pickup
assign_tr48_Pcp192;Assign Truck
enter_tr48_Pcp192;Enter the port
load_tr41_Pcp217;Load Truck
register_arrival_tr48_Pcp192;Register the truck arrival
weigh_empty_tr48_Pcp192;Weigh the Empty Truck
check_abnorm_tr48_Pcp192;Check Empty Truck Weight Abnormality
assign_tr34_Pcp425;Assign Truck
arrive_Silo9_tr48_Pcp192;Arrive at the Silo
enter_tr34_Pcp425;Enter the port
register_arrival_tr34_Pcp425;Register the truck arrival
determine_continu_tr48_Pcp192_Silo9;Determine the Continuance of the Pickup
weigh_empty_tr34_Pcp425;Weigh the Empty Truck
load_tr48_Pcp192;Load Truck
check_abnorm_tr34_Pcp425;Check Empty Truck Weight Abnormality
arrive_Silo2_tr34_Pcp425;Arrive at the Silo
determine_continu_tr34_Pcp425_Silo2;Determine the Continuance of the Pickup
load_tr34_Pcp425;Load Truck
weigh_loaded_tr41_Pcp217;Weigh the Loaded Truck
issue_ticket_tr41_Pcp217;Issue the Weighing Ticket
input_tally_tr41_Pcp217;Input the Tally Sheet
eval_tr41exit_Pcp217;Evaluate the Truck Exit
exit_tr41_Pcp217;Exit the port
assign_tr47_Pcp156;Assign Truck
weigh_loaded_tr48_Pcp192;Weigh the Loaded Truck
weigh_loaded_tr34_Pcp425;Weigh the Loaded Truck
issue_ticket_tr48_Pcp192;Issue the Weighing Ticket
input_tally_tr48_Pcp192;Input the Tally Sheet
eval_tr48exit_Pcp192;Evaluate the Truck Exit
exit_tr48_Pcp192;Exit the port
enter_tr47_Pcp156;Enter the port
register_arrival_tr47_Pcp156;Register the truck arrival
issue_ticket_tr34_Pcp425;Issue the Weighing Ticket
input_tally_tr34_Pcp425;Input the Tally Sheet
eval_tr34exit_Pcp425;Evaluate the Truck Exit
weigh_empty_tr47_Pcp156;Weigh the Empty Truck
exit_tr34_Pcp425;Exit the port
check_abnorm_tr47_Pcp156;Check Empty Truck Weight Abnormality
arrive_Silo14_tr47_Pcp156;Arrive at the Silo
assign_tr13_Pcp7;Assign Truck
enter_tr13_Pcp7;Enter the port
determine_continu_tr47_Pcp156_Silo14;Determine the Continuance of the Pickup
register_arrival_tr13_Pcp7;Register the truck arrival
load_tr47_Pcp156;Load Truck
assign_tr2_Pcp314;Assign Truck
weigh_loaded_tr47_Pcp156;Weigh the Loaded Truck
weigh_empty_tr13_Pcp7;Weigh the Empty Truck
check_abnorm_tr13_Pcp7;Check Empty Truck Weight Abnormality
arrive_Silo18_tr13_Pcp7;Arrive at the Silo
issue_ticket_tr47_Pcp156;Issue the Weighing Ticket
input_tally_tr47_Pcp156;Input the Tally Sheet
eval_tr47exit_Pcp156;Evaluate the Truck Exit
exit_tr47_Pcp156;Exit the port
determine_continu_tr13_Pcp7_Silo18;Determine the Continuance of the Pickup
load_tr13_Pcp7;Load Truck
enter_tr2_Pcp314;Enter the port
register_arrival_tr2_Pcp314;Register the truck arrival
weigh_empty_tr2_Pcp314;Weigh the Empty Truck
check_abnorm_tr2_Pcp314;Check Empty Truck Weight Abnormality
arrive_Silo5_tr2_Pcp314;Arrive at the Silo
determine_continu_tr2_Pcp314_Silo5;Determine the Continuance of the Pickup
assign_tr50_Pcp443;Assign Truck
enter_tr50_Pcp443;Enter the port
register_arrival_tr50_Pcp443;Register the truck arrival
load_tr2_Pcp314;Load Truck
weigh_empty_tr50_Pcp443;Weigh the Empty Truck
check_abnorm_tr50_Pcp443;Check Empty Truck Weight Abnormality
arrive_Silo9_tr50_Pcp443;Arrive at the Silo
determine_continu_tr50_Pcp443_Silo9;Determine the Continuance of the Pickup
weigh_loaded_tr13_Pcp7;Weigh the Loaded Truck
load_tr50_Pcp443;Load Truck
assign_tr36_Pcp443;Assign Truck
issue_ticket_tr13_Pcp7;Issue the Weighing Ticket
input_tally_tr13_Pcp7;Input the Tally Sheet
eval_tr13exit_Pcp7;Evaluate the Truck Exit
exit_tr13_Pcp7;Exit the port
enter_tr36_Pcp443;Enter the port
register_arrival_tr36_Pcp443;Register the truck arrival
weigh_empty_tr36_Pcp443;Weigh the Empty Truck
check_abnorm_tr36_Pcp443;Check Empty Truck Weight Abnormality
arrive_Silo9_tr36_Pcp443;Arrive at the Silo
assign_tr22_Pcp470;Assign Truck
enter_tr22_Pcp470;Enter the port
weigh_loaded_tr2_Pcp314;Weigh the Loaded Truck
register_arrival_tr22_Pcp470;Register the truck arrival
issue_ticket_tr2_Pcp314;Issue the Weighing Ticket
input_tally_tr2_Pcp314;Input the Tally Sheet
eval_tr2exit_Pcp314;Evaluate the Truck Exit
exit_tr2_Pcp314;Exit the port
weigh_empty_tr22_Pcp470;Weigh the Empty Truck
check_abnorm_tr22_Pcp470;Check Empty Truck Weight Abnormality
arrive_Silo12_tr22_Pcp470;Arrive at the Silo
determine_continu_tr36_Pcp443_Silo9;Determine the Continuance of the Pickup
determine_continu_tr22_Pcp470_Silo12;Determine the Continuance of the Pickup
load_tr22_Pcp470;Load Truck
load_tr36_Pcp443;Load Truck
weigh_loaded_tr50_Pcp443;Weigh the Loaded Truck
issue_ticket_tr50_Pcp443;Issue the Weighing Ticket
input_tally_tr50_Pcp443;Input the Tally Sheet
eval_tr50exit_Pcp443;Evaluate the Truck Exit
exit_tr50_Pcp443;Exit the port
weigh_loaded_tr36_Pcp443;Weigh the Loaded Truck
issue_ticket_tr36_Pcp443;Issue the Weighing Ticket
input_tally_tr36_Pcp443;Input the Tally Sheet
eval_tr36exit_Pcp443;Evaluate the Truck Exit
exit_tr36_Pcp443;Exit the port
assign_tr12_Pcp168;Assign Truck
enter_tr12_Pcp168;Enter the port
register_arrival_tr12_Pcp168;Register the truck arrival
weigh_empty_tr12_Pcp168;Weigh the Empty Truck
check_abnorm_tr12_Pcp168;Check Empty Truck Weight Abnormality
arrive_Silo15_tr12_Pcp168;Arrive at the Silo
determine_continu_tr12_Pcp168_Silo15;Determine the Continuance of the Pickup
load_tr12_Pcp168;Load Truck
weigh_loaded_tr22_Pcp470;Weigh the Loaded Truck
issue_ticket_tr22_Pcp470;Issue the Weighing Ticket
input_tally_tr22_Pcp470;Input the Tally Sheet
eval_tr22exit_Pcp470;Evaluate the Truck Exit
exit_tr22_Pcp470;Exit the port
assign_tr3_Pcp156;Assign Truck
weigh_loaded_tr12_Pcp168;Weigh the Loaded Truck
issue_ticket_tr12_Pcp168;Issue the Weighing Ticket
input_tally_tr12_Pcp168;Input the Tally Sheet
eval_tr12exit_Pcp168;Evaluate the Truck Exit
enter_tr3_Pcp156;Enter the port
exit_tr12_Pcp168;Exit the port
register_arrival_tr3_Pcp156;Register the truck arrival
weigh_empty_tr3_Pcp156;Weigh the Empty Truck
check_abnorm_tr3_Pcp156;Check Empty Truck Weight Abnormality
arrive_Silo14_tr3_Pcp156;Arrive at the Silo
determine_continu_tr3_Pcp156_Silo14;Determine the Continuance of the Pickup
load_tr3_Pcp156;Load Truck
lodge_Pcp394;Lodge Pickup Plan
assess_Pcp394;Assess Pickup Plan
approve_Pcp394;Approve Pickup Plan
weigh_loaded_tr3_Pcp156;Weigh the Loaded Truck
issue_ticket_tr3_Pcp156;Issue the Weighing Ticket
input_tally_tr3_Pcp156;Input the Tally Sheet
eval_tr3exit_Pcp156;Evaluate the Truck Exit
exit_tr3_Pcp156;Exit the port
lodge_Pcp331;Lodge Pickup Plan
assess_Pcp331;Assess Pickup Plan
approve_Pcp331;Approve Pickup Plan
assign_tr30_Pcp237;Assign Truck
enter_tr30_Pcp237;Enter the port
register_arrival_tr30_Pcp237;Register the truck arrival
weigh_empty_tr30_Pcp237;Weigh the Empty Truck
check_abnorm_tr30_Pcp237;Check Empty Truck Weight Abnormality
arrive_Silo11_tr30_Pcp237;Arrive at the Silo
determine_continu_tr30_Pcp237_Silo11;Determine the Continuance of the Pickup
assign_tr32_Pcp9;Assign Truck
load_tr30_Pcp237;Load Truck
assign_tr21_Pcp388;Assign Truck
enter_tr32_Pcp9;Enter the port
enter_tr21_Pcp388;Enter the port
register_arrival_tr32_Pcp9;Register the truck arrival
register_arrival_tr21_Pcp388;Register the truck arrival
weigh_empty_tr32_Pcp9;Weigh the Empty Truck
check_abnorm_tr32_Pcp9;Check Empty Truck Weight Abnormality
assign_tr10_Pcp413;Assign Truck
arrive_Silo1_tr32_Pcp9;Arrive at the Silo
weigh_empty_tr21_Pcp388;Weigh the Empty Truck
check_abnorm_tr21_Pcp388;Check Empty Truck Weight Abnormality
enter_tr10_Pcp413;Enter the port
arrive_Silo3_tr21_Pcp388;Arrive at the Silo
determine_continu_tr32_Pcp9_Silo1;Determine the Continuance of the Pickup
determine_continu_tr21_Pcp388_Silo3;Determine the Continuance of the Pickup
register_arrival_tr10_Pcp413;Register the truck arrival
load_tr21_Pcp388;Load Truck
load_tr32_Pcp9;Load Truck
weigh_empty_tr10_Pcp413;Weigh the Empty Truck
assign_tr33_Pcp410;Assign Truck
check_abnorm_tr10_Pcp413;Check Empty Truck Weight Abnormality
arrive_Silo11_tr10_Pcp413;Arrive at the Silo
enter_tr33_Pcp410;Enter the port
assign_tr15_Pcp116;Assign Truck
enter_tr15_Pcp116;Enter the port
determine_continu_tr10_Pcp413_Silo11;Determine the Continuance of the Pickup
register_arrival_tr15_Pcp116;Register the truck arrival
load_tr10_Pcp413;Load Truck
weigh_loaded_tr30_Pcp237;Weigh the Loaded Truck
issue_ticket_tr30_Pcp237;Issue the Weighing Ticket
input_tally_tr30_Pcp237;Input the Tally Sheet
eval_tr30exit_Pcp237;Evaluate the Truck Exit
exit_tr30_Pcp237;Exit the port
register_arrival_tr33_Pcp410;Register the truck arrival
weigh_loaded_tr21_Pcp388;Weigh the Loaded Truck
assign_tr20_Pcp141;Assign Truck
weigh_empty_tr33_Pcp410;Weigh the Empty Truck
weigh_empty_tr15_Pcp116;Weigh the Empty Truck
check_abnorm_tr15_Pcp116;Check Empty Truck Weight Abnormality
check_abnorm_tr33_Pcp410;Check Empty Truck Weight Abnormality
arrive_Silo2_tr33_Pcp410;Arrive at the Silo
enter_tr20_Pcp141;Enter the port
arrive_Silo1_tr15_Pcp116;Arrive at the Silo
issue_ticket_tr21_Pcp388;Issue the Weighing Ticket
input_tally_tr21_Pcp388;Input the Tally Sheet
eval_tr21exit_Pcp388;Evaluate the Truck Exit
register_arrival_tr20_Pcp141;Register the truck arrival
determine_continu_tr33_Pcp410_Silo2;Determine the Continuance of the Pickup
exit_tr21_Pcp388;Exit the port
weigh_loaded_tr10_Pcp413;Weigh the Loaded Truck
issue_ticket_tr10_Pcp413;Issue the Weighing Ticket
input_tally_tr10_Pcp413;Input the Tally Sheet
eval_tr10exit_Pcp413;Evaluate the Truck Exit
exit_tr10_Pcp413;Exit the port
weigh_loaded_tr32_Pcp9;Weigh the Loaded Truck
load_tr33_Pcp410;Load Truck
assign_tr38_Pcp343;Assign Truck
issue_ticket_tr32_Pcp9;Issue the Weighing Ticket
assign_tr19_Pcp159;Assign Truck
input_tally_tr32_Pcp9;Input the Tally Sheet
eval_tr32exit_Pcp9;Evaluate the Truck Exit
exit_tr32_Pcp9;Exit the port
weigh_empty_tr20_Pcp141;Weigh the Empty Truck
assign_tr25_Pcp226;Assign Truck
enter_tr19_Pcp159;Enter the port
assign_tr29_Pcp196;Assign Truck
check_abnorm_tr20_Pcp141;Check Empty Truck Weight Abnormality
enter_tr29_Pcp196;Enter the port
determine_continu_tr15_Pcp116_Silo1;Determine the Continuance of the Pickup
arrive_Silo2_tr20_Pcp141;Arrive at the Silo
enter_tr38_Pcp343;Enter the port
enter_tr25_Pcp226;Enter the port
load_tr15_Pcp116;Load Truck
register_arrival_tr29_Pcp196;Register the truck arrival
register_arrival_tr38_Pcp343;Register the truck arrival
determine_continu_tr20_Pcp141_Silo2;Determine the Continuance of the Pickup
register_arrival_tr19_Pcp159;Register the truck arrival
register_arrival_tr25_Pcp226;Register the truck arrival
assign_tr4_Pcp490;Assign Truck
assign_tr7_Pcp12;Assign Truck
enter_tr7_Pcp12;Enter the port
weigh_empty_tr19_Pcp159;Weigh the Empty Truck
assign_tr40_Pcp187;Assign Truck
weigh_empty_tr29_Pcp196;Weigh the Empty Truck
check_abnorm_tr19_Pcp159;Check Empty Truck Weight Abnormality
enter_tr4_Pcp490;Enter the port
assign_tr35_Pcp193;Assign Truck
check_abnorm_tr29_Pcp196;Check Empty Truck Weight Abnormality
register_arrival_tr4_Pcp490;Register the truck arrival
arrive_Silo1_tr19_Pcp159;Arrive at the Silo
weigh_empty_tr25_Pcp226;Weigh the Empty Truck
enter_tr40_Pcp187;Enter the port
load_tr20_Pcp141;Load Truck
arrive_Silo19_tr29_Pcp196;Arrive at the Silo
check_abnorm_tr25_Pcp226;Check Empty Truck Weight Abnormality
arrive_Silo10_tr25_Pcp226;Arrive at the Silo
determine_continu_tr29_Pcp196_Silo19;Determine the Continuance of the Pickup
register_arrival_tr40_Pcp187;Register the truck arrival
assign_tr31_Pcp22;Assign Truck
fail_load_tr29_Pcp196;Fail to Load
register_arrival_tr7_Pcp12;Register the truck arrival
determine_continu_tr19_Pcp159_Silo1;Determine the Continuance of the Pickup
determine_continu_tr25_Pcp226_Silo10;Determine the Continuance of the Pickup
load_tr19_Pcp159;Load Truck
weigh_empty_tr38_Pcp343;Weigh the Empty Truck
weigh_empty_tr7_Pcp12;Weigh the Empty Truck
enter_tr35_Pcp193;Enter the port
check_abnorm_tr38_Pcp343;Check Empty Truck Weight Abnormality
arrive_Silo10_tr38_Pcp343;Arrive at the Silo
check_abnorm_tr7_Pcp12;Check Empty Truck Weight Abnormality
arrive_Silo2_tr7_Pcp12;Arrive at the Silo
load_tr25_Pcp226;Load Truck
assign_tr18_Pcp214;Assign Truck
weigh_empty_tr40_Pcp187;Weigh the Empty Truck
weigh_loaded_tr20_Pcp141;Weigh the Loaded Truck
check_abnorm_tr40_Pcp187;Check Empty Truck Weight Abnormality
determine_continu_tr38_Pcp343_Silo10;Determine the Continuance of the Pickup
enter_tr31_Pcp22;Enter the port
enter_tr18_Pcp214;Enter the port
arrive_Silo10_tr40_Pcp187;Arrive at the Silo
weigh_empty_tr4_Pcp490;Weigh the Empty Truck
assign_tr46_Pcp96;Assign Truck
register_arrival_tr35_Pcp193;Register the truck arrival
load_tr38_Pcp343;Load Truck
check_abnorm_tr4_Pcp490;Check Empty Truck Weight Abnormality
arrive_Silo9_tr4_Pcp490;Arrive at the Silo
register_arrival_tr18_Pcp214;Register the truck arrival
assign_tr42_Pcp48;Assign Truck
enter_tr46_Pcp96;Enter the port
determine_continu_tr4_Pcp490_Silo9;Determine the Continuance of the Pickup
determine_continu_tr7_Pcp12_Silo2;Determine the Continuance of the Pickup
assign_tr49_Pcp429;Assign Truck
weigh_empty_tr35_Pcp193;Weigh the Empty Truck
issue_ticket_tr20_Pcp141;Issue the Weighing Ticket
input_tally_tr20_Pcp141;Input the Tally Sheet
eval_tr20exit_Pcp141;Evaluate the Truck Exit
check_abnorm_tr35_Pcp193;Check Empty Truck Weight Abnormality
enter_tr49_Pcp429;Enter the port
exit_tr20_Pcp141;Exit the port
arrive_Silo20_tr35_Pcp193;Arrive at the Silo
load_tr4_Pcp490;Load Truck
weigh_loaded_tr33_Pcp410;Weigh the Loaded Truck
enter_tr42_Pcp48;Enter the port
load_tr7_Pcp12;Load Truck
determine_continu_tr40_Pcp187_Silo10;Determine the Continuance of the Pickup
register_arrival_tr31_Pcp22;Register the truck arrival
weigh_empty_tr18_Pcp214;Weigh the Empty Truck
register_arrival_tr46_Pcp96;Register the truck arrival
check_abnorm_tr18_Pcp214;Check Empty Truck Weight Abnormality
load_tr40_Pcp187;Load Truck
register_arrival_tr42_Pcp48;Register the truck arrival
determine_continu_tr35_Pcp193_Silo20;Determine the Continuance of the Pickup
arrive_Silo10_tr18_Pcp214;Arrive at the Silo
issue_ticket_tr33_Pcp410;Issue the Weighing Ticket
input_tally_tr33_Pcp410;Input the Tally Sheet
eval_tr33exit_Pcp410;Evaluate the Truck Exit
weigh_empty_tr31_Pcp22;Weigh the Empty Truck
register_arrival_tr49_Pcp429;Register the truck arrival
load_tr35_Pcp193;Load Truck
exit_tr33_Pcp410;Exit the port
check_abnorm_tr31_Pcp22;Check Empty Truck Weight Abnormality
weigh_empty_tr42_Pcp48;Weigh the Empty Truck
arrive_Silo1_tr31_Pcp22;Arrive at the Silo
weigh_loaded_tr7_Pcp12;Weigh the Loaded Truck
check_abnorm_tr42_Pcp48;Check Empty Truck Weight Abnormality
weigh_empty_tr49_Pcp429;Weigh the Empty Truck
arrive_Silo15_tr42_Pcp48;Arrive at the Silo
determine_continu_tr31_Pcp22_Silo1;Determine the Continuance of the Pickup
check_abnorm_tr49_Pcp429;Check Empty Truck Weight Abnormality
load_tr31_Pcp22;Load Truck
arrive_Silo2_tr49_Pcp429;Arrive at the Silo
assign_tr11_Pcp465;Assign Truck
issue_ticket_tr7_Pcp12;Issue the Weighing Ticket
input_tally_tr7_Pcp12;Input the Tally Sheet
eval_tr7exit_Pcp12;Evaluate the Truck Exit
exit_tr7_Pcp12;Exit the port
weigh_empty_tr46_Pcp96;Weigh the Empty Truck
check_abnorm_tr46_Pcp96;Check Empty Truck Weight Abnormality
arrive_Silo12_tr46_Pcp96;Arrive at the Silo
enter_tr11_Pcp465;Enter the port
determine_continu_tr18_Pcp214_Silo10;Determine the Continuance of the Pickup
load_tr18_Pcp214;Load Truck
assign_tr37_Pcp464;Assign Truck
determine_continu_tr42_Pcp48_Silo15;Determine the Continuance of the Pickup
load_tr42_Pcp48;Load Truck
weigh_loaded_tr31_Pcp22;Weigh the Loaded Truck
enter_tr37_Pcp464;Enter the port
determine_continu_tr49_Pcp429_Silo2;Determine the Continuance of the Pickup
load_tr49_Pcp429;Load Truck
issue_ticket_tr31_Pcp22;Issue the Weighing Ticket
input_tally_tr31_Pcp22;Input the Tally Sheet
eval_tr31exit_Pcp22;Evaluate the Truck Exit
exit_tr31_Pcp22;Exit the port
determine_continu_tr46_Pcp96_Silo12;Determine the Continuance of the Pickup
load_tr46_Pcp96;Load Truck
register_arrival_tr37_Pcp464;Register the truck arrival
register_arrival_tr11_Pcp465;Register the truck arrival
weigh_loaded_tr38_Pcp343;Weigh the Loaded Truck
weigh_loaded_tr18_Pcp214;Weigh the Loaded Truck
weigh_empty_tr37_Pcp464;Weigh the Empty Truck
assign_tr1_Pcp161;Assign Truck
check_abnorm_tr37_Pcp464;Check Empty Truck Weight Abnormality
weigh_loaded_tr42_Pcp48;Weigh the Loaded Truck
weigh_empty_tr11_Pcp465;Weigh the Empty Truck
arrive_Silo6_tr37_Pcp464;Arrive at the Silo
check_abnorm_tr11_Pcp465;Check Empty Truck Weight Abnormality
weigh_loaded_tr35_Pcp193;Weigh the Loaded Truck
enter_tr1_Pcp161;Enter the port
arrive_Silo20_tr11_Pcp465;Arrive at the Silo
issue_ticket_tr38_Pcp343;Issue the Weighing Ticket
input_tally_tr38_Pcp343;Input the Tally Sheet
eval_tr38exit_Pcp343;Evaluate the Truck Exit
issue_ticket_tr18_Pcp214;Issue the Weighing Ticket
input_tally_tr18_Pcp214;Input the Tally Sheet
eval_tr18exit_Pcp214;Evaluate the Truck Exit
issue_ticket_tr42_Pcp48;Issue the Weighing Ticket
input_tally_tr42_Pcp48;Input the Tally Sheet
eval_tr42exit_Pcp48;Evaluate the Truck Exit
exit_tr38_Pcp343;Exit the port
exit_tr18_Pcp214;Exit the port
exit_tr42_Pcp48;Exit the port
issue_ticket_tr35_Pcp193;Issue the Weighing Ticket
input_tally_tr35_Pcp193;Input the Tally Sheet
eval_tr35exit_Pcp193;Evaluate the Truck Exit
weigh_loaded_tr46_Pcp96;Weigh the Loaded Truck
exit_tr35_Pcp193;Exit the port
register_arrival_tr1_Pcp161;Register the truck arrival
determine_continu_tr11_Pcp465_Silo20;Determine the Continuance of the Pickup
weigh_loaded_tr4_Pcp490;Weigh the Loaded Truck
weigh_loaded_tr49_Pcp429;Weigh the Loaded Truck
issue_ticket_tr46_Pcp96;Issue the Weighing Ticket
input_tally_tr46_Pcp96;Input the Tally Sheet
eval_tr46exit_Pcp96;Evaluate the Truck Exit
exit_tr46_Pcp96;Exit the port
determine_continu_tr37_Pcp464_Silo6;Determine the Continuance of the Pickup
load_tr11_Pcp465;Load Truck
weigh_empty_tr1_Pcp161;Weigh the Empty Truck
load_tr37_Pcp464;Load Truck
check_abnorm_tr1_Pcp161;Check Empty Truck Weight Abnormality
arrive_Silo12_tr1_Pcp161;Arrive at the Silo
issue_ticket_tr49_Pcp429;Issue the Weighing Ticket
input_tally_tr49_Pcp429;Input the Tally Sheet
eval_tr49exit_Pcp429;Evaluate the Truck Exit
exit_tr49_Pcp429;Exit the port
weigh_loaded_tr15_Pcp116;Weigh the Loaded Truck
issue_ticket_tr4_Pcp490;Issue the Weighing Ticket
input_tally_tr4_Pcp490;Input the Tally Sheet
eval_tr4exit_Pcp490;Evaluate the Truck Exit
exit_tr4_Pcp490;Exit the port
issue_ticket_tr15_Pcp116;Issue the Weighing Ticket
input_tally_tr15_Pcp116;Input the Tally Sheet
eval_tr15exit_Pcp116;Evaluate the Truck Exit
exit_tr15_Pcp116;Exit the port
determine_continu_tr1_Pcp161_Silo12;Determine the Continuance of the Pickup
assign_tr44_Pcp126;Assign Truck
load_tr1_Pcp161;Load Truck
enter_tr44_Pcp126;Enter the port
weigh_loaded_tr19_Pcp159;Weigh the Loaded Truck
weigh_loaded_tr11_Pcp465;Weigh the Loaded Truck
weigh_loaded_tr37_Pcp464;Weigh the Loaded Truck
issue_ticket_tr19_Pcp159;Issue the Weighing Ticket
input_tally_tr19_Pcp159;Input the Tally Sheet
eval_tr19exit_Pcp159;Evaluate the Truck Exit
exit_tr19_Pcp159;Exit the port
issue_ticket_tr11_Pcp465;Issue the Weighing Ticket
input_tally_tr11_Pcp465;Input the Tally Sheet
eval_tr11exit_Pcp465;Evaluate the Truck Exit
exit_tr11_Pcp465;Exit the port
assign_tr45_Pcp126;Assign Truck
register_arrival_tr44_Pcp126;Register the truck arrival
issue_ticket_tr37_Pcp464;Issue the Weighing Ticket
input_tally_tr37_Pcp464;Input the Tally Sheet
eval_tr37exit_Pcp464;Evaluate the Truck Exit
exit_tr37_Pcp464;Exit the port
enter_tr45_Pcp126;Enter the port
assign_tr14_Pcp291;Assign Truck
assign_tr6_Pcp466;Assign Truck
enter_tr6_Pcp466;Enter the port
weigh_empty_tr44_Pcp126;Weigh the Empty Truck
enter_tr14_Pcp291;Enter the port
check_abnorm_tr44_Pcp126;Check Empty Truck Weight Abnormality
arrive_Silo1_tr44_Pcp126;Arrive at the Silo
register_arrival_tr6_Pcp466;Register the truck arrival
weigh_loaded_tr1_Pcp161;Weigh the Loaded Truck
register_arrival_tr45_Pcp126;Register the truck arrival
register_arrival_tr14_Pcp291;Register the truck arrival
assign_tr9_Pcp291;Assign Truck
issue_ticket_tr1_Pcp161;Issue the Weighing Ticket
input_tally_tr1_Pcp161;Input the Tally Sheet
eval_tr1exit_Pcp161;Evaluate the Truck Exit
weigh_empty_tr14_Pcp291;Weigh the Empty Truck
exit_tr1_Pcp161;Exit the port
check_abnorm_tr14_Pcp291;Check Empty Truck Weight Abnormality
weigh_empty_tr6_Pcp466;Weigh the Empty Truck
assign_tr17_Pcp343;Assign Truck
arrive_Silo19_tr14_Pcp291;Arrive at the Silo
check_abnorm_tr6_Pcp466;Check Empty Truck Weight Abnormality
enter_tr9_Pcp291;Enter the port
assign_tr27_Pcp162;Assign Truck
arrive_Silo18_tr6_Pcp466;Arrive at the Silo
enter_tr27_Pcp162;Enter the port
determine_continu_tr44_Pcp126_Silo1;Determine the Continuance of the Pickup
enter_tr17_Pcp343;Enter the port
weigh_empty_tr45_Pcp126;Weigh the Empty Truck
register_arrival_tr27_Pcp162;Register the truck arrival
determine_continu_tr14_Pcp291_Silo19;Determine the Continuance of the Pickup
check_abnorm_tr45_Pcp126;Check Empty Truck Weight Abnormality
register_arrival_tr9_Pcp291;Register the truck arrival
arrive_Silo1_tr45_Pcp126;Arrive at the Silo
load_tr44_Pcp126;Load Truck
register_arrival_tr17_Pcp343;Register the truck arrival
weigh_empty_tr27_Pcp162;Weigh the Empty Truck
weigh_loaded_tr40_Pcp187;Weigh the Loaded Truck
determine_continu_tr6_Pcp466_Silo18;Determine the Continuance of the Pickup
check_abnorm_tr27_Pcp162;Check Empty Truck Weight Abnormality
arrive_Silo8_tr27_Pcp162;Arrive at the Silo
load_tr14_Pcp291;Load Truck
load_tr6_Pcp466;Load Truck
weigh_empty_tr9_Pcp291;Weigh the Empty Truck
check_abnorm_tr9_Pcp291;Check Empty Truck Weight Abnormality
issue_ticket_tr40_Pcp187;Issue the Weighing Ticket
input_tally_tr40_Pcp187;Input the Tally Sheet
arrive_Silo19_tr9_Pcp291;Arrive at the Silo
eval_tr40exit_Pcp187;Evaluate the Truck Exit
exit_tr40_Pcp187;Exit the port
determine_continu_tr27_Pcp162_Silo8;Determine the Continuance of the Pickup
determine_continu_tr9_Pcp291_Silo19;Determine the Continuance of the Pickup
weigh_loaded_tr6_Pcp466;Weigh the Loaded Truck
load_tr27_Pcp162;Load Truck
determine_continu_tr45_Pcp126_Silo1;Determine the Continuance of the Pickup
assign_tr43_Pcp428;Assign Truck
assign_tr23_Pcp198;Assign Truck
load_tr9_Pcp291;Load Truck
weigh_empty_tr17_Pcp343;Weigh the Empty Truck
weigh_loaded_tr25_Pcp226;Weigh the Loaded Truck
check_abnorm_tr17_Pcp343;Check Empty Truck Weight Abnormality
issue_ticket_tr25_Pcp226;Issue the Weighing Ticket
input_tally_tr25_Pcp226;Input the Tally Sheet
eval_tr25exit_Pcp226;Evaluate the Truck Exit
enter_tr43_Pcp428;Enter the port
arrive_Silo10_tr17_Pcp343;Arrive at the Silo
enter_tr23_Pcp198;Enter the port
load_tr45_Pcp126;Load Truck
exit_tr25_Pcp226;Exit the port
issue_ticket_tr6_Pcp466;Issue the Weighing Ticket
input_tally_tr6_Pcp466;Input the Tally Sheet
eval_tr6exit_Pcp466;Evaluate the Truck Exit
exit_tr6_Pcp466;Exit the port
determine_continu_tr17_Pcp343_Silo10;Determine the Continuance of the Pickup
load_tr17_Pcp343;Load Truck
assign_tr28_Pcp467;Assign Truck
weigh_loaded_tr27_Pcp162;Weigh the Loaded Truck
enter_tr28_Pcp467;Enter the port
register_arrival_tr43_Pcp428;Register the truck arrival
issue_ticket_tr27_Pcp162;Issue the Weighing Ticket
input_tally_tr27_Pcp162;Input the Tally Sheet
eval_tr27exit_Pcp162;Evaluate the Truck Exit
exit_tr27_Pcp162;Exit the port
register_arrival_tr23_Pcp198;Register the truck arrival
register_arrival_tr28_Pcp467;Register the truck arrival
weigh_empty_tr43_Pcp428;Weigh the Empty Truck
weigh_empty_tr23_Pcp198;Weigh the Empty Truck
check_abnorm_tr23_Pcp198;Check Empty Truck Weight Abnormality
check_abnorm_tr43_Pcp428;Check Empty Truck Weight Abnormality
arrive_Silo18_tr23_Pcp198;Arrive at the Silo
arrive_Silo3_tr43_Pcp428;Arrive at the Silo
weigh_loaded_tr17_Pcp343;Weigh the Loaded Truck
issue_ticket_tr17_Pcp343;Issue the Weighing Ticket
input_tally_tr17_Pcp343;Input the Tally Sheet
eval_tr17exit_Pcp343;Evaluate the Truck Exit
exit_tr17_Pcp343;Exit the port
assign_tr24_Pcp187;Assign Truck
determine_continu_tr43_Pcp428_Silo3;Determine the Continuance of the Pickup
enter_tr24_Pcp187;Enter the port
weigh_loaded_tr45_Pcp126;Weigh the Loaded Truck
assign_tr8_Pcp138;Assign Truck
determine_continu_tr23_Pcp198_Silo18;Determine the Continuance of the Pickup
weigh_empty_tr28_Pcp467;Weigh the Empty Truck
load_tr43_Pcp428;Load Truck
check_abnorm_tr28_Pcp467;Check Empty Truck Weight Abnormality
enter_tr8_Pcp138;Enter the port
load_tr23_Pcp198;Load Truck
issue_ticket_tr45_Pcp126;Issue the Weighing Ticket
input_tally_tr45_Pcp126;Input the Tally Sheet
arrive_Silo12_tr28_Pcp467;Arrive at the Silo
eval_tr45exit_Pcp126;Evaluate the Truck Exit
register_arrival_tr8_Pcp138;Register the truck arrival
exit_tr45_Pcp126;Exit the port
register_arrival_tr24_Pcp187;Register the truck arrival
weigh_empty_tr24_Pcp187;Weigh the Empty Truck
check_abnorm_tr24_Pcp187;Check Empty Truck Weight Abnormality
arrive_Silo10_tr24_Pcp187;Arrive at the Silo
weigh_empty_tr8_Pcp138;Weigh the Empty Truck
determine_continu_tr28_Pcp467_Silo12;Determine the Continuance of the Pickup
check_abnorm_tr8_Pcp138;Check Empty Truck Weight Abnormality
arrive_Silo16_tr8_Pcp138;Arrive at the Silo
load_tr28_Pcp467;Load Truck
determine_continu_tr24_Pcp187_Silo10;Determine the Continuance of the Pickup
load_tr24_Pcp187;Load Truck
assign_tr26_Pcp414;Assign Truck
enter_tr26_Pcp414;Enter the port
weigh_loaded_tr14_Pcp291;Weigh the Loaded Truck
determine_continu_tr8_Pcp138_Silo16;Determine the Continuance of the Pickup
fail_load_tr8_Pcp138;Fail to Load
weigh_loaded_tr23_Pcp198;Weigh the Loaded Truck
assign_tr39_Pcp374;Assign Truck
issue_ticket_tr14_Pcp291;Issue the Weighing Ticket
input_tally_tr14_Pcp291;Input the Tally Sheet
eval_tr14exit_Pcp291;Evaluate the Truck Exit
enter_tr39_Pcp374;Enter the port
exit_tr14_Pcp291;Exit the port
assign_tr5_Pcp453;Assign Truck
weigh_loaded_tr24_Pcp187;Weigh the Loaded Truck
enter_tr5_Pcp453;Enter the port
issue_ticket_tr23_Pcp198;Issue the Weighing Ticket
input_tally_tr23_Pcp198;Input the Tally Sheet
eval_tr23exit_Pcp198;Evaluate the Truck Exit
exit_tr23_Pcp198;Exit the port
weigh_loaded_tr44_Pcp126;Weigh the Loaded Truck
issue_ticket_tr24_Pcp187;Issue the Weighing Ticket
input_tally_tr24_Pcp187;Input the Tally Sheet
register_arrival_tr39_Pcp374;Register the truck arrival
eval_tr24exit_Pcp187;Evaluate the Truck Exit
weigh_loaded_tr43_Pcp428;Weigh the Loaded Truck
register_arrival_tr5_Pcp453;Register the truck arrival
exit_tr24_Pcp187;Exit the port
weigh_loaded_tr28_Pcp467;Weigh the Loaded Truck
issue_ticket_tr43_Pcp428;Issue the Weighing Ticket
input_tally_tr43_Pcp428;Input the Tally Sheet
eval_tr43exit_Pcp428;Evaluate the Truck Exit
register_arrival_tr26_Pcp414;Register the truck arrival
issue_ticket_tr44_Pcp126;Issue the Weighing Ticket
input_tally_tr44_Pcp126;Input the Tally Sheet
eval_tr44exit_Pcp126;Evaluate the Truck Exit
exit_tr43_Pcp428;Exit the port
issue_ticket_tr28_Pcp467;Issue the Weighing Ticket
input_tally_tr28_Pcp467;Input the Tally Sheet
eval_tr28exit_Pcp467;Evaluate the Truck Exit
weigh_loaded_tr9_Pcp291;Weigh the Loaded Truck
exit_tr44_Pcp126;Exit the port
exit_tr28_Pcp467;Exit the port
assign_tr16_Pcp279;Assign Truck
weigh_empty_tr26_Pcp414;Weigh the Empty Truck
check_abnorm_tr26_Pcp414;Check Empty Truck Weight Abnormality
arrive_Silo6_tr26_Pcp414;Arrive at the Silo
weigh_empty_tr39_Pcp374;Weigh the Empty Truck
issue_ticket_tr9_Pcp291;Issue the Weighing Ticket
input_tally_tr9_Pcp291;Input the Tally Sheet
eval_tr9exit_Pcp291;Evaluate the Truck Exit
check_abnorm_tr39_Pcp374;Check Empty Truck Weight Abnormality
determine_continu_tr26_Pcp414_Silo6;Determine the Continuance of the Pickup
exit_tr9_Pcp291;Exit the port
enter_tr16_Pcp279;Enter the port
arrive_Silo12_tr39_Pcp374;Arrive at the Silo
load_tr26_Pcp414;Load Truck
weigh_empty_tr5_Pcp453;Weigh the Empty Truck
check_abnorm_tr5_Pcp453;Check Empty Truck Weight Abnormality
arrive_Silo10_tr5_Pcp453;Arrive at the Silo
register_arrival_tr16_Pcp279;Register the truck arrival
weigh_empty_tr16_Pcp279;Weigh the Empty Truck
check_abnorm_tr16_Pcp279;Check Empty Truck Weight Abnormality
determine_continu_tr39_Pcp374_Silo12;Determine the Continuance of the Pickup
arrive_Silo19_tr16_Pcp279;Arrive at the Silo
load_tr39_Pcp374;Load Truck
determine_continu_tr16_Pcp279_Silo19;Determine the Continuance of the Pickup
determine_continu_tr5_Pcp453_Silo10;Determine the Continuance of the Pickup
weigh_loaded_tr26_Pcp414;Weigh the Loaded Truck
load_tr5_Pcp453;Load Truck
load_tr16_Pcp279;Load Truck
issue_ticket_tr26_Pcp414;Issue the Weighing Ticket
input_tally_tr26_Pcp414;Input the Tally Sheet
eval_tr26exit_Pcp414;Evaluate the Truck Exit
exit_tr26_Pcp414;Exit the port
weigh_loaded_tr5_Pcp453;Weigh the Loaded Truck
issue_ticket_tr5_Pcp453;Issue the Weighing Ticket
input_tally_tr5_Pcp453;Input the Tally Sheet
eval_tr5exit_Pcp453;Evaluate the Truck Exit
weigh_loaded_tr39_Pcp374;Weigh the Loaded Truck
exit_tr5_Pcp453;Exit the port
issue_ticket_tr39_Pcp374;Issue the Weighing Ticket
input_tally_tr39_Pcp374;Input the Tally Sheet
eval_tr39exit_Pcp374;Evaluate the Truck Exit
exit_tr39_Pcp374;Exit the port
weigh_loaded_tr16_Pcp279;Weigh the Loaded Truck
assign_tr41_Pcp102;Assign Truck
issue_ticket_tr16_Pcp279;Issue the Weighing Ticket
input_tally_tr16_Pcp279;Input the Tally Sheet
eval_tr16exit_Pcp279;Evaluate the Truck Exit
exit_tr16_Pcp279;Exit the port
enter_tr41_Pcp102;Enter the port
register_arrival_tr41_Pcp102;Register the truck arrival
assign_tr48_Pcp433;Assign Truck
weigh_empty_tr41_Pcp102;Weigh the Empty Truck
check_abnorm_tr41_Pcp102;Check Empty Truck Weight Abnormality
enter_tr48_Pcp433;Enter the port
arrive_Silo13_tr41_Pcp102;Arrive at the Silo
assign_tr34_Pcp93;Assign Truck
register_arrival_tr48_Pcp433;Register the truck arrival
determine_continu_tr41_Pcp102_Silo13;Determine the Continuance of the Pickup
load_tr41_Pcp102;Load Truck
enter_tr34_Pcp93;Enter the port
weigh_empty_tr48_Pcp433;Weigh the Empty Truck
check_abnorm_tr48_Pcp433;Check Empty Truck Weight Abnormality
arrive_Silo13_tr48_Pcp433;Arrive at the Silo
determine_continu_tr48_Pcp433_Silo13;Determine the Continuance of the Pickup
register_arrival_tr34_Pcp93;Register the truck arrival
load_tr48_Pcp433;Load Truck
weigh_empty_tr34_Pcp93;Weigh the Empty Truck
check_abnorm_tr34_Pcp93;Check Empty Truck Weight Abnormality
arrive_Silo5_tr34_Pcp93;Arrive at the Silo
weigh_loaded_tr48_Pcp433;Weigh the Loaded Truck
determine_continu_tr34_Pcp93_Silo5;Determine the Continuance of the Pickup
load_tr34_Pcp93;Load Truck
issue_ticket_tr48_Pcp433;Issue the Weighing Ticket
input_tally_tr48_Pcp433;Input the Tally Sheet
eval_tr48exit_Pcp433;Evaluate the Truck Exit
detain_tr48_Pcp433;Detain at the port
assign_tr47_Pcp224;Assign Truck
enter_tr47_Pcp224;Enter the port
register_arrival_tr47_Pcp224;Register the truck arrival
weigh_loaded_tr41_Pcp102;Weigh the Loaded Truck
exit_tr48_Pcp433;Exit the port
issue_ticket_tr41_Pcp102;Issue the Weighing Ticket
input_tally_tr41_Pcp102;Input the Tally Sheet
weigh_empty_tr47_Pcp224;Weigh the Empty Truck
eval_tr41exit_Pcp102;Evaluate the Truck Exit
check_abnorm_tr47_Pcp224;Check Empty Truck Weight Abnormality
exit_tr41_Pcp102;Exit the port
arrive_Silo4_tr47_Pcp224;Arrive at the Silo
determine_continu_tr47_Pcp224_Silo4;Determine the Continuance of the Pickup
load_tr47_Pcp224;Load Truck
weigh_loaded_tr47_Pcp224;Weigh the Loaded Truck
issue_ticket_tr47_Pcp224;Issue the Weighing Ticket
input_tally_tr47_Pcp224;Input the Tally Sheet
eval_tr47exit_Pcp224;Evaluate the Truck Exit
exit_tr47_Pcp224;Exit the port
weigh_loaded_tr34_Pcp93;Weigh the Loaded Truck
issue_ticket_tr34_Pcp93;Issue the Weighing Ticket
input_tally_tr34_Pcp93;Input the Tally Sheet
eval_tr34exit_Pcp93;Evaluate the Truck Exit
exit_tr34_Pcp93;Exit the port
assign_tr13_Pcp166;Assign Truck
enter_tr13_Pcp166;Enter the port
register_arrival_tr13_Pcp166;Register the truck arrival
weigh_empty_tr13_Pcp166;Weigh the Empty Truck
check_abnorm_tr13_Pcp166;Check Empty Truck Weight Abnormality
arrive_Silo1_tr13_Pcp166;Arrive at the Silo
determine_continu_tr13_Pcp166_Silo1;Determine the Continuance of the Pickup
assign_tr2_Pcp93;Assign Truck
load_tr13_Pcp166;Load Truck
enter_tr2_Pcp93;Enter the port
register_arrival_tr2_Pcp93;Register the truck arrival
weigh_empty_tr2_Pcp93;Weigh the Empty Truck
check_abnorm_tr2_Pcp93;Check Empty Truck Weight Abnormality
arrive_Silo5_tr2_Pcp93;Arrive at the Silo
determine_continu_tr2_Pcp93_Silo5;Determine the Continuance of the Pickup
load_tr2_Pcp93;Load Truck
weigh_loaded_tr2_Pcp93;Weigh the Loaded Truck
issue_ticket_tr2_Pcp93;Issue the Weighing Ticket
input_tally_tr2_Pcp93;Input the Tally Sheet
eval_tr2exit_Pcp93;Evaluate the Truck Exit
exit_tr2_Pcp93;Exit the port
assign_tr50_Pcp66;Assign Truck
enter_tr50_Pcp66;Enter the port
register_arrival_tr50_Pcp66;Register the truck arrival
weigh_empty_tr50_Pcp66;Weigh the Empty Truck
check_abnorm_tr50_Pcp66;Check Empty Truck Weight Abnormality
arrive_Silo10_tr50_Pcp66;Arrive at the Silo
assign_tr36_Pcp230;Assign Truck
enter_tr36_Pcp230;Enter the port
weigh_loaded_tr13_Pcp166;Weigh the Loaded Truck
register_arrival_tr36_Pcp230;Register the truck arrival
issue_ticket_tr13_Pcp166;Issue the Weighing Ticket
input_tally_tr13_Pcp166;Input the Tally Sheet
eval_tr13exit_Pcp166;Evaluate the Truck Exit
exit_tr13_Pcp166;Exit the port
determine_continu_tr50_Pcp66_Silo10;Determine the Continuance of the Pickup
weigh_empty_tr36_Pcp230;Weigh the Empty Truck
check_abnorm_tr36_Pcp230;Check Empty Truck Weight Abnormality
load_tr50_Pcp66;Load Truck
arrive_Silo3_tr36_Pcp230;Arrive at the Silo
determine_continu_tr36_Pcp230_Silo3;Determine the Continuance of the Pickup
load_tr36_Pcp230;Load Truck
weigh_loaded_tr50_Pcp66;Weigh the Loaded Truck
issue_ticket_tr50_Pcp66;Issue the Weighing Ticket
input_tally_tr50_Pcp66;Input the Tally Sheet
eval_tr50exit_Pcp66;Evaluate the Truck Exit
exit_tr50_Pcp66;Exit the port
weigh_loaded_tr36_Pcp230;Weigh the Loaded Truck
issue_ticket_tr36_Pcp230;Issue the Weighing Ticket
input_tally_tr36_Pcp230;Input the Tally Sheet
eval_tr36exit_Pcp230;Evaluate the Truck Exit
exit_tr36_Pcp230;Exit the port
assign_tr22_Pcp220;Assign Truck
enter_tr22_Pcp220;Enter the port
register_arrival_tr22_Pcp220;Register the truck arrival
assign_tr12_Pcp383;Assign Truck
enter_tr12_Pcp383;Enter the port
register_arrival_tr12_Pcp383;Register the truck arrival
weigh_empty_tr22_Pcp220;Weigh the Empty Truck
check_abnorm_tr22_Pcp220;Check Empty Truck Weight Abnormality
arrive_Silo3_tr22_Pcp220;Arrive at the Silo
weigh_empty_tr12_Pcp383;Weigh the Empty Truck
check_abnorm_tr12_Pcp383;Check Empty Truck Weight Abnormality
arrive_Silo13_tr12_Pcp383;Arrive at the Silo
determine_continu_tr12_Pcp383_Silo13;Determine the Continuance of the Pickup
load_tr12_Pcp383;Load Truck
determine_continu_tr22_Pcp220_Silo3;Determine the Continuance of the Pickup
load_tr22_Pcp220;Load Truck
weigh_loaded_tr12_Pcp383;Weigh the Loaded Truck
issue_ticket_tr12_Pcp383;Issue the Weighing Ticket
input_tally_tr12_Pcp383;Input the Tally Sheet
eval_tr12exit_Pcp383;Evaluate the Truck Exit
exit_tr12_Pcp383;Exit the port
weigh_loaded_tr22_Pcp220;Weigh the Loaded Truck
issue_ticket_tr22_Pcp220;Issue the Weighing Ticket
input_tally_tr22_Pcp220;Input the Tally Sheet
eval_tr22exit_Pcp220;Evaluate the Truck Exit
exit_tr22_Pcp220;Exit the port
assign_tr3_Pcp394;Assign Truck
enter_tr3_Pcp394;Enter the port
register_arrival_tr3_Pcp394;Register the truck arrival
weigh_empty_tr3_Pcp394;Weigh the Empty Truck
check_abnorm_tr3_Pcp394;Check Empty Truck Weight Abnormality
arrive_Silo13_tr3_Pcp394;Arrive at the Silo
determine_continu_tr3_Pcp394_Silo13;Determine the Continuance of the Pickup
load_tr3_Pcp394;Load Truck
weigh_loaded_tr3_Pcp394;Weigh the Loaded Truck
issue_ticket_tr3_Pcp394;Issue the Weighing Ticket
input_tally_tr3_Pcp394;Input the Tally Sheet
eval_tr3exit_Pcp394;Evaluate the Truck Exit
exit_tr3_Pcp394;Exit the port
lodge_Pcp361;Lodge Pickup Plan
assess_Pcp361;Assess Pickup Plan
approve_Pcp361;Approve Pickup Plan
lodge_Pcp295;Lodge Pickup Plan
assess_Pcp295;Assess Pickup Plan
approve_Pcp295;Approve Pickup Plan
assign_tr30_Pcp345;Assign Truck
enter_tr30_Pcp345;Enter the port
assign_tr21_Pcp382;Assign Truck
register_arrival_tr30_Pcp345;Register the truck arrival
assign_tr10_Pcp346;Assign Truck
weigh_empty_tr30_Pcp345;Weigh the Empty Truck
check_abnorm_tr30_Pcp345;Check Empty Truck Weight Abnormality
arrive_Silo10_tr30_Pcp345;Arrive at the Silo
assign_tr32_Pcp158;Assign Truck
enter_tr21_Pcp382;Enter the port
register_arrival_tr21_Pcp382;Register the truck arrival
enter_tr32_Pcp158;Enter the port
enter_tr10_Pcp346;Enter the port
determine_continu_tr30_Pcp345_Silo10;Determine the Continuance of the Pickup
weigh_empty_tr21_Pcp382;Weigh the Empty Truck
check_abnorm_tr21_Pcp382;Check Empty Truck Weight Abnormality
register_arrival_tr10_Pcp346;Register the truck arrival
load_tr30_Pcp345;Load Truck
arrive_Silo14_tr21_Pcp382;Arrive at the Silo
register_arrival_tr32_Pcp158;Register the truck arrival
weigh_empty_tr32_Pcp158;Weigh the Empty Truck
check_abnorm_tr32_Pcp158;Check Empty Truck Weight Abnormality
determine_continu_tr21_Pcp382_Silo14;Determine the Continuance of the Pickup
arrive_Silo10_tr32_Pcp158;Arrive at the Silo
load_tr21_Pcp382;Load Truck
determine_continu_tr32_Pcp158_Silo10;Determine the Continuance of the Pickup
load_tr32_Pcp158;Load Truck
assign_tr29_Pcp50;Assign Truck
weigh_loaded_tr30_Pcp345;Weigh the Loaded Truck
issue_ticket_tr30_Pcp345;Issue the Weighing Ticket
input_tally_tr30_Pcp345;Input the Tally Sheet
eval_tr30exit_Pcp345;Evaluate the Truck Exit
exit_tr30_Pcp345;Exit the port
weigh_empty_tr10_Pcp346;Weigh the Empty Truck
check_abnorm_tr10_Pcp346;Check Empty Truck Weight Abnormality
enter_tr29_Pcp50;Enter the port
arrive_Silo17_tr10_Pcp346;Arrive at the Silo
weigh_loaded_tr21_Pcp382;Weigh the Loaded Truck
assign_tr20_Pcp138;Assign Truck
register_arrival_tr29_Pcp50;Register the truck arrival
issue_ticket_tr21_Pcp382;Issue the Weighing Ticket
input_tally_tr21_Pcp382;Input the Tally Sheet
eval_tr21exit_Pcp382;Evaluate the Truck Exit
exit_tr21_Pcp382;Exit the port
weigh_empty_tr29_Pcp50;Weigh the Empty Truck
determine_continu_tr10_Pcp346_Silo17;Determine the Continuance of the Pickup
check_abnorm_tr29_Pcp50;Check Empty Truck Weight Abnormality
enter_tr20_Pcp138;Enter the port
arrive_Silo2_tr29_Pcp50;Arrive at the Silo
register_arrival_tr20_Pcp138;Register the truck arrival
assign_tr33_Pcp290;Assign Truck
load_tr10_Pcp346;Load Truck
weigh_empty_tr20_Pcp138;Weigh the Empty Truck
enter_tr33_Pcp290;Enter the port
determine_continu_tr29_Pcp50_Silo2;Determine the Continuance of the Pickup
register_arrival_tr33_Pcp290;Register the truck arrival
check_abnorm_tr20_Pcp138;Check Empty Truck Weight Abnormality
arrive_Silo16_tr20_Pcp138;Arrive at the Silo
assign_tr7_Pcp414;Assign Truck
load_tr29_Pcp50;Load Truck
weigh_empty_tr33_Pcp290;Weigh the Empty Truck
determine_continu_tr20_Pcp138_Silo16;Determine the Continuance of the Pickup
check_abnorm_tr33_Pcp290;Check Empty Truck Weight Abnormality
arrive_Silo16_tr33_Pcp290;Arrive at the Silo
load_tr20_Pcp138;Load Truck
weigh_loaded_tr10_Pcp346;Weigh the Loaded Truck
enter_tr7_Pcp414;Enter the port
issue_ticket_tr10_Pcp346;Issue the Weighing Ticket
input_tally_tr10_Pcp346;Input the Tally Sheet
eval_tr10exit_Pcp346;Evaluate the Truck Exit
exit_tr10_Pcp346;Exit the port
register_arrival_tr7_Pcp414;Register the truck arrival
weigh_loaded_tr29_Pcp50;Weigh the Loaded Truck
weigh_loaded_tr20_Pcp138;Weigh the Loaded Truck
issue_ticket_tr29_Pcp50;Issue the Weighing Ticket
input_tally_tr29_Pcp50;Input the Tally Sheet
eval_tr29exit_Pcp50;Evaluate the Truck Exit
weigh_empty_tr7_Pcp414;Weigh the Empty Truck
exit_tr29_Pcp50;Exit the port
check_abnorm_tr7_Pcp414;Check Empty Truck Weight Abnormality
assign_tr31_Pcp478;Assign Truck
arrive_Silo6_tr7_Pcp414;Arrive at the Silo
determine_continu_tr33_Pcp290_Silo16;Determine the Continuance of the Pickup
issue_ticket_tr20_Pcp138;Issue the Weighing Ticket
input_tally_tr20_Pcp138;Input the Tally Sheet
eval_tr20exit_Pcp138;Evaluate the Truck Exit
load_tr33_Pcp290;Load Truck
exit_tr20_Pcp138;Exit the port
enter_tr31_Pcp478;Enter the port
determine_continu_tr7_Pcp414_Silo6;Determine the Continuance of the Pickup
assign_tr38_Pcp334;Assign Truck
assign_tr42_Pcp145;Assign Truck
enter_tr38_Pcp334;Enter the port
assign_tr18_Pcp134;Assign Truck
fail_load_tr7_Pcp414;Fail to Load
assign_tr35_Pcp344;Assign Truck
weigh_loaded_tr33_Pcp290;Weigh the Loaded Truck
register_arrival_tr38_Pcp334;Register the truck arrival
enter_tr42_Pcp145;Enter the port
register_arrival_tr42_Pcp145;Register the truck arrival
enter_tr35_Pcp344;Enter the port
assign_tr46_Pcp498;Assign Truck
enter_tr46_Pcp498;Enter the port
enter_tr18_Pcp134;Enter the port
issue_ticket_tr33_Pcp290;Issue the Weighing Ticket
input_tally_tr33_Pcp290;Input the Tally Sheet
eval_tr33exit_Pcp290;Evaluate the Truck Exit
weigh_empty_tr38_Pcp334;Weigh the Empty Truck
exit_tr33_Pcp290;Exit the port
check_abnorm_tr38_Pcp334;Check Empty Truck Weight Abnormality
arrive_Silo3_tr38_Pcp334;Arrive at the Silo
register_arrival_tr31_Pcp478;Register the truck arrival
weigh_empty_tr42_Pcp145;Weigh the Empty Truck
check_abnorm_tr42_Pcp145;Check Empty Truck Weight Abnormality
assign_tr49_Pcp252;Assign Truck
register_arrival_tr46_Pcp498;Register the truck arrival
register_arrival_tr35_Pcp344;Register the truck arrival
arrive_Silo18_tr42_Pcp145;Arrive at the Silo
assign_tr4_Pcp230;Assign Truck
enter_tr49_Pcp252;Enter the port
enter_tr4_Pcp230;Enter the port
assign_tr15_Pcp280;Assign Truck
weigh_empty_tr31_Pcp478;Weigh the Empty Truck
register_arrival_tr18_Pcp134;Register the truck arrival
weigh_empty_tr46_Pcp498;Weigh the Empty Truck
check_abnorm_tr31_Pcp478;Check Empty Truck Weight Abnormality
check_abnorm_tr46_Pcp498;Check Empty Truck Weight Abnormality
enter_tr15_Pcp280;Enter the port
arrive_Silo16_tr31_Pcp478;Arrive at the Silo
register_arrival_tr4_Pcp230;Register the truck arrival
determine_continu_tr42_Pcp145_Silo18;Determine the Continuance of the Pickup
arrive_Silo5_tr46_Pcp498;Arrive at the Silo
determine_continu_tr38_Pcp334_Silo3;Determine the Continuance of the Pickup
load_tr42_Pcp145;Load Truck
weigh_loaded_tr32_Pcp158;Weigh the Loaded Truck
load_tr38_Pcp334;Load Truck
weigh_empty_tr4_Pcp230;Weigh the Empty Truck
register_arrival_tr49_Pcp252;Register the truck arrival
check_abnorm_tr4_Pcp230;Check Empty Truck Weight Abnormality
arrive_Silo3_tr4_Pcp230;Arrive at the Silo
register_arrival_tr15_Pcp280;Register the truck arrival
assign_tr19_Pcp479;Assign Truck
determine_continu_tr31_Pcp478_Silo16;Determine the Continuance of the Pickup
determine_continu_tr46_Pcp498_Silo5;Determine the Continuance of the Pickup
issue_ticket_tr32_Pcp158;Issue the Weighing Ticket
input_tally_tr32_Pcp158;Input the Tally Sheet
eval_tr32exit_Pcp158;Evaluate the Truck Exit
exit_tr32_Pcp158;Exit the port
assign_tr11_Pcp419;Assign Truck
weigh_empty_tr35_Pcp344;Weigh the Empty Truck
enter_tr19_Pcp479;Enter the port
load_tr46_Pcp498;Load Truck
enter_tr11_Pcp419;Enter the port
weigh_loaded_tr42_Pcp145;Weigh the Loaded Truck
check_abnorm_tr35_Pcp344;Check Empty Truck Weight Abnormality
weigh_empty_tr18_Pcp134;Weigh the Empty Truck
weigh_empty_tr49_Pcp252;Weigh the Empty Truck
issue_ticket_tr42_Pcp145;Issue the Weighing Ticket
check_abnorm_tr18_Pcp134;Check Empty Truck Weight Abnormality
input_tally_tr42_Pcp145;Input the Tally Sheet
arrive_Silo20_tr35_Pcp344;Arrive at the Silo
register_arrival_tr19_Pcp479;Register the truck arrival
check_abnorm_tr49_Pcp252;Check Empty Truck Weight Abnormality
eval_tr42exit_Pcp145;Evaluate the Truck Exit
register_arrival_tr11_Pcp419;Register the truck arrival
arrive_Silo16_tr49_Pcp252;Arrive at the Silo
weigh_empty_tr15_Pcp280;Weigh the Empty Truck
arrive_Silo2_tr18_Pcp134;Arrive at the Silo
exit_tr42_Pcp145;Exit the port
load_tr31_Pcp478;Load Truck
assign_tr37_Pcp331;Assign Truck
check_abnorm_tr15_Pcp280;Check Empty Truck Weight Abnormality
determine_continu_tr18_Pcp134_Silo2;Determine the Continuance of the Pickup
load_tr18_Pcp134;Load Truck
arrive_Silo2_tr15_Pcp280;Arrive at the Silo
determine_continu_tr35_Pcp344_Silo20;Determine the Continuance of the Pickup
determine_continu_tr15_Pcp280_Silo2;Determine the Continuance of the Pickup
enter_tr37_Pcp331;Enter the port
determine_continu_tr4_Pcp230_Silo3;Determine the Continuance of the Pickup
load_tr15_Pcp280;Load Truck
register_arrival_tr37_Pcp331;Register the truck arrival
load_tr35_Pcp344;Load Truck
load_tr4_Pcp230;Load Truck
weigh_empty_tr37_Pcp331;Weigh the Empty Truck
check_abnorm_tr37_Pcp331;Check Empty Truck Weight Abnormality
arrive_Silo10_tr37_Pcp331;Arrive at the Silo
determine_continu_tr49_Pcp252_Silo16;Determine the Continuance of the Pickup
fail_load_tr49_Pcp252;Fail to Load
assign_tr1_Pcp12;Assign Truck
enter_tr1_Pcp12;Enter the port
weigh_empty_tr19_Pcp479;Weigh the Empty Truck
check_abnorm_tr19_Pcp479;Check Empty Truck Weight Abnormality
register_arrival_tr1_Pcp12;Register the truck arrival
arrive_Silo1_tr19_Pcp479;Arrive at the Silo
weigh_loaded_tr38_Pcp334;Weigh the Loaded Truck
weigh_empty_tr11_Pcp419;Weigh the Empty Truck
determine_continu_tr37_Pcp331_Silo10;Determine the Continuance of the Pickup
weigh_loaded_tr31_Pcp478;Weigh the Loaded Truck
check_abnorm_tr11_Pcp419;Check Empty Truck Weight Abnormality
load_tr37_Pcp331;Load Truck
weigh_loaded_tr4_Pcp230;Weigh the Loaded Truck
issue_ticket_tr38_Pcp334;Issue the Weighing Ticket
input_tally_tr38_Pcp334;Input the Tally Sheet
eval_tr38exit_Pcp334;Evaluate the Truck Exit
arrive_Silo16_tr11_Pcp419;Arrive at the Silo
exit_tr38_Pcp334;Exit the port
weigh_empty_tr1_Pcp12;Weigh the Empty Truck
issue_ticket_tr31_Pcp478;Issue the Weighing Ticket
input_tally_tr31_Pcp478;Input the Tally Sheet
eval_tr31exit_Pcp478;Evaluate the Truck Exit
check_abnorm_tr1_Pcp12;Check Empty Truck Weight Abnormality
exit_tr31_Pcp478;Exit the port
arrive_Silo2_tr1_Pcp12;Arrive at the Silo
determine_continu_tr11_Pcp419_Silo16;Determine the Continuance of the Pickup
assign_tr40_Pcp345;Assign Truck
fail_load_tr11_Pcp419;Fail to Load
issue_ticket_tr4_Pcp230;Issue the Weighing Ticket
input_tally_tr4_Pcp230;Input the Tally Sheet
eval_tr4exit_Pcp230;Evaluate the Truck Exit
detain_tr4_Pcp230;Detain at the port
determine_continu_tr1_Pcp12_Silo2;Determine the Continuance of the Pickup
determine_continu_tr19_Pcp479_Silo1;Determine the Continuance of the Pickup
assign_tr25_Pcp20;Assign Truck
load_tr1_Pcp12;Load Truck
load_tr19_Pcp479;Load Truck
assign_tr6_Pcp185;Assign Truck
exit_tr4_Pcp230;Exit the port
enter_tr40_Pcp345;Enter the port
register_arrival_tr40_Pcp345;Register the truck arrival
assign_tr27_Pcp370;Assign Truck
weigh_empty_tr40_Pcp345;Weigh the Empty Truck
enter_tr6_Pcp185;Enter the port
enter_tr27_Pcp370;Enter the port
check_abnorm_tr40_Pcp345;Check Empty Truck Weight Abnormality
weigh_loaded_tr18_Pcp134;Weigh the Loaded Truck
enter_tr25_Pcp20;Enter the port
arrive_Silo10_tr40_Pcp345;Arrive at the Silo
issue_ticket_tr18_Pcp134;Issue the Weighing Ticket
input_tally_tr18_Pcp134;Input the Tally Sheet
eval_tr18exit_Pcp134;Evaluate the Truck Exit
register_arrival_tr25_Pcp20;Register the truck arrival
register_arrival_tr27_Pcp370;Register the truck arrival
exit_tr18_Pcp134;Exit the port
determine_continu_tr40_Pcp345_Silo10;Determine the Continuance of the Pickup
assign_tr17_Pcp4;Assign Truck
load_tr40_Pcp345;Load Truck
weigh_loaded_tr1_Pcp12;Weigh the Loaded Truck
enter_tr17_Pcp4;Enter the port
weigh_loaded_tr37_Pcp331;Weigh the Loaded Truck
weigh_empty_tr27_Pcp370;Weigh the Empty Truck
check_abnorm_tr27_Pcp370;Check Empty Truck Weight Abnormality
arrive_Silo6_tr27_Pcp370;Arrive at the Silo
issue_ticket_tr37_Pcp331;Issue the Weighing Ticket
input_tally_tr37_Pcp331;Input the Tally Sheet
issue_ticket_tr1_Pcp12;Issue the Weighing Ticket
input_tally_tr1_Pcp12;Input the Tally Sheet
eval_tr1exit_Pcp12;Evaluate the Truck Exit
register_arrival_tr17_Pcp4;Register the truck arrival
exit_tr1_Pcp12;Exit the port
weigh_empty_tr25_Pcp20;Weigh the Empty Truck
eval_tr37exit_Pcp331;Evaluate the Truck Exit
register_arrival_tr6_Pcp185;Register the truck arrival
check_abnorm_tr25_Pcp20;Check Empty Truck Weight Abnormality
weigh_loaded_tr35_Pcp344;Weigh the Loaded Truck
exit_tr37_Pcp331;Exit the port
assign_tr45_Pcp263;Assign Truck
arrive_Silo9_tr25_Pcp20;Arrive at the Silo
weigh_empty_tr17_Pcp4;Weigh the Empty Truck
determine_continu_tr27_Pcp370_Silo6;Determine the Continuance of the Pickup
check_abnorm_tr17_Pcp4;Check Empty Truck Weight Abnormality
weigh_loaded_tr40_Pcp345;Weigh the Loaded Truck
arrive_Silo19_tr17_Pcp4;Arrive at the Silo
fail_load_tr27_Pcp370;Fail to Load
enter_tr45_Pcp263;Enter the port
issue_ticket_tr40_Pcp345;Issue the Weighing Ticket
input_tally_tr40_Pcp345;Input the Tally Sheet
eval_tr40exit_Pcp345;Evaluate the Truck Exit
exit_tr40_Pcp345;Exit the port
issue_ticket_tr35_Pcp344;Issue the Weighing Ticket
input_tally_tr35_Pcp344;Input the Tally Sheet
eval_tr35exit_Pcp344;Evaluate the Truck Exit
determine_continu_tr25_Pcp20_Silo9;Determine the Continuance of the Pickup
exit_tr35_Pcp344;Exit the port
weigh_loaded_tr15_Pcp280;Weigh the Loaded Truck
weigh_empty_tr6_Pcp185;Weigh the Empty Truck
load_tr25_Pcp20;Load Truck
check_abnorm_tr6_Pcp185;Check Empty Truck Weight Abnormality
determine_continu_tr17_Pcp4_Silo19;Determine the Continuance of the Pickup
issue_ticket_tr15_Pcp280;Issue the Weighing Ticket
arrive_Silo2_tr6_Pcp185;Arrive at the Silo
input_tally_tr15_Pcp280;Input the Tally Sheet
eval_tr15exit_Pcp280;Evaluate the Truck Exit
exit_tr15_Pcp280;Exit the port
load_tr17_Pcp4;Load Truck
register_arrival_tr45_Pcp263;Register the truck arrival
assign_tr8_Pcp435;Assign Truck
weigh_empty_tr45_Pcp263;Weigh the Empty Truck
check_abnorm_tr45_Pcp263;Check Empty Truck Weight Abnormality
enter_tr8_Pcp435;Enter the port
arrive_Silo6_tr45_Pcp263;Arrive at the Silo
assign_tr14_Pcp95;Assign Truck
register_arrival_tr8_Pcp435;Register the truck arrival
determine_continu_tr45_Pcp263_Silo6;Determine the Continuance of the Pickup
assign_tr23_Pcp174;Assign Truck
assign_tr24_Pcp174;Assign Truck
enter_tr14_Pcp95;Enter the port
enter_tr24_Pcp174;Enter the port
fail_load_tr45_Pcp263;Fail to Load
register_arrival_tr14_Pcp95;Register the truck arrival
determine_continu_tr6_Pcp185_Silo2;Determine the Continuance of the Pickup
enter_tr23_Pcp174;Enter the port
register_arrival_tr24_Pcp174;Register the truck arrival
assign_tr43_Pcp170;Assign Truck
assign_tr28_Pcp380;Assign Truck
assign_tr44_Pcp9;Assign Truck
fail_load_tr6_Pcp185;Fail to Load
enter_tr43_Pcp170;Enter the port
enter_tr44_Pcp9;Enter the port
register_arrival_tr44_Pcp9;Register the truck arrival
weigh_empty_tr14_Pcp95;Weigh the Empty Truck
register_arrival_tr43_Pcp170;Register the truck arrival
weigh_empty_tr8_Pcp435;Weigh the Empty Truck
register_arrival_tr23_Pcp174;Register the truck arrival
enter_tr28_Pcp380;Enter the port
check_abnorm_tr8_Pcp435;Check Empty Truck Weight Abnormality
weigh_empty_tr24_Pcp174;Weigh the Empty Truck
check_abnorm_tr24_Pcp174;Check Empty Truck Weight Abnormality
check_abnorm_tr14_Pcp95;Check Empty Truck Weight Abnormality
weigh_empty_tr44_Pcp9;Weigh the Empty Truck
arrive_Silo18_tr8_Pcp435;Arrive at the Silo
arrive_Silo20_tr24_Pcp174;Arrive at the Silo
check_abnorm_tr44_Pcp9;Check Empty Truck Weight Abnormality
arrive_Silo6_tr14_Pcp95;Arrive at the Silo
register_arrival_tr28_Pcp380;Register the truck arrival
assign_tr9_Pcp478;Assign Truck
arrive_Silo1_tr44_Pcp9;Arrive at the Silo
enter_tr9_Pcp478;Enter the port
determine_continu_tr14_Pcp95_Silo6;Determine the Continuance of the Pickup
weigh_loaded_tr46_Pcp498;Weigh the Loaded Truck
weigh_empty_tr43_Pcp170;Weigh the Empty Truck
check_abnorm_tr43_Pcp170;Check Empty Truck Weight Abnormality
issue_ticket_tr46_Pcp498;Issue the Weighing Ticket
input_tally_tr46_Pcp498;Input the Tally Sheet
fail_load_tr14_Pcp95;Fail to Load
arrive_Silo20_tr43_Pcp170;Arrive at the Silo
eval_tr46exit_Pcp498;Evaluate the Truck Exit
determine_continu_tr24_Pcp174_Silo20;Determine the Continuance of the Pickup
determine_continu_tr8_Pcp435_Silo18;Determine the Continuance of the Pickup
weigh_loaded_tr17_Pcp4;Weigh the Loaded Truck
exit_tr46_Pcp498;Exit the port
load_tr8_Pcp435;Load Truck
load_tr24_Pcp174;Load Truck
register_arrival_tr9_Pcp478;Register the truck arrival
weigh_empty_tr23_Pcp174;Weigh the Empty Truck
issue_ticket_tr17_Pcp4;Issue the Weighing Ticket
input_tally_tr17_Pcp4;Input the Tally Sheet
eval_tr17exit_Pcp4;Evaluate the Truck Exit
weigh_empty_tr28_Pcp380;Weigh the Empty Truck
check_abnorm_tr23_Pcp174;Check Empty Truck Weight Abnormality
exit_tr17_Pcp4;Exit the port
arrive_Silo20_tr23_Pcp174;Arrive at the Silo
weigh_empty_tr9_Pcp478;Weigh the Empty Truck
check_abnorm_tr28_Pcp380;Check Empty Truck Weight Abnormality
determine_continu_tr43_Pcp170_Silo20;Determine the Continuance of the Pickup
arrive_Silo18_tr28_Pcp380;Arrive at the Silo
check_abnorm_tr9_Pcp478;Check Empty Truck Weight Abnormality
load_tr43_Pcp170;Load Truck
determine_continu_tr44_Pcp9_Silo1;Determine the Continuance of the Pickup
arrive_Silo16_tr9_Pcp478;Arrive at the Silo
load_tr44_Pcp9;Load Truck
determine_continu_tr23_Pcp174_Silo20;Determine the Continuance of the Pickup
load_tr23_Pcp174;Load Truck
determine_continu_tr28_Pcp380_Silo18;Determine the Continuance of the Pickup
assign_tr26_Pcp403;Assign Truck
weigh_loaded_tr24_Pcp174;Weigh the Loaded Truck
load_tr28_Pcp380;Load Truck
weigh_loaded_tr19_Pcp479;Weigh the Loaded Truck
weigh_loaded_tr8_Pcp435;Weigh the Loaded Truck
issue_ticket_tr8_Pcp435;Issue the Weighing Ticket
input_tally_tr8_Pcp435;Input the Tally Sheet
issue_ticket_tr19_Pcp479;Issue the Weighing Ticket
input_tally_tr19_Pcp479;Input the Tally Sheet
eval_tr19exit_Pcp479;Evaluate the Truck Exit
eval_tr8exit_Pcp435;Evaluate the Truck Exit
enter_tr26_Pcp403;Enter the port
exit_tr8_Pcp435;Exit the port
exit_tr19_Pcp479;Exit the port
determine_continu_tr9_Pcp478_Silo16;Determine the Continuance of the Pickup
load_tr9_Pcp478;Load Truck
weigh_loaded_tr23_Pcp174;Weigh the Loaded Truck
weigh_loaded_tr25_Pcp20;Weigh the Loaded Truck
issue_ticket_tr24_Pcp174;Issue the Weighing Ticket
input_tally_tr24_Pcp174;Input the Tally Sheet
eval_tr24exit_Pcp174;Evaluate the Truck Exit
issue_ticket_tr23_Pcp174;Issue the Weighing Ticket
input_tally_tr23_Pcp174;Input the Tally Sheet
register_arrival_tr26_Pcp403;Register the truck arrival
exit_tr24_Pcp174;Exit the port
eval_tr23exit_Pcp174;Evaluate the Truck Exit
exit_tr23_Pcp174;Exit the port
issue_ticket_tr25_Pcp20;Issue the Weighing Ticket
input_tally_tr25_Pcp20;Input the Tally Sheet
eval_tr25exit_Pcp20;Evaluate the Truck Exit
assign_tr5_Pcp285;Assign Truck
exit_tr25_Pcp20;Exit the port
assign_tr39_Pcp271;Assign Truck
weigh_empty_tr26_Pcp403;Weigh the Empty Truck
enter_tr5_Pcp285;Enter the port
register_arrival_tr5_Pcp285;Register the truck arrival
check_abnorm_tr26_Pcp403;Check Empty Truck Weight Abnormality
arrive_Silo14_tr26_Pcp403;Arrive at the Silo
enter_tr39_Pcp271;Enter the port
weigh_empty_tr5_Pcp285;Weigh the Empty Truck
check_abnorm_tr5_Pcp285;Check Empty Truck Weight Abnormality
arrive_Silo19_tr5_Pcp285;Arrive at the Silo
weigh_loaded_tr43_Pcp170;Weigh the Loaded Truck
determine_continu_tr26_Pcp403_Silo14;Determine the Continuance of the Pickup
load_tr26_Pcp403;Load Truck
weigh_loaded_tr28_Pcp380;Weigh the Loaded Truck
register_arrival_tr39_Pcp271;Register the truck arrival
issue_ticket_tr43_Pcp170;Issue the Weighing Ticket
input_tally_tr43_Pcp170;Input the Tally Sheet
eval_tr43exit_Pcp170;Evaluate the Truck Exit
issue_ticket_tr28_Pcp380;Issue the Weighing Ticket
input_tally_tr28_Pcp380;Input the Tally Sheet
eval_tr28exit_Pcp380;Evaluate the Truck Exit
exit_tr43_Pcp170;Exit the port
exit_tr28_Pcp380;Exit the port
weigh_loaded_tr9_Pcp478;Weigh the Loaded Truck
weigh_empty_tr39_Pcp271;Weigh the Empty Truck
check_abnorm_tr39_Pcp271;Check Empty Truck Weight Abnormality
issue_ticket_tr9_Pcp478;Issue the Weighing Ticket
input_tally_tr9_Pcp478;Input the Tally Sheet
eval_tr9exit_Pcp478;Evaluate the Truck Exit
arrive_Silo17_tr39_Pcp271;Arrive at the Silo
exit_tr9_Pcp478;Exit the port
determine_continu_tr5_Pcp285_Silo19;Determine the Continuance of the Pickup
load_tr5_Pcp285;Load Truck
determine_continu_tr39_Pcp271_Silo17;Determine the Continuance of the Pickup
fail_load_tr39_Pcp271;Fail to Load
weigh_loaded_tr5_Pcp285;Weigh the Loaded Truck
issue_ticket_tr5_Pcp285;Issue the Weighing Ticket
input_tally_tr5_Pcp285;Input the Tally Sheet
eval_tr5exit_Pcp285;Evaluate the Truck Exit
exit_tr5_Pcp285;Exit the port
assign_tr16_Pcp436;Assign Truck
enter_tr16_Pcp436;Enter the port
register_arrival_tr16_Pcp436;Register the truck arrival
weigh_empty_tr16_Pcp436;Weigh the Empty Truck
check_abnorm_tr16_Pcp436;Check Empty Truck Weight Abnormality
arrive_Silo3_tr16_Pcp436;Arrive at the Silo
determine_continu_tr16_Pcp436_Silo3;Determine the Continuance of the Pickup
weigh_loaded_tr26_Pcp403;Weigh the Loaded Truck
load_tr16_Pcp436;Load Truck
issue_ticket_tr26_Pcp403;Issue the Weighing Ticket
input_tally_tr26_Pcp403;Input the Tally Sheet
eval_tr26exit_Pcp403;Evaluate the Truck Exit
exit_tr26_Pcp403;Exit the port
weigh_loaded_tr44_Pcp9;Weigh the Loaded Truck
issue_ticket_tr44_Pcp9;Issue the Weighing Ticket
input_tally_tr44_Pcp9;Input the Tally Sheet
eval_tr44exit_Pcp9;Evaluate the Truck Exit
exit_tr44_Pcp9;Exit the port
assign_tr48_Pcp380;Assign Truck
enter_tr48_Pcp380;Enter the port
assign_tr41_Pcp348;Assign Truck
register_arrival_tr48_Pcp380;Register the truck arrival
enter_tr41_Pcp348;Enter the port
weigh_loaded_tr16_Pcp436;Weigh the Loaded Truck
register_arrival_tr41_Pcp348;Register the truck arrival
weigh_empty_tr48_Pcp380;Weigh the Empty Truck
issue_ticket_tr16_Pcp436;Issue the Weighing Ticket
input_tally_tr16_Pcp436;Input the Tally Sheet
eval_tr16exit_Pcp436;Evaluate the Truck Exit
exit_tr16_Pcp436;Exit the port
check_abnorm_tr48_Pcp380;Check Empty Truck Weight Abnormality
arrive_Silo18_tr48_Pcp380;Arrive at the Silo
weigh_empty_tr41_Pcp348;Weigh the Empty Truck
check_abnorm_tr41_Pcp348;Check Empty Truck Weight Abnormality
arrive_Silo14_tr41_Pcp348;Arrive at the Silo
determine_continu_tr41_Pcp348_Silo14;Determine the Continuance of the Pickup
load_tr41_Pcp348;Load Truck
determine_continu_tr48_Pcp380_Silo18;Determine the Continuance of the Pickup
assign_tr47_Pcp341;Assign Truck
load_tr48_Pcp380;Load Truck
enter_tr47_Pcp341;Enter the port
register_arrival_tr47_Pcp341;Register the truck arrival
weigh_loaded_tr48_Pcp380;Weigh the Loaded Truck
weigh_empty_tr47_Pcp341;Weigh the Empty Truck
issue_ticket_tr48_Pcp380;Issue the Weighing Ticket
input_tally_tr48_Pcp380;Input the Tally Sheet
check_abnorm_tr47_Pcp341;Check Empty Truck Weight Abnormality
eval_tr48exit_Pcp380;Evaluate the Truck Exit
arrive_Silo2_tr47_Pcp341;Arrive at the Silo
exit_tr48_Pcp380;Exit the port
determine_continu_tr47_Pcp341_Silo2;Determine the Continuance of the Pickup
fail_load_tr47_Pcp341;Fail to Load
assign_tr34_Pcp77;Assign Truck
enter_tr34_Pcp77;Enter the port
register_arrival_tr34_Pcp77;Register the truck arrival
weigh_empty_tr34_Pcp77;Weigh the Empty Truck
check_abnorm_tr34_Pcp77;Check Empty Truck Weight Abnormality
arrive_Silo12_tr34_Pcp77;Arrive at the Silo
determine_continu_tr34_Pcp77_Silo12;Determine the Continuance of the Pickup
load_tr34_Pcp77;Load Truck
assign_tr2_Pcp186;Assign Truck
enter_tr2_Pcp186;Enter the port
register_arrival_tr2_Pcp186;Register the truck arrival
weigh_empty_tr2_Pcp186;Weigh the Empty Truck
check_abnorm_tr2_Pcp186;Check Empty Truck Weight Abnormality
arrive_Silo10_tr2_Pcp186;Arrive at the Silo
determine_continu_tr2_Pcp186_Silo10;Determine the Continuance of the Pickup
load_tr2_Pcp186;Load Truck
assign_tr13_Pcp303;Assign Truck
enter_tr13_Pcp303;Enter the port
weigh_loaded_tr41_Pcp348;Weigh the Loaded Truck
issue_ticket_tr41_Pcp348;Issue the Weighing Ticket
input_tally_tr41_Pcp348;Input the Tally Sheet
eval_tr41exit_Pcp348;Evaluate the Truck Exit
exit_tr41_Pcp348;Exit the port
register_arrival_tr13_Pcp303;Register the truck arrival
weigh_loaded_tr2_Pcp186;Weigh the Loaded Truck
issue_ticket_tr2_Pcp186;Issue the Weighing Ticket
input_tally_tr2_Pcp186;Input the Tally Sheet
eval_tr2exit_Pcp186;Evaluate the Truck Exit
exit_tr2_Pcp186;Exit the port
weigh_empty_tr13_Pcp303;Weigh the Empty Truck
check_abnorm_tr13_Pcp303;Check Empty Truck Weight Abnormality
arrive_Silo12_tr13_Pcp303;Arrive at the Silo
assign_tr50_Pcp391;Assign Truck
determine_continu_tr13_Pcp303_Silo12;Determine the Continuance of the Pickup
enter_tr50_Pcp391;Enter the port
load_tr13_Pcp303;Load Truck
register_arrival_tr50_Pcp391;Register the truck arrival
weigh_loaded_tr34_Pcp77;Weigh the Loaded Truck
issue_ticket_tr34_Pcp77;Issue the Weighing Ticket
input_tally_tr34_Pcp77;Input the Tally Sheet
eval_tr34exit_Pcp77;Evaluate the Truck Exit
detain_tr34_Pcp77;Detain at the port
weigh_empty_tr50_Pcp391;Weigh the Empty Truck
check_abnorm_tr50_Pcp391;Check Empty Truck Weight Abnormality
arrive_Silo20_tr50_Pcp391;Arrive at the Silo
weigh_loaded_tr13_Pcp303;Weigh the Loaded Truck
exit_tr34_Pcp77;Exit the port
determine_continu_tr50_Pcp391_Silo20;Determine the Continuance of the Pickup
issue_ticket_tr13_Pcp303;Issue the Weighing Ticket
input_tally_tr13_Pcp303;Input the Tally Sheet
eval_tr13exit_Pcp303;Evaluate the Truck Exit
exit_tr13_Pcp303;Exit the port
load_tr50_Pcp391;Load Truck
assign_tr36_Pcp320;Assign Truck
enter_tr36_Pcp320;Enter the port
weigh_loaded_tr50_Pcp391;Weigh the Loaded Truck
register_arrival_tr36_Pcp320;Register the truck arrival
issue_ticket_tr50_Pcp391;Issue the Weighing Ticket
input_tally_tr50_Pcp391;Input the Tally Sheet
eval_tr50exit_Pcp391;Evaluate the Truck Exit
exit_tr50_Pcp391;Exit the port
weigh_empty_tr36_Pcp320;Weigh the Empty Truck
check_abnorm_tr36_Pcp320;Check Empty Truck Weight Abnormality
arrive_Silo12_tr36_Pcp320;Arrive at the Silo
determine_continu_tr36_Pcp320_Silo12;Determine the Continuance of the Pickup
load_tr36_Pcp320;Load Truck
weigh_loaded_tr36_Pcp320;Weigh the Loaded Truck
issue_ticket_tr36_Pcp320;Issue the Weighing Ticket
input_tally_tr36_Pcp320;Input the Tally Sheet
eval_tr36exit_Pcp320;Evaluate the Truck Exit
exit_tr36_Pcp320;Exit the port
assign_tr12_Pcp297;Assign Truck
enter_tr12_Pcp297;Enter the port
register_arrival_tr12_Pcp297;Register the truck arrival
weigh_empty_tr12_Pcp297;Weigh the Empty Truck
check_abnorm_tr12_Pcp297;Check Empty Truck Weight Abnormality
arrive_Silo2_tr12_Pcp297;Arrive at the Silo
assign_tr22_Pcp374;Assign Truck
determine_continu_tr12_Pcp297_Silo2;Determine the Continuance of the Pickup
fail_load_tr12_Pcp297;Fail to Load
enter_tr22_Pcp374;Enter the port
register_arrival_tr22_Pcp374;Register the truck arrival
weigh_empty_tr22_Pcp374;Weigh the Empty Truck
check_abnorm_tr22_Pcp374;Check Empty Truck Weight Abnormality
arrive_Silo12_tr22_Pcp374;Arrive at the Silo
determine_continu_tr22_Pcp374_Silo12;Determine the Continuance of the Pickup
load_tr22_Pcp374;Load Truck
assign_tr3_Pcp142;Assign Truck
weigh_loaded_tr22_Pcp374;Weigh the Loaded Truck
issue_ticket_tr22_Pcp374;Issue the Weighing Ticket
input_tally_tr22_Pcp374;Input the Tally Sheet
eval_tr22exit_Pcp374;Evaluate the Truck Exit
enter_tr3_Pcp142;Enter the port
exit_tr22_Pcp374;Exit the port
register_arrival_tr3_Pcp142;Register the truck arrival
lodge_Pcp349;Lodge Pickup Plan
weigh_empty_tr3_Pcp142;Weigh the Empty Truck
check_abnorm_tr3_Pcp142;Check Empty Truck Weight Abnormality
arrive_Silo2_tr3_Pcp142;Arrive at the Silo
determine_continu_tr3_Pcp142_Silo2;Determine the Continuance of the Pickup
fail_load_tr3_Pcp142;Fail to Load
lodge_Pcp329;Lodge Pickup Plan
assess_Pcp329;Assess Pickup Plan
approve_Pcp329;Approve Pickup Plan
lodge_Pcp195;Lodge Pickup Plan
assess_Pcp195;Assess Pickup Plan
approve_Pcp195;Approve Pickup Plan
lodge_Pcp442;Lodge Pickup Plan
lodge_Pcp59;Lodge Pickup Plan
lodge_Pcp139;Lodge Pickup Plan
lodge_Pcp319;Lodge Pickup Plan
assess_Pcp319;Assess Pickup Plan
approve_Pcp319;Approve Pickup Plan
lodge_Pcp424;Lodge Pickup Plan
assess_Pcp424;Assess Pickup Plan
approve_Pcp424;Approve Pickup Plan
assess_Pcp349;Assess Pickup Plan
assess_Pcp139;Assess Pickup Plan
approve_Pcp349;Approve Pickup Plan
approve_Pcp139;Approve Pickup Plan
lodge_Pcp488;Lodge Pickup Plan
assess_Pcp442;Assess Pickup Plan
approve_Pcp442;Approve Pickup Plan
assess_Pcp488;Assess Pickup Plan
approve_Pcp488;Approve Pickup Plan
lodge_Pcp439;Lodge Pickup Plan
assess_Pcp59;Assess Pickup Plan
approve_Pcp59;Approve Pickup Plan
assess_Pcp439;Assess Pickup Plan
approve_Pcp439;Approve Pickup Plan
assign_tr30_Pcp22;Assign Truck
enter_tr30_Pcp22;Enter the port
register_arrival_tr30_Pcp22;Register the truck arrival
weigh_empty_tr30_Pcp22;Weigh the Empty Truck
check_abnorm_tr30_Pcp22;Check Empty Truck Weight Abnormality
assign_tr21_Pcp224;Assign Truck
arrive_Silo1_tr30_Pcp22;Arrive at the Silo
determine_continu_tr30_Pcp22_Silo1;Determine the Continuance of the Pickup
enter_tr21_Pcp224;Enter the port
load_tr30_Pcp22;Load Truck
register_arrival_tr21_Pcp224;Register the truck arrival
weigh_empty_tr21_Pcp224;Weigh the Empty Truck
check_abnorm_tr21_Pcp224;Check Empty Truck Weight Abnormality
arrive_Silo4_tr21_Pcp224;Arrive at the Silo
determine_continu_tr21_Pcp224_Silo4;Determine the Continuance of the Pickup
load_tr21_Pcp224;Load Truck
assign_tr10_Pcp193;Assign Truck
enter_tr10_Pcp193;Enter the port
register_arrival_tr10_Pcp193;Register the truck arrival
assign_tr29_Pcp391;Assign Truck
enter_tr29_Pcp391;Enter the port
assign_tr20_Pcp36;Assign Truck
register_arrival_tr29_Pcp391;Register the truck arrival
weigh_empty_tr29_Pcp391;Weigh the Empty Truck
check_abnorm_tr29_Pcp391;Check Empty Truck Weight Abnormality
arrive_Silo20_tr29_Pcp391;Arrive at the Silo
enter_tr20_Pcp36;Enter the port
weigh_empty_tr10_Pcp193;Weigh the Empty Truck
assign_tr7_Pcp179;Assign Truck
enter_tr7_Pcp179;Enter the port
check_abnorm_tr10_Pcp193;Check Empty Truck Weight Abnormality
determine_continu_tr29_Pcp391_Silo20;Determine the Continuance of the Pickup
register_arrival_tr20_Pcp36;Register the truck arrival
arrive_Silo20_tr10_Pcp193;Arrive at the Silo
register_arrival_tr7_Pcp179;Register the truck arrival
weigh_loaded_tr21_Pcp224;Weigh the Loaded Truck
assign_tr33_Pcp103;Assign Truck
weigh_empty_tr20_Pcp36;Weigh the Empty Truck
check_abnorm_tr20_Pcp36;Check Empty Truck Weight Abnormality
issue_ticket_tr21_Pcp224;Issue the Weighing Ticket
input_tally_tr21_Pcp224;Input the Tally Sheet
eval_tr21exit_Pcp224;Evaluate the Truck Exit
arrive_Silo18_tr20_Pcp36;Arrive at the Silo
enter_tr33_Pcp103;Enter the port
exit_tr21_Pcp224;Exit the port
load_tr29_Pcp391;Load Truck
determine_continu_tr10_Pcp193_Silo20;Determine the Continuance of the Pickup
load_tr10_Pcp193;Load Truck
register_arrival_tr33_Pcp103;Register the truck arrival
weigh_empty_tr7_Pcp179;Weigh the Empty Truck
weigh_empty_tr33_Pcp103;Weigh the Empty Truck
check_abnorm_tr7_Pcp179;Check Empty Truck Weight Abnormality
check_abnorm_tr33_Pcp103;Check Empty Truck Weight Abnormality
arrive_Silo16_tr7_Pcp179;Arrive at the Silo
arrive_Silo9_tr33_Pcp103;Arrive at the Silo
weigh_loaded_tr30_Pcp22;Weigh the Loaded Truck
issue_ticket_tr30_Pcp22;Issue the Weighing Ticket
input_tally_tr30_Pcp22;Input the Tally Sheet
determine_continu_tr20_Pcp36_Silo18;Determine the Continuance of the Pickup
eval_tr30exit_Pcp22;Evaluate the Truck Exit
exit_tr30_Pcp22;Exit the port
determine_continu_tr33_Pcp103_Silo9;Determine the Continuance of the Pickup
load_tr33_Pcp103;Load Truck
determine_continu_tr7_Pcp179_Silo16;Determine the Continuance of the Pickup
load_tr20_Pcp36;Load Truck
assign_tr32_Pcp295;Assign Truck
load_tr7_Pcp179;Load Truck
enter_tr32_Pcp295;Enter the port
assign_tr42_Pcp36;Assign Truck
enter_tr42_Pcp36;Enter the port
weigh_loaded_tr7_Pcp179;Weigh the Loaded Truck
issue_ticket_tr7_Pcp179;Issue the Weighing Ticket
input_tally_tr7_Pcp179;Input the Tally Sheet
eval_tr7exit_Pcp179;Evaluate the Truck Exit
exit_tr7_Pcp179;Exit the port
assign_tr49_Pcp7;Assign Truck
register_arrival_tr32_Pcp295;Register the truck arrival
register_arrival_tr42_Pcp36;Register the truck arrival
enter_tr49_Pcp7;Enter the port
weigh_empty_tr42_Pcp36;Weigh the Empty Truck
register_arrival_tr49_Pcp7;Register the truck arrival
check_abnorm_tr42_Pcp36;Check Empty Truck Weight Abnormality
weigh_empty_tr49_Pcp7;Weigh the Empty Truck
assign_tr38_Pcp250;Assign Truck
arrive_Silo18_tr42_Pcp36;Arrive at the Silo
check_abnorm_tr49_Pcp7;Check Empty Truck Weight Abnormality
weigh_empty_tr32_Pcp295;Weigh the Empty Truck
assign_tr31_Pcp4;Assign Truck
arrive_Silo18_tr49_Pcp7;Arrive at the Silo
enter_tr38_Pcp250;Enter the port
register_arrival_tr38_Pcp250;Register the truck arrival
check_abnorm_tr32_Pcp295;Check Empty Truck Weight Abnormality
assign_tr11_Pcp456;Assign Truck
determine_continu_tr49_Pcp7_Silo18;Determine the Continuance of the Pickup
arrive_Silo16_tr32_Pcp295;Arrive at the Silo
weigh_loaded_tr20_Pcp36;Weigh the Loaded Truck
enter_tr31_Pcp4;Enter the port
load_tr49_Pcp7;Load Truck
issue_ticket_tr20_Pcp36;Issue the Weighing Ticket
input_tally_tr20_Pcp36;Input the Tally Sheet
eval_tr20exit_Pcp36;Evaluate the Truck Exit
exit_tr20_Pcp36;Exit the port
determine_continu_tr42_Pcp36_Silo18;Determine the Continuance of the Pickup
load_tr42_Pcp36;Load Truck
enter_tr11_Pcp456;Enter the port
determine_continu_tr32_Pcp295_Silo16;Determine the Continuance of the Pickup
register_arrival_tr11_Pcp456;Register the truck arrival
assign_tr4_Pcp361;Assign Truck
load_tr32_Pcp295;Load Truck
weigh_loaded_tr49_Pcp7;Weigh the Loaded Truck
weigh_loaded_tr33_Pcp103;Weigh the Loaded Truck
issue_ticket_tr49_Pcp7;Issue the Weighing Ticket
input_tally_tr49_Pcp7;Input the Tally Sheet
eval_tr49exit_Pcp7;Evaluate the Truck Exit
exit_tr49_Pcp7;Exit the port
register_arrival_tr31_Pcp4;Register the truck arrival
enter_tr4_Pcp361;Enter the port
issue_ticket_tr33_Pcp103;Issue the Weighing Ticket
input_tally_tr33_Pcp103;Input the Tally Sheet
eval_tr33exit_Pcp103;Evaluate the Truck Exit
weigh_loaded_tr32_Pcp295;Weigh the Loaded Truck
exit_tr33_Pcp103;Exit the port
register_arrival_tr4_Pcp361;Register the truck arrival
weigh_empty_tr38_Pcp250;Weigh the Empty Truck
check_abnorm_tr38_Pcp250;Check Empty Truck Weight Abnormality
weigh_empty_tr4_Pcp361;Weigh the Empty Truck
arrive_Silo6_tr38_Pcp250;Arrive at the Silo
weigh_empty_tr31_Pcp4;Weigh the Empty Truck
check_abnorm_tr4_Pcp361;Check Empty Truck Weight Abnormality
assign_tr18_Pcp182;Assign Truck
issue_ticket_tr32_Pcp295;Issue the Weighing Ticket
input_tally_tr32_Pcp295;Input the Tally Sheet
eval_tr32exit_Pcp295;Evaluate the Truck Exit
check_abnorm_tr31_Pcp4;Check Empty Truck Weight Abnormality
arrive_Silo19_tr4_Pcp361;Arrive at the Silo
exit_tr32_Pcp295;Exit the port
weigh_empty_tr11_Pcp456;Weigh the Empty Truck
arrive_Silo19_tr31_Pcp4;Arrive at the Silo
check_abnorm_tr11_Pcp456;Check Empty Truck Weight Abnormality
weigh_loaded_tr42_Pcp36;Weigh the Loaded Truck
arrive_Silo19_tr11_Pcp456;Arrive at the Silo
determine_continu_tr38_Pcp250_Silo6;Determine the Continuance of the Pickup
determine_continu_tr4_Pcp361_Silo19;Determine the Continuance of the Pickup
fail_load_tr4_Pcp361;Fail to Load
load_tr38_Pcp250;Load Truck
determine_continu_tr11_Pcp456_Silo19;Determine the Continuance of the Pickup
fail_load_tr11_Pcp456;Fail to Load
assign_tr1_Pcp185;Assign Truck
enter_tr1_Pcp185;Enter the port
enter_tr18_Pcp182;Enter the port
determine_continu_tr31_Pcp4_Silo19;Determine the Continuance of the Pickup
fail_load_tr31_Pcp4;Fail to Load
weigh_loaded_tr10_Pcp193;Weigh the Loaded Truck
register_arrival_tr18_Pcp182;Register the truck arrival
issue_ticket_tr42_Pcp36;Issue the Weighing Ticket
input_tally_tr42_Pcp36;Input the Tally Sheet
eval_tr42exit_Pcp36;Evaluate the Truck Exit
exit_tr42_Pcp36;Exit the port
register_arrival_tr1_Pcp185;Register the truck arrival
weigh_empty_tr18_Pcp182;Weigh the Empty Truck
check_abnorm_tr18_Pcp182;Check Empty Truck Weight Abnormality
arrive_Silo6_tr18_Pcp182;Arrive at the Silo
issue_ticket_tr10_Pcp193;Issue the Weighing Ticket
input_tally_tr10_Pcp193;Input the Tally Sheet
eval_tr10exit_Pcp193;Evaluate the Truck Exit
weigh_loaded_tr29_Pcp391;Weigh the Loaded Truck
weigh_empty_tr1_Pcp185;Weigh the Empty Truck
exit_tr10_Pcp193;Exit the port
determine_continu_tr18_Pcp182_Silo6;Determine the Continuance of the Pickup
check_abnorm_tr1_Pcp185;Check Empty Truck Weight Abnormality
arrive_Silo2_tr1_Pcp185;Arrive at the Silo
load_tr18_Pcp182;Load Truck
weigh_loaded_tr38_Pcp250;Weigh the Loaded Truck
issue_ticket_tr29_Pcp391;Issue the Weighing Ticket
input_tally_tr29_Pcp391;Input the Tally Sheet
eval_tr29exit_Pcp391;Evaluate the Truck Exit
exit_tr29_Pcp391;Exit the port
issue_ticket_tr38_Pcp250;Issue the Weighing Ticket
input_tally_tr38_Pcp250;Input the Tally Sheet
eval_tr38exit_Pcp250;Evaluate the Truck Exit
exit_tr38_Pcp250;Exit the port
determine_continu_tr1_Pcp185_Silo2;Determine the Continuance of the Pickup
load_tr1_Pcp185;Load Truck
weigh_loaded_tr18_Pcp182;Weigh the Loaded Truck
issue_ticket_tr18_Pcp182;Issue the Weighing Ticket
input_tally_tr18_Pcp182;Input the Tally Sheet
eval_tr18exit_Pcp182;Evaluate the Truck Exit
exit_tr18_Pcp182;Exit the port
lodge_Pcp218;Lodge Pickup Plan
assess_Pcp218;Assess Pickup Plan
approve_Pcp218;Approve Pickup Plan
weigh_loaded_tr1_Pcp185;Weigh the Loaded Truck
issue_ticket_tr1_Pcp185;Issue the Weighing Ticket
input_tally_tr1_Pcp185;Input the Tally Sheet
eval_tr1exit_Pcp185;Evaluate the Truck Exit
exit_tr1_Pcp185;Exit the port
assign_tr44_Pcp329;Assign Truck
enter_tr44_Pcp329;Enter the port
register_arrival_tr44_Pcp329;Register the truck arrival
weigh_empty_tr44_Pcp329;Weigh the Empty Truck
check_abnorm_tr44_Pcp329;Check Empty Truck Weight Abnormality
arrive_Silo6_tr44_Pcp329;Arrive at the Silo
determine_continu_tr44_Pcp329_Silo6;Determine the Continuance of the Pickup
load_tr44_Pcp329;Load Truck
weigh_loaded_tr44_Pcp329;Weigh the Loaded Truck
issue_ticket_tr44_Pcp329;Issue the Weighing Ticket
input_tally_tr44_Pcp329;Input the Tally Sheet
eval_tr44exit_Pcp329;Evaluate the Truck Exit
exit_tr44_Pcp329;Exit the port
assign_tr40_Pcp195;Assign Truck
enter_tr40_Pcp195;Enter the port
register_arrival_tr40_Pcp195;Register the truck arrival
weigh_empty_tr40_Pcp195;Weigh the Empty Truck
check_abnorm_tr40_Pcp195;Check Empty Truck Weight Abnormality
arrive_Silo17_tr40_Pcp195;Arrive at the Silo
determine_continu_tr40_Pcp195_Silo17;Determine the Continuance of the Pickup
load_tr40_Pcp195;Load Truck
weigh_loaded_tr40_Pcp195;Weigh the Loaded Truck
issue_ticket_tr40_Pcp195;Issue the Weighing Ticket
input_tally_tr40_Pcp195;Input the Tally Sheet
eval_tr40exit_Pcp195;Evaluate the Truck Exit
exit_tr40_Pcp195;Exit the port
lodge_Pcp10;Lodge Pickup Plan
assess_Pcp10;Assess Pickup Plan
approve_Pcp10;Approve Pickup Plan
assign_tr47_Pcp319;Assign Truck
enter_tr47_Pcp319;Enter the port
register_arrival_tr47_Pcp319;Register the truck arrival
weigh_empty_tr47_Pcp319;Weigh the Empty Truck
check_abnorm_tr47_Pcp319;Check Empty Truck Weight Abnormality
arrive_Silo6_tr47_Pcp319;Arrive at the Silo
determine_continu_tr47_Pcp319_Silo6;Determine the Continuance of the Pickup
load_tr47_Pcp319;Load Truck
weigh_loaded_tr47_Pcp319;Weigh the Loaded Truck
issue_ticket_tr47_Pcp319;Issue the Weighing Ticket
input_tally_tr47_Pcp319;Input the Tally Sheet
eval_tr47exit_Pcp319;Evaluate the Truck Exit
exit_tr47_Pcp319;Exit the port
lodge_Pcp267;Lodge Pickup Plan
assess_Pcp267;Assess Pickup Plan
approve_Pcp267;Approve Pickup Plan
assign_tr27_Pcp424;Assign Truck
assign_tr2_Pcp349;Assign Truck
assign_tr35_Pcp139;Assign Truck
enter_tr2_Pcp349;Enter the port
register_arrival_tr2_Pcp349;Register the truck arrival
enter_tr27_Pcp424;Enter the port
enter_tr35_Pcp139;Enter the port
register_arrival_tr35_Pcp139;Register the truck arrival
weigh_empty_tr2_Pcp349;Weigh the Empty Truck
check_abnorm_tr2_Pcp349;Check Empty Truck Weight Abnormality
arrive_Silo2_tr2_Pcp349;Arrive at the Silo
weigh_empty_tr35_Pcp139;Weigh the Empty Truck
determine_continu_tr2_Pcp349_Silo2;Determine the Continuance of the Pickup
load_tr2_Pcp349;Load Truck
check_abnorm_tr35_Pcp139;Check Empty Truck Weight Abnormality
register_arrival_tr27_Pcp424;Register the truck arrival
arrive_Silo2_tr35_Pcp139;Arrive at the Silo
weigh_empty_tr27_Pcp424;Weigh the Empty Truck
check_abnorm_tr27_Pcp424;Check Empty Truck Weight Abnormality
arrive_Silo2_tr27_Pcp424;Arrive at the Silo
weigh_loaded_tr2_Pcp349;Weigh the Loaded Truck
determine_continu_tr35_Pcp139_Silo2;Determine the Continuance of the Pickup
issue_ticket_tr2_Pcp349;Issue the Weighing Ticket
input_tally_tr2_Pcp349;Input the Tally Sheet
eval_tr2exit_Pcp349;Evaluate the Truck Exit
load_tr35_Pcp139;Load Truck
exit_tr2_Pcp349;Exit the port
weigh_loaded_tr35_Pcp139;Weigh the Loaded Truck
determine_continu_tr27_Pcp424_Silo2;Determine the Continuance of the Pickup
load_tr27_Pcp424;Load Truck
issue_ticket_tr35_Pcp139;Issue the Weighing Ticket
input_tally_tr35_Pcp139;Input the Tally Sheet
eval_tr35exit_Pcp139;Evaluate the Truck Exit
exit_tr35_Pcp139;Exit the port
assign_tr19_Pcp442;Assign Truck
enter_tr19_Pcp442;Enter the port
register_arrival_tr19_Pcp442;Register the truck arrival
assign_tr36_Pcp488;Assign Truck
enter_tr36_Pcp488;Enter the port
assign_tr8_Pcp59;Assign Truck
assign_tr37_Pcp439;Assign Truck
register_arrival_tr36_Pcp488;Register the truck arrival
enter_tr8_Pcp59;Enter the port
weigh_empty_tr36_Pcp488;Weigh the Empty Truck
enter_tr37_Pcp439;Enter the port
register_arrival_tr8_Pcp59;Register the truck arrival
check_abnorm_tr36_Pcp488;Check Empty Truck Weight Abnormality
arrive_Silo6_tr36_Pcp488;Arrive at the Silo
weigh_empty_tr19_Pcp442;Weigh the Empty Truck
determine_continu_tr36_Pcp488_Silo6;Determine the Continuance of the Pickup
register_arrival_tr37_Pcp439;Register the truck arrival
check_abnorm_tr19_Pcp442;Check Empty Truck Weight Abnormality
weigh_empty_tr8_Pcp59;Weigh the Empty Truck
load_tr36_Pcp488;Load Truck
arrive_Silo6_tr19_Pcp442;Arrive at the Silo
check_abnorm_tr8_Pcp59;Check Empty Truck Weight Abnormality
arrive_Silo16_tr8_Pcp59;Arrive at the Silo
weigh_empty_tr37_Pcp439;Weigh the Empty Truck
determine_continu_tr19_Pcp442_Silo6;Determine the Continuance of the Pickup
check_abnorm_tr37_Pcp439;Check Empty Truck Weight Abnormality
arrive_Silo16_tr37_Pcp439;Arrive at the Silo
load_tr19_Pcp442;Load Truck
determine_continu_tr8_Pcp59_Silo16;Determine the Continuance of the Pickup
load_tr8_Pcp59;Load Truck
weigh_loaded_tr27_Pcp424;Weigh the Loaded Truck
determine_continu_tr37_Pcp439_Silo16;Determine the Continuance of the Pickup
issue_ticket_tr27_Pcp424;Issue the Weighing Ticket
input_tally_tr27_Pcp424;Input the Tally Sheet
load_tr37_Pcp439;Load Truck
eval_tr27exit_Pcp424;Evaluate the Truck Exit
exit_tr27_Pcp424;Exit the port
weigh_loaded_tr36_Pcp488;Weigh the Loaded Truck
issue_ticket_tr36_Pcp488;Issue the Weighing Ticket
input_tally_tr36_Pcp488;Input the Tally Sheet
eval_tr36exit_Pcp488;Evaluate the Truck Exit
exit_tr36_Pcp488;Exit the port
weigh_loaded_tr19_Pcp442;Weigh the Loaded Truck
issue_ticket_tr19_Pcp442;Issue the Weighing Ticket
input_tally_tr19_Pcp442;Input the Tally Sheet
eval_tr19exit_Pcp442;Evaluate the Truck Exit
exit_tr19_Pcp442;Exit the port
weigh_loaded_tr8_Pcp59;Weigh the Loaded Truck
issue_ticket_tr8_Pcp59;Issue the Weighing Ticket
input_tally_tr8_Pcp59;Input the Tally Sheet
eval_tr8exit_Pcp59;Evaluate the Truck Exit
exit_tr8_Pcp59;Exit the port
weigh_loaded_tr37_Pcp439;Weigh the Loaded Truck
issue_ticket_tr37_Pcp439;Issue the Weighing Ticket
input_tally_tr37_Pcp439;Input the Tally Sheet
eval_tr37exit_Pcp439;Evaluate the Truck Exit
exit_tr37_Pcp439;Exit the port
assign_tr41_Pcp218;Assign Truck
enter_tr41_Pcp218;Enter the port
register_arrival_tr41_Pcp218;Register the truck arrival
weigh_empty_tr41_Pcp218;Weigh the Empty Truck
check_abnorm_tr41_Pcp218;Check Empty Truck Weight Abnormality
arrive_Silo2_tr41_Pcp218;Arrive at the Silo
determine_continu_tr41_Pcp218_Silo2;Determine the Continuance of the Pickup
load_tr41_Pcp218;Load Truck
weigh_loaded_tr41_Pcp218;Weigh the Loaded Truck
issue_ticket_tr41_Pcp218;Issue the Weighing Ticket
input_tally_tr41_Pcp218;Input the Tally Sheet
eval_tr41exit_Pcp218;Evaluate the Truck Exit
exit_tr41_Pcp218;Exit the port
lodge_Pcp417;Lodge Pickup Plan
assess_Pcp417;Assess Pickup Plan
approve_Pcp417;Approve Pickup Plan
assign_tr5_Pcp10;Assign Truck
enter_tr5_Pcp10;Enter the port
register_arrival_tr5_Pcp10;Register the truck arrival
weigh_empty_tr5_Pcp10;Weigh the Empty Truck
check_abnorm_tr5_Pcp10;Check Empty Truck Weight Abnormality
arrive_Silo19_tr5_Pcp10;Arrive at the Silo
determine_continu_tr5_Pcp10_Silo19;Determine the Continuance of the Pickup
load_tr5_Pcp10;Load Truck
weigh_loaded_tr5_Pcp10;Weigh the Loaded Truck
issue_ticket_tr5_Pcp10;Issue the Weighing Ticket
input_tally_tr5_Pcp10;Input the Tally Sheet
eval_tr5exit_Pcp10;Evaluate the Truck Exit
exit_tr5_Pcp10;Exit the port
assign_tr9_Pcp267;Assign Truck
enter_tr9_Pcp267;Enter the port
register_arrival_tr9_Pcp267;Register the truck arrival
weigh_empty_tr9_Pcp267;Weigh the Empty Truck
check_abnorm_tr9_Pcp267;Check Empty Truck Weight Abnormality
arrive_Silo19_tr9_Pcp267;Arrive at the Silo
determine_continu_tr9_Pcp267_Silo19;Determine the Continuance of the Pickup
load_tr9_Pcp267;Load Truck
weigh_loaded_tr9_Pcp267;Weigh the Loaded Truck
issue_ticket_tr9_Pcp267;Issue the Weighing Ticket
input_tally_tr9_Pcp267;Input the Tally Sheet
eval_tr9exit_Pcp267;Evaluate the Truck Exit
exit_tr9_Pcp267;Exit the port
assign_tr8_Pcp417;Assign Truck
enter_tr8_Pcp417;Enter the port
register_arrival_tr8_Pcp417;Register the truck arrival
weigh_empty_tr8_Pcp417;Weigh the Empty Truck
check_abnorm_tr8_Pcp417;Check Empty Truck Weight Abnormality
arrive_Silo19_tr8_Pcp417;Arrive at the Silo
determine_continu_tr8_Pcp417_Silo19;Determine the Continuance of the Pickup
fail_load_tr8_Pcp417;Fail to Load
lodge_Pcp235;Lodge Pickup Plan
assess_Pcp235;Assess Pickup Plan
approve_Pcp235;Approve Pickup Plan
assign_tr8_Pcp235;Assign Truck
enter_tr8_Pcp235;Enter the port
register_arrival_tr8_Pcp235;Register the truck arrival
weigh_empty_tr8_Pcp235;Weigh the Empty Truck
check_abnorm_tr8_Pcp235;Check Empty Truck Weight Abnormality
arrive_Silo19_tr8_Pcp235;Arrive at the Silo
determine_continu_tr8_Pcp235_Silo19;Determine the Continuance of the Pickup
load_tr8_Pcp235;Load Truck
weigh_loaded_tr8_Pcp235;Weigh the Loaded Truck
issue_ticket_tr8_Pcp235;Issue the Weighing Ticket
input_tally_tr8_Pcp235;Input the Tally Sheet
eval_tr8exit_Pcp235;Evaluate the Truck Exit
exit_tr8_Pcp235;Exit the port
