ocel_event_id;ocel_IoT_object_id;ocel_qualifier
enter_tr7_Pcp35;rfidXNPCXE;RFID tag read at entrance
enter_tr38_Pcp35;rfidVIASXP;RFID tag read at entrance
weigh_empty_tr38_Pcp35;WS06;Weight sensor for empty truck weighing
weigh_empty_tr7_Pcp35;WS10;Weight sensor for empty truck weighing
check_abnorm_tr38_Pcp35;rfidVIASXP;RFID tag read at empty truck weighing
check_abnorm_tr7_Pcp35;rfidXNPCXE;RFID tag read at empty truck weighing
determine_continu_tr38_Pcp35_Silo3;Temp3;Temperature sensor for determining the pickup continuation
determine_continu_tr38_Pcp35_Silo3;Humd3;Humidity sensor for determining the pickup continuation
determine_continu_tr38_Pcp35_Silo3;GrainTemp7;1st grain temperature sensor for determining the pickup continuation
determine_continu_tr38_Pcp35_Silo3;GrainTemp8;2nd grain temperature sensor for determining the pickup continuation
determine_continu_tr38_Pcp35_Silo3;GrainTemp9;3rd grain temperature sensor for determining the pickup continuation
determine_continu_tr7_Pcp35_Silo3;Temp3;Temperature sensor for determining the pickup continuation
determine_continu_tr7_Pcp35_Silo3;Humd3;Humidity sensor for determining the pickup continuation
determine_continu_tr7_Pcp35_Silo3;GrainTemp7;1st grain temperature sensor for determining the pickup continuation
determine_continu_tr7_Pcp35_Silo3;GrainTemp8;2nd grain temperature sensor for determining the pickup continuation
determine_continu_tr7_Pcp35_Silo3;GrainTemp9;3rd grain temperature sensor for determining the pickup continuation
weigh_loaded_tr7_Pcp35;WS13;Weight sensor for loaded truck weighing
weigh_loaded_tr38_Pcp35;WS08;Weight sensor for loaded truck weighing
enter_tr6_Pcp88;rfidQSKZVB;RFID tag read at entrance
enter_tr17_Pcp88;rfidVYEBVG;RFID tag read at entrance
weigh_empty_tr17_Pcp88;WS06;Weight sensor for empty truck weighing
check_abnorm_tr17_Pcp88;rfidVYEBVG;RFID tag read at empty truck weighing
determine_continu_tr17_Pcp88_Silo4;Temp4;Temperature sensor for determining the pickup continuation
determine_continu_tr17_Pcp88_Silo4;Humd4;Humidity sensor for determining the pickup continuation
determine_continu_tr17_Pcp88_Silo4;GrainTemp10;1st grain temperature sensor for determining the pickup continuation
determine_continu_tr17_Pcp88_Silo4;GrainTemp11;2nd grain temperature sensor for determining the pickup continuation
determine_continu_tr17_Pcp88_Silo4;GrainTemp12;3rd grain temperature sensor for determining the pickup continuation
weigh_empty_tr6_Pcp88;WS16;Weight sensor for empty truck weighing
check_abnorm_tr6_Pcp88;rfidQSKZVB;RFID tag read at empty truck weighing
determine_continu_tr6_Pcp88_Silo4;Temp4;Temperature sensor for determining the pickup continuation
determine_continu_tr6_Pcp88_Silo4;Humd4;Humidity sensor for determining the pickup continuation
determine_continu_tr6_Pcp88_Silo4;GrainTemp10;1st grain temperature sensor for determining the pickup continuation
determine_continu_tr6_Pcp88_Silo4;GrainTemp11;2nd grain temperature sensor for determining the pickup continuation
determine_continu_tr6_Pcp88_Silo4;GrainTemp12;3rd grain temperature sensor for determining the pickup continuation
weigh_loaded_tr17_Pcp88;WS04;Weight sensor for loaded truck weighing
weigh_loaded_tr6_Pcp88;WS13;Weight sensor for loaded truck weighing
enter_tr13_Pcp89;rfidGTHHGD;RFID tag read at entrance
enter_tr3_Pcp89;rfidDRCUXI;RFID tag read at entrance
weigh_empty_tr13_Pcp89;WS17;Weight sensor for empty truck weighing
check_abnorm_tr13_Pcp89;rfidGTHHGD;RFID tag read at empty truck weighing
weigh_empty_tr3_Pcp89;WS06;Weight sensor for empty truck weighing
check_abnorm_tr3_Pcp89;rfidDRCUXI;RFID tag read at empty truck weighing
determine_continu_tr13_Pcp89_Silo18;Temp18;Temperature sensor for determining the pickup continuation
determine_continu_tr13_Pcp89_Silo18;Humd18;Humidity sensor for determining the pickup continuation
determine_continu_tr13_Pcp89_Silo18;GrainTemp52;1st grain temperature sensor for determining the pickup continuation
determine_continu_tr13_Pcp89_Silo18;GrainTemp53;2nd grain temperature sensor for determining the pickup continuation
determine_continu_tr13_Pcp89_Silo18;GrainTemp54;3rd grain temperature sensor for determining the pickup continuation
determine_continu_tr3_Pcp89_Silo18;Temp18;Temperature sensor for determining the pickup continuation
determine_continu_tr3_Pcp89_Silo18;Humd18;Humidity sensor for determining the pickup continuation
determine_continu_tr3_Pcp89_Silo18;GrainTemp52;1st grain temperature sensor for determining the pickup continuation
determine_continu_tr3_Pcp89_Silo18;GrainTemp53;2nd grain temperature sensor for determining the pickup continuation
determine_continu_tr3_Pcp89_Silo18;GrainTemp54;3rd grain temperature sensor for determining the pickup continuation
weigh_loaded_tr13_Pcp89;WS03;Weight sensor for loaded truck weighing
enter_tr34_Pcp338;rfidFMSUBE;RFID tag read at entrance
enter_tr50_Pcp338;rfidXXIVNB;RFID tag read at entrance
weigh_empty_tr34_Pcp338;WS20;Weight sensor for empty truck weighing
check_abnorm_tr34_Pcp338;rfidFMSUBE;RFID tag read at empty truck weighing
determine_continu_tr34_Pcp338_Silo11;Temp11;Temperature sensor for determining the pickup continuation
determine_continu_tr34_Pcp338_Silo11;Humd11;Humidity sensor for determining the pickup continuation
determine_continu_tr34_Pcp338_Silo11;GrainTemp31;1st grain temperature sensor for determining the pickup continuation
determine_continu_tr34_Pcp338_Silo11;GrainTemp32;2nd grain temperature sensor for determining the pickup continuation
determine_continu_tr34_Pcp338_Silo11;GrainTemp33;3rd grain temperature sensor for determining the pickup continuation
weigh_empty_tr50_Pcp338;WS09;Weight sensor for empty truck weighing
check_abnorm_tr50_Pcp338;rfidXXIVNB;RFID tag read at empty truck weighing
determine_continu_tr50_Pcp338_Silo11;Temp11;Temperature sensor for determining the pickup continuation
determine_continu_tr50_Pcp338_Silo11;Humd11;Humidity sensor for determining the pickup continuation
determine_continu_tr50_Pcp338_Silo11;GrainTemp31;1st grain temperature sensor for determining the pickup continuation
determine_continu_tr50_Pcp338_Silo11;GrainTemp32;2nd grain temperature sensor for determining the pickup continuation
determine_continu_tr50_Pcp338_Silo11;GrainTemp33;3rd grain temperature sensor for determining the pickup continuation
weigh_loaded_tr3_Pcp89;WS10;Weight sensor for loaded truck weighing
weigh_loaded_tr34_Pcp338;WS07;Weight sensor for loaded truck weighing
weigh_loaded_tr50_Pcp338;WS03;Weight sensor for loaded truck weighing
enter_tr29_Pcp69;rfidOIGYVC;RFID tag read at entrance
enter_tr11_Pcp228;rfidSCPJCE;RFID tag read at entrance
enter_tr21_Pcp228;rfidTLWXGZ;RFID tag read at entrance
enter_tr39_Pcp169;rfidYGABPB;RFID tag read at entrance
enter_tr9_Pcp415;rfidKEBJGC;RFID tag read at entrance
enter_tr38_Pcp69;rfidVIASXP;RFID tag read at entrance
enter_tr10_Pcp385;rfidOOVDPE;RFID tag read at entrance
enter_tr44_Pcp169;rfidJRRVME;RFID tag read at entrance
enter_tr35_Pcp385;rfidPODCVH;RFID tag read at entrance
weigh_empty_tr9_Pcp415;WS03;Weight sensor for empty truck weighing
enter_tr23_Pcp468;rfidKGKHYU;RFID tag read at entrance
weigh_empty_tr39_Pcp169;WS17;Weight sensor for empty truck weighing
check_abnorm_tr9_Pcp415;rfidKEBJGC;RFID tag read at empty truck weighing
enter_tr46_Pcp190;rfidEJHYOM;RFID tag read at entrance
enter_tr43_Pcp468;rfidGETQDY;RFID tag read at entrance
check_abnorm_tr39_Pcp169;rfidYGABPB;RFID tag read at empty truck weighing
enter_tr26_Pcp415;rfidNQRMLR;RFID tag read at entrance
weigh_empty_tr11_Pcp228;WS06;Weight sensor for empty truck weighing
weigh_empty_tr21_Pcp228;WS03;Weight sensor for empty truck weighing
check_abnorm_tr21_Pcp228;rfidTLWXGZ;RFID tag read at empty truck weighing
check_abnorm_tr11_Pcp228;rfidSCPJCE;RFID tag read at empty truck weighing
enter_tr45_Pcp146;rfidSLQPDR;RFID tag read at entrance
weigh_empty_tr44_Pcp169;WS16;Weight sensor for empty truck weighing
enter_tr27_Pcp190;rfidWOMLHU;RFID tag read at entrance
enter_tr33_Pcp146;rfidMVJRXE;RFID tag read at entrance
weigh_empty_tr10_Pcp385;WS19;Weight sensor for empty truck weighing
determine_continu_tr11_Pcp228_Silo11;Temp11;Temperature sensor for determining the pickup continuation
determine_continu_tr11_Pcp228_Silo11;Humd11;Humidity sensor for determining the pickup continuation
determine_continu_tr11_Pcp228_Silo11;GrainTemp31;1st grain temperature sensor for determining the pickup continuation
determine_continu_tr11_Pcp228_Silo11;GrainTemp32;2nd grain temperature sensor for determining the pickup continuation
determine_continu_tr11_Pcp228_Silo11;GrainTemp33;3rd grain temperature sensor for determining the pickup continuation
check_abnorm_tr44_Pcp169;rfidJRRVME;RFID tag read at empty truck weighing
weigh_empty_tr43_Pcp468;WS15;Weight sensor for empty truck weighing
check_abnorm_tr10_Pcp385;rfidOOVDPE;RFID tag read at empty truck weighing
weigh_empty_tr26_Pcp415;WS14;Weight sensor for empty truck weighing
check_abnorm_tr43_Pcp468;rfidGETQDY;RFID tag read at empty truck weighing
weigh_empty_tr35_Pcp385;WS09;Weight sensor for empty truck weighing
check_abnorm_tr35_Pcp385;rfidPODCVH;RFID tag read at empty truck weighing
enter_tr6_Pcp119;rfidQSKZVB;RFID tag read at entrance
enter_tr5_Pcp245;rfidSVWFVZ;RFID tag read at entrance
determine_continu_tr21_Pcp228_Silo11;Temp11;Temperature sensor for determining the pickup continuation
determine_continu_tr21_Pcp228_Silo11;Humd11;Humidity sensor for determining the pickup continuation
determine_continu_tr21_Pcp228_Silo11;GrainTemp31;1st grain temperature sensor for determining the pickup continuation
determine_continu_tr21_Pcp228_Silo11;GrainTemp32;2nd grain temperature sensor for determining the pickup continuation
determine_continu_tr21_Pcp228_Silo11;GrainTemp33;3rd grain temperature sensor for determining the pickup continuation
enter_tr8_Pcp234;rfidCEZEBQ;RFID tag read at entrance
check_abnorm_tr26_Pcp415;rfidNQRMLR;RFID tag read at empty truck weighing
determine_continu_tr39_Pcp169_Silo11;Temp11;Temperature sensor for determining the pickup continuation
determine_continu_tr39_Pcp169_Silo11;Humd11;Humidity sensor for determining the pickup continuation
determine_continu_tr39_Pcp169_Silo11;GrainTemp31;1st grain temperature sensor for determining the pickup continuation
determine_continu_tr39_Pcp169_Silo11;GrainTemp32;2nd grain temperature sensor for determining the pickup continuation
determine_continu_tr39_Pcp169_Silo11;GrainTemp33;3rd grain temperature sensor for determining the pickup continuation
enter_tr19_Pcp119;rfidRCKRLL;RFID tag read at entrance
enter_tr25_Pcp110;rfidMFTSWW;RFID tag read at entrance
enter_tr40_Pcp245;rfidZEKWJR;RFID tag read at entrance
enter_tr37_Pcp81;rfidUSNSHC;RFID tag read at entrance
determine_continu_tr9_Pcp415_Silo11;Temp11;Temperature sensor for determining the pickup continuation
determine_continu_tr9_Pcp415_Silo11;Humd11;Humidity sensor for determining the pickup continuation
determine_continu_tr9_Pcp415_Silo11;GrainTemp31;1st grain temperature sensor for determining the pickup continuation
determine_continu_tr9_Pcp415_Silo11;GrainTemp32;2nd grain temperature sensor for determining the pickup continuation
determine_continu_tr9_Pcp415_Silo11;GrainTemp33;3rd grain temperature sensor for determining the pickup continuation
enter_tr15_Pcp234;rfidIDWLCS;RFID tag read at entrance
weigh_empty_tr45_Pcp146;WS12;Weight sensor for empty truck weighing
weigh_empty_tr33_Pcp146;WS05;Weight sensor for empty truck weighing
check_abnorm_tr33_Pcp146;rfidMVJRXE;RFID tag read at empty truck weighing
check_abnorm_tr45_Pcp146;rfidSLQPDR;RFID tag read at empty truck weighing
weigh_empty_tr38_Pcp69;WS14;Weight sensor for empty truck weighing
weigh_empty_tr8_Pcp234;WS09;Weight sensor for empty truck weighing
check_abnorm_tr38_Pcp69;rfidVIASXP;RFID tag read at empty truck weighing
enter_tr4_Pcp287;rfidTGNSNI;RFID tag read at entrance
determine_continu_tr44_Pcp169_Silo11;Temp11;Temperature sensor for determining the pickup continuation
determine_continu_tr44_Pcp169_Silo11;Humd11;Humidity sensor for determining the pickup continuation
determine_continu_tr44_Pcp169_Silo11;GrainTemp31;1st grain temperature sensor for determining the pickup continuation
determine_continu_tr44_Pcp169_Silo11;GrainTemp32;2nd grain temperature sensor for determining the pickup continuation
determine_continu_tr44_Pcp169_Silo11;GrainTemp33;3rd grain temperature sensor for determining the pickup continuation
check_abnorm_tr8_Pcp234;rfidCEZEBQ;RFID tag read at empty truck weighing
weigh_empty_tr27_Pcp190;WS12;Weight sensor for empty truck weighing
determine_continu_tr33_Pcp146_Silo11;Temp11;Temperature sensor for determining the pickup continuation
determine_continu_tr33_Pcp146_Silo11;Humd11;Humidity sensor for determining the pickup continuation
determine_continu_tr33_Pcp146_Silo11;GrainTemp31;1st grain temperature sensor for determining the pickup continuation
determine_continu_tr33_Pcp146_Silo11;GrainTemp32;2nd grain temperature sensor for determining the pickup continuation
determine_continu_tr33_Pcp146_Silo11;GrainTemp33;3rd grain temperature sensor for determining the pickup continuation
weigh_empty_tr5_Pcp245;WS06;Weight sensor for empty truck weighing
weigh_empty_tr6_Pcp119;WS08;Weight sensor for empty truck weighing
enter_tr18_Pcp110;rfidEGNSMV;RFID tag read at entrance
weigh_empty_tr29_Pcp69;WS01;Weight sensor for empty truck weighing
enter_tr32_Pcp287;rfidQCYTDW;RFID tag read at entrance
check_abnorm_tr6_Pcp119;rfidQSKZVB;RFID tag read at empty truck weighing
check_abnorm_tr5_Pcp245;rfidSVWFVZ;RFID tag read at empty truck weighing
weigh_empty_tr46_Pcp190;WS08;Weight sensor for empty truck weighing
weigh_loaded_tr11_Pcp228;WS13;Weight sensor for loaded truck weighing
check_abnorm_tr29_Pcp69;rfidOIGYVC;RFID tag read at empty truck weighing
determine_continu_tr45_Pcp146_Silo11;Temp11;Temperature sensor for determining the pickup continuation
determine_continu_tr45_Pcp146_Silo11;Humd11;Humidity sensor for determining the pickup continuation
determine_continu_tr45_Pcp146_Silo11;GrainTemp31;1st grain temperature sensor for determining the pickup continuation
determine_continu_tr45_Pcp146_Silo11;GrainTemp32;2nd grain temperature sensor for determining the pickup continuation
determine_continu_tr45_Pcp146_Silo11;GrainTemp33;3rd grain temperature sensor for determining the pickup continuation
determine_continu_tr26_Pcp415_Silo11;Temp11;Temperature sensor for determining the pickup continuation
determine_continu_tr26_Pcp415_Silo11;Humd11;Humidity sensor for determining the pickup continuation
determine_continu_tr26_Pcp415_Silo11;GrainTemp31;1st grain temperature sensor for determining the pickup continuation
determine_continu_tr26_Pcp415_Silo11;GrainTemp32;2nd grain temperature sensor for determining the pickup continuation
determine_continu_tr26_Pcp415_Silo11;GrainTemp33;3rd grain temperature sensor for determining the pickup continuation
enter_tr31_Pcp105;rfidJDEWMH;RFID tag read at entrance
check_abnorm_tr27_Pcp190;rfidWOMLHU;RFID tag read at empty truck weighing
weigh_empty_tr23_Pcp468;WS06;Weight sensor for empty truck weighing
enter_tr49_Pcp258;rfidNJSWIM;RFID tag read at entrance
enter_tr30_Pcp128;rfidCBMLGM;RFID tag read at entrance
enter_tr7_Pcp258;rfidXNPCXE;RFID tag read at entrance
check_abnorm_tr23_Pcp468;rfidKGKHYU;RFID tag read at empty truck weighing
determine_continu_tr38_Pcp69_Silo11;Temp11;Temperature sensor for determining the pickup continuation
determine_continu_tr38_Pcp69_Silo11;Humd11;Humidity sensor for determining the pickup continuation
determine_continu_tr38_Pcp69_Silo11;GrainTemp31;1st grain temperature sensor for determining the pickup continuation
determine_continu_tr38_Pcp69_Silo11;GrainTemp32;2nd grain temperature sensor for determining the pickup continuation
determine_continu_tr38_Pcp69_Silo11;GrainTemp33;3rd grain temperature sensor for determining the pickup continuation
check_abnorm_tr46_Pcp190;rfidEJHYOM;RFID tag read at empty truck weighing
enter_tr17_Pcp81;rfidVYEBVG;RFID tag read at entrance
weigh_empty_tr40_Pcp245;WS01;Weight sensor for empty truck weighing
check_abnorm_tr40_Pcp245;rfidZEKWJR;RFID tag read at empty truck weighing
weigh_empty_tr4_Pcp287;WS07;Weight sensor for empty truck weighing
enter_tr14_Pcp404;rfidYREIDQ;RFID tag read at entrance
weigh_loaded_tr21_Pcp228;WS05;Weight sensor for loaded truck weighing
weigh_empty_tr30_Pcp128;WS13;Weight sensor for empty truck weighing
enter_tr24_Pcp82;rfidPCMKUV;RFID tag read at entrance
check_abnorm_tr4_Pcp287;rfidTGNSNI;RFID tag read at empty truck weighing
enter_tr28_Pcp105;rfidUOOSAQ;RFID tag read at entrance
enter_tr1_Pcp404;rfidBKTRLP;RFID tag read at entrance
weigh_empty_tr31_Pcp105;WS07;Weight sensor for empty truck weighing
weigh_empty_tr25_Pcp110;WS11;Weight sensor for empty truck weighing
determine_continu_tr5_Pcp245_Silo11;Temp11;Temperature sensor for determining the pickup continuation
determine_continu_tr5_Pcp245_Silo11;Humd11;Humidity sensor for determining the pickup continuation
determine_continu_tr5_Pcp245_Silo11;GrainTemp31;1st grain temperature sensor for determining the pickup continuation
determine_continu_tr5_Pcp245_Silo11;GrainTemp32;2nd grain temperature sensor for determining the pickup continuation
determine_continu_tr5_Pcp245_Silo11;GrainTemp33;3rd grain temperature sensor for determining the pickup continuation
weigh_empty_tr15_Pcp234;WS05;Weight sensor for empty truck weighing
weigh_loaded_tr44_Pcp169;WS20;Weight sensor for loaded truck weighing
check_abnorm_tr31_Pcp105;rfidJDEWMH;RFID tag read at empty truck weighing
enter_tr16_Pcp440;rfidIICVAH;RFID tag read at entrance
check_abnorm_tr30_Pcp128;rfidCBMLGM;RFID tag read at empty truck weighing
check_abnorm_tr15_Pcp234;rfidIDWLCS;RFID tag read at empty truck weighing
determine_continu_tr8_Pcp234_Silo11;Temp11;Temperature sensor for determining the pickup continuation
determine_continu_tr8_Pcp234_Silo11;Humd11;Humidity sensor for determining the pickup continuation
determine_continu_tr8_Pcp234_Silo11;GrainTemp31;1st grain temperature sensor for determining the pickup continuation
determine_continu_tr8_Pcp234_Silo11;GrainTemp32;2nd grain temperature sensor for determining the pickup continuation
determine_continu_tr8_Pcp234_Silo11;GrainTemp33;3rd grain temperature sensor for determining the pickup continuation
check_abnorm_tr25_Pcp110;rfidMFTSWW;RFID tag read at empty truck weighing
weigh_empty_tr18_Pcp110;WS15;Weight sensor for empty truck weighing
weigh_empty_tr37_Pcp81;WS07;Weight sensor for empty truck weighing
enter_tr42_Pcp440;rfidLEEHFK;RFID tag read at entrance
check_abnorm_tr18_Pcp110;rfidEGNSMV;RFID tag read at empty truck weighing
check_abnorm_tr37_Pcp81;rfidUSNSHC;RFID tag read at empty truck weighing
weigh_empty_tr32_Pcp287;WS05;Weight sensor for empty truck weighing
determine_continu_tr4_Pcp287_Silo7;Temp7;Temperature sensor for determining the pickup continuation
determine_continu_tr4_Pcp287_Silo7;Humd7;Humidity sensor for determining the pickup continuation
determine_continu_tr4_Pcp287_Silo7;GrainTemp19;1st grain temperature sensor for determining the pickup continuation
determine_continu_tr4_Pcp287_Silo7;GrainTemp20;2nd grain temperature sensor for determining the pickup continuation
determine_continu_tr4_Pcp287_Silo7;GrainTemp21;3rd grain temperature sensor for determining the pickup continuation
determine_continu_tr6_Pcp119_Silo7;Temp7;Temperature sensor for determining the pickup continuation
determine_continu_tr6_Pcp119_Silo7;Humd7;Humidity sensor for determining the pickup continuation
determine_continu_tr6_Pcp119_Silo7;GrainTemp19;1st grain temperature sensor for determining the pickup continuation
determine_continu_tr6_Pcp119_Silo7;GrainTemp20;2nd grain temperature sensor for determining the pickup continuation
determine_continu_tr6_Pcp119_Silo7;GrainTemp21;3rd grain temperature sensor for determining the pickup continuation
determine_continu_tr46_Pcp190_Silo11;Temp11;Temperature sensor for determining the pickup continuation
determine_continu_tr46_Pcp190_Silo11;Humd11;Humidity sensor for determining the pickup continuation
determine_continu_tr46_Pcp190_Silo11;GrainTemp31;1st grain temperature sensor for determining the pickup continuation
determine_continu_tr46_Pcp190_Silo11;GrainTemp32;2nd grain temperature sensor for determining the pickup continuation
determine_continu_tr46_Pcp190_Silo11;GrainTemp33;3rd grain temperature sensor for determining the pickup continuation
weigh_empty_tr16_Pcp440;WS06;Weight sensor for empty truck weighing
check_abnorm_tr32_Pcp287;rfidQCYTDW;RFID tag read at empty truck weighing
check_abnorm_tr16_Pcp440;rfidIICVAH;RFID tag read at empty truck weighing
determine_continu_tr31_Pcp105_Silo7;Temp7;Temperature sensor for determining the pickup continuation
determine_continu_tr31_Pcp105_Silo7;Humd7;Humidity sensor for determining the pickup continuation
determine_continu_tr31_Pcp105_Silo7;GrainTemp19;1st grain temperature sensor for determining the pickup continuation
determine_continu_tr31_Pcp105_Silo7;GrainTemp20;2nd grain temperature sensor for determining the pickup continuation
determine_continu_tr31_Pcp105_Silo7;GrainTemp21;3rd grain temperature sensor for determining the pickup continuation
weigh_empty_tr7_Pcp258;WS03;Weight sensor for empty truck weighing
determine_continu_tr29_Pcp69_Silo11;Temp11;Temperature sensor for determining the pickup continuation
determine_continu_tr29_Pcp69_Silo11;Humd11;Humidity sensor for determining the pickup continuation
determine_continu_tr29_Pcp69_Silo11;GrainTemp31;1st grain temperature sensor for determining the pickup continuation
determine_continu_tr29_Pcp69_Silo11;GrainTemp32;2nd grain temperature sensor for determining the pickup continuation
determine_continu_tr29_Pcp69_Silo11;GrainTemp33;3rd grain temperature sensor for determining the pickup continuation
determine_continu_tr30_Pcp128_Silo7;Temp7;Temperature sensor for determining the pickup continuation
determine_continu_tr30_Pcp128_Silo7;Humd7;Humidity sensor for determining the pickup continuation
determine_continu_tr30_Pcp128_Silo7;GrainTemp19;1st grain temperature sensor for determining the pickup continuation
determine_continu_tr30_Pcp128_Silo7;GrainTemp20;2nd grain temperature sensor for determining the pickup continuation
determine_continu_tr30_Pcp128_Silo7;GrainTemp21;3rd grain temperature sensor for determining the pickup continuation
check_abnorm_tr7_Pcp258;rfidXNPCXE;RFID tag read at empty truck weighing
determine_continu_tr23_Pcp468_Silo11;Temp11;Temperature sensor for determining the pickup continuation
determine_continu_tr23_Pcp468_Silo11;Humd11;Humidity sensor for determining the pickup continuation
determine_continu_tr23_Pcp468_Silo11;GrainTemp31;1st grain temperature sensor for determining the pickup continuation
determine_continu_tr23_Pcp468_Silo11;GrainTemp32;2nd grain temperature sensor for determining the pickup continuation
determine_continu_tr23_Pcp468_Silo11;GrainTemp33;3rd grain temperature sensor for determining the pickup continuation
enter_tr20_Pcp82;rfidXPDNSC;RFID tag read at entrance
weigh_empty_tr49_Pcp258;WS05;Weight sensor for empty truck weighing
weigh_empty_tr19_Pcp119;WS18;Weight sensor for empty truck weighing
check_abnorm_tr49_Pcp258;rfidNJSWIM;RFID tag read at empty truck weighing
check_abnorm_tr19_Pcp119;rfidRCKRLL;RFID tag read at empty truck weighing
weigh_empty_tr1_Pcp404;WS07;Weight sensor for empty truck weighing
check_abnorm_tr1_Pcp404;rfidBKTRLP;RFID tag read at empty truck weighing
determine_continu_tr7_Pcp258_Silo7;Temp7;Temperature sensor for determining the pickup continuation
determine_continu_tr7_Pcp258_Silo7;Humd7;Humidity sensor for determining the pickup continuation
determine_continu_tr7_Pcp258_Silo7;GrainTemp19;1st grain temperature sensor for determining the pickup continuation
determine_continu_tr7_Pcp258_Silo7;GrainTemp20;2nd grain temperature sensor for determining the pickup continuation
determine_continu_tr7_Pcp258_Silo7;GrainTemp21;3rd grain temperature sensor for determining the pickup continuation
weigh_empty_tr17_Pcp81;WS19;Weight sensor for empty truck weighing
weigh_empty_tr14_Pcp404;WS08;Weight sensor for empty truck weighing
weigh_loaded_tr33_Pcp146;WS01;Weight sensor for loaded truck weighing
weigh_empty_tr24_Pcp82;WS18;Weight sensor for empty truck weighing
weigh_empty_tr42_Pcp440;WS04;Weight sensor for empty truck weighing
determine_continu_tr32_Pcp287_Silo7;Temp7;Temperature sensor for determining the pickup continuation
determine_continu_tr32_Pcp287_Silo7;Humd7;Humidity sensor for determining the pickup continuation
determine_continu_tr32_Pcp287_Silo7;GrainTemp19;1st grain temperature sensor for determining the pickup continuation
determine_continu_tr32_Pcp287_Silo7;GrainTemp20;2nd grain temperature sensor for determining the pickup continuation
determine_continu_tr32_Pcp287_Silo7;GrainTemp21;3rd grain temperature sensor for determining the pickup continuation
determine_continu_tr15_Pcp234_Silo11;Temp11;Temperature sensor for determining the pickup continuation
determine_continu_tr15_Pcp234_Silo11;Humd11;Humidity sensor for determining the pickup continuation
determine_continu_tr15_Pcp234_Silo11;GrainTemp31;1st grain temperature sensor for determining the pickup continuation
determine_continu_tr15_Pcp234_Silo11;GrainTemp32;2nd grain temperature sensor for determining the pickup continuation
determine_continu_tr15_Pcp234_Silo11;GrainTemp33;3rd grain temperature sensor for determining the pickup continuation
check_abnorm_tr42_Pcp440;rfidLEEHFK;RFID tag read at empty truck weighing
check_abnorm_tr14_Pcp404;rfidYREIDQ;RFID tag read at empty truck weighing
check_abnorm_tr24_Pcp82;rfidPCMKUV;RFID tag read at empty truck weighing
determine_continu_tr27_Pcp190_Silo11;Temp11;Temperature sensor for determining the pickup continuation
determine_continu_tr27_Pcp190_Silo11;Humd11;Humidity sensor for determining the pickup continuation
determine_continu_tr27_Pcp190_Silo11;GrainTemp31;1st grain temperature sensor for determining the pickup continuation
determine_continu_tr27_Pcp190_Silo11;GrainTemp32;2nd grain temperature sensor for determining the pickup continuation
determine_continu_tr27_Pcp190_Silo11;GrainTemp33;3rd grain temperature sensor for determining the pickup continuation
check_abnorm_tr17_Pcp81;rfidVYEBVG;RFID tag read at empty truck weighing
determine_continu_tr25_Pcp110_Silo7;Temp7;Temperature sensor for determining the pickup continuation
determine_continu_tr25_Pcp110_Silo7;Humd7;Humidity sensor for determining the pickup continuation
determine_continu_tr25_Pcp110_Silo7;GrainTemp19;1st grain temperature sensor for determining the pickup continuation
determine_continu_tr25_Pcp110_Silo7;GrainTemp20;2nd grain temperature sensor for determining the pickup continuation
determine_continu_tr25_Pcp110_Silo7;GrainTemp21;3rd grain temperature sensor for determining the pickup continuation
determine_continu_tr40_Pcp245_Silo11;Temp11;Temperature sensor for determining the pickup continuation
determine_continu_tr40_Pcp245_Silo11;Humd11;Humidity sensor for determining the pickup continuation
determine_continu_tr40_Pcp245_Silo11;GrainTemp31;1st grain temperature sensor for determining the pickup continuation
determine_continu_tr40_Pcp245_Silo11;GrainTemp32;2nd grain temperature sensor for determining the pickup continuation
determine_continu_tr40_Pcp245_Silo11;GrainTemp33;3rd grain temperature sensor for determining the pickup continuation
determine_continu_tr49_Pcp258_Silo7;Temp7;Temperature sensor for determining the pickup continuation
determine_continu_tr49_Pcp258_Silo7;Humd7;Humidity sensor for determining the pickup continuation
determine_continu_tr49_Pcp258_Silo7;GrainTemp19;1st grain temperature sensor for determining the pickup continuation
determine_continu_tr49_Pcp258_Silo7;GrainTemp20;2nd grain temperature sensor for determining the pickup continuation
determine_continu_tr49_Pcp258_Silo7;GrainTemp21;3rd grain temperature sensor for determining the pickup continuation
weigh_loaded_tr4_Pcp287;WS20;Weight sensor for loaded truck weighing
determine_continu_tr42_Pcp440_Silo7;Temp7;Temperature sensor for determining the pickup continuation
determine_continu_tr42_Pcp440_Silo7;Humd7;Humidity sensor for determining the pickup continuation
determine_continu_tr42_Pcp440_Silo7;GrainTemp19;1st grain temperature sensor for determining the pickup continuation
determine_continu_tr42_Pcp440_Silo7;GrainTemp20;2nd grain temperature sensor for determining the pickup continuation
determine_continu_tr42_Pcp440_Silo7;GrainTemp21;3rd grain temperature sensor for determining the pickup continuation
determine_continu_tr24_Pcp82_Silo7;Temp7;Temperature sensor for determining the pickup continuation
determine_continu_tr24_Pcp82_Silo7;Humd7;Humidity sensor for determining the pickup continuation
determine_continu_tr24_Pcp82_Silo7;GrainTemp19;1st grain temperature sensor for determining the pickup continuation
determine_continu_tr24_Pcp82_Silo7;GrainTemp20;2nd grain temperature sensor for determining the pickup continuation
determine_continu_tr24_Pcp82_Silo7;GrainTemp21;3rd grain temperature sensor for determining the pickup continuation
determine_continu_tr18_Pcp110_Silo7;Temp7;Temperature sensor for determining the pickup continuation
determine_continu_tr18_Pcp110_Silo7;Humd7;Humidity sensor for determining the pickup continuation
determine_continu_tr18_Pcp110_Silo7;GrainTemp19;1st grain temperature sensor for determining the pickup continuation
determine_continu_tr18_Pcp110_Silo7;GrainTemp20;2nd grain temperature sensor for determining the pickup continuation
determine_continu_tr18_Pcp110_Silo7;GrainTemp21;3rd grain temperature sensor for determining the pickup continuation
weigh_loaded_tr5_Pcp245;WS04;Weight sensor for loaded truck weighing
weigh_empty_tr28_Pcp105;WS14;Weight sensor for empty truck weighing
determine_continu_tr16_Pcp440_Silo7;Temp7;Temperature sensor for determining the pickup continuation
determine_continu_tr16_Pcp440_Silo7;Humd7;Humidity sensor for determining the pickup continuation
determine_continu_tr16_Pcp440_Silo7;GrainTemp19;1st grain temperature sensor for determining the pickup continuation
determine_continu_tr16_Pcp440_Silo7;GrainTemp20;2nd grain temperature sensor for determining the pickup continuation
determine_continu_tr16_Pcp440_Silo7;GrainTemp21;3rd grain temperature sensor for determining the pickup continuation
determine_continu_tr19_Pcp119_Silo7;Temp7;Temperature sensor for determining the pickup continuation
determine_continu_tr19_Pcp119_Silo7;Humd7;Humidity sensor for determining the pickup continuation
determine_continu_tr19_Pcp119_Silo7;GrainTemp19;1st grain temperature sensor for determining the pickup continuation
determine_continu_tr19_Pcp119_Silo7;GrainTemp20;2nd grain temperature sensor for determining the pickup continuation
determine_continu_tr19_Pcp119_Silo7;GrainTemp21;3rd grain temperature sensor for determining the pickup continuation
determine_continu_tr37_Pcp81_Silo7;Temp7;Temperature sensor for determining the pickup continuation
determine_continu_tr37_Pcp81_Silo7;Humd7;Humidity sensor for determining the pickup continuation
determine_continu_tr37_Pcp81_Silo7;GrainTemp19;1st grain temperature sensor for determining the pickup continuation
determine_continu_tr37_Pcp81_Silo7;GrainTemp20;2nd grain temperature sensor for determining the pickup continuation
determine_continu_tr37_Pcp81_Silo7;GrainTemp21;3rd grain temperature sensor for determining the pickup continuation
determine_continu_tr1_Pcp404_Silo7;Temp7;Temperature sensor for determining the pickup continuation
determine_continu_tr1_Pcp404_Silo7;Humd7;Humidity sensor for determining the pickup continuation
determine_continu_tr1_Pcp404_Silo7;GrainTemp19;1st grain temperature sensor for determining the pickup continuation
determine_continu_tr1_Pcp404_Silo7;GrainTemp20;2nd grain temperature sensor for determining the pickup continuation
determine_continu_tr1_Pcp404_Silo7;GrainTemp21;3rd grain temperature sensor for determining the pickup continuation
weigh_empty_tr20_Pcp82;WS20;Weight sensor for empty truck weighing
check_abnorm_tr28_Pcp105;rfidUOOSAQ;RFID tag read at empty truck weighing
determine_continu_tr14_Pcp404_Silo7;Temp7;Temperature sensor for determining the pickup continuation
determine_continu_tr14_Pcp404_Silo7;Humd7;Humidity sensor for determining the pickup continuation
determine_continu_tr14_Pcp404_Silo7;GrainTemp19;1st grain temperature sensor for determining the pickup continuation
determine_continu_tr14_Pcp404_Silo7;GrainTemp20;2nd grain temperature sensor for determining the pickup continuation
determine_continu_tr14_Pcp404_Silo7;GrainTemp21;3rd grain temperature sensor for determining the pickup continuation
check_abnorm_tr20_Pcp82;rfidXPDNSC;RFID tag read at empty truck weighing
weigh_loaded_tr32_Pcp287;WS01;Weight sensor for loaded truck weighing
weigh_loaded_tr40_Pcp245;WS05;Weight sensor for loaded truck weighing
weigh_loaded_tr30_Pcp128;WS13;Weight sensor for loaded truck weighing
weigh_loaded_tr26_Pcp415;WS11;Weight sensor for loaded truck weighing
determine_continu_tr28_Pcp105_Silo7;Temp7;Temperature sensor for determining the pickup continuation
determine_continu_tr28_Pcp105_Silo7;Humd7;Humidity sensor for determining the pickup continuation
determine_continu_tr28_Pcp105_Silo7;GrainTemp19;1st grain temperature sensor for determining the pickup continuation
determine_continu_tr28_Pcp105_Silo7;GrainTemp20;2nd grain temperature sensor for determining the pickup continuation
determine_continu_tr28_Pcp105_Silo7;GrainTemp21;3rd grain temperature sensor for determining the pickup continuation
weigh_loaded_tr23_Pcp468;WS07;Weight sensor for loaded truck weighing
determine_continu_tr17_Pcp81_Silo7;Temp7;Temperature sensor for determining the pickup continuation
determine_continu_tr17_Pcp81_Silo7;Humd7;Humidity sensor for determining the pickup continuation
determine_continu_tr17_Pcp81_Silo7;GrainTemp19;1st grain temperature sensor for determining the pickup continuation
determine_continu_tr17_Pcp81_Silo7;GrainTemp20;2nd grain temperature sensor for determining the pickup continuation
determine_continu_tr17_Pcp81_Silo7;GrainTemp21;3rd grain temperature sensor for determining the pickup continuation
weigh_loaded_tr6_Pcp119;WS02;Weight sensor for loaded truck weighing
weigh_loaded_tr19_Pcp119;WS04;Weight sensor for loaded truck weighing
weigh_loaded_tr37_Pcp81;WS06;Weight sensor for loaded truck weighing
weigh_loaded_tr38_Pcp69;WS18;Weight sensor for loaded truck weighing
weigh_loaded_tr15_Pcp234;WS18;Weight sensor for loaded truck weighing
weigh_loaded_tr39_Pcp169;WS19;Weight sensor for loaded truck weighing
weigh_loaded_tr49_Pcp258;WS19;Weight sensor for loaded truck weighing
weigh_loaded_tr28_Pcp105;WS13;Weight sensor for loaded truck weighing
determine_continu_tr20_Pcp82_Silo7;Temp7;Temperature sensor for determining the pickup continuation
determine_continu_tr20_Pcp82_Silo7;Humd7;Humidity sensor for determining the pickup continuation
determine_continu_tr20_Pcp82_Silo7;GrainTemp19;1st grain temperature sensor for determining the pickup continuation
determine_continu_tr20_Pcp82_Silo7;GrainTemp20;2nd grain temperature sensor for determining the pickup continuation
determine_continu_tr20_Pcp82_Silo7;GrainTemp21;3rd grain temperature sensor for determining the pickup continuation
weigh_loaded_tr8_Pcp234;WS14;Weight sensor for loaded truck weighing
weigh_loaded_tr16_Pcp440;WS16;Weight sensor for loaded truck weighing
weigh_loaded_tr29_Pcp69;WS04;Weight sensor for loaded truck weighing
weigh_loaded_tr7_Pcp258;WS16;Weight sensor for loaded truck weighing
weigh_loaded_tr20_Pcp82;WS06;Weight sensor for loaded truck weighing
weigh_loaded_tr25_Pcp110;WS14;Weight sensor for loaded truck weighing
weigh_loaded_tr9_Pcp415;WS08;Weight sensor for loaded truck weighing
weigh_loaded_tr24_Pcp82;WS05;Weight sensor for loaded truck weighing
weigh_loaded_tr46_Pcp190;WS13;Weight sensor for loaded truck weighing
weigh_loaded_tr27_Pcp190;WS13;Weight sensor for loaded truck weighing
weigh_loaded_tr17_Pcp81;WS14;Weight sensor for loaded truck weighing
weigh_loaded_tr31_Pcp105;WS10;Weight sensor for loaded truck weighing
weigh_loaded_tr45_Pcp146;WS09;Weight sensor for loaded truck weighing
weigh_loaded_tr18_Pcp110;WS06;Weight sensor for loaded truck weighing
weigh_loaded_tr14_Pcp404;WS12;Weight sensor for loaded truck weighing
weigh_loaded_tr42_Pcp440;WS20;Weight sensor for loaded truck weighing
weigh_loaded_tr1_Pcp404;WS13;Weight sensor for loaded truck weighing
enter_tr47_Pcp438;rfidJGLUGP;RFID tag read at entrance
enter_tr34_Pcp121;rfidFMSUBE;RFID tag read at entrance
enter_tr48_Pcp121;rfidNSELSE;RFID tag read at entrance
enter_tr2_Pcp14;rfidSQKJGH;RFID tag read at entrance
weigh_empty_tr47_Pcp438;WS14;Weight sensor for empty truck weighing
check_abnorm_tr47_Pcp438;rfidJGLUGP;RFID tag read at empty truck weighing
enter_tr50_Pcp459;rfidXXIVNB;RFID tag read at entrance
weigh_empty_tr48_Pcp121;WS14;Weight sensor for empty truck weighing
enter_tr12_Pcp432;rfidVYYKGK;RFID tag read at entrance
check_abnorm_tr48_Pcp121;rfidNSELSE;RFID tag read at empty truck weighing
enter_tr13_Pcp438;rfidGTHHGD;RFID tag read at entrance
determine_continu_tr47_Pcp438_Silo8;Temp8;Temperature sensor for determining the pickup continuation
determine_continu_tr47_Pcp438_Silo8;Humd8;Humidity sensor for determining the pickup continuation
determine_continu_tr47_Pcp438_Silo8;GrainTemp22;1st grain temperature sensor for determining the pickup continuation
determine_continu_tr47_Pcp438_Silo8;GrainTemp23;2nd grain temperature sensor for determining the pickup continuation
determine_continu_tr47_Pcp438_Silo8;GrainTemp24;3rd grain temperature sensor for determining the pickup continuation
weigh_empty_tr34_Pcp121;WS17;Weight sensor for empty truck weighing
enter_tr22_Pcp14;rfidENJOLW;RFID tag read at entrance
check_abnorm_tr34_Pcp121;rfidFMSUBE;RFID tag read at empty truck weighing
determine_continu_tr48_Pcp121_Silo8;Temp8;Temperature sensor for determining the pickup continuation
determine_continu_tr48_Pcp121_Silo8;Humd8;Humidity sensor for determining the pickup continuation
determine_continu_tr48_Pcp121_Silo8;GrainTemp22;1st grain temperature sensor for determining the pickup continuation
determine_continu_tr48_Pcp121_Silo8;GrainTemp23;2nd grain temperature sensor for determining the pickup continuation
determine_continu_tr48_Pcp121_Silo8;GrainTemp24;3rd grain temperature sensor for determining the pickup continuation
enter_tr41_Pcp459;rfidXWLCID;RFID tag read at entrance
weigh_empty_tr13_Pcp438;WS10;Weight sensor for empty truck weighing
check_abnorm_tr13_Pcp438;rfidGTHHGD;RFID tag read at empty truck weighing
enter_tr36_Pcp432;rfidHYTHBN;RFID tag read at entrance
weigh_empty_tr50_Pcp459;WS12;Weight sensor for empty truck weighing
enter_tr3_Pcp219;rfidDRCUXI;RFID tag read at entrance
check_abnorm_tr50_Pcp459;rfidXXIVNB;RFID tag read at empty truck weighing
weigh_empty_tr2_Pcp14;WS03;Weight sensor for empty truck weighing
check_abnorm_tr2_Pcp14;rfidSQKJGH;RFID tag read at empty truck weighing
determine_continu_tr34_Pcp121_Silo8;Temp8;Temperature sensor for determining the pickup continuation
determine_continu_tr34_Pcp121_Silo8;Humd8;Humidity sensor for determining the pickup continuation
determine_continu_tr34_Pcp121_Silo8;GrainTemp22;1st grain temperature sensor for determining the pickup continuation
determine_continu_tr34_Pcp121_Silo8;GrainTemp23;2nd grain temperature sensor for determining the pickup continuation
determine_continu_tr34_Pcp121_Silo8;GrainTemp24;3rd grain temperature sensor for determining the pickup continuation
weigh_empty_tr41_Pcp459;WS15;Weight sensor for empty truck weighing
determine_continu_tr50_Pcp459_Silo8;Temp8;Temperature sensor for determining the pickup continuation
determine_continu_tr50_Pcp459_Silo8;Humd8;Humidity sensor for determining the pickup continuation
determine_continu_tr50_Pcp459_Silo8;GrainTemp22;1st grain temperature sensor for determining the pickup continuation
determine_continu_tr50_Pcp459_Silo8;GrainTemp23;2nd grain temperature sensor for determining the pickup continuation
determine_continu_tr50_Pcp459_Silo8;GrainTemp24;3rd grain temperature sensor for determining the pickup continuation
weigh_empty_tr12_Pcp432;WS13;Weight sensor for empty truck weighing
check_abnorm_tr41_Pcp459;rfidXWLCID;RFID tag read at empty truck weighing
check_abnorm_tr12_Pcp432;rfidVYYKGK;RFID tag read at empty truck weighing
weigh_empty_tr22_Pcp14;WS08;Weight sensor for empty truck weighing
weigh_empty_tr36_Pcp432;WS12;Weight sensor for empty truck weighing
determine_continu_tr2_Pcp14_Silo8;Temp8;Temperature sensor for determining the pickup continuation
determine_continu_tr2_Pcp14_Silo8;Humd8;Humidity sensor for determining the pickup continuation
determine_continu_tr2_Pcp14_Silo8;GrainTemp22;1st grain temperature sensor for determining the pickup continuation
determine_continu_tr2_Pcp14_Silo8;GrainTemp23;2nd grain temperature sensor for determining the pickup continuation
determine_continu_tr2_Pcp14_Silo8;GrainTemp24;3rd grain temperature sensor for determining the pickup continuation
check_abnorm_tr22_Pcp14;rfidENJOLW;RFID tag read at empty truck weighing
check_abnorm_tr36_Pcp432;rfidHYTHBN;RFID tag read at empty truck weighing
weigh_empty_tr3_Pcp219;WS06;Weight sensor for empty truck weighing
check_abnorm_tr3_Pcp219;rfidDRCUXI;RFID tag read at empty truck weighing
determine_continu_tr41_Pcp459_Silo8;Temp8;Temperature sensor for determining the pickup continuation
determine_continu_tr41_Pcp459_Silo8;Humd8;Humidity sensor for determining the pickup continuation
determine_continu_tr41_Pcp459_Silo8;GrainTemp22;1st grain temperature sensor for determining the pickup continuation
determine_continu_tr41_Pcp459_Silo8;GrainTemp23;2nd grain temperature sensor for determining the pickup continuation
determine_continu_tr41_Pcp459_Silo8;GrainTemp24;3rd grain temperature sensor for determining the pickup continuation
determine_continu_tr13_Pcp438_Silo8;Temp8;Temperature sensor for determining the pickup continuation
determine_continu_tr13_Pcp438_Silo8;Humd8;Humidity sensor for determining the pickup continuation
determine_continu_tr13_Pcp438_Silo8;GrainTemp22;1st grain temperature sensor for determining the pickup continuation
determine_continu_tr13_Pcp438_Silo8;GrainTemp23;2nd grain temperature sensor for determining the pickup continuation
determine_continu_tr13_Pcp438_Silo8;GrainTemp24;3rd grain temperature sensor for determining the pickup continuation
determine_continu_tr36_Pcp432_Silo8;Temp8;Temperature sensor for determining the pickup continuation
determine_continu_tr36_Pcp432_Silo8;Humd8;Humidity sensor for determining the pickup continuation
determine_continu_tr36_Pcp432_Silo8;GrainTemp22;1st grain temperature sensor for determining the pickup continuation
determine_continu_tr36_Pcp432_Silo8;GrainTemp23;2nd grain temperature sensor for determining the pickup continuation
determine_continu_tr36_Pcp432_Silo8;GrainTemp24;3rd grain temperature sensor for determining the pickup continuation
determine_continu_tr3_Pcp219_Silo8;Temp8;Temperature sensor for determining the pickup continuation
determine_continu_tr3_Pcp219_Silo8;Humd8;Humidity sensor for determining the pickup continuation
determine_continu_tr3_Pcp219_Silo8;GrainTemp22;1st grain temperature sensor for determining the pickup continuation
determine_continu_tr3_Pcp219_Silo8;GrainTemp23;2nd grain temperature sensor for determining the pickup continuation
determine_continu_tr3_Pcp219_Silo8;GrainTemp24;3rd grain temperature sensor for determining the pickup continuation
determine_continu_tr12_Pcp432_Silo8;Temp8;Temperature sensor for determining the pickup continuation
determine_continu_tr12_Pcp432_Silo8;Humd8;Humidity sensor for determining the pickup continuation
determine_continu_tr12_Pcp432_Silo8;GrainTemp22;1st grain temperature sensor for determining the pickup continuation
determine_continu_tr12_Pcp432_Silo8;GrainTemp23;2nd grain temperature sensor for determining the pickup continuation
determine_continu_tr12_Pcp432_Silo8;GrainTemp24;3rd grain temperature sensor for determining the pickup continuation
weigh_loaded_tr13_Pcp438;WS01;Weight sensor for loaded truck weighing
determine_continu_tr22_Pcp14_Silo8;Temp8;Temperature sensor for determining the pickup continuation
determine_continu_tr22_Pcp14_Silo8;Humd8;Humidity sensor for determining the pickup continuation
determine_continu_tr22_Pcp14_Silo8;GrainTemp22;1st grain temperature sensor for determining the pickup continuation
determine_continu_tr22_Pcp14_Silo8;GrainTemp23;2nd grain temperature sensor for determining the pickup continuation
determine_continu_tr22_Pcp14_Silo8;GrainTemp24;3rd grain temperature sensor for determining the pickup continuation
weigh_loaded_tr12_Pcp432;WS16;Weight sensor for loaded truck weighing
weigh_loaded_tr41_Pcp459;WS12;Weight sensor for loaded truck weighing
weigh_loaded_tr34_Pcp121;WS15;Weight sensor for loaded truck weighing
weigh_loaded_tr48_Pcp121;WS05;Weight sensor for loaded truck weighing
weigh_loaded_tr50_Pcp459;WS20;Weight sensor for loaded truck weighing
weigh_loaded_tr2_Pcp14;WS18;Weight sensor for loaded truck weighing
weigh_loaded_tr3_Pcp219;WS11;Weight sensor for loaded truck weighing
weigh_loaded_tr36_Pcp432;WS09;Weight sensor for loaded truck weighing
weigh_loaded_tr22_Pcp14;WS02;Weight sensor for loaded truck weighing
weigh_loaded_tr47_Pcp438;WS07;Weight sensor for loaded truck weighing
enter_tr10_Pcp271;rfidOOVDPE;RFID tag read at entrance
weigh_empty_tr10_Pcp271;WS20;Weight sensor for empty truck weighing
check_abnorm_tr10_Pcp271;rfidOOVDPE;RFID tag read at empty truck weighing
enter_tr43_Pcp99;rfidGETQDY;RFID tag read at entrance
enter_tr35_Pcp434;rfidPODCVH;RFID tag read at entrance
determine_continu_tr10_Pcp271_Silo17;Temp17;Temperature sensor for determining the pickup continuation
determine_continu_tr10_Pcp271_Silo17;Humd17;Humidity sensor for determining the pickup continuation
determine_continu_tr10_Pcp271_Silo17;GrainTemp49;1st grain temperature sensor for determining the pickup continuation
determine_continu_tr10_Pcp271_Silo17;GrainTemp50;2nd grain temperature sensor for determining the pickup continuation
determine_continu_tr10_Pcp271_Silo17;GrainTemp51;3rd grain temperature sensor for determining the pickup continuation
weigh_empty_tr43_Pcp99;WS02;Weight sensor for empty truck weighing
check_abnorm_tr43_Pcp99;rfidGETQDY;RFID tag read at empty truck weighing
enter_tr11_Pcp99;rfidSCPJCE;RFID tag read at entrance
weigh_loaded_tr10_Pcp271;WS01;Weight sensor for loaded truck weighing
weigh_empty_tr35_Pcp434;WS20;Weight sensor for empty truck weighing
enter_tr21_Pcp421;rfidTLWXGZ;RFID tag read at entrance
enter_tr44_Pcp223;rfidJRRVME;RFID tag read at entrance
determine_continu_tr43_Pcp99_Silo15;Temp15;Temperature sensor for determining the pickup continuation
determine_continu_tr43_Pcp99_Silo15;Humd15;Humidity sensor for determining the pickup continuation
determine_continu_tr43_Pcp99_Silo15;GrainTemp43;1st grain temperature sensor for determining the pickup continuation
determine_continu_tr43_Pcp99_Silo15;GrainTemp44;2nd grain temperature sensor for determining the pickup continuation
determine_continu_tr43_Pcp99_Silo15;GrainTemp45;3rd grain temperature sensor for determining the pickup continuation
check_abnorm_tr35_Pcp434;rfidPODCVH;RFID tag read at empty truck weighing
determine_continu_tr35_Pcp434_Silo17;Temp17;Temperature sensor for determining the pickup continuation
determine_continu_tr35_Pcp434_Silo17;Humd17;Humidity sensor for determining the pickup continuation
determine_continu_tr35_Pcp434_Silo17;GrainTemp49;1st grain temperature sensor for determining the pickup continuation
determine_continu_tr35_Pcp434_Silo17;GrainTemp50;2nd grain temperature sensor for determining the pickup continuation
determine_continu_tr35_Pcp434_Silo17;GrainTemp51;3rd grain temperature sensor for determining the pickup continuation
weigh_empty_tr21_Pcp421;WS13;Weight sensor for empty truck weighing
weigh_empty_tr44_Pcp223;WS16;Weight sensor for empty truck weighing
check_abnorm_tr21_Pcp421;rfidTLWXGZ;RFID tag read at empty truck weighing
check_abnorm_tr44_Pcp223;rfidJRRVME;RFID tag read at empty truck weighing
determine_continu_tr44_Pcp223_Silo4;Temp4;Temperature sensor for determining the pickup continuation
determine_continu_tr44_Pcp223_Silo4;Humd4;Humidity sensor for determining the pickup continuation
determine_continu_tr44_Pcp223_Silo4;GrainTemp10;1st grain temperature sensor for determining the pickup continuation
determine_continu_tr44_Pcp223_Silo4;GrainTemp11;2nd grain temperature sensor for determining the pickup continuation
determine_continu_tr44_Pcp223_Silo4;GrainTemp12;3rd grain temperature sensor for determining the pickup continuation
determine_continu_tr21_Pcp421_Silo17;Temp17;Temperature sensor for determining the pickup continuation
determine_continu_tr21_Pcp421_Silo17;Humd17;Humidity sensor for determining the pickup continuation
determine_continu_tr21_Pcp421_Silo17;GrainTemp49;1st grain temperature sensor for determining the pickup continuation
determine_continu_tr21_Pcp421_Silo17;GrainTemp50;2nd grain temperature sensor for determining the pickup continuation
determine_continu_tr21_Pcp421_Silo17;GrainTemp51;3rd grain temperature sensor for determining the pickup continuation
weigh_empty_tr11_Pcp99;WS14;Weight sensor for empty truck weighing
check_abnorm_tr11_Pcp99;rfidSCPJCE;RFID tag read at empty truck weighing
enter_tr33_Pcp354;rfidMVJRXE;RFID tag read at entrance
enter_tr4_Pcp219;rfidTGNSNI;RFID tag read at entrance
enter_tr32_Pcp487;rfidQCYTDW;RFID tag read at entrance
enter_tr5_Pcp194;rfidSVWFVZ;RFID tag read at entrance
determine_continu_tr11_Pcp99_Silo15;Temp15;Temperature sensor for determining the pickup continuation
determine_continu_tr11_Pcp99_Silo15;Humd15;Humidity sensor for determining the pickup continuation
determine_continu_tr11_Pcp99_Silo15;GrainTemp43;1st grain temperature sensor for determining the pickup continuation
determine_continu_tr11_Pcp99_Silo15;GrainTemp44;2nd grain temperature sensor for determining the pickup continuation
determine_continu_tr11_Pcp99_Silo15;GrainTemp45;3rd grain temperature sensor for determining the pickup continuation
enter_tr40_Pcp482;rfidZEKWJR;RFID tag read at entrance
weigh_empty_tr4_Pcp219;WS05;Weight sensor for empty truck weighing
check_abnorm_tr4_Pcp219;rfidTGNSNI;RFID tag read at empty truck weighing
enter_tr30_Pcp497;rfidCBMLGM;RFID tag read at entrance
enter_tr6_Pcp363;rfidQSKZVB;RFID tag read at entrance
weigh_empty_tr5_Pcp194;WS09;Weight sensor for empty truck weighing
check_abnorm_tr5_Pcp194;rfidSVWFVZ;RFID tag read at empty truck weighing
determine_continu_tr4_Pcp219_Silo8;Temp8;Temperature sensor for determining the pickup continuation
determine_continu_tr4_Pcp219_Silo8;Humd8;Humidity sensor for determining the pickup continuation
determine_continu_tr4_Pcp219_Silo8;GrainTemp22;1st grain temperature sensor for determining the pickup continuation
determine_continu_tr4_Pcp219_Silo8;GrainTemp23;2nd grain temperature sensor for determining the pickup continuation
determine_continu_tr4_Pcp219_Silo8;GrainTemp24;3rd grain temperature sensor for determining the pickup continuation
enter_tr26_Pcp209;rfidNQRMLR;RFID tag read at entrance
enter_tr23_Pcp434;rfidKGKHYU;RFID tag read at entrance
enter_tr15_Pcp208;rfidIDWLCS;RFID tag read at entrance
weigh_empty_tr30_Pcp497;WS06;Weight sensor for empty truck weighing
check_abnorm_tr30_Pcp497;rfidCBMLGM;RFID tag read at empty truck weighing
determine_continu_tr5_Pcp194_Silo17;Temp17;Temperature sensor for determining the pickup continuation
determine_continu_tr5_Pcp194_Silo17;Humd17;Humidity sensor for determining the pickup continuation
determine_continu_tr5_Pcp194_Silo17;GrainTemp49;1st grain temperature sensor for determining the pickup continuation
determine_continu_tr5_Pcp194_Silo17;GrainTemp50;2nd grain temperature sensor for determining the pickup continuation
determine_continu_tr5_Pcp194_Silo17;GrainTemp51;3rd grain temperature sensor for determining the pickup continuation
weigh_empty_tr33_Pcp354;WS03;Weight sensor for empty truck weighing
weigh_empty_tr32_Pcp487;WS12;Weight sensor for empty truck weighing
enter_tr37_Pcp38;rfidUSNSHC;RFID tag read at entrance
check_abnorm_tr33_Pcp354;rfidMVJRXE;RFID tag read at empty truck weighing
check_abnorm_tr32_Pcp487;rfidQCYTDW;RFID tag read at empty truck weighing
weigh_empty_tr23_Pcp434;WS08;Weight sensor for empty truck weighing
enter_tr19_Pcp354;rfidRCKRLL;RFID tag read at entrance
weigh_empty_tr6_Pcp363;WS05;Weight sensor for empty truck weighing
check_abnorm_tr6_Pcp363;rfidQSKZVB;RFID tag read at empty truck weighing
check_abnorm_tr23_Pcp434;rfidKGKHYU;RFID tag read at empty truck weighing
weigh_empty_tr26_Pcp209;WS09;Weight sensor for empty truck weighing
enter_tr49_Pcp213;rfidNJSWIM;RFID tag read at entrance
weigh_empty_tr40_Pcp482;WS01;Weight sensor for empty truck weighing
determine_continu_tr32_Pcp487_Silo5;Temp5;Temperature sensor for determining the pickup continuation
determine_continu_tr32_Pcp487_Silo5;Humd5;Humidity sensor for determining the pickup continuation
determine_continu_tr32_Pcp487_Silo5;GrainTemp13;1st grain temperature sensor for determining the pickup continuation
determine_continu_tr32_Pcp487_Silo5;GrainTemp14;2nd grain temperature sensor for determining the pickup continuation
determine_continu_tr32_Pcp487_Silo5;GrainTemp15;3rd grain temperature sensor for determining the pickup continuation
enter_tr28_Pcp223;rfidUOOSAQ;RFID tag read at entrance
enter_tr38_Pcp421;rfidVIASXP;RFID tag read at entrance
check_abnorm_tr26_Pcp209;rfidNQRMLR;RFID tag read at empty truck weighing
weigh_empty_tr15_Pcp208;WS12;Weight sensor for empty truck weighing
check_abnorm_tr40_Pcp482;rfidZEKWJR;RFID tag read at empty truck weighing
check_abnorm_tr15_Pcp208;rfidIDWLCS;RFID tag read at empty truck weighing
determine_continu_tr30_Pcp497_Silo4;Temp4;Temperature sensor for determining the pickup continuation
determine_continu_tr30_Pcp497_Silo4;Humd4;Humidity sensor for determining the pickup continuation
determine_continu_tr30_Pcp497_Silo4;GrainTemp10;1st grain temperature sensor for determining the pickup continuation
determine_continu_tr30_Pcp497_Silo4;GrainTemp11;2nd grain temperature sensor for determining the pickup continuation
determine_continu_tr30_Pcp497_Silo4;GrainTemp12;3rd grain temperature sensor for determining the pickup continuation
weigh_empty_tr19_Pcp354;WS18;Weight sensor for empty truck weighing
determine_continu_tr26_Pcp209_Silo20;Temp20;Temperature sensor for determining the pickup continuation
determine_continu_tr26_Pcp209_Silo20;Humd20;Humidity sensor for determining the pickup continuation
determine_continu_tr26_Pcp209_Silo20;GrainTemp58;1st grain temperature sensor for determining the pickup continuation
determine_continu_tr26_Pcp209_Silo20;GrainTemp59;2nd grain temperature sensor for determining the pickup continuation
determine_continu_tr26_Pcp209_Silo20;GrainTemp60;3rd grain temperature sensor for determining the pickup continuation
enter_tr39_Pcp248;rfidYGABPB;RFID tag read at entrance
check_abnorm_tr19_Pcp354;rfidRCKRLL;RFID tag read at empty truck weighing
weigh_loaded_tr4_Pcp219;WS17;Weight sensor for loaded truck weighing
weigh_empty_tr49_Pcp213;WS01;Weight sensor for empty truck weighing
weigh_empty_tr37_Pcp38;WS03;Weight sensor for empty truck weighing
check_abnorm_tr49_Pcp213;rfidNJSWIM;RFID tag read at empty truck weighing
determine_continu_tr15_Pcp208_Silo4;Temp4;Temperature sensor for determining the pickup continuation
determine_continu_tr15_Pcp208_Silo4;Humd4;Humidity sensor for determining the pickup continuation
determine_continu_tr15_Pcp208_Silo4;GrainTemp10;1st grain temperature sensor for determining the pickup continuation
determine_continu_tr15_Pcp208_Silo4;GrainTemp11;2nd grain temperature sensor for determining the pickup continuation
determine_continu_tr15_Pcp208_Silo4;GrainTemp12;3rd grain temperature sensor for determining the pickup continuation
weigh_empty_tr28_Pcp223;WS08;Weight sensor for empty truck weighing
determine_continu_tr23_Pcp434_Silo17;Temp17;Temperature sensor for determining the pickup continuation
determine_continu_tr23_Pcp434_Silo17;Humd17;Humidity sensor for determining the pickup continuation
determine_continu_tr23_Pcp434_Silo17;GrainTemp49;1st grain temperature sensor for determining the pickup continuation
determine_continu_tr23_Pcp434_Silo17;GrainTemp50;2nd grain temperature sensor for determining the pickup continuation
determine_continu_tr23_Pcp434_Silo17;GrainTemp51;3rd grain temperature sensor for determining the pickup continuation
check_abnorm_tr28_Pcp223;rfidUOOSAQ;RFID tag read at empty truck weighing
check_abnorm_tr37_Pcp38;rfidUSNSHC;RFID tag read at empty truck weighing
determine_continu_tr6_Pcp363_Silo15;Temp15;Temperature sensor for determining the pickup continuation
determine_continu_tr6_Pcp363_Silo15;Humd15;Humidity sensor for determining the pickup continuation
determine_continu_tr6_Pcp363_Silo15;GrainTemp43;1st grain temperature sensor for determining the pickup continuation
determine_continu_tr6_Pcp363_Silo15;GrainTemp44;2nd grain temperature sensor for determining the pickup continuation
determine_continu_tr6_Pcp363_Silo15;GrainTemp45;3rd grain temperature sensor for determining the pickup continuation
enter_tr8_Pcp73;rfidCEZEBQ;RFID tag read at entrance
determine_continu_tr40_Pcp482_Silo15;Temp15;Temperature sensor for determining the pickup continuation
determine_continu_tr40_Pcp482_Silo15;Humd15;Humidity sensor for determining the pickup continuation
determine_continu_tr40_Pcp482_Silo15;GrainTemp43;1st grain temperature sensor for determining the pickup continuation
determine_continu_tr40_Pcp482_Silo15;GrainTemp44;2nd grain temperature sensor for determining the pickup continuation
determine_continu_tr40_Pcp482_Silo15;GrainTemp45;3rd grain temperature sensor for determining the pickup continuation
determine_continu_tr49_Pcp213_Silo15;Temp15;Temperature sensor for determining the pickup continuation
determine_continu_tr49_Pcp213_Silo15;Humd15;Humidity sensor for determining the pickup continuation
determine_continu_tr49_Pcp213_Silo15;GrainTemp43;1st grain temperature sensor for determining the pickup continuation
determine_continu_tr49_Pcp213_Silo15;GrainTemp44;2nd grain temperature sensor for determining the pickup continuation
determine_continu_tr49_Pcp213_Silo15;GrainTemp45;3rd grain temperature sensor for determining the pickup continuation
determine_continu_tr37_Pcp38_Silo5;Temp5;Temperature sensor for determining the pickup continuation
determine_continu_tr37_Pcp38_Silo5;Humd5;Humidity sensor for determining the pickup continuation
determine_continu_tr37_Pcp38_Silo5;GrainTemp13;1st grain temperature sensor for determining the pickup continuation
determine_continu_tr37_Pcp38_Silo5;GrainTemp14;2nd grain temperature sensor for determining the pickup continuation
determine_continu_tr37_Pcp38_Silo5;GrainTemp15;3rd grain temperature sensor for determining the pickup continuation
determine_continu_tr33_Pcp354_Silo5;Temp5;Temperature sensor for determining the pickup continuation
determine_continu_tr33_Pcp354_Silo5;Humd5;Humidity sensor for determining the pickup continuation
determine_continu_tr33_Pcp354_Silo5;GrainTemp13;1st grain temperature sensor for determining the pickup continuation
determine_continu_tr33_Pcp354_Silo5;GrainTemp14;2nd grain temperature sensor for determining the pickup continuation
determine_continu_tr33_Pcp354_Silo5;GrainTemp15;3rd grain temperature sensor for determining the pickup continuation
enter_tr29_Pcp240;rfidOIGYVC;RFID tag read at entrance
enter_tr25_Pcp293;rfidMFTSWW;RFID tag read at entrance
weigh_empty_tr8_Pcp73;WS08;Weight sensor for empty truck weighing
enter_tr9_Pcp451;rfidKEBJGC;RFID tag read at entrance
enter_tr16_Pcp70;rfidIICVAH;RFID tag read at entrance
check_abnorm_tr8_Pcp73;rfidCEZEBQ;RFID tag read at empty truck weighing
weigh_loaded_tr26_Pcp209;WS14;Weight sensor for loaded truck weighing
enter_tr24_Pcp70;rfidPCMKUV;RFID tag read at entrance
determine_continu_tr19_Pcp354_Silo5;Temp5;Temperature sensor for determining the pickup continuation
determine_continu_tr19_Pcp354_Silo5;Humd5;Humidity sensor for determining the pickup continuation
determine_continu_tr19_Pcp354_Silo5;GrainTemp13;1st grain temperature sensor for determining the pickup continuation
determine_continu_tr19_Pcp354_Silo5;GrainTemp14;2nd grain temperature sensor for determining the pickup continuation
determine_continu_tr19_Pcp354_Silo5;GrainTemp15;3rd grain temperature sensor for determining the pickup continuation
weigh_loaded_tr23_Pcp434;WS05;Weight sensor for loaded truck weighing
weigh_empty_tr16_Pcp70;WS04;Weight sensor for empty truck weighing
weigh_loaded_tr44_Pcp223;WS03;Weight sensor for loaded truck weighing
check_abnorm_tr16_Pcp70;rfidIICVAH;RFID tag read at empty truck weighing
enter_tr7_Pcp94;rfidXNPCXE;RFID tag read at entrance
determine_continu_tr28_Pcp223_Silo4;Temp4;Temperature sensor for determining the pickup continuation
determine_continu_tr28_Pcp223_Silo4;Humd4;Humidity sensor for determining the pickup continuation
determine_continu_tr28_Pcp223_Silo4;GrainTemp10;1st grain temperature sensor for determining the pickup continuation
determine_continu_tr28_Pcp223_Silo4;GrainTemp11;2nd grain temperature sensor for determining the pickup continuation
determine_continu_tr28_Pcp223_Silo4;GrainTemp12;3rd grain temperature sensor for determining the pickup continuation
weigh_empty_tr29_Pcp240;WS11;Weight sensor for empty truck weighing
weigh_empty_tr25_Pcp293;WS18;Weight sensor for empty truck weighing
check_abnorm_tr25_Pcp293;rfidMFTSWW;RFID tag read at empty truck weighing
enter_tr46_Pcp106;rfidEJHYOM;RFID tag read at entrance
enter_tr20_Pcp498;rfidXPDNSC;RFID tag read at entrance
check_abnorm_tr29_Pcp240;rfidOIGYVC;RFID tag read at empty truck weighing
weigh_empty_tr9_Pcp451;WS19;Weight sensor for empty truck weighing
check_abnorm_tr9_Pcp451;rfidKEBJGC;RFID tag read at empty truck weighing
enter_tr27_Pcp94;rfidWOMLHU;RFID tag read at entrance
weigh_loaded_tr35_Pcp434;WS15;Weight sensor for loaded truck weighing
weigh_empty_tr7_Pcp94;WS15;Weight sensor for empty truck weighing
weigh_empty_tr20_Pcp498;WS02;Weight sensor for empty truck weighing
weigh_empty_tr39_Pcp248;WS06;Weight sensor for empty truck weighing
determine_continu_tr16_Pcp70_Silo17;Temp17;Temperature sensor for determining the pickup continuation
determine_continu_tr16_Pcp70_Silo17;Humd17;Humidity sensor for determining the pickup continuation
determine_continu_tr16_Pcp70_Silo17;GrainTemp49;1st grain temperature sensor for determining the pickup continuation
determine_continu_tr16_Pcp70_Silo17;GrainTemp50;2nd grain temperature sensor for determining the pickup continuation
determine_continu_tr16_Pcp70_Silo17;GrainTemp51;3rd grain temperature sensor for determining the pickup continuation
weigh_empty_tr24_Pcp70;WS05;Weight sensor for empty truck weighing
check_abnorm_tr39_Pcp248;rfidYGABPB;RFID tag read at empty truck weighing
check_abnorm_tr24_Pcp70;rfidPCMKUV;RFID tag read at empty truck weighing
check_abnorm_tr7_Pcp94;rfidXNPCXE;RFID tag read at empty truck weighing
check_abnorm_tr20_Pcp498;rfidXPDNSC;RFID tag read at empty truck weighing
determine_continu_tr9_Pcp451_Silo4;Temp4;Temperature sensor for determining the pickup continuation
determine_continu_tr9_Pcp451_Silo4;Humd4;Humidity sensor for determining the pickup continuation
determine_continu_tr9_Pcp451_Silo4;GrainTemp10;1st grain temperature sensor for determining the pickup continuation
determine_continu_tr9_Pcp451_Silo4;GrainTemp11;2nd grain temperature sensor for determining the pickup continuation
determine_continu_tr9_Pcp451_Silo4;GrainTemp12;3rd grain temperature sensor for determining the pickup continuation
determine_continu_tr8_Pcp73_Silo5;Temp5;Temperature sensor for determining the pickup continuation
determine_continu_tr8_Pcp73_Silo5;Humd5;Humidity sensor for determining the pickup continuation
determine_continu_tr8_Pcp73_Silo5;GrainTemp13;1st grain temperature sensor for determining the pickup continuation
determine_continu_tr8_Pcp73_Silo5;GrainTemp14;2nd grain temperature sensor for determining the pickup continuation
determine_continu_tr8_Pcp73_Silo5;GrainTemp15;3rd grain temperature sensor for determining the pickup continuation
weigh_loaded_tr30_Pcp497;WS14;Weight sensor for loaded truck weighing
weigh_loaded_tr40_Pcp482;WS09;Weight sensor for loaded truck weighing
enter_tr31_Pcp208;rfidJDEWMH;RFID tag read at entrance
enter_tr17_Pcp248;rfidVYEBVG;RFID tag read at entrance
determine_continu_tr24_Pcp70_Silo17;Temp17;Temperature sensor for determining the pickup continuation
determine_continu_tr24_Pcp70_Silo17;Humd17;Humidity sensor for determining the pickup continuation
determine_continu_tr24_Pcp70_Silo17;GrainTemp49;1st grain temperature sensor for determining the pickup continuation
determine_continu_tr24_Pcp70_Silo17;GrainTemp50;2nd grain temperature sensor for determining the pickup continuation
determine_continu_tr24_Pcp70_Silo17;GrainTemp51;3rd grain temperature sensor for determining the pickup continuation
determine_continu_tr29_Pcp240_Silo15;Temp15;Temperature sensor for determining the pickup continuation
determine_continu_tr29_Pcp240_Silo15;Humd15;Humidity sensor for determining the pickup continuation
determine_continu_tr29_Pcp240_Silo15;GrainTemp43;1st grain temperature sensor for determining the pickup continuation
determine_continu_tr29_Pcp240_Silo15;GrainTemp44;2nd grain temperature sensor for determining the pickup continuation
determine_continu_tr29_Pcp240_Silo15;GrainTemp45;3rd grain temperature sensor for determining the pickup continuation
determine_continu_tr25_Pcp293_Silo17;Temp17;Temperature sensor for determining the pickup continuation
determine_continu_tr25_Pcp293_Silo17;Humd17;Humidity sensor for determining the pickup continuation
determine_continu_tr25_Pcp293_Silo17;GrainTemp49;1st grain temperature sensor for determining the pickup continuation
determine_continu_tr25_Pcp293_Silo17;GrainTemp50;2nd grain temperature sensor for determining the pickup continuation
determine_continu_tr25_Pcp293_Silo17;GrainTemp51;3rd grain temperature sensor for determining the pickup continuation
enter_tr45_Pcp294;rfidSLQPDR;RFID tag read at entrance
determine_continu_tr7_Pcp94_Silo4;Temp4;Temperature sensor for determining the pickup continuation
determine_continu_tr7_Pcp94_Silo4;Humd4;Humidity sensor for determining the pickup continuation
determine_continu_tr7_Pcp94_Silo4;GrainTemp10;1st grain temperature sensor for determining the pickup continuation
determine_continu_tr7_Pcp94_Silo4;GrainTemp11;2nd grain temperature sensor for determining the pickup continuation
determine_continu_tr7_Pcp94_Silo4;GrainTemp12;3rd grain temperature sensor for determining the pickup continuation
weigh_empty_tr38_Pcp421;WS16;Weight sensor for empty truck weighing
weigh_empty_tr46_Pcp106;WS06;Weight sensor for empty truck weighing
check_abnorm_tr46_Pcp106;rfidEJHYOM;RFID tag read at empty truck weighing
determine_continu_tr20_Pcp498_Silo5;Temp5;Temperature sensor for determining the pickup continuation
determine_continu_tr20_Pcp498_Silo5;Humd5;Humidity sensor for determining the pickup continuation
determine_continu_tr20_Pcp498_Silo5;GrainTemp13;1st grain temperature sensor for determining the pickup continuation
determine_continu_tr20_Pcp498_Silo5;GrainTemp14;2nd grain temperature sensor for determining the pickup continuation
determine_continu_tr20_Pcp498_Silo5;GrainTemp15;3rd grain temperature sensor for determining the pickup continuation
weigh_empty_tr45_Pcp294;WS15;Weight sensor for empty truck weighing
check_abnorm_tr45_Pcp294;rfidSLQPDR;RFID tag read at empty truck weighing
check_abnorm_tr38_Pcp421;rfidVIASXP;RFID tag read at empty truck weighing
weigh_empty_tr27_Pcp94;WS05;Weight sensor for empty truck weighing
determine_continu_tr46_Pcp106_Silo5;Temp5;Temperature sensor for determining the pickup continuation
determine_continu_tr46_Pcp106_Silo5;Humd5;Humidity sensor for determining the pickup continuation
determine_continu_tr46_Pcp106_Silo5;GrainTemp13;1st grain temperature sensor for determining the pickup continuation
determine_continu_tr46_Pcp106_Silo5;GrainTemp14;2nd grain temperature sensor for determining the pickup continuation
determine_continu_tr46_Pcp106_Silo5;GrainTemp15;3rd grain temperature sensor for determining the pickup continuation
weigh_loaded_tr49_Pcp213;WS16;Weight sensor for loaded truck weighing
check_abnorm_tr27_Pcp94;rfidWOMLHU;RFID tag read at empty truck weighing
determine_continu_tr45_Pcp294_Silo15;Temp15;Temperature sensor for determining the pickup continuation
determine_continu_tr45_Pcp294_Silo15;Humd15;Humidity sensor for determining the pickup continuation
determine_continu_tr45_Pcp294_Silo15;GrainTemp43;1st grain temperature sensor for determining the pickup continuation
determine_continu_tr45_Pcp294_Silo15;GrainTemp44;2nd grain temperature sensor for determining the pickup continuation
determine_continu_tr45_Pcp294_Silo15;GrainTemp45;3rd grain temperature sensor for determining the pickup continuation
weigh_empty_tr17_Pcp248;WS14;Weight sensor for empty truck weighing
determine_continu_tr39_Pcp248_Silo15;Temp15;Temperature sensor for determining the pickup continuation
determine_continu_tr39_Pcp248_Silo15;Humd15;Humidity sensor for determining the pickup continuation
determine_continu_tr39_Pcp248_Silo15;GrainTemp43;1st grain temperature sensor for determining the pickup continuation
determine_continu_tr39_Pcp248_Silo15;GrainTemp44;2nd grain temperature sensor for determining the pickup continuation
determine_continu_tr39_Pcp248_Silo15;GrainTemp45;3rd grain temperature sensor for determining the pickup continuation
check_abnorm_tr17_Pcp248;rfidVYEBVG;RFID tag read at empty truck weighing
weigh_loaded_tr20_Pcp498;WS11;Weight sensor for loaded truck weighing
enter_tr14_Pcp497;rfidYREIDQ;RFID tag read at entrance
enter_tr18_Pcp452;rfidEGNSMV;RFID tag read at entrance
determine_continu_tr38_Pcp421_Silo17;Temp17;Temperature sensor for determining the pickup continuation
determine_continu_tr38_Pcp421_Silo17;Humd17;Humidity sensor for determining the pickup continuation
determine_continu_tr38_Pcp421_Silo17;GrainTemp49;1st grain temperature sensor for determining the pickup continuation
determine_continu_tr38_Pcp421_Silo17;GrainTemp50;2nd grain temperature sensor for determining the pickup continuation
determine_continu_tr38_Pcp421_Silo17;GrainTemp51;3rd grain temperature sensor for determining the pickup continuation
weigh_empty_tr31_Pcp208;WS14;Weight sensor for empty truck weighing
weigh_loaded_tr29_Pcp240;WS08;Weight sensor for loaded truck weighing
check_abnorm_tr31_Pcp208;rfidJDEWMH;RFID tag read at empty truck weighing
enter_tr42_Pcp450;rfidLEEHFK;RFID tag read at entrance
weigh_loaded_tr11_Pcp99;WS03;Weight sensor for loaded truck weighing
weigh_loaded_tr46_Pcp106;WS16;Weight sensor for loaded truck weighing
determine_continu_tr27_Pcp94_Silo4;Temp4;Temperature sensor for determining the pickup continuation
determine_continu_tr27_Pcp94_Silo4;Humd4;Humidity sensor for determining the pickup continuation
determine_continu_tr27_Pcp94_Silo4;GrainTemp10;1st grain temperature sensor for determining the pickup continuation
determine_continu_tr27_Pcp94_Silo4;GrainTemp11;2nd grain temperature sensor for determining the pickup continuation
determine_continu_tr27_Pcp94_Silo4;GrainTemp12;3rd grain temperature sensor for determining the pickup continuation
weigh_empty_tr18_Pcp452;WS07;Weight sensor for empty truck weighing
weigh_loaded_tr43_Pcp99;WS02;Weight sensor for loaded truck weighing
check_abnorm_tr18_Pcp452;rfidEGNSMV;RFID tag read at empty truck weighing
weigh_loaded_tr21_Pcp421;WS20;Weight sensor for loaded truck weighing
determine_continu_tr31_Pcp208_Silo4;Temp4;Temperature sensor for determining the pickup continuation
determine_continu_tr31_Pcp208_Silo4;Humd4;Humidity sensor for determining the pickup continuation
determine_continu_tr31_Pcp208_Silo4;GrainTemp10;1st grain temperature sensor for determining the pickup continuation
determine_continu_tr31_Pcp208_Silo4;GrainTemp11;2nd grain temperature sensor for determining the pickup continuation
determine_continu_tr31_Pcp208_Silo4;GrainTemp12;3rd grain temperature sensor for determining the pickup continuation
weigh_loaded_tr33_Pcp354;WS08;Weight sensor for loaded truck weighing
determine_continu_tr18_Pcp452_Silo17;Temp17;Temperature sensor for determining the pickup continuation
determine_continu_tr18_Pcp452_Silo17;Humd17;Humidity sensor for determining the pickup continuation
determine_continu_tr18_Pcp452_Silo17;GrainTemp49;1st grain temperature sensor for determining the pickup continuation
determine_continu_tr18_Pcp452_Silo17;GrainTemp50;2nd grain temperature sensor for determining the pickup continuation
determine_continu_tr18_Pcp452_Silo17;GrainTemp51;3rd grain temperature sensor for determining the pickup continuation
determine_continu_tr17_Pcp248_Silo15;Temp15;Temperature sensor for determining the pickup continuation
determine_continu_tr17_Pcp248_Silo15;Humd15;Humidity sensor for determining the pickup continuation
determine_continu_tr17_Pcp248_Silo15;GrainTemp43;1st grain temperature sensor for determining the pickup continuation
determine_continu_tr17_Pcp248_Silo15;GrainTemp44;2nd grain temperature sensor for determining the pickup continuation
determine_continu_tr17_Pcp248_Silo15;GrainTemp45;3rd grain temperature sensor for determining the pickup continuation
weigh_loaded_tr19_Pcp354;WS15;Weight sensor for loaded truck weighing
weigh_empty_tr42_Pcp450;WS12;Weight sensor for empty truck weighing
weigh_loaded_tr27_Pcp94;WS07;Weight sensor for loaded truck weighing
check_abnorm_tr42_Pcp450;rfidLEEHFK;RFID tag read at empty truck weighing
weigh_loaded_tr45_Pcp294;WS18;Weight sensor for loaded truck weighing
weigh_loaded_tr15_Pcp208;WS20;Weight sensor for loaded truck weighing
weigh_loaded_tr18_Pcp452;WS07;Weight sensor for loaded truck weighing
weigh_loaded_tr39_Pcp248;WS04;Weight sensor for loaded truck weighing
determine_continu_tr42_Pcp450_Silo15;Temp15;Temperature sensor for determining the pickup continuation
determine_continu_tr42_Pcp450_Silo15;Humd15;Humidity sensor for determining the pickup continuation
determine_continu_tr42_Pcp450_Silo15;GrainTemp43;1st grain temperature sensor for determining the pickup continuation
determine_continu_tr42_Pcp450_Silo15;GrainTemp44;2nd grain temperature sensor for determining the pickup continuation
determine_continu_tr42_Pcp450_Silo15;GrainTemp45;3rd grain temperature sensor for determining the pickup continuation
weigh_empty_tr14_Pcp497;WS12;Weight sensor for empty truck weighing
weigh_loaded_tr37_Pcp38;WS09;Weight sensor for loaded truck weighing
check_abnorm_tr14_Pcp497;rfidYREIDQ;RFID tag read at empty truck weighing
weigh_loaded_tr31_Pcp208;WS01;Weight sensor for loaded truck weighing
determine_continu_tr14_Pcp497_Silo4;Temp4;Temperature sensor for determining the pickup continuation
determine_continu_tr14_Pcp497_Silo4;Humd4;Humidity sensor for determining the pickup continuation
determine_continu_tr14_Pcp497_Silo4;GrainTemp10;1st grain temperature sensor for determining the pickup continuation
determine_continu_tr14_Pcp497_Silo4;GrainTemp11;2nd grain temperature sensor for determining the pickup continuation
determine_continu_tr14_Pcp497_Silo4;GrainTemp12;3rd grain temperature sensor for determining the pickup continuation
enter_tr1_Pcp451;rfidBKTRLP;RFID tag read at entrance
weigh_loaded_tr7_Pcp94;WS05;Weight sensor for loaded truck weighing
weigh_loaded_tr24_Pcp70;WS17;Weight sensor for loaded truck weighing
weigh_loaded_tr42_Pcp450;WS06;Weight sensor for loaded truck weighing
weigh_loaded_tr8_Pcp73;WS07;Weight sensor for loaded truck weighing
weigh_loaded_tr38_Pcp421;WS06;Weight sensor for loaded truck weighing
weigh_empty_tr1_Pcp451;WS13;Weight sensor for empty truck weighing
check_abnorm_tr1_Pcp451;rfidBKTRLP;RFID tag read at empty truck weighing
weigh_loaded_tr25_Pcp293;WS15;Weight sensor for loaded truck weighing
weigh_loaded_tr17_Pcp248;WS17;Weight sensor for loaded truck weighing
weigh_loaded_tr6_Pcp363;WS11;Weight sensor for loaded truck weighing
weigh_loaded_tr32_Pcp487;WS14;Weight sensor for loaded truck weighing
determine_continu_tr1_Pcp451_Silo4;Temp4;Temperature sensor for determining the pickup continuation
determine_continu_tr1_Pcp451_Silo4;Humd4;Humidity sensor for determining the pickup continuation
determine_continu_tr1_Pcp451_Silo4;GrainTemp10;1st grain temperature sensor for determining the pickup continuation
determine_continu_tr1_Pcp451_Silo4;GrainTemp11;2nd grain temperature sensor for determining the pickup continuation
determine_continu_tr1_Pcp451_Silo4;GrainTemp12;3rd grain temperature sensor for determining the pickup continuation
weigh_loaded_tr16_Pcp70;WS16;Weight sensor for loaded truck weighing
weigh_loaded_tr14_Pcp497;WS10;Weight sensor for loaded truck weighing
weigh_loaded_tr5_Pcp194;WS16;Weight sensor for loaded truck weighing
weigh_loaded_tr9_Pcp451;WS11;Weight sensor for loaded truck weighing
weigh_loaded_tr28_Pcp223;WS04;Weight sensor for loaded truck weighing
enter_tr13_Pcp73;rfidGTHHGD;RFID tag read at entrance
weigh_empty_tr13_Pcp73;WS16;Weight sensor for empty truck weighing
check_abnorm_tr13_Pcp73;rfidGTHHGD;RFID tag read at empty truck weighing
determine_continu_tr13_Pcp73_Silo5;Temp5;Temperature sensor for determining the pickup continuation
determine_continu_tr13_Pcp73_Silo5;Humd5;Humidity sensor for determining the pickup continuation
determine_continu_tr13_Pcp73_Silo5;GrainTemp13;1st grain temperature sensor for determining the pickup continuation
determine_continu_tr13_Pcp73_Silo5;GrainTemp14;2nd grain temperature sensor for determining the pickup continuation
determine_continu_tr13_Pcp73_Silo5;GrainTemp15;3rd grain temperature sensor for determining the pickup continuation
enter_tr41_Pcp86;rfidXWLCID;RFID tag read at entrance
enter_tr12_Pcp162;rfidVYYKGK;RFID tag read at entrance
enter_tr48_Pcp365;rfidNSELSE;RFID tag read at entrance
enter_tr50_Pcp482;rfidXXIVNB;RFID tag read at entrance
enter_tr34_Pcp205;rfidFMSUBE;RFID tag read at entrance
weigh_empty_tr41_Pcp86;WS03;Weight sensor for empty truck weighing
weigh_empty_tr12_Pcp162;WS05;Weight sensor for empty truck weighing
check_abnorm_tr41_Pcp86;rfidXWLCID;RFID tag read at empty truck weighing
check_abnorm_tr12_Pcp162;rfidVYYKGK;RFID tag read at empty truck weighing
determine_continu_tr12_Pcp162_Silo8;Temp8;Temperature sensor for determining the pickup continuation
determine_continu_tr12_Pcp162_Silo8;Humd8;Humidity sensor for determining the pickup continuation
determine_continu_tr12_Pcp162_Silo8;GrainTemp22;1st grain temperature sensor for determining the pickup continuation
determine_continu_tr12_Pcp162_Silo8;GrainTemp23;2nd grain temperature sensor for determining the pickup continuation
determine_continu_tr12_Pcp162_Silo8;GrainTemp24;3rd grain temperature sensor for determining the pickup continuation
weigh_empty_tr48_Pcp365;WS19;Weight sensor for empty truck weighing
check_abnorm_tr48_Pcp365;rfidNSELSE;RFID tag read at empty truck weighing
determine_continu_tr41_Pcp86_Silo1;Temp1;Temperature sensor for determining the pickup continuation
determine_continu_tr41_Pcp86_Silo1;Humd1;Humidity sensor for determining the pickup continuation
determine_continu_tr41_Pcp86_Silo1;GrainTemp1;1st grain temperature sensor for determining the pickup continuation
determine_continu_tr41_Pcp86_Silo1;GrainTemp2;2nd grain temperature sensor for determining the pickup continuation
determine_continu_tr41_Pcp86_Silo1;GrainTemp3;3rd grain temperature sensor for determining the pickup continuation
weigh_empty_tr34_Pcp205;WS01;Weight sensor for empty truck weighing
check_abnorm_tr34_Pcp205;rfidFMSUBE;RFID tag read at empty truck weighing
weigh_empty_tr50_Pcp482;WS08;Weight sensor for empty truck weighing
enter_tr2_Pcp495;rfidSQKJGH;RFID tag read at entrance
check_abnorm_tr50_Pcp482;rfidXXIVNB;RFID tag read at empty truck weighing
determine_continu_tr48_Pcp365_Silo14;Temp14;Temperature sensor for determining the pickup continuation
determine_continu_tr48_Pcp365_Silo14;Humd14;Humidity sensor for determining the pickup continuation
determine_continu_tr48_Pcp365_Silo14;GrainTemp40;1st grain temperature sensor for determining the pickup continuation
determine_continu_tr48_Pcp365_Silo14;GrainTemp41;2nd grain temperature sensor for determining the pickup continuation
determine_continu_tr48_Pcp365_Silo14;GrainTemp42;3rd grain temperature sensor for determining the pickup continuation
weigh_empty_tr2_Pcp495;WS07;Weight sensor for empty truck weighing
determine_continu_tr50_Pcp482_Silo15;Temp15;Temperature sensor for determining the pickup continuation
determine_continu_tr50_Pcp482_Silo15;Humd15;Humidity sensor for determining the pickup continuation
determine_continu_tr50_Pcp482_Silo15;GrainTemp43;1st grain temperature sensor for determining the pickup continuation
determine_continu_tr50_Pcp482_Silo15;GrainTemp44;2nd grain temperature sensor for determining the pickup continuation
determine_continu_tr50_Pcp482_Silo15;GrainTemp45;3rd grain temperature sensor for determining the pickup continuation
determine_continu_tr34_Pcp205_Silo14;Temp14;Temperature sensor for determining the pickup continuation
determine_continu_tr34_Pcp205_Silo14;Humd14;Humidity sensor for determining the pickup continuation
determine_continu_tr34_Pcp205_Silo14;GrainTemp40;1st grain temperature sensor for determining the pickup continuation
determine_continu_tr34_Pcp205_Silo14;GrainTemp41;2nd grain temperature sensor for determining the pickup continuation
determine_continu_tr34_Pcp205_Silo14;GrainTemp42;3rd grain temperature sensor for determining the pickup continuation
check_abnorm_tr2_Pcp495;rfidSQKJGH;RFID tag read at empty truck weighing
weigh_loaded_tr41_Pcp86;WS06;Weight sensor for loaded truck weighing
enter_tr3_Pcp104;rfidDRCUXI;RFID tag read at entrance
determine_continu_tr2_Pcp495_Silo3;Temp3;Temperature sensor for determining the pickup continuation
determine_continu_tr2_Pcp495_Silo3;Humd3;Humidity sensor for determining the pickup continuation
determine_continu_tr2_Pcp495_Silo3;GrainTemp7;1st grain temperature sensor for determining the pickup continuation
determine_continu_tr2_Pcp495_Silo3;GrainTemp8;2nd grain temperature sensor for determining the pickup continuation
determine_continu_tr2_Pcp495_Silo3;GrainTemp9;3rd grain temperature sensor for determining the pickup continuation
weigh_empty_tr3_Pcp104;WS19;Weight sensor for empty truck weighing
check_abnorm_tr3_Pcp104;rfidDRCUXI;RFID tag read at empty truck weighing
enter_tr36_Pcp367;rfidHYTHBN;RFID tag read at entrance
weigh_loaded_tr2_Pcp495;WS14;Weight sensor for loaded truck weighing
weigh_loaded_tr12_Pcp162;WS15;Weight sensor for loaded truck weighing
weigh_loaded_tr50_Pcp482;WS14;Weight sensor for loaded truck weighing
determine_continu_tr3_Pcp104_Silo1;Temp1;Temperature sensor for determining the pickup continuation
determine_continu_tr3_Pcp104_Silo1;Humd1;Humidity sensor for determining the pickup continuation
determine_continu_tr3_Pcp104_Silo1;GrainTemp1;1st grain temperature sensor for determining the pickup continuation
determine_continu_tr3_Pcp104_Silo1;GrainTemp2;2nd grain temperature sensor for determining the pickup continuation
determine_continu_tr3_Pcp104_Silo1;GrainTemp3;3rd grain temperature sensor for determining the pickup continuation
weigh_empty_tr36_Pcp367;WS01;Weight sensor for empty truck weighing
check_abnorm_tr36_Pcp367;rfidHYTHBN;RFID tag read at empty truck weighing
enter_tr22_Pcp113;rfidENJOLW;RFID tag read at entrance
determine_continu_tr36_Pcp367_Silo4;Temp4;Temperature sensor for determining the pickup continuation
determine_continu_tr36_Pcp367_Silo4;Humd4;Humidity sensor for determining the pickup continuation
determine_continu_tr36_Pcp367_Silo4;GrainTemp10;1st grain temperature sensor for determining the pickup continuation
determine_continu_tr36_Pcp367_Silo4;GrainTemp11;2nd grain temperature sensor for determining the pickup continuation
determine_continu_tr36_Pcp367_Silo4;GrainTemp12;3rd grain temperature sensor for determining the pickup continuation
weigh_empty_tr22_Pcp113;WS20;Weight sensor for empty truck weighing
check_abnorm_tr22_Pcp113;rfidENJOLW;RFID tag read at empty truck weighing
determine_continu_tr22_Pcp113_Silo14;Temp14;Temperature sensor for determining the pickup continuation
determine_continu_tr22_Pcp113_Silo14;Humd14;Humidity sensor for determining the pickup continuation
determine_continu_tr22_Pcp113_Silo14;GrainTemp40;1st grain temperature sensor for determining the pickup continuation
determine_continu_tr22_Pcp113_Silo14;GrainTemp41;2nd grain temperature sensor for determining the pickup continuation
determine_continu_tr22_Pcp113_Silo14;GrainTemp42;3rd grain temperature sensor for determining the pickup continuation
enter_tr47_Pcp124;rfidJGLUGP;RFID tag read at entrance
weigh_empty_tr47_Pcp124;WS10;Weight sensor for empty truck weighing
check_abnorm_tr47_Pcp124;rfidJGLUGP;RFID tag read at empty truck weighing
weigh_loaded_tr13_Pcp73;WS16;Weight sensor for loaded truck weighing
determine_continu_tr47_Pcp124_Silo5;Temp5;Temperature sensor for determining the pickup continuation
determine_continu_tr47_Pcp124_Silo5;Humd5;Humidity sensor for determining the pickup continuation
determine_continu_tr47_Pcp124_Silo5;GrainTemp13;1st grain temperature sensor for determining the pickup continuation
determine_continu_tr47_Pcp124_Silo5;GrainTemp14;2nd grain temperature sensor for determining the pickup continuation
determine_continu_tr47_Pcp124_Silo5;GrainTemp15;3rd grain temperature sensor for determining the pickup continuation
weigh_loaded_tr22_Pcp113;WS13;Weight sensor for loaded truck weighing
weigh_loaded_tr36_Pcp367;WS14;Weight sensor for loaded truck weighing
weigh_loaded_tr3_Pcp104;WS18;Weight sensor for loaded truck weighing
enter_tr10_Pcp407;rfidOOVDPE;RFID tag read at entrance
weigh_empty_tr10_Pcp407;WS06;Weight sensor for empty truck weighing
check_abnorm_tr10_Pcp407;rfidOOVDPE;RFID tag read at empty truck weighing
determine_continu_tr10_Pcp407_Silo19;Temp19;Temperature sensor for determining the pickup continuation
determine_continu_tr10_Pcp407_Silo19;Humd19;Humidity sensor for determining the pickup continuation
determine_continu_tr10_Pcp407_Silo19;GrainTemp55;1st grain temperature sensor for determining the pickup continuation
determine_continu_tr10_Pcp407_Silo19;GrainTemp56;2nd grain temperature sensor for determining the pickup continuation
determine_continu_tr10_Pcp407_Silo19;GrainTemp57;3rd grain temperature sensor for determining the pickup continuation
weigh_loaded_tr10_Pcp407;WS19;Weight sensor for loaded truck weighing
enter_tr4_Pcp428;rfidTGNSNI;RFID tag read at entrance
weigh_empty_tr4_Pcp428;WS10;Weight sensor for empty truck weighing
enter_tr23_Pcp389;rfidKGKHYU;RFID tag read at entrance
check_abnorm_tr4_Pcp428;rfidTGNSNI;RFID tag read at empty truck weighing
enter_tr26_Pcp320;rfidNQRMLR;RFID tag read at entrance
weigh_empty_tr23_Pcp389;WS10;Weight sensor for empty truck weighing
check_abnorm_tr23_Pcp389;rfidKGKHYU;RFID tag read at empty truck weighing
enter_tr44_Pcp427;rfidJRRVME;RFID tag read at entrance
enter_tr40_Pcp1;rfidZEKWJR;RFID tag read at entrance
weigh_empty_tr44_Pcp427;WS04;Weight sensor for empty truck weighing
determine_continu_tr4_Pcp428_Silo3;Temp3;Temperature sensor for determining the pickup continuation
determine_continu_tr4_Pcp428_Silo3;Humd3;Humidity sensor for determining the pickup continuation
determine_continu_tr4_Pcp428_Silo3;GrainTemp7;1st grain temperature sensor for determining the pickup continuation
determine_continu_tr4_Pcp428_Silo3;GrainTemp8;2nd grain temperature sensor for determining the pickup continuation
determine_continu_tr4_Pcp428_Silo3;GrainTemp9;3rd grain temperature sensor for determining the pickup continuation
check_abnorm_tr44_Pcp427;rfidJRRVME;RFID tag read at empty truck weighing
weigh_empty_tr26_Pcp320;WS05;Weight sensor for empty truck weighing
check_abnorm_tr26_Pcp320;rfidNQRMLR;RFID tag read at empty truck weighing
enter_tr35_Pcp324;rfidPODCVH;RFID tag read at entrance
determine_continu_tr23_Pcp389_Silo12;Temp12;Temperature sensor for determining the pickup continuation
determine_continu_tr23_Pcp389_Silo12;Humd12;Humidity sensor for determining the pickup continuation
determine_continu_tr23_Pcp389_Silo12;GrainTemp34;1st grain temperature sensor for determining the pickup continuation
determine_continu_tr23_Pcp389_Silo12;GrainTemp35;2nd grain temperature sensor for determining the pickup continuation
determine_continu_tr23_Pcp389_Silo12;GrainTemp36;3rd grain temperature sensor for determining the pickup continuation
weigh_empty_tr40_Pcp1;WS01;Weight sensor for empty truck weighing
check_abnorm_tr40_Pcp1;rfidZEKWJR;RFID tag read at empty truck weighing
enter_tr30_Pcp454;rfidCBMLGM;RFID tag read at entrance
enter_tr49_Pcp330;rfidNJSWIM;RFID tag read at entrance
determine_continu_tr44_Pcp427_Silo15;Temp15;Temperature sensor for determining the pickup continuation
determine_continu_tr44_Pcp427_Silo15;Humd15;Humidity sensor for determining the pickup continuation
determine_continu_tr44_Pcp427_Silo15;GrainTemp43;1st grain temperature sensor for determining the pickup continuation
determine_continu_tr44_Pcp427_Silo15;GrainTemp44;2nd grain temperature sensor for determining the pickup continuation
determine_continu_tr44_Pcp427_Silo15;GrainTemp45;3rd grain temperature sensor for determining the pickup continuation
enter_tr20_Pcp171;rfidXPDNSC;RFID tag read at entrance
weigh_empty_tr35_Pcp324;WS15;Weight sensor for empty truck weighing
determine_continu_tr26_Pcp320_Silo12;Temp12;Temperature sensor for determining the pickup continuation
determine_continu_tr26_Pcp320_Silo12;Humd12;Humidity sensor for determining the pickup continuation
determine_continu_tr26_Pcp320_Silo12;GrainTemp34;1st grain temperature sensor for determining the pickup continuation
determine_continu_tr26_Pcp320_Silo12;GrainTemp35;2nd grain temperature sensor for determining the pickup continuation
determine_continu_tr26_Pcp320_Silo12;GrainTemp36;3rd grain temperature sensor for determining the pickup continuation
determine_continu_tr40_Pcp1_Silo1;Temp1;Temperature sensor for determining the pickup continuation
determine_continu_tr40_Pcp1_Silo1;Humd1;Humidity sensor for determining the pickup continuation
determine_continu_tr40_Pcp1_Silo1;GrainTemp1;1st grain temperature sensor for determining the pickup continuation
determine_continu_tr40_Pcp1_Silo1;GrainTemp2;2nd grain temperature sensor for determining the pickup continuation
determine_continu_tr40_Pcp1_Silo1;GrainTemp3;3rd grain temperature sensor for determining the pickup continuation
check_abnorm_tr35_Pcp324;rfidPODCVH;RFID tag read at empty truck weighing
enter_tr29_Pcp113;rfidOIGYVC;RFID tag read at entrance
enter_tr21_Pcp63;rfidTLWXGZ;RFID tag read at entrance
enter_tr43_Pcp472;rfidGETQDY;RFID tag read at entrance
weigh_empty_tr49_Pcp330;WS08;Weight sensor for empty truck weighing
weigh_empty_tr30_Pcp454;WS07;Weight sensor for empty truck weighing
enter_tr11_Pcp479;rfidSCPJCE;RFID tag read at entrance
check_abnorm_tr49_Pcp330;rfidNJSWIM;RFID tag read at empty truck weighing
check_abnorm_tr30_Pcp454;rfidCBMLGM;RFID tag read at empty truck weighing
enter_tr33_Pcp360;rfidMVJRXE;RFID tag read at entrance
enter_tr46_Pcp309;rfidEJHYOM;RFID tag read at entrance
weigh_empty_tr21_Pcp63;WS14;Weight sensor for empty truck weighing
determine_continu_tr35_Pcp324_Silo17;Temp17;Temperature sensor for determining the pickup continuation
determine_continu_tr35_Pcp324_Silo17;Humd17;Humidity sensor for determining the pickup continuation
determine_continu_tr35_Pcp324_Silo17;GrainTemp49;1st grain temperature sensor for determining the pickup continuation
determine_continu_tr35_Pcp324_Silo17;GrainTemp50;2nd grain temperature sensor for determining the pickup continuation
determine_continu_tr35_Pcp324_Silo17;GrainTemp51;3rd grain temperature sensor for determining the pickup continuation
enter_tr27_Pcp336;rfidWOMLHU;RFID tag read at entrance
determine_continu_tr49_Pcp330_Silo9;Temp9;Temperature sensor for determining the pickup continuation
determine_continu_tr49_Pcp330_Silo9;Humd9;Humidity sensor for determining the pickup continuation
determine_continu_tr49_Pcp330_Silo9;GrainTemp25;1st grain temperature sensor for determining the pickup continuation
determine_continu_tr49_Pcp330_Silo9;GrainTemp26;2nd grain temperature sensor for determining the pickup continuation
determine_continu_tr49_Pcp330_Silo9;GrainTemp27;3rd grain temperature sensor for determining the pickup continuation
weigh_empty_tr46_Pcp309;WS04;Weight sensor for empty truck weighing
check_abnorm_tr21_Pcp63;rfidTLWXGZ;RFID tag read at empty truck weighing
check_abnorm_tr46_Pcp309;rfidEJHYOM;RFID tag read at empty truck weighing
weigh_empty_tr20_Pcp171;WS19;Weight sensor for empty truck weighing
enter_tr18_Pcp207;rfidEGNSMV;RFID tag read at entrance
enter_tr19_Pcp20;rfidRCKRLL;RFID tag read at entrance
weigh_empty_tr29_Pcp113;WS05;Weight sensor for empty truck weighing
weigh_empty_tr11_Pcp479;WS16;Weight sensor for empty truck weighing
check_abnorm_tr20_Pcp171;rfidXPDNSC;RFID tag read at empty truck weighing
weigh_empty_tr33_Pcp360;WS20;Weight sensor for empty truck weighing
check_abnorm_tr29_Pcp113;rfidOIGYVC;RFID tag read at empty truck weighing
check_abnorm_tr11_Pcp479;rfidSCPJCE;RFID tag read at empty truck weighing
weigh_empty_tr19_Pcp20;WS18;Weight sensor for empty truck weighing
weigh_empty_tr27_Pcp336;WS15;Weight sensor for empty truck weighing
check_abnorm_tr33_Pcp360;rfidMVJRXE;RFID tag read at empty truck weighing
determine_continu_tr20_Pcp171_Silo6;Temp6;Temperature sensor for determining the pickup continuation
determine_continu_tr20_Pcp171_Silo6;Humd6;Humidity sensor for determining the pickup continuation
determine_continu_tr20_Pcp171_Silo6;GrainTemp16;1st grain temperature sensor for determining the pickup continuation
determine_continu_tr20_Pcp171_Silo6;GrainTemp17;2nd grain temperature sensor for determining the pickup continuation
determine_continu_tr20_Pcp171_Silo6;GrainTemp18;3rd grain temperature sensor for determining the pickup continuation
check_abnorm_tr19_Pcp20;rfidRCKRLL;RFID tag read at empty truck weighing
determine_continu_tr30_Pcp454_Silo14;Temp14;Temperature sensor for determining the pickup continuation
determine_continu_tr30_Pcp454_Silo14;Humd14;Humidity sensor for determining the pickup continuation
determine_continu_tr30_Pcp454_Silo14;GrainTemp40;1st grain temperature sensor for determining the pickup continuation
determine_continu_tr30_Pcp454_Silo14;GrainTemp41;2nd grain temperature sensor for determining the pickup continuation
determine_continu_tr30_Pcp454_Silo14;GrainTemp42;3rd grain temperature sensor for determining the pickup continuation
determine_continu_tr21_Pcp63_Silo18;Temp18;Temperature sensor for determining the pickup continuation
determine_continu_tr21_Pcp63_Silo18;Humd18;Humidity sensor for determining the pickup continuation
determine_continu_tr21_Pcp63_Silo18;GrainTemp52;1st grain temperature sensor for determining the pickup continuation
determine_continu_tr21_Pcp63_Silo18;GrainTemp53;2nd grain temperature sensor for determining the pickup continuation
determine_continu_tr21_Pcp63_Silo18;GrainTemp54;3rd grain temperature sensor for determining the pickup continuation
check_abnorm_tr27_Pcp336;rfidWOMLHU;RFID tag read at empty truck weighing
determine_continu_tr33_Pcp360_Silo14;Temp14;Temperature sensor for determining the pickup continuation
determine_continu_tr33_Pcp360_Silo14;Humd14;Humidity sensor for determining the pickup continuation
determine_continu_tr33_Pcp360_Silo14;GrainTemp40;1st grain temperature sensor for determining the pickup continuation
determine_continu_tr33_Pcp360_Silo14;GrainTemp41;2nd grain temperature sensor for determining the pickup continuation
determine_continu_tr33_Pcp360_Silo14;GrainTemp42;3rd grain temperature sensor for determining the pickup continuation
weigh_loaded_tr35_Pcp324;WS08;Weight sensor for loaded truck weighing
enter_tr39_Pcp362;rfidYGABPB;RFID tag read at entrance
determine_continu_tr29_Pcp113_Silo14;Temp14;Temperature sensor for determining the pickup continuation
determine_continu_tr29_Pcp113_Silo14;Humd14;Humidity sensor for determining the pickup continuation
determine_continu_tr29_Pcp113_Silo14;GrainTemp40;1st grain temperature sensor for determining the pickup continuation
determine_continu_tr29_Pcp113_Silo14;GrainTemp41;2nd grain temperature sensor for determining the pickup continuation
determine_continu_tr29_Pcp113_Silo14;GrainTemp42;3rd grain temperature sensor for determining the pickup continuation
enter_tr37_Pcp253;rfidUSNSHC;RFID tag read at entrance
enter_tr24_Pcp249;rfidPCMKUV;RFID tag read at entrance
weigh_empty_tr18_Pcp207;WS05;Weight sensor for empty truck weighing
weigh_empty_tr43_Pcp472;WS06;Weight sensor for empty truck weighing
enter_tr45_Pcp102;rfidSLQPDR;RFID tag read at entrance
check_abnorm_tr43_Pcp472;rfidGETQDY;RFID tag read at empty truck weighing
enter_tr31_Pcp484;rfidJDEWMH;RFID tag read at entrance
determine_continu_tr11_Pcp479_Silo1;Temp1;Temperature sensor for determining the pickup continuation
determine_continu_tr11_Pcp479_Silo1;Humd1;Humidity sensor for determining the pickup continuation
determine_continu_tr11_Pcp479_Silo1;GrainTemp1;1st grain temperature sensor for determining the pickup continuation
determine_continu_tr11_Pcp479_Silo1;GrainTemp2;2nd grain temperature sensor for determining the pickup continuation
determine_continu_tr11_Pcp479_Silo1;GrainTemp3;3rd grain temperature sensor for determining the pickup continuation
enter_tr42_Pcp23;rfidLEEHFK;RFID tag read at entrance
determine_continu_tr27_Pcp336_Silo4;Temp4;Temperature sensor for determining the pickup continuation
determine_continu_tr27_Pcp336_Silo4;Humd4;Humidity sensor for determining the pickup continuation
determine_continu_tr27_Pcp336_Silo4;GrainTemp10;1st grain temperature sensor for determining the pickup continuation
determine_continu_tr27_Pcp336_Silo4;GrainTemp11;2nd grain temperature sensor for determining the pickup continuation
determine_continu_tr27_Pcp336_Silo4;GrainTemp12;3rd grain temperature sensor for determining the pickup continuation
check_abnorm_tr18_Pcp207;rfidEGNSMV;RFID tag read at empty truck weighing
enter_tr15_Pcp96;rfidIDWLCS;RFID tag read at entrance
determine_continu_tr46_Pcp309_Silo14;Temp14;Temperature sensor for determining the pickup continuation
determine_continu_tr46_Pcp309_Silo14;Humd14;Humidity sensor for determining the pickup continuation
determine_continu_tr46_Pcp309_Silo14;GrainTemp40;1st grain temperature sensor for determining the pickup continuation
determine_continu_tr46_Pcp309_Silo14;GrainTemp41;2nd grain temperature sensor for determining the pickup continuation
determine_continu_tr46_Pcp309_Silo14;GrainTemp42;3rd grain temperature sensor for determining the pickup continuation
determine_continu_tr19_Pcp20_Silo9;Temp9;Temperature sensor for determining the pickup continuation
determine_continu_tr19_Pcp20_Silo9;Humd9;Humidity sensor for determining the pickup continuation
determine_continu_tr19_Pcp20_Silo9;GrainTemp25;1st grain temperature sensor for determining the pickup continuation
determine_continu_tr19_Pcp20_Silo9;GrainTemp26;2nd grain temperature sensor for determining the pickup continuation
determine_continu_tr19_Pcp20_Silo9;GrainTemp27;3rd grain temperature sensor for determining the pickup continuation
weigh_loaded_tr20_Pcp171;WS04;Weight sensor for loaded truck weighing
enter_tr7_Pcp168;rfidXNPCXE;RFID tag read at entrance
weigh_empty_tr31_Pcp484;WS01;Weight sensor for empty truck weighing
enter_tr38_Pcp86;rfidVIASXP;RFID tag read at entrance
check_abnorm_tr31_Pcp484;rfidJDEWMH;RFID tag read at empty truck weighing
weigh_empty_tr39_Pcp362;WS14;Weight sensor for empty truck weighing
check_abnorm_tr39_Pcp362;rfidYGABPB;RFID tag read at empty truck weighing
determine_continu_tr43_Pcp472_Silo12;Temp12;Temperature sensor for determining the pickup continuation
determine_continu_tr43_Pcp472_Silo12;Humd12;Humidity sensor for determining the pickup continuation
determine_continu_tr43_Pcp472_Silo12;GrainTemp34;1st grain temperature sensor for determining the pickup continuation
determine_continu_tr43_Pcp472_Silo12;GrainTemp35;2nd grain temperature sensor for determining the pickup continuation
determine_continu_tr43_Pcp472_Silo12;GrainTemp36;3rd grain temperature sensor for determining the pickup continuation
weigh_empty_tr45_Pcp102;WS09;Weight sensor for empty truck weighing
weigh_empty_tr37_Pcp253;WS12;Weight sensor for empty truck weighing
check_abnorm_tr45_Pcp102;rfidSLQPDR;RFID tag read at empty truck weighing
enter_tr25_Pcp407;rfidMFTSWW;RFID tag read at entrance
weigh_empty_tr24_Pcp249;WS15;Weight sensor for empty truck weighing
weigh_empty_tr7_Pcp168;WS17;Weight sensor for empty truck weighing
check_abnorm_tr37_Pcp253;rfidUSNSHC;RFID tag read at empty truck weighing
weigh_loaded_tr44_Pcp427;WS19;Weight sensor for loaded truck weighing
check_abnorm_tr24_Pcp249;rfidPCMKUV;RFID tag read at empty truck weighing
determine_continu_tr39_Pcp362_Silo9;Temp9;Temperature sensor for determining the pickup continuation
determine_continu_tr39_Pcp362_Silo9;Humd9;Humidity sensor for determining the pickup continuation
determine_continu_tr39_Pcp362_Silo9;GrainTemp25;1st grain temperature sensor for determining the pickup continuation
determine_continu_tr39_Pcp362_Silo9;GrainTemp26;2nd grain temperature sensor for determining the pickup continuation
determine_continu_tr39_Pcp362_Silo9;GrainTemp27;3rd grain temperature sensor for determining the pickup continuation
check_abnorm_tr7_Pcp168;rfidXNPCXE;RFID tag read at empty truck weighing
weigh_empty_tr38_Pcp86;WS10;Weight sensor for empty truck weighing
check_abnorm_tr38_Pcp86;rfidVIASXP;RFID tag read at empty truck weighing
weigh_loaded_tr30_Pcp454;WS18;Weight sensor for loaded truck weighing
determine_continu_tr31_Pcp484_Silo12;Temp12;Temperature sensor for determining the pickup continuation
determine_continu_tr31_Pcp484_Silo12;Humd12;Humidity sensor for determining the pickup continuation
determine_continu_tr31_Pcp484_Silo12;GrainTemp34;1st grain temperature sensor for determining the pickup continuation
determine_continu_tr31_Pcp484_Silo12;GrainTemp35;2nd grain temperature sensor for determining the pickup continuation
determine_continu_tr31_Pcp484_Silo12;GrainTemp36;3rd grain temperature sensor for determining the pickup continuation
enter_tr8_Pcp221;rfidCEZEBQ;RFID tag read at entrance
determine_continu_tr18_Pcp207_Silo9;Temp9;Temperature sensor for determining the pickup continuation
determine_continu_tr18_Pcp207_Silo9;Humd9;Humidity sensor for determining the pickup continuation
determine_continu_tr18_Pcp207_Silo9;GrainTemp25;1st grain temperature sensor for determining the pickup continuation
determine_continu_tr18_Pcp207_Silo9;GrainTemp26;2nd grain temperature sensor for determining the pickup continuation
determine_continu_tr18_Pcp207_Silo9;GrainTemp27;3rd grain temperature sensor for determining the pickup continuation
enter_tr1_Pcp207;rfidBKTRLP;RFID tag read at entrance
weigh_empty_tr15_Pcp96;WS19;Weight sensor for empty truck weighing
determine_continu_tr7_Pcp168_Silo15;Temp15;Temperature sensor for determining the pickup continuation
determine_continu_tr7_Pcp168_Silo15;Humd15;Humidity sensor for determining the pickup continuation
determine_continu_tr7_Pcp168_Silo15;GrainTemp43;1st grain temperature sensor for determining the pickup continuation
determine_continu_tr7_Pcp168_Silo15;GrainTemp44;2nd grain temperature sensor for determining the pickup continuation
determine_continu_tr7_Pcp168_Silo15;GrainTemp45;3rd grain temperature sensor for determining the pickup continuation
enter_tr17_Pcp305;rfidVYEBVG;RFID tag read at entrance
check_abnorm_tr15_Pcp96;rfidIDWLCS;RFID tag read at empty truck weighing
enter_tr32_Pcp64;rfidQCYTDW;RFID tag read at entrance
enter_tr6_Pcp336;rfidQSKZVB;RFID tag read at entrance
weigh_loaded_tr21_Pcp63;WS04;Weight sensor for loaded truck weighing
weigh_empty_tr25_Pcp407;WS11;Weight sensor for empty truck weighing
check_abnorm_tr25_Pcp407;rfidMFTSWW;RFID tag read at empty truck weighing
determine_continu_tr37_Pcp253_Silo13;Temp13;Temperature sensor for determining the pickup continuation
determine_continu_tr37_Pcp253_Silo13;Humd13;Humidity sensor for determining the pickup continuation
determine_continu_tr37_Pcp253_Silo13;GrainTemp37;1st grain temperature sensor for determining the pickup continuation
determine_continu_tr37_Pcp253_Silo13;GrainTemp38;2nd grain temperature sensor for determining the pickup continuation
determine_continu_tr37_Pcp253_Silo13;GrainTemp39;3rd grain temperature sensor for determining the pickup continuation
weigh_loaded_tr11_Pcp479;WS18;Weight sensor for loaded truck weighing
determine_continu_tr38_Pcp86_Silo1;Temp1;Temperature sensor for determining the pickup continuation
determine_continu_tr38_Pcp86_Silo1;Humd1;Humidity sensor for determining the pickup continuation
determine_continu_tr38_Pcp86_Silo1;GrainTemp1;1st grain temperature sensor for determining the pickup continuation
determine_continu_tr38_Pcp86_Silo1;GrainTemp2;2nd grain temperature sensor for determining the pickup continuation
determine_continu_tr38_Pcp86_Silo1;GrainTemp3;3rd grain temperature sensor for determining the pickup continuation
determine_continu_tr25_Pcp407_Silo19;Temp19;Temperature sensor for determining the pickup continuation
determine_continu_tr25_Pcp407_Silo19;Humd19;Humidity sensor for determining the pickup continuation
determine_continu_tr25_Pcp407_Silo19;GrainTemp55;1st grain temperature sensor for determining the pickup continuation
determine_continu_tr25_Pcp407_Silo19;GrainTemp56;2nd grain temperature sensor for determining the pickup continuation
determine_continu_tr25_Pcp407_Silo19;GrainTemp57;3rd grain temperature sensor for determining the pickup continuation
weigh_empty_tr6_Pcp336;WS03;Weight sensor for empty truck weighing
check_abnorm_tr6_Pcp336;rfidQSKZVB;RFID tag read at empty truck weighing
weigh_empty_tr42_Pcp23;WS17;Weight sensor for empty truck weighing
weigh_empty_tr8_Pcp221;WS10;Weight sensor for empty truck weighing
determine_continu_tr45_Pcp102_Silo13;Temp13;Temperature sensor for determining the pickup continuation
determine_continu_tr45_Pcp102_Silo13;Humd13;Humidity sensor for determining the pickup continuation
determine_continu_tr45_Pcp102_Silo13;GrainTemp37;1st grain temperature sensor for determining the pickup continuation
determine_continu_tr45_Pcp102_Silo13;GrainTemp38;2nd grain temperature sensor for determining the pickup continuation
determine_continu_tr45_Pcp102_Silo13;GrainTemp39;3rd grain temperature sensor for determining the pickup continuation
check_abnorm_tr8_Pcp221;rfidCEZEBQ;RFID tag read at empty truck weighing
weigh_empty_tr17_Pcp305;WS03;Weight sensor for empty truck weighing
check_abnorm_tr42_Pcp23;rfidLEEHFK;RFID tag read at empty truck weighing
weigh_loaded_tr49_Pcp330;WS01;Weight sensor for loaded truck weighing
determine_continu_tr24_Pcp249_Silo20;Temp20;Temperature sensor for determining the pickup continuation
determine_continu_tr24_Pcp249_Silo20;Humd20;Humidity sensor for determining the pickup continuation
determine_continu_tr24_Pcp249_Silo20;GrainTemp58;1st grain temperature sensor for determining the pickup continuation
determine_continu_tr24_Pcp249_Silo20;GrainTemp59;2nd grain temperature sensor for determining the pickup continuation
determine_continu_tr24_Pcp249_Silo20;GrainTemp60;3rd grain temperature sensor for determining the pickup continuation
weigh_loaded_tr33_Pcp360;WS06;Weight sensor for loaded truck weighing
check_abnorm_tr17_Pcp305;rfidVYEBVG;RFID tag read at empty truck weighing
weigh_empty_tr32_Pcp64;WS05;Weight sensor for empty truck weighing
check_abnorm_tr32_Pcp64;rfidQCYTDW;RFID tag read at empty truck weighing
weigh_loaded_tr7_Pcp168;WS16;Weight sensor for loaded truck weighing
determine_continu_tr42_Pcp23_Silo1;Temp1;Temperature sensor for determining the pickup continuation
determine_continu_tr42_Pcp23_Silo1;Humd1;Humidity sensor for determining the pickup continuation
determine_continu_tr42_Pcp23_Silo1;GrainTemp1;1st grain temperature sensor for determining the pickup continuation
determine_continu_tr42_Pcp23_Silo1;GrainTemp2;2nd grain temperature sensor for determining the pickup continuation
determine_continu_tr42_Pcp23_Silo1;GrainTemp3;3rd grain temperature sensor for determining the pickup continuation
weigh_loaded_tr18_Pcp207;WS17;Weight sensor for loaded truck weighing
weigh_empty_tr1_Pcp207;WS08;Weight sensor for empty truck weighing
determine_continu_tr15_Pcp96_Silo12;Temp12;Temperature sensor for determining the pickup continuation
determine_continu_tr15_Pcp96_Silo12;Humd12;Humidity sensor for determining the pickup continuation
determine_continu_tr15_Pcp96_Silo12;GrainTemp34;1st grain temperature sensor for determining the pickup continuation
determine_continu_tr15_Pcp96_Silo12;GrainTemp35;2nd grain temperature sensor for determining the pickup continuation
determine_continu_tr15_Pcp96_Silo12;GrainTemp36;3rd grain temperature sensor for determining the pickup continuation
weigh_loaded_tr25_Pcp407;WS19;Weight sensor for loaded truck weighing
check_abnorm_tr1_Pcp207;rfidBKTRLP;RFID tag read at empty truck weighing
determine_continu_tr8_Pcp221_Silo14;Temp14;Temperature sensor for determining the pickup continuation
determine_continu_tr8_Pcp221_Silo14;Humd14;Humidity sensor for determining the pickup continuation
determine_continu_tr8_Pcp221_Silo14;GrainTemp40;1st grain temperature sensor for determining the pickup continuation
determine_continu_tr8_Pcp221_Silo14;GrainTemp41;2nd grain temperature sensor for determining the pickup continuation
determine_continu_tr8_Pcp221_Silo14;GrainTemp42;3rd grain temperature sensor for determining the pickup continuation
weigh_loaded_tr38_Pcp86;WS10;Weight sensor for loaded truck weighing
determine_continu_tr1_Pcp207_Silo9;Temp9;Temperature sensor for determining the pickup continuation
determine_continu_tr1_Pcp207_Silo9;Humd9;Humidity sensor for determining the pickup continuation
determine_continu_tr1_Pcp207_Silo9;GrainTemp25;1st grain temperature sensor for determining the pickup continuation
determine_continu_tr1_Pcp207_Silo9;GrainTemp26;2nd grain temperature sensor for determining the pickup continuation
determine_continu_tr1_Pcp207_Silo9;GrainTemp27;3rd grain temperature sensor for determining the pickup continuation
determine_continu_tr17_Pcp305_Silo16;Temp16;Temperature sensor for determining the pickup continuation
determine_continu_tr17_Pcp305_Silo16;Humd16;Humidity sensor for determining the pickup continuation
determine_continu_tr17_Pcp305_Silo16;GrainTemp46;1st grain temperature sensor for determining the pickup continuation
determine_continu_tr17_Pcp305_Silo16;GrainTemp47;2nd grain temperature sensor for determining the pickup continuation
determine_continu_tr17_Pcp305_Silo16;GrainTemp48;3rd grain temperature sensor for determining the pickup continuation
determine_continu_tr6_Pcp336_Silo4;Temp4;Temperature sensor for determining the pickup continuation
determine_continu_tr6_Pcp336_Silo4;Humd4;Humidity sensor for determining the pickup continuation
determine_continu_tr6_Pcp336_Silo4;GrainTemp10;1st grain temperature sensor for determining the pickup continuation
determine_continu_tr6_Pcp336_Silo4;GrainTemp11;2nd grain temperature sensor for determining the pickup continuation
determine_continu_tr6_Pcp336_Silo4;GrainTemp12;3rd grain temperature sensor for determining the pickup continuation
weigh_loaded_tr26_Pcp320;WS14;Weight sensor for loaded truck weighing
enter_tr16_Pcp163;rfidIICVAH;RFID tag read at entrance
determine_continu_tr32_Pcp64_Silo20;Temp20;Temperature sensor for determining the pickup continuation
determine_continu_tr32_Pcp64_Silo20;Humd20;Humidity sensor for determining the pickup continuation
determine_continu_tr32_Pcp64_Silo20;GrainTemp58;1st grain temperature sensor for determining the pickup continuation
determine_continu_tr32_Pcp64_Silo20;GrainTemp59;2nd grain temperature sensor for determining the pickup continuation
determine_continu_tr32_Pcp64_Silo20;GrainTemp60;3rd grain temperature sensor for determining the pickup continuation
weigh_loaded_tr1_Pcp207;WS05;Weight sensor for loaded truck weighing
enter_tr14_Pcp197;rfidYREIDQ;RFID tag read at entrance
weigh_loaded_tr29_Pcp113;WS14;Weight sensor for loaded truck weighing
enter_tr5_Pcp334;rfidSVWFVZ;RFID tag read at entrance
weigh_empty_tr16_Pcp163;WS02;Weight sensor for empty truck weighing
check_abnorm_tr16_Pcp163;rfidIICVAH;RFID tag read at empty truck weighing
weigh_empty_tr14_Pcp197;WS20;Weight sensor for empty truck weighing
check_abnorm_tr14_Pcp197;rfidYREIDQ;RFID tag read at empty truck weighing
weigh_loaded_tr17_Pcp305;WS12;Weight sensor for loaded truck weighing
determine_continu_tr16_Pcp163_Silo1;Temp1;Temperature sensor for determining the pickup continuation
determine_continu_tr16_Pcp163_Silo1;Humd1;Humidity sensor for determining the pickup continuation
determine_continu_tr16_Pcp163_Silo1;GrainTemp1;1st grain temperature sensor for determining the pickup continuation
determine_continu_tr16_Pcp163_Silo1;GrainTemp2;2nd grain temperature sensor for determining the pickup continuation
determine_continu_tr16_Pcp163_Silo1;GrainTemp3;3rd grain temperature sensor for determining the pickup continuation
weigh_loaded_tr40_Pcp1;WS06;Weight sensor for loaded truck weighing
weigh_loaded_tr4_Pcp428;WS14;Weight sensor for loaded truck weighing
weigh_loaded_tr24_Pcp249;WS20;Weight sensor for loaded truck weighing
weigh_loaded_tr32_Pcp64;WS08;Weight sensor for loaded truck weighing
determine_continu_tr14_Pcp197_Silo13;Temp13;Temperature sensor for determining the pickup continuation
determine_continu_tr14_Pcp197_Silo13;Humd13;Humidity sensor for determining the pickup continuation
determine_continu_tr14_Pcp197_Silo13;GrainTemp37;1st grain temperature sensor for determining the pickup continuation
determine_continu_tr14_Pcp197_Silo13;GrainTemp38;2nd grain temperature sensor for determining the pickup continuation
determine_continu_tr14_Pcp197_Silo13;GrainTemp39;3rd grain temperature sensor for determining the pickup continuation
weigh_loaded_tr8_Pcp221;WS02;Weight sensor for loaded truck weighing
weigh_loaded_tr15_Pcp96;WS18;Weight sensor for loaded truck weighing
weigh_loaded_tr46_Pcp309;WS13;Weight sensor for loaded truck weighing
weigh_empty_tr5_Pcp334;WS10;Weight sensor for empty truck weighing
enter_tr9_Pcp431;rfidKEBJGC;RFID tag read at entrance
check_abnorm_tr5_Pcp334;rfidSVWFVZ;RFID tag read at empty truck weighing
weigh_loaded_tr6_Pcp336;WS08;Weight sensor for loaded truck weighing
weigh_loaded_tr23_Pcp389;WS01;Weight sensor for loaded truck weighing
enter_tr28_Pcp155;rfidUOOSAQ;RFID tag read at entrance
determine_continu_tr5_Pcp334_Silo3;Temp3;Temperature sensor for determining the pickup continuation
determine_continu_tr5_Pcp334_Silo3;Humd3;Humidity sensor for determining the pickup continuation
determine_continu_tr5_Pcp334_Silo3;GrainTemp7;1st grain temperature sensor for determining the pickup continuation
determine_continu_tr5_Pcp334_Silo3;GrainTemp8;2nd grain temperature sensor for determining the pickup continuation
determine_continu_tr5_Pcp334_Silo3;GrainTemp9;3rd grain temperature sensor for determining the pickup continuation
weigh_loaded_tr39_Pcp362;WS19;Weight sensor for loaded truck weighing
weigh_loaded_tr19_Pcp20;WS14;Weight sensor for loaded truck weighing
weigh_empty_tr28_Pcp155;WS16;Weight sensor for empty truck weighing
check_abnorm_tr28_Pcp155;rfidUOOSAQ;RFID tag read at empty truck weighing
weigh_empty_tr9_Pcp431;WS06;Weight sensor for empty truck weighing
weigh_loaded_tr43_Pcp472;WS12;Weight sensor for loaded truck weighing
check_abnorm_tr9_Pcp431;rfidKEBJGC;RFID tag read at empty truck weighing
weigh_loaded_tr45_Pcp102;WS08;Weight sensor for loaded truck weighing
determine_continu_tr28_Pcp155_Silo9;Temp9;Temperature sensor for determining the pickup continuation
determine_continu_tr28_Pcp155_Silo9;Humd9;Humidity sensor for determining the pickup continuation
determine_continu_tr28_Pcp155_Silo9;GrainTemp25;1st grain temperature sensor for determining the pickup continuation
determine_continu_tr28_Pcp155_Silo9;GrainTemp26;2nd grain temperature sensor for determining the pickup continuation
determine_continu_tr28_Pcp155_Silo9;GrainTemp27;3rd grain temperature sensor for determining the pickup continuation
determine_continu_tr9_Pcp431_Silo8;Temp8;Temperature sensor for determining the pickup continuation
determine_continu_tr9_Pcp431_Silo8;Humd8;Humidity sensor for determining the pickup continuation
determine_continu_tr9_Pcp431_Silo8;GrainTemp22;1st grain temperature sensor for determining the pickup continuation
determine_continu_tr9_Pcp431_Silo8;GrainTemp23;2nd grain temperature sensor for determining the pickup continuation
determine_continu_tr9_Pcp431_Silo8;GrainTemp24;3rd grain temperature sensor for determining the pickup continuation
weigh_loaded_tr42_Pcp23;WS06;Weight sensor for loaded truck weighing
weigh_loaded_tr14_Pcp197;WS16;Weight sensor for loaded truck weighing
weigh_loaded_tr37_Pcp253;WS19;Weight sensor for loaded truck weighing
weigh_loaded_tr31_Pcp484;WS06;Weight sensor for loaded truck weighing
weigh_loaded_tr28_Pcp155;WS08;Weight sensor for loaded truck weighing
weigh_loaded_tr27_Pcp336;WS03;Weight sensor for loaded truck weighing
weigh_loaded_tr9_Pcp431;WS07;Weight sensor for loaded truck weighing
weigh_loaded_tr16_Pcp163;WS07;Weight sensor for loaded truck weighing
weigh_loaded_tr5_Pcp334;WS06;Weight sensor for loaded truck weighing
enter_tr48_Pcp95;rfidNSELSE;RFID tag read at entrance
weigh_empty_tr48_Pcp95;WS10;Weight sensor for empty truck weighing
check_abnorm_tr48_Pcp95;rfidNSELSE;RFID tag read at empty truck weighing
enter_tr34_Pcp311;rfidFMSUBE;RFID tag read at entrance
determine_continu_tr48_Pcp95_Silo6;Temp6;Temperature sensor for determining the pickup continuation
determine_continu_tr48_Pcp95_Silo6;Humd6;Humidity sensor for determining the pickup continuation
determine_continu_tr48_Pcp95_Silo6;GrainTemp16;1st grain temperature sensor for determining the pickup continuation
determine_continu_tr48_Pcp95_Silo6;GrainTemp17;2nd grain temperature sensor for determining the pickup continuation
determine_continu_tr48_Pcp95_Silo6;GrainTemp18;3rd grain temperature sensor for determining the pickup continuation
weigh_empty_tr34_Pcp311;WS17;Weight sensor for empty truck weighing
check_abnorm_tr34_Pcp311;rfidFMSUBE;RFID tag read at empty truck weighing
enter_tr41_Pcp49;rfidXWLCID;RFID tag read at entrance
determine_continu_tr34_Pcp311_Silo13;Temp13;Temperature sensor for determining the pickup continuation
determine_continu_tr34_Pcp311_Silo13;Humd13;Humidity sensor for determining the pickup continuation
determine_continu_tr34_Pcp311_Silo13;GrainTemp37;1st grain temperature sensor for determining the pickup continuation
determine_continu_tr34_Pcp311_Silo13;GrainTemp38;2nd grain temperature sensor for determining the pickup continuation
determine_continu_tr34_Pcp311_Silo13;GrainTemp39;3rd grain temperature sensor for determining the pickup continuation
enter_tr2_Pcp397;rfidSQKJGH;RFID tag read at entrance
enter_tr12_Pcp104;rfidVYYKGK;RFID tag read at entrance
enter_tr50_Pcp48;rfidXXIVNB;RFID tag read at entrance
weigh_empty_tr2_Pcp397;WS02;Weight sensor for empty truck weighing
weigh_empty_tr12_Pcp104;WS09;Weight sensor for empty truck weighing
check_abnorm_tr2_Pcp397;rfidSQKJGH;RFID tag read at empty truck weighing
check_abnorm_tr12_Pcp104;rfidVYYKGK;RFID tag read at empty truck weighing
determine_continu_tr2_Pcp397_Silo19;Temp19;Temperature sensor for determining the pickup continuation
determine_continu_tr2_Pcp397_Silo19;Humd19;Humidity sensor for determining the pickup continuation
determine_continu_tr2_Pcp397_Silo19;GrainTemp55;1st grain temperature sensor for determining the pickup continuation
determine_continu_tr2_Pcp397_Silo19;GrainTemp56;2nd grain temperature sensor for determining the pickup continuation
determine_continu_tr2_Pcp397_Silo19;GrainTemp57;3rd grain temperature sensor for determining the pickup continuation
weigh_empty_tr50_Pcp48;WS06;Weight sensor for empty truck weighing
check_abnorm_tr50_Pcp48;rfidXXIVNB;RFID tag read at empty truck weighing
determine_continu_tr12_Pcp104_Silo1;Temp1;Temperature sensor for determining the pickup continuation
determine_continu_tr12_Pcp104_Silo1;Humd1;Humidity sensor for determining the pickup continuation
determine_continu_tr12_Pcp104_Silo1;GrainTemp1;1st grain temperature sensor for determining the pickup continuation
determine_continu_tr12_Pcp104_Silo1;GrainTemp2;2nd grain temperature sensor for determining the pickup continuation
determine_continu_tr12_Pcp104_Silo1;GrainTemp3;3rd grain temperature sensor for determining the pickup continuation
weigh_empty_tr41_Pcp49;WS17;Weight sensor for empty truck weighing
check_abnorm_tr41_Pcp49;rfidXWLCID;RFID tag read at empty truck weighing
weigh_loaded_tr48_Pcp95;WS13;Weight sensor for loaded truck weighing
determine_continu_tr50_Pcp48_Silo15;Temp15;Temperature sensor for determining the pickup continuation
determine_continu_tr50_Pcp48_Silo15;Humd15;Humidity sensor for determining the pickup continuation
determine_continu_tr50_Pcp48_Silo15;GrainTemp43;1st grain temperature sensor for determining the pickup continuation
determine_continu_tr50_Pcp48_Silo15;GrainTemp44;2nd grain temperature sensor for determining the pickup continuation
determine_continu_tr50_Pcp48_Silo15;GrainTemp45;3rd grain temperature sensor for determining the pickup continuation
determine_continu_tr41_Pcp49_Silo16;Temp16;Temperature sensor for determining the pickup continuation
determine_continu_tr41_Pcp49_Silo16;Humd16;Humidity sensor for determining the pickup continuation
determine_continu_tr41_Pcp49_Silo16;GrainTemp46;1st grain temperature sensor for determining the pickup continuation
determine_continu_tr41_Pcp49_Silo16;GrainTemp47;2nd grain temperature sensor for determining the pickup continuation
determine_continu_tr41_Pcp49_Silo16;GrainTemp48;3rd grain temperature sensor for determining the pickup continuation
weigh_loaded_tr34_Pcp311;WS06;Weight sensor for loaded truck weighing
weigh_loaded_tr41_Pcp49;WS15;Weight sensor for loaded truck weighing
enter_tr13_Pcp490;rfidGTHHGD;RFID tag read at entrance
enter_tr47_Pcp430;rfidJGLUGP;RFID tag read at entrance
weigh_empty_tr13_Pcp490;WS04;Weight sensor for empty truck weighing
check_abnorm_tr13_Pcp490;rfidGTHHGD;RFID tag read at empty truck weighing
determine_continu_tr13_Pcp490_Silo9;Temp9;Temperature sensor for determining the pickup continuation
determine_continu_tr13_Pcp490_Silo9;Humd9;Humidity sensor for determining the pickup continuation
determine_continu_tr13_Pcp490_Silo9;GrainTemp25;1st grain temperature sensor for determining the pickup continuation
determine_continu_tr13_Pcp490_Silo9;GrainTemp26;2nd grain temperature sensor for determining the pickup continuation
determine_continu_tr13_Pcp490_Silo9;GrainTemp27;3rd grain temperature sensor for determining the pickup continuation
weigh_empty_tr47_Pcp430;WS08;Weight sensor for empty truck weighing
check_abnorm_tr47_Pcp430;rfidJGLUGP;RFID tag read at empty truck weighing
weigh_loaded_tr50_Pcp48;WS13;Weight sensor for loaded truck weighing
determine_continu_tr47_Pcp430_Silo13;Temp13;Temperature sensor for determining the pickup continuation
determine_continu_tr47_Pcp430_Silo13;Humd13;Humidity sensor for determining the pickup continuation
determine_continu_tr47_Pcp430_Silo13;GrainTemp37;1st grain temperature sensor for determining the pickup continuation
determine_continu_tr47_Pcp430_Silo13;GrainTemp38;2nd grain temperature sensor for determining the pickup continuation
determine_continu_tr47_Pcp430_Silo13;GrainTemp39;3rd grain temperature sensor for determining the pickup continuation
enter_tr36_Pcp369;rfidHYTHBN;RFID tag read at entrance
enter_tr22_Pcp330;rfidENJOLW;RFID tag read at entrance
weigh_empty_tr36_Pcp369;WS17;Weight sensor for empty truck weighing
check_abnorm_tr36_Pcp369;rfidHYTHBN;RFID tag read at empty truck weighing
enter_tr3_Pcp270;rfidDRCUXI;RFID tag read at entrance
weigh_empty_tr22_Pcp330;WS14;Weight sensor for empty truck weighing
determine_continu_tr36_Pcp369_Silo12;Temp12;Temperature sensor for determining the pickup continuation
determine_continu_tr36_Pcp369_Silo12;Humd12;Humidity sensor for determining the pickup continuation
determine_continu_tr36_Pcp369_Silo12;GrainTemp34;1st grain temperature sensor for determining the pickup continuation
determine_continu_tr36_Pcp369_Silo12;GrainTemp35;2nd grain temperature sensor for determining the pickup continuation
determine_continu_tr36_Pcp369_Silo12;GrainTemp36;3rd grain temperature sensor for determining the pickup continuation
check_abnorm_tr22_Pcp330;rfidENJOLW;RFID tag read at empty truck weighing
weigh_loaded_tr2_Pcp397;WS06;Weight sensor for loaded truck weighing
weigh_empty_tr3_Pcp270;WS07;Weight sensor for empty truck weighing
check_abnorm_tr3_Pcp270;rfidDRCUXI;RFID tag read at empty truck weighing
determine_continu_tr22_Pcp330_Silo9;Temp9;Temperature sensor for determining the pickup continuation
determine_continu_tr22_Pcp330_Silo9;Humd9;Humidity sensor for determining the pickup continuation
determine_continu_tr22_Pcp330_Silo9;GrainTemp25;1st grain temperature sensor for determining the pickup continuation
determine_continu_tr22_Pcp330_Silo9;GrainTemp26;2nd grain temperature sensor for determining the pickup continuation
determine_continu_tr22_Pcp330_Silo9;GrainTemp27;3rd grain temperature sensor for determining the pickup continuation
determine_continu_tr3_Pcp270_Silo6;Temp6;Temperature sensor for determining the pickup continuation
determine_continu_tr3_Pcp270_Silo6;Humd6;Humidity sensor for determining the pickup continuation
determine_continu_tr3_Pcp270_Silo6;GrainTemp16;1st grain temperature sensor for determining the pickup continuation
determine_continu_tr3_Pcp270_Silo6;GrainTemp17;2nd grain temperature sensor for determining the pickup continuation
determine_continu_tr3_Pcp270_Silo6;GrainTemp18;3rd grain temperature sensor for determining the pickup continuation
weigh_loaded_tr13_Pcp490;WS06;Weight sensor for loaded truck weighing
weigh_loaded_tr47_Pcp430;WS07;Weight sensor for loaded truck weighing
weigh_loaded_tr22_Pcp330;WS19;Weight sensor for loaded truck weighing
weigh_loaded_tr12_Pcp104;WS20;Weight sensor for loaded truck weighing
weigh_loaded_tr36_Pcp369;WS02;Weight sensor for loaded truck weighing
weigh_loaded_tr3_Pcp270;WS17;Weight sensor for loaded truck weighing
enter_tr10_Pcp116;rfidOOVDPE;RFID tag read at entrance
weigh_empty_tr10_Pcp116;WS18;Weight sensor for empty truck weighing
check_abnorm_tr10_Pcp116;rfidOOVDPE;RFID tag read at empty truck weighing
determine_continu_tr10_Pcp116_Silo1;Temp1;Temperature sensor for determining the pickup continuation
determine_continu_tr10_Pcp116_Silo1;Humd1;Humidity sensor for determining the pickup continuation
determine_continu_tr10_Pcp116_Silo1;GrainTemp1;1st grain temperature sensor for determining the pickup continuation
determine_continu_tr10_Pcp116_Silo1;GrainTemp2;2nd grain temperature sensor for determining the pickup continuation
determine_continu_tr10_Pcp116_Silo1;GrainTemp3;3rd grain temperature sensor for determining the pickup continuation
enter_tr35_Pcp342;rfidPODCVH;RFID tag read at entrance
weigh_loaded_tr10_Pcp116;WS07;Weight sensor for loaded truck weighing
enter_tr20_Pcp103;rfidXPDNSC;RFID tag read at entrance
weigh_empty_tr35_Pcp342;WS08;Weight sensor for empty truck weighing
weigh_empty_tr20_Pcp103;WS04;Weight sensor for empty truck weighing
check_abnorm_tr35_Pcp342;rfidPODCVH;RFID tag read at empty truck weighing
check_abnorm_tr20_Pcp103;rfidXPDNSC;RFID tag read at empty truck weighing
enter_tr30_Pcp202;rfidCBMLGM;RFID tag read at entrance
enter_tr21_Pcp310;rfidTLWXGZ;RFID tag read at entrance
enter_tr11_Pcp397;rfidSCPJCE;RFID tag read at entrance
weigh_empty_tr21_Pcp310;WS08;Weight sensor for empty truck weighing
check_abnorm_tr21_Pcp310;rfidTLWXGZ;RFID tag read at empty truck weighing
enter_tr44_Pcp427;rfidJRRVME;RFID tag read at entrance
determine_continu_tr20_Pcp103_Silo9;Temp9;Temperature sensor for determining the pickup continuation
determine_continu_tr20_Pcp103_Silo9;Humd9;Humidity sensor for determining the pickup continuation
determine_continu_tr20_Pcp103_Silo9;GrainTemp25;1st grain temperature sensor for determining the pickup continuation
determine_continu_tr20_Pcp103_Silo9;GrainTemp26;2nd grain temperature sensor for determining the pickup continuation
determine_continu_tr20_Pcp103_Silo9;GrainTemp27;3rd grain temperature sensor for determining the pickup continuation
weigh_empty_tr11_Pcp397;WS01;Weight sensor for empty truck weighing
enter_tr49_Pcp469;rfidNJSWIM;RFID tag read at entrance
check_abnorm_tr11_Pcp397;rfidSCPJCE;RFID tag read at empty truck weighing
determine_continu_tr35_Pcp342_Silo14;Temp14;Temperature sensor for determining the pickup continuation
determine_continu_tr35_Pcp342_Silo14;Humd14;Humidity sensor for determining the pickup continuation
determine_continu_tr35_Pcp342_Silo14;GrainTemp40;1st grain temperature sensor for determining the pickup continuation
determine_continu_tr35_Pcp342_Silo14;GrainTemp41;2nd grain temperature sensor for determining the pickup continuation
determine_continu_tr35_Pcp342_Silo14;GrainTemp42;3rd grain temperature sensor for determining the pickup continuation
determine_continu_tr21_Pcp310_Silo10;Temp10;Temperature sensor for determining the pickup continuation
determine_continu_tr21_Pcp310_Silo10;Humd10;Humidity sensor for determining the pickup continuation
determine_continu_tr21_Pcp310_Silo10;GrainTemp28;1st grain temperature sensor for determining the pickup continuation
determine_continu_tr21_Pcp310_Silo10;GrainTemp29;2nd grain temperature sensor for determining the pickup continuation
determine_continu_tr21_Pcp310_Silo10;GrainTemp30;3rd grain temperature sensor for determining the pickup continuation
weigh_empty_tr30_Pcp202;WS02;Weight sensor for empty truck weighing
weigh_empty_tr44_Pcp427;WS11;Weight sensor for empty truck weighing
check_abnorm_tr30_Pcp202;rfidCBMLGM;RFID tag read at empty truck weighing
check_abnorm_tr44_Pcp427;rfidJRRVME;RFID tag read at empty truck weighing
weigh_empty_tr49_Pcp469;WS04;Weight sensor for empty truck weighing
determine_continu_tr30_Pcp202_Silo10;Temp10;Temperature sensor for determining the pickup continuation
determine_continu_tr30_Pcp202_Silo10;Humd10;Humidity sensor for determining the pickup continuation
determine_continu_tr30_Pcp202_Silo10;GrainTemp28;1st grain temperature sensor for determining the pickup continuation
determine_continu_tr30_Pcp202_Silo10;GrainTemp29;2nd grain temperature sensor for determining the pickup continuation
determine_continu_tr30_Pcp202_Silo10;GrainTemp30;3rd grain temperature sensor for determining the pickup continuation
enter_tr25_Pcp281;rfidMFTSWW;RFID tag read at entrance
check_abnorm_tr49_Pcp469;rfidNJSWIM;RFID tag read at empty truck weighing
determine_continu_tr11_Pcp397_Silo19;Temp19;Temperature sensor for determining the pickup continuation
determine_continu_tr11_Pcp397_Silo19;Humd19;Humidity sensor for determining the pickup continuation
determine_continu_tr11_Pcp397_Silo19;GrainTemp55;1st grain temperature sensor for determining the pickup continuation
determine_continu_tr11_Pcp397_Silo19;GrainTemp56;2nd grain temperature sensor for determining the pickup continuation
determine_continu_tr11_Pcp397_Silo19;GrainTemp57;3rd grain temperature sensor for determining the pickup continuation
enter_tr33_Pcp45;rfidMVJRXE;RFID tag read at entrance
weigh_empty_tr25_Pcp281;WS10;Weight sensor for empty truck weighing
determine_continu_tr44_Pcp427_Silo15;Temp15;Temperature sensor for determining the pickup continuation
determine_continu_tr44_Pcp427_Silo15;Humd15;Humidity sensor for determining the pickup continuation
determine_continu_tr44_Pcp427_Silo15;GrainTemp43;1st grain temperature sensor for determining the pickup continuation
determine_continu_tr44_Pcp427_Silo15;GrainTemp44;2nd grain temperature sensor for determining the pickup continuation
determine_continu_tr44_Pcp427_Silo15;GrainTemp45;3rd grain temperature sensor for determining the pickup continuation
check_abnorm_tr25_Pcp281;rfidMFTSWW;RFID tag read at empty truck weighing
enter_tr7_Pcp470;rfidXNPCXE;RFID tag read at entrance
enter_tr26_Pcp175;rfidNQRMLR;RFID tag read at entrance
determine_continu_tr49_Pcp469_Silo17;Temp17;Temperature sensor for determining the pickup continuation
determine_continu_tr49_Pcp469_Silo17;Humd17;Humidity sensor for determining the pickup continuation
determine_continu_tr49_Pcp469_Silo17;GrainTemp49;1st grain temperature sensor for determining the pickup continuation
determine_continu_tr49_Pcp469_Silo17;GrainTemp50;2nd grain temperature sensor for determining the pickup continuation
determine_continu_tr49_Pcp469_Silo17;GrainTemp51;3rd grain temperature sensor for determining the pickup continuation
determine_continu_tr25_Pcp281_Silo18;Temp18;Temperature sensor for determining the pickup continuation
determine_continu_tr25_Pcp281_Silo18;Humd18;Humidity sensor for determining the pickup continuation
determine_continu_tr25_Pcp281_Silo18;GrainTemp52;1st grain temperature sensor for determining the pickup continuation
determine_continu_tr25_Pcp281_Silo18;GrainTemp53;2nd grain temperature sensor for determining the pickup continuation
determine_continu_tr25_Pcp281_Silo18;GrainTemp54;3rd grain temperature sensor for determining the pickup continuation
weigh_empty_tr33_Pcp45;WS09;Weight sensor for empty truck weighing
check_abnorm_tr33_Pcp45;rfidMVJRXE;RFID tag read at empty truck weighing
enter_tr18_Pcp260;rfidEGNSMV;RFID tag read at entrance
enter_tr38_Pcp296;rfidVIASXP;RFID tag read at entrance
determine_continu_tr33_Pcp45_Silo6;Temp6;Temperature sensor for determining the pickup continuation
determine_continu_tr33_Pcp45_Silo6;Humd6;Humidity sensor for determining the pickup continuation
determine_continu_tr33_Pcp45_Silo6;GrainTemp16;1st grain temperature sensor for determining the pickup continuation
determine_continu_tr33_Pcp45_Silo6;GrainTemp17;2nd grain temperature sensor for determining the pickup continuation
determine_continu_tr33_Pcp45_Silo6;GrainTemp18;3rd grain temperature sensor for determining the pickup continuation
weigh_empty_tr26_Pcp175;WS15;Weight sensor for empty truck weighing
enter_tr29_Pcp276;rfidOIGYVC;RFID tag read at entrance
check_abnorm_tr26_Pcp175;rfidNQRMLR;RFID tag read at empty truck weighing
weigh_empty_tr18_Pcp260;WS12;Weight sensor for empty truck weighing
check_abnorm_tr18_Pcp260;rfidEGNSMV;RFID tag read at empty truck weighing
weigh_empty_tr7_Pcp470;WS06;Weight sensor for empty truck weighing
check_abnorm_tr7_Pcp470;rfidXNPCXE;RFID tag read at empty truck weighing
enter_tr1_Pcp485;rfidBKTRLP;RFID tag read at entrance
weigh_loaded_tr20_Pcp103;WS01;Weight sensor for loaded truck weighing
determine_continu_tr18_Pcp260_Silo13;Temp13;Temperature sensor for determining the pickup continuation
determine_continu_tr18_Pcp260_Silo13;Humd13;Humidity sensor for determining the pickup continuation
determine_continu_tr18_Pcp260_Silo13;GrainTemp37;1st grain temperature sensor for determining the pickup continuation
determine_continu_tr18_Pcp260_Silo13;GrainTemp38;2nd grain temperature sensor for determining the pickup continuation
determine_continu_tr18_Pcp260_Silo13;GrainTemp39;3rd grain temperature sensor for determining the pickup continuation
determine_continu_tr26_Pcp175_Silo6;Temp6;Temperature sensor for determining the pickup continuation
determine_continu_tr26_Pcp175_Silo6;Humd6;Humidity sensor for determining the pickup continuation
determine_continu_tr26_Pcp175_Silo6;GrainTemp16;1st grain temperature sensor for determining the pickup continuation
determine_continu_tr26_Pcp175_Silo6;GrainTemp17;2nd grain temperature sensor for determining the pickup continuation
determine_continu_tr26_Pcp175_Silo6;GrainTemp18;3rd grain temperature sensor for determining the pickup continuation
determine_continu_tr7_Pcp470_Silo12;Temp12;Temperature sensor for determining the pickup continuation
determine_continu_tr7_Pcp470_Silo12;Humd12;Humidity sensor for determining the pickup continuation
determine_continu_tr7_Pcp470_Silo12;GrainTemp34;1st grain temperature sensor for determining the pickup continuation
determine_continu_tr7_Pcp470_Silo12;GrainTemp35;2nd grain temperature sensor for determining the pickup continuation
determine_continu_tr7_Pcp470_Silo12;GrainTemp36;3rd grain temperature sensor for determining the pickup continuation
weigh_loaded_tr49_Pcp469;WS07;Weight sensor for loaded truck weighing
enter_tr17_Pcp423;rfidVYEBVG;RFID tag read at entrance
enter_tr40_Pcp275;rfidZEKWJR;RFID tag read at entrance
weigh_empty_tr38_Pcp296;WS14;Weight sensor for empty truck weighing
check_abnorm_tr38_Pcp296;rfidVIASXP;RFID tag read at empty truck weighing
enter_tr4_Pcp38;rfidTGNSNI;RFID tag read at entrance
enter_tr24_Pcp41;rfidPCMKUV;RFID tag read at entrance
determine_continu_tr38_Pcp296_Silo13;Temp13;Temperature sensor for determining the pickup continuation
determine_continu_tr38_Pcp296_Silo13;Humd13;Humidity sensor for determining the pickup continuation
determine_continu_tr38_Pcp296_Silo13;GrainTemp37;1st grain temperature sensor for determining the pickup continuation
determine_continu_tr38_Pcp296_Silo13;GrainTemp38;2nd grain temperature sensor for determining the pickup continuation
determine_continu_tr38_Pcp296_Silo13;GrainTemp39;3rd grain temperature sensor for determining the pickup continuation
enter_tr8_Pcp76;rfidCEZEBQ;RFID tag read at entrance
weigh_empty_tr40_Pcp275;WS14;Weight sensor for empty truck weighing
enter_tr32_Pcp457;rfidQCYTDW;RFID tag read at entrance
weigh_empty_tr29_Pcp276;WS13;Weight sensor for empty truck weighing
enter_tr46_Pcp177;rfidEJHYOM;RFID tag read at entrance
check_abnorm_tr40_Pcp275;rfidZEKWJR;RFID tag read at empty truck weighing
weigh_empty_tr1_Pcp485;WS06;Weight sensor for empty truck weighing
check_abnorm_tr29_Pcp276;rfidOIGYVC;RFID tag read at empty truck weighing
enter_tr15_Pcp213;rfidIDWLCS;RFID tag read at entrance
check_abnorm_tr1_Pcp485;rfidBKTRLP;RFID tag read at empty truck weighing
weigh_empty_tr4_Pcp38;WS13;Weight sensor for empty truck weighing
weigh_empty_tr24_Pcp41;WS12;Weight sensor for empty truck weighing
check_abnorm_tr4_Pcp38;rfidTGNSNI;RFID tag read at empty truck weighing
enter_tr6_Pcp106;rfidQSKZVB;RFID tag read at entrance
check_abnorm_tr24_Pcp41;rfidPCMKUV;RFID tag read at empty truck weighing
weigh_empty_tr8_Pcp76;WS06;Weight sensor for empty truck weighing
determine_continu_tr24_Pcp41_Silo20;Temp20;Temperature sensor for determining the pickup continuation
determine_continu_tr24_Pcp41_Silo20;Humd20;Humidity sensor for determining the pickup continuation
determine_continu_tr24_Pcp41_Silo20;GrainTemp58;1st grain temperature sensor for determining the pickup continuation
determine_continu_tr24_Pcp41_Silo20;GrainTemp59;2nd grain temperature sensor for determining the pickup continuation
determine_continu_tr24_Pcp41_Silo20;GrainTemp60;3rd grain temperature sensor for determining the pickup continuation
determine_continu_tr29_Pcp276_Silo12;Temp12;Temperature sensor for determining the pickup continuation
determine_continu_tr29_Pcp276_Silo12;Humd12;Humidity sensor for determining the pickup continuation
determine_continu_tr29_Pcp276_Silo12;GrainTemp34;1st grain temperature sensor for determining the pickup continuation
determine_continu_tr29_Pcp276_Silo12;GrainTemp35;2nd grain temperature sensor for determining the pickup continuation
determine_continu_tr29_Pcp276_Silo12;GrainTemp36;3rd grain temperature sensor for determining the pickup continuation
determine_continu_tr4_Pcp38_Silo5;Temp5;Temperature sensor for determining the pickup continuation
determine_continu_tr4_Pcp38_Silo5;Humd5;Humidity sensor for determining the pickup continuation
determine_continu_tr4_Pcp38_Silo5;GrainTemp13;1st grain temperature sensor for determining the pickup continuation
determine_continu_tr4_Pcp38_Silo5;GrainTemp14;2nd grain temperature sensor for determining the pickup continuation
determine_continu_tr4_Pcp38_Silo5;GrainTemp15;3rd grain temperature sensor for determining the pickup continuation
enter_tr23_Pcp56;rfidKGKHYU;RFID tag read at entrance
weigh_loaded_tr44_Pcp427;WS18;Weight sensor for loaded truck weighing
determine_continu_tr1_Pcp485_Silo19;Temp19;Temperature sensor for determining the pickup continuation
determine_continu_tr1_Pcp485_Silo19;Humd19;Humidity sensor for determining the pickup continuation
determine_continu_tr1_Pcp485_Silo19;GrainTemp55;1st grain temperature sensor for determining the pickup continuation
determine_continu_tr1_Pcp485_Silo19;GrainTemp56;2nd grain temperature sensor for determining the pickup continuation
determine_continu_tr1_Pcp485_Silo19;GrainTemp57;3rd grain temperature sensor for determining the pickup continuation
check_abnorm_tr8_Pcp76;rfidCEZEBQ;RFID tag read at empty truck weighing
determine_continu_tr8_Pcp76_Silo19;Temp19;Temperature sensor for determining the pickup continuation
determine_continu_tr8_Pcp76_Silo19;Humd19;Humidity sensor for determining the pickup continuation
determine_continu_tr8_Pcp76_Silo19;GrainTemp55;1st grain temperature sensor for determining the pickup continuation
determine_continu_tr8_Pcp76_Silo19;GrainTemp56;2nd grain temperature sensor for determining the pickup continuation
determine_continu_tr8_Pcp76_Silo19;GrainTemp57;3rd grain temperature sensor for determining the pickup continuation
weigh_empty_tr15_Pcp213;WS18;Weight sensor for empty truck weighing
determine_continu_tr40_Pcp275_Silo2;Temp2;Temperature sensor for determining the pickup continuation
determine_continu_tr40_Pcp275_Silo2;Humd2;Humidity sensor for determining the pickup continuation
determine_continu_tr40_Pcp275_Silo2;GrainTemp4;1st grain temperature sensor for determining the pickup continuation
determine_continu_tr40_Pcp275_Silo2;GrainTemp5;2nd grain temperature sensor for determining the pickup continuation
determine_continu_tr40_Pcp275_Silo2;GrainTemp6;3rd grain temperature sensor for determining the pickup continuation
weigh_empty_tr32_Pcp457;WS12;Weight sensor for empty truck weighing
weigh_empty_tr17_Pcp423;WS06;Weight sensor for empty truck weighing
weigh_empty_tr46_Pcp177;WS13;Weight sensor for empty truck weighing
weigh_empty_tr6_Pcp106;WS04;Weight sensor for empty truck weighing
check_abnorm_tr17_Pcp423;rfidVYEBVG;RFID tag read at empty truck weighing
check_abnorm_tr6_Pcp106;rfidQSKZVB;RFID tag read at empty truck weighing
check_abnorm_tr15_Pcp213;rfidIDWLCS;RFID tag read at empty truck weighing
enter_tr39_Pcp24;rfidYGABPB;RFID tag read at entrance
check_abnorm_tr32_Pcp457;rfidQCYTDW;RFID tag read at empty truck weighing
check_abnorm_tr46_Pcp177;rfidEJHYOM;RFID tag read at empty truck weighing
determine_continu_tr17_Pcp423_Silo2;Temp2;Temperature sensor for determining the pickup continuation
determine_continu_tr17_Pcp423_Silo2;Humd2;Humidity sensor for determining the pickup continuation
determine_continu_tr17_Pcp423_Silo2;GrainTemp4;1st grain temperature sensor for determining the pickup continuation
determine_continu_tr17_Pcp423_Silo2;GrainTemp5;2nd grain temperature sensor for determining the pickup continuation
determine_continu_tr17_Pcp423_Silo2;GrainTemp6;3rd grain temperature sensor for determining the pickup continuation
determine_continu_tr6_Pcp106_Silo5;Temp5;Temperature sensor for determining the pickup continuation
determine_continu_tr6_Pcp106_Silo5;Humd5;Humidity sensor for determining the pickup continuation
determine_continu_tr6_Pcp106_Silo5;GrainTemp13;1st grain temperature sensor for determining the pickup continuation
determine_continu_tr6_Pcp106_Silo5;GrainTemp14;2nd grain temperature sensor for determining the pickup continuation
determine_continu_tr6_Pcp106_Silo5;GrainTemp15;3rd grain temperature sensor for determining the pickup continuation
weigh_empty_tr23_Pcp56;WS04;Weight sensor for empty truck weighing
determine_continu_tr15_Pcp213_Silo15;Temp15;Temperature sensor for determining the pickup continuation
determine_continu_tr15_Pcp213_Silo15;Humd15;Humidity sensor for determining the pickup continuation
determine_continu_tr15_Pcp213_Silo15;GrainTemp43;1st grain temperature sensor for determining the pickup continuation
determine_continu_tr15_Pcp213_Silo15;GrainTemp44;2nd grain temperature sensor for determining the pickup continuation
determine_continu_tr15_Pcp213_Silo15;GrainTemp45;3rd grain temperature sensor for determining the pickup continuation
enter_tr43_Pcp204;rfidGETQDY;RFID tag read at entrance
check_abnorm_tr23_Pcp56;rfidKGKHYU;RFID tag read at empty truck weighing
determine_continu_tr32_Pcp457_Silo20;Temp20;Temperature sensor for determining the pickup continuation
determine_continu_tr32_Pcp457_Silo20;Humd20;Humidity sensor for determining the pickup continuation
determine_continu_tr32_Pcp457_Silo20;GrainTemp58;1st grain temperature sensor for determining the pickup continuation
determine_continu_tr32_Pcp457_Silo20;GrainTemp59;2nd grain temperature sensor for determining the pickup continuation
determine_continu_tr32_Pcp457_Silo20;GrainTemp60;3rd grain temperature sensor for determining the pickup continuation
determine_continu_tr46_Pcp177_Silo9;Temp9;Temperature sensor for determining the pickup continuation
determine_continu_tr46_Pcp177_Silo9;Humd9;Humidity sensor for determining the pickup continuation
determine_continu_tr46_Pcp177_Silo9;GrainTemp25;1st grain temperature sensor for determining the pickup continuation
determine_continu_tr46_Pcp177_Silo9;GrainTemp26;2nd grain temperature sensor for determining the pickup continuation
determine_continu_tr46_Pcp177_Silo9;GrainTemp27;3rd grain temperature sensor for determining the pickup continuation
weigh_loaded_tr7_Pcp470;WS16;Weight sensor for loaded truck weighing
enter_tr19_Pcp151;rfidRCKRLL;RFID tag read at entrance
weigh_loaded_tr25_Pcp281;WS08;Weight sensor for loaded truck weighing
enter_tr45_Pcp495;rfidSLQPDR;RFID tag read at entrance
weigh_empty_tr39_Pcp24;WS09;Weight sensor for empty truck weighing
weigh_empty_tr43_Pcp204;WS16;Weight sensor for empty truck weighing
weigh_loaded_tr40_Pcp275;WS01;Weight sensor for loaded truck weighing
weigh_loaded_tr4_Pcp38;WS13;Weight sensor for loaded truck weighing
check_abnorm_tr39_Pcp24;rfidYGABPB;RFID tag read at empty truck weighing
check_abnorm_tr43_Pcp204;rfidGETQDY;RFID tag read at empty truck weighing
determine_continu_tr23_Pcp56_Silo16;Temp16;Temperature sensor for determining the pickup continuation
determine_continu_tr23_Pcp56_Silo16;Humd16;Humidity sensor for determining the pickup continuation
determine_continu_tr23_Pcp56_Silo16;GrainTemp46;1st grain temperature sensor for determining the pickup continuation
determine_continu_tr23_Pcp56_Silo16;GrainTemp47;2nd grain temperature sensor for determining the pickup continuation
determine_continu_tr23_Pcp56_Silo16;GrainTemp48;3rd grain temperature sensor for determining the pickup continuation
weigh_loaded_tr32_Pcp457;WS02;Weight sensor for loaded truck weighing
weigh_loaded_tr8_Pcp76;WS05;Weight sensor for loaded truck weighing
weigh_empty_tr19_Pcp151;WS13;Weight sensor for empty truck weighing
determine_continu_tr39_Pcp24_Silo4;Temp4;Temperature sensor for determining the pickup continuation
determine_continu_tr39_Pcp24_Silo4;Humd4;Humidity sensor for determining the pickup continuation
determine_continu_tr39_Pcp24_Silo4;GrainTemp10;1st grain temperature sensor for determining the pickup continuation
determine_continu_tr39_Pcp24_Silo4;GrainTemp11;2nd grain temperature sensor for determining the pickup continuation
determine_continu_tr39_Pcp24_Silo4;GrainTemp12;3rd grain temperature sensor for determining the pickup continuation
weigh_loaded_tr15_Pcp213;WS15;Weight sensor for loaded truck weighing
determine_continu_tr43_Pcp204_Silo20;Temp20;Temperature sensor for determining the pickup continuation
determine_continu_tr43_Pcp204_Silo20;Humd20;Humidity sensor for determining the pickup continuation
determine_continu_tr43_Pcp204_Silo20;GrainTemp58;1st grain temperature sensor for determining the pickup continuation
determine_continu_tr43_Pcp204_Silo20;GrainTemp59;2nd grain temperature sensor for determining the pickup continuation
determine_continu_tr43_Pcp204_Silo20;GrainTemp60;3rd grain temperature sensor for determining the pickup continuation
enter_tr14_Pcp49;rfidYREIDQ;RFID tag read at entrance
check_abnorm_tr19_Pcp151;rfidRCKRLL;RFID tag read at empty truck weighing
weigh_empty_tr45_Pcp495;WS03;Weight sensor for empty truck weighing
weigh_loaded_tr35_Pcp342;WS04;Weight sensor for loaded truck weighing
check_abnorm_tr45_Pcp495;rfidSLQPDR;RFID tag read at empty truck weighing
weigh_loaded_tr38_Pcp296;WS09;Weight sensor for loaded truck weighing
weigh_empty_tr14_Pcp49;WS14;Weight sensor for empty truck weighing
weigh_loaded_tr33_Pcp45;WS09;Weight sensor for loaded truck weighing
weigh_loaded_tr18_Pcp260;WS01;Weight sensor for loaded truck weighing
weigh_loaded_tr11_Pcp397;WS17;Weight sensor for loaded truck weighing
check_abnorm_tr14_Pcp49;rfidYREIDQ;RFID tag read at empty truck weighing
enter_tr42_Pcp205;rfidLEEHFK;RFID tag read at entrance
enter_tr31_Pcp196;rfidJDEWMH;RFID tag read at entrance
determine_continu_tr19_Pcp151_Silo20;Temp20;Temperature sensor for determining the pickup continuation
determine_continu_tr19_Pcp151_Silo20;Humd20;Humidity sensor for determining the pickup continuation
determine_continu_tr19_Pcp151_Silo20;GrainTemp58;1st grain temperature sensor for determining the pickup continuation
determine_continu_tr19_Pcp151_Silo20;GrainTemp59;2nd grain temperature sensor for determining the pickup continuation
determine_continu_tr19_Pcp151_Silo20;GrainTemp60;3rd grain temperature sensor for determining the pickup continuation
weigh_empty_tr42_Pcp205;WS13;Weight sensor for empty truck weighing
enter_tr28_Pcp447;rfidUOOSAQ;RFID tag read at entrance
check_abnorm_tr42_Pcp205;rfidLEEHFK;RFID tag read at empty truck weighing
weigh_empty_tr31_Pcp196;WS18;Weight sensor for empty truck weighing
check_abnorm_tr31_Pcp196;rfidJDEWMH;RFID tag read at empty truck weighing
determine_continu_tr45_Pcp495_Silo3;Temp3;Temperature sensor for determining the pickup continuation
determine_continu_tr45_Pcp495_Silo3;Humd3;Humidity sensor for determining the pickup continuation
determine_continu_tr45_Pcp495_Silo3;GrainTemp7;1st grain temperature sensor for determining the pickup continuation
determine_continu_tr45_Pcp495_Silo3;GrainTemp8;2nd grain temperature sensor for determining the pickup continuation
determine_continu_tr45_Pcp495_Silo3;GrainTemp9;3rd grain temperature sensor for determining the pickup continuation
weigh_empty_tr28_Pcp447;WS07;Weight sensor for empty truck weighing
check_abnorm_tr28_Pcp447;rfidUOOSAQ;RFID tag read at empty truck weighing
determine_continu_tr42_Pcp205_Silo14;Temp14;Temperature sensor for determining the pickup continuation
determine_continu_tr42_Pcp205_Silo14;Humd14;Humidity sensor for determining the pickup continuation
determine_continu_tr42_Pcp205_Silo14;GrainTemp40;1st grain temperature sensor for determining the pickup continuation
determine_continu_tr42_Pcp205_Silo14;GrainTemp41;2nd grain temperature sensor for determining the pickup continuation
determine_continu_tr42_Pcp205_Silo14;GrainTemp42;3rd grain temperature sensor for determining the pickup continuation
weigh_loaded_tr29_Pcp276;WS06;Weight sensor for loaded truck weighing
enter_tr37_Pcp447;rfidUSNSHC;RFID tag read at entrance
determine_continu_tr14_Pcp49_Silo16;Temp16;Temperature sensor for determining the pickup continuation
determine_continu_tr14_Pcp49_Silo16;Humd16;Humidity sensor for determining the pickup continuation
determine_continu_tr14_Pcp49_Silo16;GrainTemp46;1st grain temperature sensor for determining the pickup continuation
determine_continu_tr14_Pcp49_Silo16;GrainTemp47;2nd grain temperature sensor for determining the pickup continuation
determine_continu_tr14_Pcp49_Silo16;GrainTemp48;3rd grain temperature sensor for determining the pickup continuation
weigh_loaded_tr46_Pcp177;WS10;Weight sensor for loaded truck weighing
determine_continu_tr28_Pcp447_Silo20;Temp20;Temperature sensor for determining the pickup continuation
determine_continu_tr28_Pcp447_Silo20;Humd20;Humidity sensor for determining the pickup continuation
determine_continu_tr28_Pcp447_Silo20;GrainTemp58;1st grain temperature sensor for determining the pickup continuation
determine_continu_tr28_Pcp447_Silo20;GrainTemp59;2nd grain temperature sensor for determining the pickup continuation
determine_continu_tr28_Pcp447_Silo20;GrainTemp60;3rd grain temperature sensor for determining the pickup continuation
weigh_loaded_tr19_Pcp151;WS20;Weight sensor for loaded truck weighing
determine_continu_tr31_Pcp196_Silo19;Temp19;Temperature sensor for determining the pickup continuation
determine_continu_tr31_Pcp196_Silo19;Humd19;Humidity sensor for determining the pickup continuation
determine_continu_tr31_Pcp196_Silo19;GrainTemp55;1st grain temperature sensor for determining the pickup continuation
determine_continu_tr31_Pcp196_Silo19;GrainTemp56;2nd grain temperature sensor for determining the pickup continuation
determine_continu_tr31_Pcp196_Silo19;GrainTemp57;3rd grain temperature sensor for determining the pickup continuation
weigh_empty_tr37_Pcp447;WS19;Weight sensor for empty truck weighing
check_abnorm_tr37_Pcp447;rfidUSNSHC;RFID tag read at empty truck weighing
enter_tr27_Pcp236;rfidWOMLHU;RFID tag read at entrance
weigh_loaded_tr17_Pcp423;WS15;Weight sensor for loaded truck weighing
weigh_loaded_tr42_Pcp205;WS06;Weight sensor for loaded truck weighing
determine_continu_tr37_Pcp447_Silo20;Temp20;Temperature sensor for determining the pickup continuation
determine_continu_tr37_Pcp447_Silo20;Humd20;Humidity sensor for determining the pickup continuation
determine_continu_tr37_Pcp447_Silo20;GrainTemp58;1st grain temperature sensor for determining the pickup continuation
determine_continu_tr37_Pcp447_Silo20;GrainTemp59;2nd grain temperature sensor for determining the pickup continuation
determine_continu_tr37_Pcp447_Silo20;GrainTemp60;3rd grain temperature sensor for determining the pickup continuation
weigh_loaded_tr1_Pcp485;WS17;Weight sensor for loaded truck weighing
weigh_empty_tr27_Pcp236;WS15;Weight sensor for empty truck weighing
check_abnorm_tr27_Pcp236;rfidWOMLHU;RFID tag read at empty truck weighing
weigh_loaded_tr37_Pcp447;WS04;Weight sensor for loaded truck weighing
weigh_loaded_tr31_Pcp196;WS10;Weight sensor for loaded truck weighing
determine_continu_tr27_Pcp236_Silo9;Temp9;Temperature sensor for determining the pickup continuation
determine_continu_tr27_Pcp236_Silo9;Humd9;Humidity sensor for determining the pickup continuation
determine_continu_tr27_Pcp236_Silo9;GrainTemp25;1st grain temperature sensor for determining the pickup continuation
determine_continu_tr27_Pcp236_Silo9;GrainTemp26;2nd grain temperature sensor for determining the pickup continuation
determine_continu_tr27_Pcp236_Silo9;GrainTemp27;3rd grain temperature sensor for determining the pickup continuation
weigh_loaded_tr28_Pcp447;WS19;Weight sensor for loaded truck weighing
weigh_loaded_tr24_Pcp41;WS05;Weight sensor for loaded truck weighing
weigh_loaded_tr26_Pcp175;WS16;Weight sensor for loaded truck weighing
enter_tr9_Pcp23;rfidKEBJGC;RFID tag read at entrance
weigh_loaded_tr43_Pcp204;WS08;Weight sensor for loaded truck weighing
weigh_loaded_tr14_Pcp49;WS05;Weight sensor for loaded truck weighing
weigh_loaded_tr23_Pcp56;WS07;Weight sensor for loaded truck weighing
weigh_empty_tr9_Pcp23;WS09;Weight sensor for empty truck weighing
check_abnorm_tr9_Pcp23;rfidKEBJGC;RFID tag read at empty truck weighing
weigh_loaded_tr6_Pcp106;WS07;Weight sensor for loaded truck weighing
determine_continu_tr9_Pcp23_Silo1;Temp1;Temperature sensor for determining the pickup continuation
determine_continu_tr9_Pcp23_Silo1;Humd1;Humidity sensor for determining the pickup continuation
determine_continu_tr9_Pcp23_Silo1;GrainTemp1;1st grain temperature sensor for determining the pickup continuation
determine_continu_tr9_Pcp23_Silo1;GrainTemp2;2nd grain temperature sensor for determining the pickup continuation
determine_continu_tr9_Pcp23_Silo1;GrainTemp3;3rd grain temperature sensor for determining the pickup continuation
weigh_loaded_tr39_Pcp24;WS14;Weight sensor for loaded truck weighing
weigh_loaded_tr27_Pcp236;WS15;Weight sensor for loaded truck weighing
enter_tr16_Pcp117;rfidIICVAH;RFID tag read at entrance
enter_tr5_Pcp453;rfidSVWFVZ;RFID tag read at entrance
weigh_empty_tr16_Pcp117;WS18;Weight sensor for empty truck weighing
check_abnorm_tr16_Pcp117;rfidIICVAH;RFID tag read at empty truck weighing
weigh_loaded_tr9_Pcp23;WS09;Weight sensor for loaded truck weighing
determine_continu_tr16_Pcp117_Silo13;Temp13;Temperature sensor for determining the pickup continuation
determine_continu_tr16_Pcp117_Silo13;Humd13;Humidity sensor for determining the pickup continuation
determine_continu_tr16_Pcp117_Silo13;GrainTemp37;1st grain temperature sensor for determining the pickup continuation
determine_continu_tr16_Pcp117_Silo13;GrainTemp38;2nd grain temperature sensor for determining the pickup continuation
determine_continu_tr16_Pcp117_Silo13;GrainTemp39;3rd grain temperature sensor for determining the pickup continuation
weigh_empty_tr5_Pcp453;WS09;Weight sensor for empty truck weighing
check_abnorm_tr5_Pcp453;rfidSVWFVZ;RFID tag read at empty truck weighing
determine_continu_tr5_Pcp453_Silo10;Temp10;Temperature sensor for determining the pickup continuation
determine_continu_tr5_Pcp453_Silo10;Humd10;Humidity sensor for determining the pickup continuation
determine_continu_tr5_Pcp453_Silo10;GrainTemp28;1st grain temperature sensor for determining the pickup continuation
determine_continu_tr5_Pcp453_Silo10;GrainTemp29;2nd grain temperature sensor for determining the pickup continuation
determine_continu_tr5_Pcp453_Silo10;GrainTemp30;3rd grain temperature sensor for determining the pickup continuation
weigh_loaded_tr16_Pcp117;WS16;Weight sensor for loaded truck weighing
weigh_loaded_tr5_Pcp453;WS09;Weight sensor for loaded truck weighing
enter_tr48_Pcp294;rfidNSELSE;RFID tag read at entrance
weigh_empty_tr48_Pcp294;WS11;Weight sensor for empty truck weighing
check_abnorm_tr48_Pcp294;rfidNSELSE;RFID tag read at empty truck weighing
enter_tr34_Pcp211;rfidFMSUBE;RFID tag read at entrance
determine_continu_tr48_Pcp294_Silo15;Temp15;Temperature sensor for determining the pickup continuation
determine_continu_tr48_Pcp294_Silo15;Humd15;Humidity sensor for determining the pickup continuation
determine_continu_tr48_Pcp294_Silo15;GrainTemp43;1st grain temperature sensor for determining the pickup continuation
determine_continu_tr48_Pcp294_Silo15;GrainTemp44;2nd grain temperature sensor for determining the pickup continuation
determine_continu_tr48_Pcp294_Silo15;GrainTemp45;3rd grain temperature sensor for determining the pickup continuation
weigh_empty_tr34_Pcp211;WS11;Weight sensor for empty truck weighing
enter_tr41_Pcp284;rfidXWLCID;RFID tag read at entrance
check_abnorm_tr34_Pcp211;rfidFMSUBE;RFID tag read at empty truck weighing
weigh_empty_tr41_Pcp284;WS11;Weight sensor for empty truck weighing
check_abnorm_tr41_Pcp284;rfidXWLCID;RFID tag read at empty truck weighing
determine_continu_tr34_Pcp211_Silo19;Temp19;Temperature sensor for determining the pickup continuation
determine_continu_tr34_Pcp211_Silo19;Humd19;Humidity sensor for determining the pickup continuation
determine_continu_tr34_Pcp211_Silo19;GrainTemp55;1st grain temperature sensor for determining the pickup continuation
determine_continu_tr34_Pcp211_Silo19;GrainTemp56;2nd grain temperature sensor for determining the pickup continuation
determine_continu_tr34_Pcp211_Silo19;GrainTemp57;3rd grain temperature sensor for determining the pickup continuation
weigh_loaded_tr48_Pcp294;WS08;Weight sensor for loaded truck weighing
determine_continu_tr41_Pcp284_Silo8;Temp8;Temperature sensor for determining the pickup continuation
determine_continu_tr41_Pcp284_Silo8;Humd8;Humidity sensor for determining the pickup continuation
determine_continu_tr41_Pcp284_Silo8;GrainTemp22;1st grain temperature sensor for determining the pickup continuation
determine_continu_tr41_Pcp284_Silo8;GrainTemp23;2nd grain temperature sensor for determining the pickup continuation
determine_continu_tr41_Pcp284_Silo8;GrainTemp24;3rd grain temperature sensor for determining the pickup continuation
weigh_loaded_tr41_Pcp284;WS01;Weight sensor for loaded truck weighing
enter_tr50_Pcp72;rfidXXIVNB;RFID tag read at entrance
enter_tr2_Pcp179;rfidSQKJGH;RFID tag read at entrance
weigh_loaded_tr34_Pcp211;WS19;Weight sensor for loaded truck weighing
weigh_empty_tr2_Pcp179;WS05;Weight sensor for empty truck weighing
check_abnorm_tr2_Pcp179;rfidSQKJGH;RFID tag read at empty truck weighing
weigh_empty_tr50_Pcp72;WS15;Weight sensor for empty truck weighing
check_abnorm_tr50_Pcp72;rfidXXIVNB;RFID tag read at empty truck weighing
determine_continu_tr2_Pcp179_Silo16;Temp16;Temperature sensor for determining the pickup continuation
determine_continu_tr2_Pcp179_Silo16;Humd16;Humidity sensor for determining the pickup continuation
determine_continu_tr2_Pcp179_Silo16;GrainTemp46;1st grain temperature sensor for determining the pickup continuation
determine_continu_tr2_Pcp179_Silo16;GrainTemp47;2nd grain temperature sensor for determining the pickup continuation
determine_continu_tr2_Pcp179_Silo16;GrainTemp48;3rd grain temperature sensor for determining the pickup continuation
determine_continu_tr50_Pcp72_Silo14;Temp14;Temperature sensor for determining the pickup continuation
determine_continu_tr50_Pcp72_Silo14;Humd14;Humidity sensor for determining the pickup continuation
determine_continu_tr50_Pcp72_Silo14;GrainTemp40;1st grain temperature sensor for determining the pickup continuation
determine_continu_tr50_Pcp72_Silo14;GrainTemp41;2nd grain temperature sensor for determining the pickup continuation
determine_continu_tr50_Pcp72_Silo14;GrainTemp42;3rd grain temperature sensor for determining the pickup continuation
enter_tr22_Pcp395;rfidENJOLW;RFID tag read at entrance
enter_tr13_Pcp25;rfidGTHHGD;RFID tag read at entrance
enter_tr47_Pcp367;rfidJGLUGP;RFID tag read at entrance
enter_tr12_Pcp151;rfidVYYKGK;RFID tag read at entrance
weigh_empty_tr22_Pcp395;WS12;Weight sensor for empty truck weighing
weigh_empty_tr47_Pcp367;WS11;Weight sensor for empty truck weighing
check_abnorm_tr47_Pcp367;rfidJGLUGP;RFID tag read at empty truck weighing
check_abnorm_tr22_Pcp395;rfidENJOLW;RFID tag read at empty truck weighing
weigh_empty_tr13_Pcp25;WS14;Weight sensor for empty truck weighing
check_abnorm_tr13_Pcp25;rfidGTHHGD;RFID tag read at empty truck weighing
weigh_empty_tr12_Pcp151;WS12;Weight sensor for empty truck weighing
check_abnorm_tr12_Pcp151;rfidVYYKGK;RFID tag read at empty truck weighing
enter_tr36_Pcp209;rfidHYTHBN;RFID tag read at entrance
weigh_loaded_tr50_Pcp72;WS02;Weight sensor for loaded truck weighing
determine_continu_tr47_Pcp367_Silo4;Temp4;Temperature sensor for determining the pickup continuation
determine_continu_tr47_Pcp367_Silo4;Humd4;Humidity sensor for determining the pickup continuation
determine_continu_tr47_Pcp367_Silo4;GrainTemp10;1st grain temperature sensor for determining the pickup continuation
determine_continu_tr47_Pcp367_Silo4;GrainTemp11;2nd grain temperature sensor for determining the pickup continuation
determine_continu_tr47_Pcp367_Silo4;GrainTemp12;3rd grain temperature sensor for determining the pickup continuation
determine_continu_tr13_Pcp25_Silo5;Temp5;Temperature sensor for determining the pickup continuation
determine_continu_tr13_Pcp25_Silo5;Humd5;Humidity sensor for determining the pickup continuation
determine_continu_tr13_Pcp25_Silo5;GrainTemp13;1st grain temperature sensor for determining the pickup continuation
determine_continu_tr13_Pcp25_Silo5;GrainTemp14;2nd grain temperature sensor for determining the pickup continuation
determine_continu_tr13_Pcp25_Silo5;GrainTemp15;3rd grain temperature sensor for determining the pickup continuation
weigh_empty_tr36_Pcp209;WS05;Weight sensor for empty truck weighing
weigh_loaded_tr2_Pcp179;WS13;Weight sensor for loaded truck weighing
determine_continu_tr12_Pcp151_Silo20;Temp20;Temperature sensor for determining the pickup continuation
determine_continu_tr12_Pcp151_Silo20;Humd20;Humidity sensor for determining the pickup continuation
determine_continu_tr12_Pcp151_Silo20;GrainTemp58;1st grain temperature sensor for determining the pickup continuation
determine_continu_tr12_Pcp151_Silo20;GrainTemp59;2nd grain temperature sensor for determining the pickup continuation
determine_continu_tr12_Pcp151_Silo20;GrainTemp60;3rd grain temperature sensor for determining the pickup continuation
check_abnorm_tr36_Pcp209;rfidHYTHBN;RFID tag read at empty truck weighing
determine_continu_tr22_Pcp395_Silo9;Temp9;Temperature sensor for determining the pickup continuation
determine_continu_tr22_Pcp395_Silo9;Humd9;Humidity sensor for determining the pickup continuation
determine_continu_tr22_Pcp395_Silo9;GrainTemp25;1st grain temperature sensor for determining the pickup continuation
determine_continu_tr22_Pcp395_Silo9;GrainTemp26;2nd grain temperature sensor for determining the pickup continuation
determine_continu_tr22_Pcp395_Silo9;GrainTemp27;3rd grain temperature sensor for determining the pickup continuation
determine_continu_tr36_Pcp209_Silo20;Temp20;Temperature sensor for determining the pickup continuation
determine_continu_tr36_Pcp209_Silo20;Humd20;Humidity sensor for determining the pickup continuation
determine_continu_tr36_Pcp209_Silo20;GrainTemp58;1st grain temperature sensor for determining the pickup continuation
determine_continu_tr36_Pcp209_Silo20;GrainTemp59;2nd grain temperature sensor for determining the pickup continuation
determine_continu_tr36_Pcp209_Silo20;GrainTemp60;3rd grain temperature sensor for determining the pickup continuation
weigh_loaded_tr12_Pcp151;WS20;Weight sensor for loaded truck weighing
weigh_loaded_tr13_Pcp25;WS17;Weight sensor for loaded truck weighing
weigh_loaded_tr47_Pcp367;WS08;Weight sensor for loaded truck weighing
weigh_loaded_tr36_Pcp209;WS09;Weight sensor for loaded truck weighing
enter_tr3_Pcp342;rfidDRCUXI;RFID tag read at entrance
weigh_empty_tr3_Pcp342;WS01;Weight sensor for empty truck weighing
check_abnorm_tr3_Pcp342;rfidDRCUXI;RFID tag read at empty truck weighing
determine_continu_tr3_Pcp342_Silo14;Temp14;Temperature sensor for determining the pickup continuation
determine_continu_tr3_Pcp342_Silo14;Humd14;Humidity sensor for determining the pickup continuation
determine_continu_tr3_Pcp342_Silo14;GrainTemp40;1st grain temperature sensor for determining the pickup continuation
determine_continu_tr3_Pcp342_Silo14;GrainTemp41;2nd grain temperature sensor for determining the pickup continuation
determine_continu_tr3_Pcp342_Silo14;GrainTemp42;3rd grain temperature sensor for determining the pickup continuation
weigh_loaded_tr22_Pcp395;WS03;Weight sensor for loaded truck weighing
weigh_loaded_tr3_Pcp342;WS09;Weight sensor for loaded truck weighing
enter_tr10_Pcp355;rfidOOVDPE;RFID tag read at entrance
weigh_empty_tr10_Pcp355;WS02;Weight sensor for empty truck weighing
check_abnorm_tr10_Pcp355;rfidOOVDPE;RFID tag read at empty truck weighing
determine_continu_tr10_Pcp355_Silo14;Temp14;Temperature sensor for determining the pickup continuation
determine_continu_tr10_Pcp355_Silo14;Humd14;Humidity sensor for determining the pickup continuation
determine_continu_tr10_Pcp355_Silo14;GrainTemp40;1st grain temperature sensor for determining the pickup continuation
determine_continu_tr10_Pcp355_Silo14;GrainTemp41;2nd grain temperature sensor for determining the pickup continuation
determine_continu_tr10_Pcp355_Silo14;GrainTemp42;3rd grain temperature sensor for determining the pickup continuation
enter_tr21_Pcp177;rfidTLWXGZ;RFID tag read at entrance
enter_tr30_Pcp182;rfidCBMLGM;RFID tag read at entrance
weigh_empty_tr21_Pcp177;WS18;Weight sensor for empty truck weighing
check_abnorm_tr21_Pcp177;rfidTLWXGZ;RFID tag read at empty truck weighing
weigh_empty_tr30_Pcp182;WS09;Weight sensor for empty truck weighing
check_abnorm_tr30_Pcp182;rfidCBMLGM;RFID tag read at empty truck weighing
determine_continu_tr30_Pcp182_Silo6;Temp6;Temperature sensor for determining the pickup continuation
determine_continu_tr30_Pcp182_Silo6;Humd6;Humidity sensor for determining the pickup continuation
determine_continu_tr30_Pcp182_Silo6;GrainTemp16;1st grain temperature sensor for determining the pickup continuation
determine_continu_tr30_Pcp182_Silo6;GrainTemp17;2nd grain temperature sensor for determining the pickup continuation
determine_continu_tr30_Pcp182_Silo6;GrainTemp18;3rd grain temperature sensor for determining the pickup continuation
determine_continu_tr21_Pcp177_Silo9;Temp9;Temperature sensor for determining the pickup continuation
determine_continu_tr21_Pcp177_Silo9;Humd9;Humidity sensor for determining the pickup continuation
determine_continu_tr21_Pcp177_Silo9;GrainTemp25;1st grain temperature sensor for determining the pickup continuation
determine_continu_tr21_Pcp177_Silo9;GrainTemp26;2nd grain temperature sensor for determining the pickup continuation
determine_continu_tr21_Pcp177_Silo9;GrainTemp27;3rd grain temperature sensor for determining the pickup continuation
weigh_loaded_tr30_Pcp182;WS11;Weight sensor for loaded truck weighing
enter_tr20_Pcp202;rfidXPDNSC;RFID tag read at entrance
enter_tr49_Pcp487;rfidNJSWIM;RFID tag read at entrance
weigh_empty_tr20_Pcp202;WS13;Weight sensor for empty truck weighing
check_abnorm_tr20_Pcp202;rfidXPDNSC;RFID tag read at empty truck weighing
determine_continu_tr20_Pcp202_Silo10;Temp10;Temperature sensor for determining the pickup continuation
determine_continu_tr20_Pcp202_Silo10;Humd10;Humidity sensor for determining the pickup continuation
determine_continu_tr20_Pcp202_Silo10;GrainTemp28;1st grain temperature sensor for determining the pickup continuation
determine_continu_tr20_Pcp202_Silo10;GrainTemp29;2nd grain temperature sensor for determining the pickup continuation
determine_continu_tr20_Pcp202_Silo10;GrainTemp30;3rd grain temperature sensor for determining the pickup continuation
weigh_empty_tr49_Pcp487;WS19;Weight sensor for empty truck weighing
check_abnorm_tr49_Pcp487;rfidNJSWIM;RFID tag read at empty truck weighing
enter_tr44_Pcp159;rfidJRRVME;RFID tag read at entrance
determine_continu_tr49_Pcp487_Silo5;Temp5;Temperature sensor for determining the pickup continuation
determine_continu_tr49_Pcp487_Silo5;Humd5;Humidity sensor for determining the pickup continuation
determine_continu_tr49_Pcp487_Silo5;GrainTemp13;1st grain temperature sensor for determining the pickup continuation
determine_continu_tr49_Pcp487_Silo5;GrainTemp14;2nd grain temperature sensor for determining the pickup continuation
determine_continu_tr49_Pcp487_Silo5;GrainTemp15;3rd grain temperature sensor for determining the pickup continuation
weigh_loaded_tr20_Pcp202;WS17;Weight sensor for loaded truck weighing
enter_tr7_Pcp77;rfidXNPCXE;RFID tag read at entrance
enter_tr40_Pcp100;rfidZEKWJR;RFID tag read at entrance
weigh_loaded_tr10_Pcp355;WS19;Weight sensor for loaded truck weighing
enter_tr25_Pcp153;rfidMFTSWW;RFID tag read at entrance
enter_tr32_Pcp423;rfidQCYTDW;RFID tag read at entrance
enter_tr4_Pcp252;rfidTGNSNI;RFID tag read at entrance
enter_tr8_Pcp419;rfidCEZEBQ;RFID tag read at entrance
enter_tr15_Pcp411;rfidIDWLCS;RFID tag read at entrance
weigh_empty_tr40_Pcp100;WS08;Weight sensor for empty truck weighing
weigh_empty_tr4_Pcp252;WS04;Weight sensor for empty truck weighing
weigh_empty_tr15_Pcp411;WS11;Weight sensor for empty truck weighing
weigh_empty_tr7_Pcp77;WS07;Weight sensor for empty truck weighing
check_abnorm_tr4_Pcp252;rfidTGNSNI;RFID tag read at empty truck weighing
check_abnorm_tr15_Pcp411;rfidIDWLCS;RFID tag read at empty truck weighing
check_abnorm_tr7_Pcp77;rfidXNPCXE;RFID tag read at empty truck weighing
check_abnorm_tr40_Pcp100;rfidZEKWJR;RFID tag read at empty truck weighing
weigh_empty_tr32_Pcp423;WS16;Weight sensor for empty truck weighing
check_abnorm_tr32_Pcp423;rfidQCYTDW;RFID tag read at empty truck weighing
weigh_empty_tr25_Pcp153;WS04;Weight sensor for empty truck weighing
determine_continu_tr7_Pcp77_Silo12;Temp12;Temperature sensor for determining the pickup continuation
determine_continu_tr7_Pcp77_Silo12;Humd12;Humidity sensor for determining the pickup continuation
determine_continu_tr7_Pcp77_Silo12;GrainTemp34;1st grain temperature sensor for determining the pickup continuation
determine_continu_tr7_Pcp77_Silo12;GrainTemp35;2nd grain temperature sensor for determining the pickup continuation
determine_continu_tr7_Pcp77_Silo12;GrainTemp36;3rd grain temperature sensor for determining the pickup continuation
determine_continu_tr15_Pcp411_Silo16;Temp16;Temperature sensor for determining the pickup continuation
determine_continu_tr15_Pcp411_Silo16;Humd16;Humidity sensor for determining the pickup continuation
determine_continu_tr15_Pcp411_Silo16;GrainTemp46;1st grain temperature sensor for determining the pickup continuation
determine_continu_tr15_Pcp411_Silo16;GrainTemp47;2nd grain temperature sensor for determining the pickup continuation
determine_continu_tr15_Pcp411_Silo16;GrainTemp48;3rd grain temperature sensor for determining the pickup continuation
enter_tr35_Pcp142;rfidPODCVH;RFID tag read at entrance
enter_tr38_Pcp284;rfidVIASXP;RFID tag read at entrance
check_abnorm_tr25_Pcp153;rfidMFTSWW;RFID tag read at empty truck weighing
enter_tr33_Pcp370;rfidMVJRXE;RFID tag read at entrance
determine_continu_tr4_Pcp252_Silo16;Temp16;Temperature sensor for determining the pickup continuation
determine_continu_tr4_Pcp252_Silo16;Humd16;Humidity sensor for determining the pickup continuation
determine_continu_tr4_Pcp252_Silo16;GrainTemp46;1st grain temperature sensor for determining the pickup continuation
determine_continu_tr4_Pcp252_Silo16;GrainTemp47;2nd grain temperature sensor for determining the pickup continuation
determine_continu_tr4_Pcp252_Silo16;GrainTemp48;3rd grain temperature sensor for determining the pickup continuation
weigh_empty_tr8_Pcp419;WS13;Weight sensor for empty truck weighing
enter_tr11_Pcp408;rfidSCPJCE;RFID tag read at entrance
enter_tr18_Pcp396;rfidEGNSMV;RFID tag read at entrance
check_abnorm_tr8_Pcp419;rfidCEZEBQ;RFID tag read at empty truck weighing
weigh_empty_tr35_Pcp142;WS06;Weight sensor for empty truck weighing
check_abnorm_tr35_Pcp142;rfidPODCVH;RFID tag read at empty truck weighing
determine_continu_tr25_Pcp153_Silo5;Temp5;Temperature sensor for determining the pickup continuation
determine_continu_tr25_Pcp153_Silo5;Humd5;Humidity sensor for determining the pickup continuation
determine_continu_tr25_Pcp153_Silo5;GrainTemp13;1st grain temperature sensor for determining the pickup continuation
determine_continu_tr25_Pcp153_Silo5;GrainTemp14;2nd grain temperature sensor for determining the pickup continuation
determine_continu_tr25_Pcp153_Silo5;GrainTemp15;3rd grain temperature sensor for determining the pickup continuation
enter_tr45_Pcp296;rfidSLQPDR;RFID tag read at entrance
weigh_empty_tr33_Pcp370;WS08;Weight sensor for empty truck weighing
weigh_empty_tr44_Pcp159;WS01;Weight sensor for empty truck weighing
weigh_empty_tr18_Pcp396;WS17;Weight sensor for empty truck weighing
check_abnorm_tr33_Pcp370;rfidMVJRXE;RFID tag read at empty truck weighing
determine_continu_tr32_Pcp423_Silo2;Temp2;Temperature sensor for determining the pickup continuation
determine_continu_tr32_Pcp423_Silo2;Humd2;Humidity sensor for determining the pickup continuation
determine_continu_tr32_Pcp423_Silo2;GrainTemp4;1st grain temperature sensor for determining the pickup continuation
determine_continu_tr32_Pcp423_Silo2;GrainTemp5;2nd grain temperature sensor for determining the pickup continuation
determine_continu_tr32_Pcp423_Silo2;GrainTemp6;3rd grain temperature sensor for determining the pickup continuation
check_abnorm_tr44_Pcp159;rfidJRRVME;RFID tag read at empty truck weighing
determine_continu_tr8_Pcp419_Silo16;Temp16;Temperature sensor for determining the pickup continuation
determine_continu_tr8_Pcp419_Silo16;Humd16;Humidity sensor for determining the pickup continuation
determine_continu_tr8_Pcp419_Silo16;GrainTemp46;1st grain temperature sensor for determining the pickup continuation
determine_continu_tr8_Pcp419_Silo16;GrainTemp47;2nd grain temperature sensor for determining the pickup continuation
determine_continu_tr8_Pcp419_Silo16;GrainTemp48;3rd grain temperature sensor for determining the pickup continuation
determine_continu_tr40_Pcp100_Silo6;Temp6;Temperature sensor for determining the pickup continuation
determine_continu_tr40_Pcp100_Silo6;Humd6;Humidity sensor for determining the pickup continuation
determine_continu_tr40_Pcp100_Silo6;GrainTemp16;1st grain temperature sensor for determining the pickup continuation
determine_continu_tr40_Pcp100_Silo6;GrainTemp17;2nd grain temperature sensor for determining the pickup continuation
determine_continu_tr40_Pcp100_Silo6;GrainTemp18;3rd grain temperature sensor for determining the pickup continuation
check_abnorm_tr18_Pcp396;rfidEGNSMV;RFID tag read at empty truck weighing
weigh_empty_tr11_Pcp408;WS11;Weight sensor for empty truck weighing
determine_continu_tr33_Pcp370_Silo6;Temp6;Temperature sensor for determining the pickup continuation
determine_continu_tr33_Pcp370_Silo6;Humd6;Humidity sensor for determining the pickup continuation
determine_continu_tr33_Pcp370_Silo6;GrainTemp16;1st grain temperature sensor for determining the pickup continuation
determine_continu_tr33_Pcp370_Silo6;GrainTemp17;2nd grain temperature sensor for determining the pickup continuation
determine_continu_tr33_Pcp370_Silo6;GrainTemp18;3rd grain temperature sensor for determining the pickup continuation
weigh_empty_tr45_Pcp296;WS06;Weight sensor for empty truck weighing
check_abnorm_tr11_Pcp408;rfidSCPJCE;RFID tag read at empty truck weighing
weigh_loaded_tr15_Pcp411;WS19;Weight sensor for loaded truck weighing
check_abnorm_tr45_Pcp296;rfidSLQPDR;RFID tag read at empty truck weighing
determine_continu_tr35_Pcp142_Silo2;Temp2;Temperature sensor for determining the pickup continuation
determine_continu_tr35_Pcp142_Silo2;Humd2;Humidity sensor for determining the pickup continuation
determine_continu_tr35_Pcp142_Silo2;GrainTemp4;1st grain temperature sensor for determining the pickup continuation
determine_continu_tr35_Pcp142_Silo2;GrainTemp5;2nd grain temperature sensor for determining the pickup continuation
determine_continu_tr35_Pcp142_Silo2;GrainTemp6;3rd grain temperature sensor for determining the pickup continuation
determine_continu_tr18_Pcp396_Silo2;Temp2;Temperature sensor for determining the pickup continuation
determine_continu_tr18_Pcp396_Silo2;Humd2;Humidity sensor for determining the pickup continuation
determine_continu_tr18_Pcp396_Silo2;GrainTemp4;1st grain temperature sensor for determining the pickup continuation
determine_continu_tr18_Pcp396_Silo2;GrainTemp5;2nd grain temperature sensor for determining the pickup continuation
determine_continu_tr18_Pcp396_Silo2;GrainTemp6;3rd grain temperature sensor for determining the pickup continuation
determine_continu_tr44_Pcp159_Silo1;Temp1;Temperature sensor for determining the pickup continuation
determine_continu_tr44_Pcp159_Silo1;Humd1;Humidity sensor for determining the pickup continuation
determine_continu_tr44_Pcp159_Silo1;GrainTemp1;1st grain temperature sensor for determining the pickup continuation
determine_continu_tr44_Pcp159_Silo1;GrainTemp2;2nd grain temperature sensor for determining the pickup continuation
determine_continu_tr44_Pcp159_Silo1;GrainTemp3;3rd grain temperature sensor for determining the pickup continuation
weigh_loaded_tr25_Pcp153;WS14;Weight sensor for loaded truck weighing
enter_tr29_Pcp117;rfidOIGYVC;RFID tag read at entrance
weigh_loaded_tr7_Pcp77;WS11;Weight sensor for loaded truck weighing
determine_continu_tr11_Pcp408_Silo10;Temp10;Temperature sensor for determining the pickup continuation
determine_continu_tr11_Pcp408_Silo10;Humd10;Humidity sensor for determining the pickup continuation
determine_continu_tr11_Pcp408_Silo10;GrainTemp28;1st grain temperature sensor for determining the pickup continuation
determine_continu_tr11_Pcp408_Silo10;GrainTemp29;2nd grain temperature sensor for determining the pickup continuation
determine_continu_tr11_Pcp408_Silo10;GrainTemp30;3rd grain temperature sensor for determining the pickup continuation
enter_tr19_Pcp131;rfidRCKRLL;RFID tag read at entrance
weigh_empty_tr38_Pcp284;WS13;Weight sensor for empty truck weighing
determine_continu_tr45_Pcp296_Silo13;Temp13;Temperature sensor for determining the pickup continuation
determine_continu_tr45_Pcp296_Silo13;Humd13;Humidity sensor for determining the pickup continuation
determine_continu_tr45_Pcp296_Silo13;GrainTemp37;1st grain temperature sensor for determining the pickup continuation
determine_continu_tr45_Pcp296_Silo13;GrainTemp38;2nd grain temperature sensor for determining the pickup continuation
determine_continu_tr45_Pcp296_Silo13;GrainTemp39;3rd grain temperature sensor for determining the pickup continuation
enter_tr17_Pcp275;rfidVYEBVG;RFID tag read at entrance
enter_tr46_Pcp476;rfidEJHYOM;RFID tag read at entrance
weigh_empty_tr29_Pcp117;WS19;Weight sensor for empty truck weighing
check_abnorm_tr38_Pcp284;rfidVIASXP;RFID tag read at empty truck weighing
check_abnorm_tr29_Pcp117;rfidOIGYVC;RFID tag read at empty truck weighing
weigh_loaded_tr33_Pcp370;WS12;Weight sensor for loaded truck weighing
weigh_empty_tr19_Pcp131;WS13;Weight sensor for empty truck weighing
check_abnorm_tr19_Pcp131;rfidRCKRLL;RFID tag read at empty truck weighing
determine_continu_tr29_Pcp117_Silo13;Temp13;Temperature sensor for determining the pickup continuation
determine_continu_tr29_Pcp117_Silo13;Humd13;Humidity sensor for determining the pickup continuation
determine_continu_tr29_Pcp117_Silo13;GrainTemp37;1st grain temperature sensor for determining the pickup continuation
determine_continu_tr29_Pcp117_Silo13;GrainTemp38;2nd grain temperature sensor for determining the pickup continuation
determine_continu_tr29_Pcp117_Silo13;GrainTemp39;3rd grain temperature sensor for determining the pickup continuation
enter_tr42_Pcp171;rfidLEEHFK;RFID tag read at entrance
determine_continu_tr19_Pcp131_Silo10;Temp10;Temperature sensor for determining the pickup continuation
determine_continu_tr19_Pcp131_Silo10;Humd10;Humidity sensor for determining the pickup continuation
determine_continu_tr19_Pcp131_Silo10;GrainTemp28;1st grain temperature sensor for determining the pickup continuation
determine_continu_tr19_Pcp131_Silo10;GrainTemp29;2nd grain temperature sensor for determining the pickup continuation
determine_continu_tr19_Pcp131_Silo10;GrainTemp30;3rd grain temperature sensor for determining the pickup continuation
weigh_empty_tr46_Pcp476;WS17;Weight sensor for empty truck weighing
weigh_loaded_tr40_Pcp100;WS02;Weight sensor for loaded truck weighing
enter_tr31_Pcp211;rfidJDEWMH;RFID tag read at entrance
check_abnorm_tr46_Pcp476;rfidEJHYOM;RFID tag read at empty truck weighing
weigh_loaded_tr18_Pcp396;WS16;Weight sensor for loaded truck weighing
weigh_loaded_tr45_Pcp296;WS14;Weight sensor for loaded truck weighing
determine_continu_tr38_Pcp284_Silo8;Temp8;Temperature sensor for determining the pickup continuation
determine_continu_tr38_Pcp284_Silo8;Humd8;Humidity sensor for determining the pickup continuation
determine_continu_tr38_Pcp284_Silo8;GrainTemp22;1st grain temperature sensor for determining the pickup continuation
determine_continu_tr38_Pcp284_Silo8;GrainTemp23;2nd grain temperature sensor for determining the pickup continuation
determine_continu_tr38_Pcp284_Silo8;GrainTemp24;3rd grain temperature sensor for determining the pickup continuation
weigh_empty_tr17_Pcp275;WS04;Weight sensor for empty truck weighing
determine_continu_tr46_Pcp476_Silo16;Temp16;Temperature sensor for determining the pickup continuation
determine_continu_tr46_Pcp476_Silo16;Humd16;Humidity sensor for determining the pickup continuation
determine_continu_tr46_Pcp476_Silo16;GrainTemp46;1st grain temperature sensor for determining the pickup continuation
determine_continu_tr46_Pcp476_Silo16;GrainTemp47;2nd grain temperature sensor for determining the pickup continuation
determine_continu_tr46_Pcp476_Silo16;GrainTemp48;3rd grain temperature sensor for determining the pickup continuation
enter_tr1_Pcp398;rfidBKTRLP;RFID tag read at entrance
check_abnorm_tr17_Pcp275;rfidVYEBVG;RFID tag read at empty truck weighing
weigh_empty_tr31_Pcp211;WS14;Weight sensor for empty truck weighing
check_abnorm_tr31_Pcp211;rfidJDEWMH;RFID tag read at empty truck weighing
weigh_empty_tr42_Pcp171;WS08;Weight sensor for empty truck weighing
check_abnorm_tr42_Pcp171;rfidLEEHFK;RFID tag read at empty truck weighing
weigh_empty_tr1_Pcp398;WS13;Weight sensor for empty truck weighing
check_abnorm_tr1_Pcp398;rfidBKTRLP;RFID tag read at empty truck weighing
determine_continu_tr31_Pcp211_Silo19;Temp19;Temperature sensor for determining the pickup continuation
determine_continu_tr31_Pcp211_Silo19;Humd19;Humidity sensor for determining the pickup continuation
determine_continu_tr31_Pcp211_Silo19;GrainTemp55;1st grain temperature sensor for determining the pickup continuation
determine_continu_tr31_Pcp211_Silo19;GrainTemp56;2nd grain temperature sensor for determining the pickup continuation
determine_continu_tr31_Pcp211_Silo19;GrainTemp57;3rd grain temperature sensor for determining the pickup continuation
determine_continu_tr17_Pcp275_Silo2;Temp2;Temperature sensor for determining the pickup continuation
determine_continu_tr17_Pcp275_Silo2;Humd2;Humidity sensor for determining the pickup continuation
determine_continu_tr17_Pcp275_Silo2;GrainTemp4;1st grain temperature sensor for determining the pickup continuation
determine_continu_tr17_Pcp275_Silo2;GrainTemp5;2nd grain temperature sensor for determining the pickup continuation
determine_continu_tr17_Pcp275_Silo2;GrainTemp6;3rd grain temperature sensor for determining the pickup continuation
enter_tr26_Pcp467;rfidNQRMLR;RFID tag read at entrance
enter_tr28_Pcp379;rfidUOOSAQ;RFID tag read at entrance
enter_tr24_Pcp197;rfidPCMKUV;RFID tag read at entrance
weigh_loaded_tr19_Pcp131;WS10;Weight sensor for loaded truck weighing
weigh_loaded_tr38_Pcp284;WS15;Weight sensor for loaded truck weighing
enter_tr37_Pcp72;rfidUSNSHC;RFID tag read at entrance
enter_tr43_Pcp309;rfidGETQDY;RFID tag read at entrance
weigh_loaded_tr31_Pcp211;WS10;Weight sensor for loaded truck weighing
determine_continu_tr1_Pcp398_Silo9;Temp9;Temperature sensor for determining the pickup continuation
determine_continu_tr1_Pcp398_Silo9;Humd9;Humidity sensor for determining the pickup continuation
determine_continu_tr1_Pcp398_Silo9;GrainTemp25;1st grain temperature sensor for determining the pickup continuation
determine_continu_tr1_Pcp398_Silo9;GrainTemp26;2nd grain temperature sensor for determining the pickup continuation
determine_continu_tr1_Pcp398_Silo9;GrainTemp27;3rd grain temperature sensor for determining the pickup continuation
determine_continu_tr42_Pcp171_Silo6;Temp6;Temperature sensor for determining the pickup continuation
determine_continu_tr42_Pcp171_Silo6;Humd6;Humidity sensor for determining the pickup continuation
determine_continu_tr42_Pcp171_Silo6;GrainTemp16;1st grain temperature sensor for determining the pickup continuation
determine_continu_tr42_Pcp171_Silo6;GrainTemp17;2nd grain temperature sensor for determining the pickup continuation
determine_continu_tr42_Pcp171_Silo6;GrainTemp18;3rd grain temperature sensor for determining the pickup continuation
enter_tr14_Pcp249;rfidYREIDQ;RFID tag read at entrance
weigh_loaded_tr46_Pcp476;WS19;Weight sensor for loaded truck weighing
weigh_loaded_tr29_Pcp117;WS16;Weight sensor for loaded truck weighing
weigh_empty_tr26_Pcp467;WS03;Weight sensor for empty truck weighing
check_abnorm_tr26_Pcp467;rfidNQRMLR;RFID tag read at empty truck weighing
weigh_empty_tr28_Pcp379;WS06;Weight sensor for empty truck weighing
weigh_loaded_tr4_Pcp252;WS04;Weight sensor for loaded truck weighing
check_abnorm_tr28_Pcp379;rfidUOOSAQ;RFID tag read at empty truck weighing
enter_tr23_Pcp270;rfidKGKHYU;RFID tag read at entrance
weigh_empty_tr37_Pcp72;WS14;Weight sensor for empty truck weighing
determine_continu_tr26_Pcp467_Silo12;Temp12;Temperature sensor for determining the pickup continuation
determine_continu_tr26_Pcp467_Silo12;Humd12;Humidity sensor for determining the pickup continuation
determine_continu_tr26_Pcp467_Silo12;GrainTemp34;1st grain temperature sensor for determining the pickup continuation
determine_continu_tr26_Pcp467_Silo12;GrainTemp35;2nd grain temperature sensor for determining the pickup continuation
determine_continu_tr26_Pcp467_Silo12;GrainTemp36;3rd grain temperature sensor for determining the pickup continuation
check_abnorm_tr37_Pcp72;rfidUSNSHC;RFID tag read at empty truck weighing
weigh_empty_tr14_Pcp249;WS12;Weight sensor for empty truck weighing
weigh_empty_tr24_Pcp197;WS08;Weight sensor for empty truck weighing
check_abnorm_tr14_Pcp249;rfidYREIDQ;RFID tag read at empty truck weighing
check_abnorm_tr24_Pcp197;rfidPCMKUV;RFID tag read at empty truck weighing
weigh_loaded_tr44_Pcp159;WS19;Weight sensor for loaded truck weighing
weigh_empty_tr23_Pcp270;WS16;Weight sensor for empty truck weighing
weigh_empty_tr43_Pcp309;WS20;Weight sensor for empty truck weighing
check_abnorm_tr23_Pcp270;rfidKGKHYU;RFID tag read at empty truck weighing
determine_continu_tr24_Pcp197_Silo13;Temp13;Temperature sensor for determining the pickup continuation
determine_continu_tr24_Pcp197_Silo13;Humd13;Humidity sensor for determining the pickup continuation
determine_continu_tr24_Pcp197_Silo13;GrainTemp37;1st grain temperature sensor for determining the pickup continuation
determine_continu_tr24_Pcp197_Silo13;GrainTemp38;2nd grain temperature sensor for determining the pickup continuation
determine_continu_tr24_Pcp197_Silo13;GrainTemp39;3rd grain temperature sensor for determining the pickup continuation
check_abnorm_tr43_Pcp309;rfidGETQDY;RFID tag read at empty truck weighing
determine_continu_tr37_Pcp72_Silo14;Temp14;Temperature sensor for determining the pickup continuation
determine_continu_tr37_Pcp72_Silo14;Humd14;Humidity sensor for determining the pickup continuation
determine_continu_tr37_Pcp72_Silo14;GrainTemp40;1st grain temperature sensor for determining the pickup continuation
determine_continu_tr37_Pcp72_Silo14;GrainTemp41;2nd grain temperature sensor for determining the pickup continuation
determine_continu_tr37_Pcp72_Silo14;GrainTemp42;3rd grain temperature sensor for determining the pickup continuation
determine_continu_tr23_Pcp270_Silo6;Temp6;Temperature sensor for determining the pickup continuation
determine_continu_tr23_Pcp270_Silo6;Humd6;Humidity sensor for determining the pickup continuation
determine_continu_tr23_Pcp270_Silo6;GrainTemp16;1st grain temperature sensor for determining the pickup continuation
determine_continu_tr23_Pcp270_Silo6;GrainTemp17;2nd grain temperature sensor for determining the pickup continuation
determine_continu_tr23_Pcp270_Silo6;GrainTemp18;3rd grain temperature sensor for determining the pickup continuation
determine_continu_tr28_Pcp379_Silo4;Temp4;Temperature sensor for determining the pickup continuation
determine_continu_tr28_Pcp379_Silo4;Humd4;Humidity sensor for determining the pickup continuation
determine_continu_tr28_Pcp379_Silo4;GrainTemp10;1st grain temperature sensor for determining the pickup continuation
determine_continu_tr28_Pcp379_Silo4;GrainTemp11;2nd grain temperature sensor for determining the pickup continuation
determine_continu_tr28_Pcp379_Silo4;GrainTemp12;3rd grain temperature sensor for determining the pickup continuation
weigh_loaded_tr42_Pcp171;WS10;Weight sensor for loaded truck weighing
enter_tr6_Pcp435;rfidQSKZVB;RFID tag read at entrance
weigh_loaded_tr11_Pcp408;WS05;Weight sensor for loaded truck weighing
enter_tr27_Pcp172;rfidWOMLHU;RFID tag read at entrance
determine_continu_tr14_Pcp249_Silo20;Temp20;Temperature sensor for determining the pickup continuation
determine_continu_tr14_Pcp249_Silo20;Humd20;Humidity sensor for determining the pickup continuation
determine_continu_tr14_Pcp249_Silo20;GrainTemp58;1st grain temperature sensor for determining the pickup continuation
determine_continu_tr14_Pcp249_Silo20;GrainTemp59;2nd grain temperature sensor for determining the pickup continuation
determine_continu_tr14_Pcp249_Silo20;GrainTemp60;3rd grain temperature sensor for determining the pickup continuation
enter_tr39_Pcp473;rfidYGABPB;RFID tag read at entrance
determine_continu_tr43_Pcp309_Silo14;Temp14;Temperature sensor for determining the pickup continuation
determine_continu_tr43_Pcp309_Silo14;Humd14;Humidity sensor for determining the pickup continuation
determine_continu_tr43_Pcp309_Silo14;GrainTemp40;1st grain temperature sensor for determining the pickup continuation
determine_continu_tr43_Pcp309_Silo14;GrainTemp41;2nd grain temperature sensor for determining the pickup continuation
determine_continu_tr43_Pcp309_Silo14;GrainTemp42;3rd grain temperature sensor for determining the pickup continuation
weigh_empty_tr6_Pcp435;WS10;Weight sensor for empty truck weighing
check_abnorm_tr6_Pcp435;rfidQSKZVB;RFID tag read at empty truck weighing
weigh_empty_tr27_Pcp172;WS09;Weight sensor for empty truck weighing
check_abnorm_tr27_Pcp172;rfidWOMLHU;RFID tag read at empty truck weighing
weigh_loaded_tr17_Pcp275;WS13;Weight sensor for loaded truck weighing
weigh_loaded_tr23_Pcp270;WS05;Weight sensor for loaded truck weighing
weigh_empty_tr39_Pcp473;WS17;Weight sensor for empty truck weighing
check_abnorm_tr39_Pcp473;rfidYGABPB;RFID tag read at empty truck weighing
weigh_loaded_tr24_Pcp197;WS03;Weight sensor for loaded truck weighing
weigh_loaded_tr49_Pcp487;WS12;Weight sensor for loaded truck weighing
determine_continu_tr39_Pcp473_Silo3;Temp3;Temperature sensor for determining the pickup continuation
determine_continu_tr39_Pcp473_Silo3;Humd3;Humidity sensor for determining the pickup continuation
determine_continu_tr39_Pcp473_Silo3;GrainTemp7;1st grain temperature sensor for determining the pickup continuation
determine_continu_tr39_Pcp473_Silo3;GrainTemp8;2nd grain temperature sensor for determining the pickup continuation
determine_continu_tr39_Pcp473_Silo3;GrainTemp9;3rd grain temperature sensor for determining the pickup continuation
determine_continu_tr27_Pcp172_Silo16;Temp16;Temperature sensor for determining the pickup continuation
determine_continu_tr27_Pcp172_Silo16;Humd16;Humidity sensor for determining the pickup continuation
determine_continu_tr27_Pcp172_Silo16;GrainTemp46;1st grain temperature sensor for determining the pickup continuation
determine_continu_tr27_Pcp172_Silo16;GrainTemp47;2nd grain temperature sensor for determining the pickup continuation
determine_continu_tr27_Pcp172_Silo16;GrainTemp48;3rd grain temperature sensor for determining the pickup continuation
weigh_loaded_tr1_Pcp398;WS15;Weight sensor for loaded truck weighing
determine_continu_tr6_Pcp435_Silo18;Temp18;Temperature sensor for determining the pickup continuation
determine_continu_tr6_Pcp435_Silo18;Humd18;Humidity sensor for determining the pickup continuation
determine_continu_tr6_Pcp435_Silo18;GrainTemp52;1st grain temperature sensor for determining the pickup continuation
determine_continu_tr6_Pcp435_Silo18;GrainTemp53;2nd grain temperature sensor for determining the pickup continuation
determine_continu_tr6_Pcp435_Silo18;GrainTemp54;3rd grain temperature sensor for determining the pickup continuation
enter_tr9_Pcp253;rfidKEBJGC;RFID tag read at entrance
weigh_empty_tr9_Pcp253;WS17;Weight sensor for empty truck weighing
enter_tr16_Pcp465;rfidIICVAH;RFID tag read at entrance
weigh_loaded_tr8_Pcp419;WS07;Weight sensor for loaded truck weighing
check_abnorm_tr9_Pcp253;rfidKEBJGC;RFID tag read at empty truck weighing
weigh_loaded_tr26_Pcp467;WS20;Weight sensor for loaded truck weighing
weigh_loaded_tr28_Pcp379;WS03;Weight sensor for loaded truck weighing
weigh_loaded_tr37_Pcp72;WS12;Weight sensor for loaded truck weighing
weigh_loaded_tr43_Pcp309;WS01;Weight sensor for loaded truck weighing
weigh_empty_tr16_Pcp465;WS18;Weight sensor for empty truck weighing
check_abnorm_tr16_Pcp465;rfidIICVAH;RFID tag read at empty truck weighing
determine_continu_tr9_Pcp253_Silo13;Temp13;Temperature sensor for determining the pickup continuation
determine_continu_tr9_Pcp253_Silo13;Humd13;Humidity sensor for determining the pickup continuation
determine_continu_tr9_Pcp253_Silo13;GrainTemp37;1st grain temperature sensor for determining the pickup continuation
determine_continu_tr9_Pcp253_Silo13;GrainTemp38;2nd grain temperature sensor for determining the pickup continuation
determine_continu_tr9_Pcp253_Silo13;GrainTemp39;3rd grain temperature sensor for determining the pickup continuation
enter_tr5_Pcp454;rfidSVWFVZ;RFID tag read at entrance
weigh_loaded_tr27_Pcp172;WS01;Weight sensor for loaded truck weighing
determine_continu_tr16_Pcp465_Silo20;Temp20;Temperature sensor for determining the pickup continuation
determine_continu_tr16_Pcp465_Silo20;Humd20;Humidity sensor for determining the pickup continuation
determine_continu_tr16_Pcp465_Silo20;GrainTemp58;1st grain temperature sensor for determining the pickup continuation
determine_continu_tr16_Pcp465_Silo20;GrainTemp59;2nd grain temperature sensor for determining the pickup continuation
determine_continu_tr16_Pcp465_Silo20;GrainTemp60;3rd grain temperature sensor for determining the pickup continuation
weigh_empty_tr5_Pcp454;WS03;Weight sensor for empty truck weighing
check_abnorm_tr5_Pcp454;rfidSVWFVZ;RFID tag read at empty truck weighing
determine_continu_tr5_Pcp454_Silo14;Temp14;Temperature sensor for determining the pickup continuation
determine_continu_tr5_Pcp454_Silo14;Humd14;Humidity sensor for determining the pickup continuation
determine_continu_tr5_Pcp454_Silo14;GrainTemp40;1st grain temperature sensor for determining the pickup continuation
determine_continu_tr5_Pcp454_Silo14;GrainTemp41;2nd grain temperature sensor for determining the pickup continuation
determine_continu_tr5_Pcp454_Silo14;GrainTemp42;3rd grain temperature sensor for determining the pickup continuation
weigh_loaded_tr9_Pcp253;WS10;Weight sensor for loaded truck weighing
weigh_loaded_tr39_Pcp473;WS15;Weight sensor for loaded truck weighing
weigh_loaded_tr6_Pcp435;WS04;Weight sensor for loaded truck weighing
weigh_loaded_tr14_Pcp249;WS12;Weight sensor for loaded truck weighing
weigh_loaded_tr16_Pcp465;WS02;Weight sensor for loaded truck weighing
enter_tr48_Pcp268;rfidNSELSE;RFID tag read at entrance
weigh_empty_tr48_Pcp268;WS01;Weight sensor for empty truck weighing
check_abnorm_tr48_Pcp268;rfidNSELSE;RFID tag read at empty truck weighing
determine_continu_tr48_Pcp268_Silo10;Temp10;Temperature sensor for determining the pickup continuation
determine_continu_tr48_Pcp268_Silo10;Humd10;Humidity sensor for determining the pickup continuation
determine_continu_tr48_Pcp268_Silo10;GrainTemp28;1st grain temperature sensor for determining the pickup continuation
determine_continu_tr48_Pcp268_Silo10;GrainTemp29;2nd grain temperature sensor for determining the pickup continuation
determine_continu_tr48_Pcp268_Silo10;GrainTemp30;3rd grain temperature sensor for determining the pickup continuation
enter_tr41_Pcp76;rfidXWLCID;RFID tag read at entrance
weigh_loaded_tr5_Pcp454;WS14;Weight sensor for loaded truck weighing
weigh_empty_tr41_Pcp76;WS17;Weight sensor for empty truck weighing
check_abnorm_tr41_Pcp76;rfidXWLCID;RFID tag read at empty truck weighing
determine_continu_tr41_Pcp76_Silo19;Temp19;Temperature sensor for determining the pickup continuation
determine_continu_tr41_Pcp76_Silo19;Humd19;Humidity sensor for determining the pickup continuation
determine_continu_tr41_Pcp76_Silo19;GrainTemp55;1st grain temperature sensor for determining the pickup continuation
determine_continu_tr41_Pcp76_Silo19;GrainTemp56;2nd grain temperature sensor for determining the pickup continuation
determine_continu_tr41_Pcp76_Silo19;GrainTemp57;3rd grain temperature sensor for determining the pickup continuation
weigh_loaded_tr48_Pcp268;WS16;Weight sensor for loaded truck weighing
enter_tr34_Pcp383;rfidFMSUBE;RFID tag read at entrance
weigh_empty_tr34_Pcp383;WS16;Weight sensor for empty truck weighing
check_abnorm_tr34_Pcp383;rfidFMSUBE;RFID tag read at empty truck weighing
determine_continu_tr34_Pcp383_Silo13;Temp13;Temperature sensor for determining the pickup continuation
determine_continu_tr34_Pcp383_Silo13;Humd13;Humidity sensor for determining the pickup continuation
determine_continu_tr34_Pcp383_Silo13;GrainTemp37;1st grain temperature sensor for determining the pickup continuation
determine_continu_tr34_Pcp383_Silo13;GrainTemp38;2nd grain temperature sensor for determining the pickup continuation
determine_continu_tr34_Pcp383_Silo13;GrainTemp39;3rd grain temperature sensor for determining the pickup continuation
weigh_loaded_tr41_Pcp76;WS08;Weight sensor for loaded truck weighing
weigh_loaded_tr34_Pcp383;WS09;Weight sensor for loaded truck weighing
enter_tr50_Pcp452;rfidXXIVNB;RFID tag read at entrance
weigh_empty_tr50_Pcp452;WS07;Weight sensor for empty truck weighing
enter_tr2_Pcp460;rfidSQKJGH;RFID tag read at entrance
check_abnorm_tr50_Pcp452;rfidXXIVNB;RFID tag read at empty truck weighing
enter_tr13_Pcp369;rfidGTHHGD;RFID tag read at entrance
weigh_empty_tr2_Pcp460;WS10;Weight sensor for empty truck weighing
check_abnorm_tr2_Pcp460;rfidSQKJGH;RFID tag read at empty truck weighing
enter_tr12_Pcp45;rfidVYYKGK;RFID tag read at entrance
determine_continu_tr2_Pcp460_Silo2;Temp2;Temperature sensor for determining the pickup continuation
determine_continu_tr2_Pcp460_Silo2;Humd2;Humidity sensor for determining the pickup continuation
determine_continu_tr2_Pcp460_Silo2;GrainTemp4;1st grain temperature sensor for determining the pickup continuation
determine_continu_tr2_Pcp460_Silo2;GrainTemp5;2nd grain temperature sensor for determining the pickup continuation
determine_continu_tr2_Pcp460_Silo2;GrainTemp6;3rd grain temperature sensor for determining the pickup continuation
determine_continu_tr50_Pcp452_Silo17;Temp17;Temperature sensor for determining the pickup continuation
determine_continu_tr50_Pcp452_Silo17;Humd17;Humidity sensor for determining the pickup continuation
determine_continu_tr50_Pcp452_Silo17;GrainTemp49;1st grain temperature sensor for determining the pickup continuation
determine_continu_tr50_Pcp452_Silo17;GrainTemp50;2nd grain temperature sensor for determining the pickup continuation
determine_continu_tr50_Pcp452_Silo17;GrainTemp51;3rd grain temperature sensor for determining the pickup continuation
enter_tr47_Pcp217;rfidJGLUGP;RFID tag read at entrance
weigh_empty_tr12_Pcp45;WS10;Weight sensor for empty truck weighing
weigh_empty_tr13_Pcp369;WS18;Weight sensor for empty truck weighing
check_abnorm_tr13_Pcp369;rfidGTHHGD;RFID tag read at empty truck weighing
check_abnorm_tr12_Pcp45;rfidVYYKGK;RFID tag read at empty truck weighing
weigh_empty_tr47_Pcp217;WS20;Weight sensor for empty truck weighing
check_abnorm_tr47_Pcp217;rfidJGLUGP;RFID tag read at empty truck weighing
determine_continu_tr13_Pcp369_Silo12;Temp12;Temperature sensor for determining the pickup continuation
determine_continu_tr13_Pcp369_Silo12;Humd12;Humidity sensor for determining the pickup continuation
determine_continu_tr13_Pcp369_Silo12;GrainTemp34;1st grain temperature sensor for determining the pickup continuation
determine_continu_tr13_Pcp369_Silo12;GrainTemp35;2nd grain temperature sensor for determining the pickup continuation
determine_continu_tr13_Pcp369_Silo12;GrainTemp36;3rd grain temperature sensor for determining the pickup continuation
determine_continu_tr47_Pcp217_Silo19;Temp19;Temperature sensor for determining the pickup continuation
determine_continu_tr47_Pcp217_Silo19;Humd19;Humidity sensor for determining the pickup continuation
determine_continu_tr47_Pcp217_Silo19;GrainTemp55;1st grain temperature sensor for determining the pickup continuation
determine_continu_tr47_Pcp217_Silo19;GrainTemp56;2nd grain temperature sensor for determining the pickup continuation
determine_continu_tr47_Pcp217_Silo19;GrainTemp57;3rd grain temperature sensor for determining the pickup continuation
enter_tr36_Pcp327;rfidHYTHBN;RFID tag read at entrance
determine_continu_tr12_Pcp45_Silo6;Temp6;Temperature sensor for determining the pickup continuation
determine_continu_tr12_Pcp45_Silo6;Humd6;Humidity sensor for determining the pickup continuation
determine_continu_tr12_Pcp45_Silo6;GrainTemp16;1st grain temperature sensor for determining the pickup continuation
determine_continu_tr12_Pcp45_Silo6;GrainTemp17;2nd grain temperature sensor for determining the pickup continuation
determine_continu_tr12_Pcp45_Silo6;GrainTemp18;3rd grain temperature sensor for determining the pickup continuation
weigh_empty_tr36_Pcp327;WS01;Weight sensor for empty truck weighing
check_abnorm_tr36_Pcp327;rfidHYTHBN;RFID tag read at empty truck weighing
weigh_loaded_tr13_Pcp369;WS20;Weight sensor for loaded truck weighing
weigh_loaded_tr47_Pcp217;WS08;Weight sensor for loaded truck weighing
determine_continu_tr36_Pcp327_Silo10;Temp10;Temperature sensor for determining the pickup continuation
determine_continu_tr36_Pcp327_Silo10;Humd10;Humidity sensor for determining the pickup continuation
determine_continu_tr36_Pcp327_Silo10;GrainTemp28;1st grain temperature sensor for determining the pickup continuation
determine_continu_tr36_Pcp327_Silo10;GrainTemp29;2nd grain temperature sensor for determining the pickup continuation
determine_continu_tr36_Pcp327_Silo10;GrainTemp30;3rd grain temperature sensor for determining the pickup continuation
weigh_loaded_tr2_Pcp460;WS06;Weight sensor for loaded truck weighing
weigh_loaded_tr36_Pcp327;WS20;Weight sensor for loaded truck weighing
weigh_loaded_tr50_Pcp452;WS11;Weight sensor for loaded truck weighing
enter_tr22_Pcp141;rfidENJOLW;RFID tag read at entrance
weigh_loaded_tr12_Pcp45;WS05;Weight sensor for loaded truck weighing
weigh_empty_tr22_Pcp141;WS17;Weight sensor for empty truck weighing
enter_tr3_Pcp484;rfidDRCUXI;RFID tag read at entrance
check_abnorm_tr22_Pcp141;rfidENJOLW;RFID tag read at empty truck weighing
determine_continu_tr22_Pcp141_Silo2;Temp2;Temperature sensor for determining the pickup continuation
determine_continu_tr22_Pcp141_Silo2;Humd2;Humidity sensor for determining the pickup continuation
determine_continu_tr22_Pcp141_Silo2;GrainTemp4;1st grain temperature sensor for determining the pickup continuation
determine_continu_tr22_Pcp141_Silo2;GrainTemp5;2nd grain temperature sensor for determining the pickup continuation
determine_continu_tr22_Pcp141_Silo2;GrainTemp6;3rd grain temperature sensor for determining the pickup continuation
weigh_empty_tr3_Pcp484;WS15;Weight sensor for empty truck weighing
check_abnorm_tr3_Pcp484;rfidDRCUXI;RFID tag read at empty truck weighing
determine_continu_tr3_Pcp484_Silo12;Temp12;Temperature sensor for determining the pickup continuation
determine_continu_tr3_Pcp484_Silo12;Humd12;Humidity sensor for determining the pickup continuation
determine_continu_tr3_Pcp484_Silo12;GrainTemp34;1st grain temperature sensor for determining the pickup continuation
determine_continu_tr3_Pcp484_Silo12;GrainTemp35;2nd grain temperature sensor for determining the pickup continuation
determine_continu_tr3_Pcp484_Silo12;GrainTemp36;3rd grain temperature sensor for determining the pickup continuation
weigh_loaded_tr22_Pcp141;WS13;Weight sensor for loaded truck weighing
weigh_loaded_tr3_Pcp484;WS02;Weight sensor for loaded truck weighing
enter_tr21_Pcp408;rfidTLWXGZ;RFID tag read at entrance
weigh_empty_tr21_Pcp408;WS13;Weight sensor for empty truck weighing
check_abnorm_tr21_Pcp408;rfidTLWXGZ;RFID tag read at empty truck weighing
enter_tr30_Pcp290;rfidCBMLGM;RFID tag read at entrance
weigh_empty_tr30_Pcp290;WS06;Weight sensor for empty truck weighing
check_abnorm_tr30_Pcp290;rfidCBMLGM;RFID tag read at empty truck weighing
determine_continu_tr21_Pcp408_Silo10;Temp10;Temperature sensor for determining the pickup continuation
determine_continu_tr21_Pcp408_Silo10;Humd10;Humidity sensor for determining the pickup continuation
determine_continu_tr21_Pcp408_Silo10;GrainTemp28;1st grain temperature sensor for determining the pickup continuation
determine_continu_tr21_Pcp408_Silo10;GrainTemp29;2nd grain temperature sensor for determining the pickup continuation
determine_continu_tr21_Pcp408_Silo10;GrainTemp30;3rd grain temperature sensor for determining the pickup continuation
determine_continu_tr30_Pcp290_Silo16;Temp16;Temperature sensor for determining the pickup continuation
determine_continu_tr30_Pcp290_Silo16;Humd16;Humidity sensor for determining the pickup continuation
determine_continu_tr30_Pcp290_Silo16;GrainTemp46;1st grain temperature sensor for determining the pickup continuation
determine_continu_tr30_Pcp290_Silo16;GrainTemp47;2nd grain temperature sensor for determining the pickup continuation
determine_continu_tr30_Pcp290_Silo16;GrainTemp48;3rd grain temperature sensor for determining the pickup continuation
enter_tr20_Pcp395;rfidXPDNSC;RFID tag read at entrance
weigh_empty_tr20_Pcp395;WS04;Weight sensor for empty truck weighing
check_abnorm_tr20_Pcp395;rfidXPDNSC;RFID tag read at empty truck weighing
enter_tr10_Pcp221;rfidOOVDPE;RFID tag read at entrance
weigh_empty_tr10_Pcp221;WS14;Weight sensor for empty truck weighing
check_abnorm_tr10_Pcp221;rfidOOVDPE;RFID tag read at empty truck weighing
determine_continu_tr20_Pcp395_Silo9;Temp9;Temperature sensor for determining the pickup continuation
determine_continu_tr20_Pcp395_Silo9;Humd9;Humidity sensor for determining the pickup continuation
determine_continu_tr20_Pcp395_Silo9;GrainTemp25;1st grain temperature sensor for determining the pickup continuation
determine_continu_tr20_Pcp395_Silo9;GrainTemp26;2nd grain temperature sensor for determining the pickup continuation
determine_continu_tr20_Pcp395_Silo9;GrainTemp27;3rd grain temperature sensor for determining the pickup continuation
determine_continu_tr10_Pcp221_Silo14;Temp14;Temperature sensor for determining the pickup continuation
determine_continu_tr10_Pcp221_Silo14;Humd14;Humidity sensor for determining the pickup continuation
determine_continu_tr10_Pcp221_Silo14;GrainTemp40;1st grain temperature sensor for determining the pickup continuation
determine_continu_tr10_Pcp221_Silo14;GrainTemp41;2nd grain temperature sensor for determining the pickup continuation
determine_continu_tr10_Pcp221_Silo14;GrainTemp42;3rd grain temperature sensor for determining the pickup continuation
enter_tr32_Pcp339;rfidQCYTDW;RFID tag read at entrance
weigh_loaded_tr21_Pcp408;WS11;Weight sensor for loaded truck weighing
weigh_loaded_tr30_Pcp290;WS01;Weight sensor for loaded truck weighing
weigh_empty_tr32_Pcp339;WS02;Weight sensor for empty truck weighing
check_abnorm_tr32_Pcp339;rfidQCYTDW;RFID tag read at empty truck weighing
enter_tr15_Pcp257;rfidIDWLCS;RFID tag read at entrance
enter_tr25_Pcp365;rfidMFTSWW;RFID tag read at entrance
enter_tr35_Pcp56;rfidPODCVH;RFID tag read at entrance
weigh_empty_tr15_Pcp257;WS06;Weight sensor for empty truck weighing
check_abnorm_tr15_Pcp257;rfidIDWLCS;RFID tag read at empty truck weighing
enter_tr7_Pcp46;rfidXNPCXE;RFID tag read at entrance
determine_continu_tr32_Pcp339_Silo2;Temp2;Temperature sensor for determining the pickup continuation
determine_continu_tr32_Pcp339_Silo2;Humd2;Humidity sensor for determining the pickup continuation
determine_continu_tr32_Pcp339_Silo2;GrainTemp4;1st grain temperature sensor for determining the pickup continuation
determine_continu_tr32_Pcp339_Silo2;GrainTemp5;2nd grain temperature sensor for determining the pickup continuation
determine_continu_tr32_Pcp339_Silo2;GrainTemp6;3rd grain temperature sensor for determining the pickup continuation
determine_continu_tr15_Pcp257_Silo11;Temp11;Temperature sensor for determining the pickup continuation
determine_continu_tr15_Pcp257_Silo11;Humd11;Humidity sensor for determining the pickup continuation
determine_continu_tr15_Pcp257_Silo11;GrainTemp31;1st grain temperature sensor for determining the pickup continuation
determine_continu_tr15_Pcp257_Silo11;GrainTemp32;2nd grain temperature sensor for determining the pickup continuation
determine_continu_tr15_Pcp257_Silo11;GrainTemp33;3rd grain temperature sensor for determining the pickup continuation
weigh_empty_tr25_Pcp365;WS20;Weight sensor for empty truck weighing
check_abnorm_tr25_Pcp365;rfidMFTSWW;RFID tag read at empty truck weighing
weigh_empty_tr35_Pcp56;WS18;Weight sensor for empty truck weighing
enter_tr40_Pcp145;rfidZEKWJR;RFID tag read at entrance
weigh_loaded_tr10_Pcp221;WS11;Weight sensor for loaded truck weighing
check_abnorm_tr35_Pcp56;rfidPODCVH;RFID tag read at empty truck weighing
enter_tr33_Pcp341;rfidMVJRXE;RFID tag read at entrance
determine_continu_tr25_Pcp365_Silo14;Temp14;Temperature sensor for determining the pickup continuation
determine_continu_tr25_Pcp365_Silo14;Humd14;Humidity sensor for determining the pickup continuation
determine_continu_tr25_Pcp365_Silo14;GrainTemp40;1st grain temperature sensor for determining the pickup continuation
determine_continu_tr25_Pcp365_Silo14;GrainTemp41;2nd grain temperature sensor for determining the pickup continuation
determine_continu_tr25_Pcp365_Silo14;GrainTemp42;3rd grain temperature sensor for determining the pickup continuation
enter_tr18_Pcp456;rfidEGNSMV;RFID tag read at entrance
enter_tr45_Pcp226;rfidSLQPDR;RFID tag read at entrance
weigh_empty_tr7_Pcp46;WS13;Weight sensor for empty truck weighing
check_abnorm_tr7_Pcp46;rfidXNPCXE;RFID tag read at empty truck weighing
determine_continu_tr35_Pcp56_Silo16;Temp16;Temperature sensor for determining the pickup continuation
determine_continu_tr35_Pcp56_Silo16;Humd16;Humidity sensor for determining the pickup continuation
determine_continu_tr35_Pcp56_Silo16;GrainTemp46;1st grain temperature sensor for determining the pickup continuation
determine_continu_tr35_Pcp56_Silo16;GrainTemp47;2nd grain temperature sensor for determining the pickup continuation
determine_continu_tr35_Pcp56_Silo16;GrainTemp48;3rd grain temperature sensor for determining the pickup continuation
weigh_empty_tr33_Pcp341;WS10;Weight sensor for empty truck weighing
determine_continu_tr7_Pcp46_Silo16;Temp16;Temperature sensor for determining the pickup continuation
determine_continu_tr7_Pcp46_Silo16;Humd16;Humidity sensor for determining the pickup continuation
determine_continu_tr7_Pcp46_Silo16;GrainTemp46;1st grain temperature sensor for determining the pickup continuation
determine_continu_tr7_Pcp46_Silo16;GrainTemp47;2nd grain temperature sensor for determining the pickup continuation
determine_continu_tr7_Pcp46_Silo16;GrainTemp48;3rd grain temperature sensor for determining the pickup continuation
check_abnorm_tr33_Pcp341;rfidMVJRXE;RFID tag read at empty truck weighing
weigh_empty_tr40_Pcp145;WS14;Weight sensor for empty truck weighing
check_abnorm_tr40_Pcp145;rfidZEKWJR;RFID tag read at empty truck weighing
enter_tr31_Pcp483;rfidJDEWMH;RFID tag read at entrance
weigh_empty_tr45_Pcp226;WS11;Weight sensor for empty truck weighing
enter_tr29_Pcp163;rfidOIGYVC;RFID tag read at entrance
check_abnorm_tr45_Pcp226;rfidSLQPDR;RFID tag read at empty truck weighing
determine_continu_tr33_Pcp341_Silo2;Temp2;Temperature sensor for determining the pickup continuation
determine_continu_tr33_Pcp341_Silo2;Humd2;Humidity sensor for determining the pickup continuation
determine_continu_tr33_Pcp341_Silo2;GrainTemp4;1st grain temperature sensor for determining the pickup continuation
determine_continu_tr33_Pcp341_Silo2;GrainTemp5;2nd grain temperature sensor for determining the pickup continuation
determine_continu_tr33_Pcp341_Silo2;GrainTemp6;3rd grain temperature sensor for determining the pickup continuation
weigh_loaded_tr20_Pcp395;WS13;Weight sensor for loaded truck weighing
enter_tr19_Pcp130;rfidRCKRLL;RFID tag read at entrance
enter_tr38_Pcp344;rfidVIASXP;RFID tag read at entrance
weigh_empty_tr31_Pcp483;WS05;Weight sensor for empty truck weighing
check_abnorm_tr31_Pcp483;rfidJDEWMH;RFID tag read at empty truck weighing
weigh_empty_tr18_Pcp456;WS20;Weight sensor for empty truck weighing
check_abnorm_tr18_Pcp456;rfidEGNSMV;RFID tag read at empty truck weighing
weigh_loaded_tr7_Pcp46;WS08;Weight sensor for loaded truck weighing
enter_tr4_Pcp346;rfidTGNSNI;RFID tag read at entrance
enter_tr46_Pcp204;rfidEJHYOM;RFID tag read at entrance
weigh_empty_tr19_Pcp130;WS16;Weight sensor for empty truck weighing
determine_continu_tr40_Pcp145_Silo18;Temp18;Temperature sensor for determining the pickup continuation
determine_continu_tr40_Pcp145_Silo18;Humd18;Humidity sensor for determining the pickup continuation
determine_continu_tr40_Pcp145_Silo18;GrainTemp52;1st grain temperature sensor for determining the pickup continuation
determine_continu_tr40_Pcp145_Silo18;GrainTemp53;2nd grain temperature sensor for determining the pickup continuation
determine_continu_tr40_Pcp145_Silo18;GrainTemp54;3rd grain temperature sensor for determining the pickup continuation
check_abnorm_tr19_Pcp130;rfidRCKRLL;RFID tag read at empty truck weighing
determine_continu_tr31_Pcp483_Silo3;Temp3;Temperature sensor for determining the pickup continuation
determine_continu_tr31_Pcp483_Silo3;Humd3;Humidity sensor for determining the pickup continuation
determine_continu_tr31_Pcp483_Silo3;GrainTemp7;1st grain temperature sensor for determining the pickup continuation
determine_continu_tr31_Pcp483_Silo3;GrainTemp8;2nd grain temperature sensor for determining the pickup continuation
determine_continu_tr31_Pcp483_Silo3;GrainTemp9;3rd grain temperature sensor for determining the pickup continuation
weigh_empty_tr38_Pcp344;WS14;Weight sensor for empty truck weighing
weigh_loaded_tr35_Pcp56;WS01;Weight sensor for loaded truck weighing
enter_tr44_Pcp411;rfidJRRVME;RFID tag read at entrance
weigh_empty_tr46_Pcp204;WS15;Weight sensor for empty truck weighing
check_abnorm_tr38_Pcp344;rfidVIASXP;RFID tag read at empty truck weighing
check_abnorm_tr46_Pcp204;rfidEJHYOM;RFID tag read at empty truck weighing
determine_continu_tr18_Pcp456_Silo19;Temp19;Temperature sensor for determining the pickup continuation
determine_continu_tr18_Pcp456_Silo19;Humd19;Humidity sensor for determining the pickup continuation
determine_continu_tr18_Pcp456_Silo19;GrainTemp55;1st grain temperature sensor for determining the pickup continuation
determine_continu_tr18_Pcp456_Silo19;GrainTemp56;2nd grain temperature sensor for determining the pickup continuation
determine_continu_tr18_Pcp456_Silo19;GrainTemp57;3rd grain temperature sensor for determining the pickup continuation
determine_continu_tr45_Pcp226_Silo10;Temp10;Temperature sensor for determining the pickup continuation
determine_continu_tr45_Pcp226_Silo10;Humd10;Humidity sensor for determining the pickup continuation
determine_continu_tr45_Pcp226_Silo10;GrainTemp28;1st grain temperature sensor for determining the pickup continuation
determine_continu_tr45_Pcp226_Silo10;GrainTemp29;2nd grain temperature sensor for determining the pickup continuation
determine_continu_tr45_Pcp226_Silo10;GrainTemp30;3rd grain temperature sensor for determining the pickup continuation
determine_continu_tr46_Pcp204_Silo20;Temp20;Temperature sensor for determining the pickup continuation
determine_continu_tr46_Pcp204_Silo20;Humd20;Humidity sensor for determining the pickup continuation
determine_continu_tr46_Pcp204_Silo20;GrainTemp58;1st grain temperature sensor for determining the pickup continuation
determine_continu_tr46_Pcp204_Silo20;GrainTemp59;2nd grain temperature sensor for determining the pickup continuation
determine_continu_tr46_Pcp204_Silo20;GrainTemp60;3rd grain temperature sensor for determining the pickup continuation
weigh_loaded_tr25_Pcp365;WS20;Weight sensor for loaded truck weighing
weigh_empty_tr4_Pcp346;WS13;Weight sensor for empty truck weighing
determine_continu_tr38_Pcp344_Silo20;Temp20;Temperature sensor for determining the pickup continuation
determine_continu_tr38_Pcp344_Silo20;Humd20;Humidity sensor for determining the pickup continuation
determine_continu_tr38_Pcp344_Silo20;GrainTemp58;1st grain temperature sensor for determining the pickup continuation
determine_continu_tr38_Pcp344_Silo20;GrainTemp59;2nd grain temperature sensor for determining the pickup continuation
determine_continu_tr38_Pcp344_Silo20;GrainTemp60;3rd grain temperature sensor for determining the pickup continuation
check_abnorm_tr4_Pcp346;rfidTGNSNI;RFID tag read at empty truck weighing
determine_continu_tr19_Pcp130_Silo3;Temp3;Temperature sensor for determining the pickup continuation
determine_continu_tr19_Pcp130_Silo3;Humd3;Humidity sensor for determining the pickup continuation
determine_continu_tr19_Pcp130_Silo3;GrainTemp7;1st grain temperature sensor for determining the pickup continuation
determine_continu_tr19_Pcp130_Silo3;GrainTemp8;2nd grain temperature sensor for determining the pickup continuation
determine_continu_tr19_Pcp130_Silo3;GrainTemp9;3rd grain temperature sensor for determining the pickup continuation
enter_tr42_Pcp403;rfidLEEHFK;RFID tag read at entrance
weigh_empty_tr29_Pcp163;WS20;Weight sensor for empty truck weighing
weigh_loaded_tr40_Pcp145;WS02;Weight sensor for loaded truck weighing
weigh_empty_tr44_Pcp411;WS01;Weight sensor for empty truck weighing
check_abnorm_tr44_Pcp411;rfidJRRVME;RFID tag read at empty truck weighing
weigh_loaded_tr15_Pcp257;WS16;Weight sensor for loaded truck weighing
determine_continu_tr4_Pcp346_Silo17;Temp17;Temperature sensor for determining the pickup continuation
determine_continu_tr4_Pcp346_Silo17;Humd17;Humidity sensor for determining the pickup continuation
determine_continu_tr4_Pcp346_Silo17;GrainTemp49;1st grain temperature sensor for determining the pickup continuation
determine_continu_tr4_Pcp346_Silo17;GrainTemp50;2nd grain temperature sensor for determining the pickup continuation
determine_continu_tr4_Pcp346_Silo17;GrainTemp51;3rd grain temperature sensor for determining the pickup continuation
check_abnorm_tr29_Pcp163;rfidOIGYVC;RFID tag read at empty truck weighing
weigh_loaded_tr38_Pcp344;WS10;Weight sensor for loaded truck weighing
weigh_loaded_tr46_Pcp204;WS13;Weight sensor for loaded truck weighing
enter_tr11_Pcp107;rfidSCPJCE;RFID tag read at entrance
determine_continu_tr29_Pcp163_Silo1;Temp1;Temperature sensor for determining the pickup continuation
determine_continu_tr29_Pcp163_Silo1;Humd1;Humidity sensor for determining the pickup continuation
determine_continu_tr29_Pcp163_Silo1;GrainTemp1;1st grain temperature sensor for determining the pickup continuation
determine_continu_tr29_Pcp163_Silo1;GrainTemp2;2nd grain temperature sensor for determining the pickup continuation
determine_continu_tr29_Pcp163_Silo1;GrainTemp3;3rd grain temperature sensor for determining the pickup continuation
determine_continu_tr44_Pcp411_Silo16;Temp16;Temperature sensor for determining the pickup continuation
determine_continu_tr44_Pcp411_Silo16;Humd16;Humidity sensor for determining the pickup continuation
determine_continu_tr44_Pcp411_Silo16;GrainTemp46;1st grain temperature sensor for determining the pickup continuation
determine_continu_tr44_Pcp411_Silo16;GrainTemp47;2nd grain temperature sensor for determining the pickup continuation
determine_continu_tr44_Pcp411_Silo16;GrainTemp48;3rd grain temperature sensor for determining the pickup continuation
enter_tr23_Pcp281;rfidKGKHYU;RFID tag read at entrance
weigh_empty_tr11_Pcp107;WS12;Weight sensor for empty truck weighing
check_abnorm_tr11_Pcp107;rfidSCPJCE;RFID tag read at empty truck weighing
weigh_loaded_tr29_Pcp163;WS17;Weight sensor for loaded truck weighing
weigh_empty_tr42_Pcp403;WS01;Weight sensor for empty truck weighing
enter_tr17_Pcp306;rfidVYEBVG;RFID tag read at entrance
enter_tr49_Pcp360;rfidNJSWIM;RFID tag read at entrance
weigh_loaded_tr44_Pcp411;WS12;Weight sensor for loaded truck weighing
enter_tr1_Pcp396;rfidBKTRLP;RFID tag read at entrance
check_abnorm_tr42_Pcp403;rfidLEEHFK;RFID tag read at empty truck weighing
weigh_loaded_tr19_Pcp130;WS09;Weight sensor for loaded truck weighing
enter_tr24_Pcp436;rfidPCMKUV;RFID tag read at entrance
determine_continu_tr11_Pcp107_Silo13;Temp13;Temperature sensor for determining the pickup continuation
determine_continu_tr11_Pcp107_Silo13;Humd13;Humidity sensor for determining the pickup continuation
determine_continu_tr11_Pcp107_Silo13;GrainTemp37;1st grain temperature sensor for determining the pickup continuation
determine_continu_tr11_Pcp107_Silo13;GrainTemp38;2nd grain temperature sensor for determining the pickup continuation
determine_continu_tr11_Pcp107_Silo13;GrainTemp39;3rd grain temperature sensor for determining the pickup continuation
determine_continu_tr42_Pcp403_Silo14;Temp14;Temperature sensor for determining the pickup continuation
determine_continu_tr42_Pcp403_Silo14;Humd14;Humidity sensor for determining the pickup continuation
determine_continu_tr42_Pcp403_Silo14;GrainTemp40;1st grain temperature sensor for determining the pickup continuation
determine_continu_tr42_Pcp403_Silo14;GrainTemp41;2nd grain temperature sensor for determining the pickup continuation
determine_continu_tr42_Pcp403_Silo14;GrainTemp42;3rd grain temperature sensor for determining the pickup continuation
weigh_empty_tr49_Pcp360;WS18;Weight sensor for empty truck weighing
check_abnorm_tr49_Pcp360;rfidNJSWIM;RFID tag read at empty truck weighing
weigh_empty_tr17_Pcp306;WS13;Weight sensor for empty truck weighing
check_abnorm_tr17_Pcp306;rfidVYEBVG;RFID tag read at empty truck weighing
weigh_loaded_tr18_Pcp456;WS07;Weight sensor for loaded truck weighing
weigh_empty_tr23_Pcp281;WS12;Weight sensor for empty truck weighing
check_abnorm_tr23_Pcp281;rfidKGKHYU;RFID tag read at empty truck weighing
weigh_loaded_tr4_Pcp346;WS05;Weight sensor for loaded truck weighing
enter_tr8_Pcp158;rfidCEZEBQ;RFID tag read at entrance
weigh_loaded_tr31_Pcp483;WS01;Weight sensor for loaded truck weighing
weigh_loaded_tr11_Pcp107;WS01;Weight sensor for loaded truck weighing
enter_tr26_Pcp268;rfidNQRMLR;RFID tag read at entrance
determine_continu_tr49_Pcp360_Silo14;Temp14;Temperature sensor for determining the pickup continuation
determine_continu_tr49_Pcp360_Silo14;Humd14;Humidity sensor for determining the pickup continuation
determine_continu_tr49_Pcp360_Silo14;GrainTemp40;1st grain temperature sensor for determining the pickup continuation
determine_continu_tr49_Pcp360_Silo14;GrainTemp41;2nd grain temperature sensor for determining the pickup continuation
determine_continu_tr49_Pcp360_Silo14;GrainTemp42;3rd grain temperature sensor for determining the pickup continuation
enter_tr37_Pcp134;rfidUSNSHC;RFID tag read at entrance
determine_continu_tr17_Pcp306_Silo6;Temp6;Temperature sensor for determining the pickup continuation
determine_continu_tr17_Pcp306_Silo6;Humd6;Humidity sensor for determining the pickup continuation
determine_continu_tr17_Pcp306_Silo6;GrainTemp16;1st grain temperature sensor for determining the pickup continuation
determine_continu_tr17_Pcp306_Silo6;GrainTemp17;2nd grain temperature sensor for determining the pickup continuation
determine_continu_tr17_Pcp306_Silo6;GrainTemp18;3rd grain temperature sensor for determining the pickup continuation
weigh_loaded_tr42_Pcp403;WS16;Weight sensor for loaded truck weighing
weigh_empty_tr1_Pcp396;WS20;Weight sensor for empty truck weighing
determine_continu_tr23_Pcp281_Silo18;Temp18;Temperature sensor for determining the pickup continuation
determine_continu_tr23_Pcp281_Silo18;Humd18;Humidity sensor for determining the pickup continuation
determine_continu_tr23_Pcp281_Silo18;GrainTemp52;1st grain temperature sensor for determining the pickup continuation
determine_continu_tr23_Pcp281_Silo18;GrainTemp53;2nd grain temperature sensor for determining the pickup continuation
determine_continu_tr23_Pcp281_Silo18;GrainTemp54;3rd grain temperature sensor for determining the pickup continuation
check_abnorm_tr1_Pcp396;rfidBKTRLP;RFID tag read at empty truck weighing
weigh_empty_tr24_Pcp436;WS16;Weight sensor for empty truck weighing
check_abnorm_tr24_Pcp436;rfidPCMKUV;RFID tag read at empty truck weighing
enter_tr43_Pcp214;rfidGETQDY;RFID tag read at entrance
weigh_empty_tr37_Pcp134;WS04;Weight sensor for empty truck weighing
weigh_loaded_tr45_Pcp226;WS14;Weight sensor for loaded truck weighing
enter_tr28_Pcp293;rfidUOOSAQ;RFID tag read at entrance
weigh_empty_tr8_Pcp158;WS10;Weight sensor for empty truck weighing
weigh_empty_tr26_Pcp268;WS06;Weight sensor for empty truck weighing
check_abnorm_tr37_Pcp134;rfidUSNSHC;RFID tag read at empty truck weighing
check_abnorm_tr26_Pcp268;rfidNQRMLR;RFID tag read at empty truck weighing
check_abnorm_tr8_Pcp158;rfidCEZEBQ;RFID tag read at empty truck weighing
weigh_empty_tr43_Pcp214;WS19;Weight sensor for empty truck weighing
check_abnorm_tr43_Pcp214;rfidGETQDY;RFID tag read at empty truck weighing
determine_continu_tr24_Pcp436_Silo3;Temp3;Temperature sensor for determining the pickup continuation
determine_continu_tr24_Pcp436_Silo3;Humd3;Humidity sensor for determining the pickup continuation
determine_continu_tr24_Pcp436_Silo3;GrainTemp7;1st grain temperature sensor for determining the pickup continuation
determine_continu_tr24_Pcp436_Silo3;GrainTemp8;2nd grain temperature sensor for determining the pickup continuation
determine_continu_tr24_Pcp436_Silo3;GrainTemp9;3rd grain temperature sensor for determining the pickup continuation
weigh_loaded_tr49_Pcp360;WS03;Weight sensor for loaded truck weighing
determine_continu_tr1_Pcp396_Silo2;Temp2;Temperature sensor for determining the pickup continuation
determine_continu_tr1_Pcp396_Silo2;Humd2;Humidity sensor for determining the pickup continuation
determine_continu_tr1_Pcp396_Silo2;GrainTemp4;1st grain temperature sensor for determining the pickup continuation
determine_continu_tr1_Pcp396_Silo2;GrainTemp5;2nd grain temperature sensor for determining the pickup continuation
determine_continu_tr1_Pcp396_Silo2;GrainTemp6;3rd grain temperature sensor for determining the pickup continuation
determine_continu_tr8_Pcp158_Silo10;Temp10;Temperature sensor for determining the pickup continuation
determine_continu_tr8_Pcp158_Silo10;Humd10;Humidity sensor for determining the pickup continuation
determine_continu_tr8_Pcp158_Silo10;GrainTemp28;1st grain temperature sensor for determining the pickup continuation
determine_continu_tr8_Pcp158_Silo10;GrainTemp29;2nd grain temperature sensor for determining the pickup continuation
determine_continu_tr8_Pcp158_Silo10;GrainTemp30;3rd grain temperature sensor for determining the pickup continuation
determine_continu_tr37_Pcp134_Silo2;Temp2;Temperature sensor for determining the pickup continuation
determine_continu_tr37_Pcp134_Silo2;Humd2;Humidity sensor for determining the pickup continuation
determine_continu_tr37_Pcp134_Silo2;GrainTemp4;1st grain temperature sensor for determining the pickup continuation
determine_continu_tr37_Pcp134_Silo2;GrainTemp5;2nd grain temperature sensor for determining the pickup continuation
determine_continu_tr37_Pcp134_Silo2;GrainTemp6;3rd grain temperature sensor for determining the pickup continuation
weigh_empty_tr28_Pcp293;WS05;Weight sensor for empty truck weighing
check_abnorm_tr28_Pcp293;rfidUOOSAQ;RFID tag read at empty truck weighing
determine_continu_tr43_Pcp214_Silo10;Temp10;Temperature sensor for determining the pickup continuation
determine_continu_tr43_Pcp214_Silo10;Humd10;Humidity sensor for determining the pickup continuation
determine_continu_tr43_Pcp214_Silo10;GrainTemp28;1st grain temperature sensor for determining the pickup continuation
determine_continu_tr43_Pcp214_Silo10;GrainTemp29;2nd grain temperature sensor for determining the pickup continuation
determine_continu_tr43_Pcp214_Silo10;GrainTemp30;3rd grain temperature sensor for determining the pickup continuation
determine_continu_tr26_Pcp268_Silo10;Temp10;Temperature sensor for determining the pickup continuation
determine_continu_tr26_Pcp268_Silo10;Humd10;Humidity sensor for determining the pickup continuation
determine_continu_tr26_Pcp268_Silo10;GrainTemp28;1st grain temperature sensor for determining the pickup continuation
determine_continu_tr26_Pcp268_Silo10;GrainTemp29;2nd grain temperature sensor for determining the pickup continuation
determine_continu_tr26_Pcp268_Silo10;GrainTemp30;3rd grain temperature sensor for determining the pickup continuation
enter_tr27_Pcp43;rfidWOMLHU;RFID tag read at entrance
enter_tr39_Pcp327;rfidYGABPB;RFID tag read at entrance
weigh_loaded_tr37_Pcp134;WS17;Weight sensor for loaded truck weighing
enter_tr9_Pcp74;rfidKEBJGC;RFID tag read at entrance
weigh_empty_tr39_Pcp327;WS04;Weight sensor for empty truck weighing
enter_tr6_Pcp279;rfidQSKZVB;RFID tag read at entrance
weigh_empty_tr27_Pcp43;WS09;Weight sensor for empty truck weighing
determine_continu_tr28_Pcp293_Silo17;Temp17;Temperature sensor for determining the pickup continuation
determine_continu_tr28_Pcp293_Silo17;Humd17;Humidity sensor for determining the pickup continuation
determine_continu_tr28_Pcp293_Silo17;GrainTemp49;1st grain temperature sensor for determining the pickup continuation
determine_continu_tr28_Pcp293_Silo17;GrainTemp50;2nd grain temperature sensor for determining the pickup continuation
determine_continu_tr28_Pcp293_Silo17;GrainTemp51;3rd grain temperature sensor for determining the pickup continuation
check_abnorm_tr27_Pcp43;rfidWOMLHU;RFID tag read at empty truck weighing
check_abnorm_tr39_Pcp327;rfidYGABPB;RFID tag read at empty truck weighing
weigh_loaded_tr23_Pcp281;WS10;Weight sensor for loaded truck weighing
determine_continu_tr39_Pcp327_Silo10;Temp10;Temperature sensor for determining the pickup continuation
determine_continu_tr39_Pcp327_Silo10;Humd10;Humidity sensor for determining the pickup continuation
determine_continu_tr39_Pcp327_Silo10;GrainTemp28;1st grain temperature sensor for determining the pickup continuation
determine_continu_tr39_Pcp327_Silo10;GrainTemp29;2nd grain temperature sensor for determining the pickup continuation
determine_continu_tr39_Pcp327_Silo10;GrainTemp30;3rd grain temperature sensor for determining the pickup continuation
weigh_loaded_tr1_Pcp396;WS09;Weight sensor for loaded truck weighing
determine_continu_tr27_Pcp43_Silo10;Temp10;Temperature sensor for determining the pickup continuation
determine_continu_tr27_Pcp43_Silo10;Humd10;Humidity sensor for determining the pickup continuation
determine_continu_tr27_Pcp43_Silo10;GrainTemp28;1st grain temperature sensor for determining the pickup continuation
determine_continu_tr27_Pcp43_Silo10;GrainTemp29;2nd grain temperature sensor for determining the pickup continuation
determine_continu_tr27_Pcp43_Silo10;GrainTemp30;3rd grain temperature sensor for determining the pickup continuation
weigh_empty_tr9_Pcp74;WS14;Weight sensor for empty truck weighing
check_abnorm_tr9_Pcp74;rfidKEBJGC;RFID tag read at empty truck weighing
weigh_empty_tr6_Pcp279;WS17;Weight sensor for empty truck weighing
check_abnorm_tr6_Pcp279;rfidQSKZVB;RFID tag read at empty truck weighing
weigh_loaded_tr27_Pcp43;WS06;Weight sensor for loaded truck weighing
enter_tr14_Pcp485;rfidYREIDQ;RFID tag read at entrance
weigh_loaded_tr8_Pcp158;WS14;Weight sensor for loaded truck weighing
determine_continu_tr6_Pcp279_Silo19;Temp19;Temperature sensor for determining the pickup continuation
determine_continu_tr6_Pcp279_Silo19;Humd19;Humidity sensor for determining the pickup continuation
determine_continu_tr6_Pcp279_Silo19;GrainTemp55;1st grain temperature sensor for determining the pickup continuation
determine_continu_tr6_Pcp279_Silo19;GrainTemp56;2nd grain temperature sensor for determining the pickup continuation
determine_continu_tr6_Pcp279_Silo19;GrainTemp57;3rd grain temperature sensor for determining the pickup continuation
determine_continu_tr9_Pcp74_Silo18;Temp18;Temperature sensor for determining the pickup continuation
determine_continu_tr9_Pcp74_Silo18;Humd18;Humidity sensor for determining the pickup continuation
determine_continu_tr9_Pcp74_Silo18;GrainTemp52;1st grain temperature sensor for determining the pickup continuation
determine_continu_tr9_Pcp74_Silo18;GrainTemp53;2nd grain temperature sensor for determining the pickup continuation
determine_continu_tr9_Pcp74_Silo18;GrainTemp54;3rd grain temperature sensor for determining the pickup continuation
weigh_empty_tr14_Pcp485;WS19;Weight sensor for empty truck weighing
check_abnorm_tr14_Pcp485;rfidYREIDQ;RFID tag read at empty truck weighing
weigh_loaded_tr43_Pcp214;WS11;Weight sensor for loaded truck weighing
weigh_loaded_tr6_Pcp279;WS04;Weight sensor for loaded truck weighing
determine_continu_tr14_Pcp485_Silo19;Temp19;Temperature sensor for determining the pickup continuation
determine_continu_tr14_Pcp485_Silo19;Humd19;Humidity sensor for determining the pickup continuation
determine_continu_tr14_Pcp485_Silo19;GrainTemp55;1st grain temperature sensor for determining the pickup continuation
determine_continu_tr14_Pcp485_Silo19;GrainTemp56;2nd grain temperature sensor for determining the pickup continuation
determine_continu_tr14_Pcp485_Silo19;GrainTemp57;3rd grain temperature sensor for determining the pickup continuation
weigh_loaded_tr9_Pcp74;WS12;Weight sensor for loaded truck weighing
weigh_loaded_tr28_Pcp293;WS20;Weight sensor for loaded truck weighing
weigh_loaded_tr14_Pcp485;WS08;Weight sensor for loaded truck weighing
enter_tr16_Pcp198;rfidIICVAH;RFID tag read at entrance
weigh_loaded_tr39_Pcp327;WS11;Weight sensor for loaded truck weighing
weigh_empty_tr16_Pcp198;WS06;Weight sensor for empty truck weighing
weigh_loaded_tr24_Pcp436;WS03;Weight sensor for loaded truck weighing
check_abnorm_tr16_Pcp198;rfidIICVAH;RFID tag read at empty truck weighing
determine_continu_tr16_Pcp198_Silo18;Temp18;Temperature sensor for determining the pickup continuation
determine_continu_tr16_Pcp198_Silo18;Humd18;Humidity sensor for determining the pickup continuation
determine_continu_tr16_Pcp198_Silo18;GrainTemp52;1st grain temperature sensor for determining the pickup continuation
determine_continu_tr16_Pcp198_Silo18;GrainTemp53;2nd grain temperature sensor for determining the pickup continuation
determine_continu_tr16_Pcp198_Silo18;GrainTemp54;3rd grain temperature sensor for determining the pickup continuation
weigh_loaded_tr26_Pcp268;WS07;Weight sensor for loaded truck weighing
weigh_loaded_tr16_Pcp198;WS14;Weight sensor for loaded truck weighing
enter_tr5_Pcp363;rfidSVWFVZ;RFID tag read at entrance
weigh_empty_tr5_Pcp363;WS02;Weight sensor for empty truck weighing
check_abnorm_tr5_Pcp363;rfidSVWFVZ;RFID tag read at empty truck weighing
determine_continu_tr5_Pcp363_Silo15;Temp15;Temperature sensor for determining the pickup continuation
determine_continu_tr5_Pcp363_Silo15;Humd15;Humidity sensor for determining the pickup continuation
determine_continu_tr5_Pcp363_Silo15;GrainTemp43;1st grain temperature sensor for determining the pickup continuation
determine_continu_tr5_Pcp363_Silo15;GrainTemp44;2nd grain temperature sensor for determining the pickup continuation
determine_continu_tr5_Pcp363_Silo15;GrainTemp45;3rd grain temperature sensor for determining the pickup continuation
enter_tr48_Pcp131;rfidNSELSE;RFID tag read at entrance
weigh_loaded_tr5_Pcp363;WS15;Weight sensor for loaded truck weighing
weigh_empty_tr48_Pcp131;WS08;Weight sensor for empty truck weighing
check_abnorm_tr48_Pcp131;rfidNSELSE;RFID tag read at empty truck weighing
enter_tr41_Pcp315;rfidXWLCID;RFID tag read at entrance
determine_continu_tr48_Pcp131_Silo10;Temp10;Temperature sensor for determining the pickup continuation
determine_continu_tr48_Pcp131_Silo10;Humd10;Humidity sensor for determining the pickup continuation
determine_continu_tr48_Pcp131_Silo10;GrainTemp28;1st grain temperature sensor for determining the pickup continuation
determine_continu_tr48_Pcp131_Silo10;GrainTemp29;2nd grain temperature sensor for determining the pickup continuation
determine_continu_tr48_Pcp131_Silo10;GrainTemp30;3rd grain temperature sensor for determining the pickup continuation
weigh_empty_tr41_Pcp315;WS13;Weight sensor for empty truck weighing
check_abnorm_tr41_Pcp315;rfidXWLCID;RFID tag read at empty truck weighing
enter_tr34_Pcp74;rfidFMSUBE;RFID tag read at entrance
determine_continu_tr41_Pcp315_Silo2;Temp2;Temperature sensor for determining the pickup continuation
determine_continu_tr41_Pcp315_Silo2;Humd2;Humidity sensor for determining the pickup continuation
determine_continu_tr41_Pcp315_Silo2;GrainTemp4;1st grain temperature sensor for determining the pickup continuation
determine_continu_tr41_Pcp315_Silo2;GrainTemp5;2nd grain temperature sensor for determining the pickup continuation
determine_continu_tr41_Pcp315_Silo2;GrainTemp6;3rd grain temperature sensor for determining the pickup continuation
weigh_loaded_tr41_Pcp315;WS20;Weight sensor for loaded truck weighing
weigh_empty_tr34_Pcp74;WS18;Weight sensor for empty truck weighing
check_abnorm_tr34_Pcp74;rfidFMSUBE;RFID tag read at empty truck weighing
determine_continu_tr34_Pcp74_Silo18;Temp18;Temperature sensor for determining the pickup continuation
determine_continu_tr34_Pcp74_Silo18;Humd18;Humidity sensor for determining the pickup continuation
determine_continu_tr34_Pcp74_Silo18;GrainTemp52;1st grain temperature sensor for determining the pickup continuation
determine_continu_tr34_Pcp74_Silo18;GrainTemp53;2nd grain temperature sensor for determining the pickup continuation
determine_continu_tr34_Pcp74_Silo18;GrainTemp54;3rd grain temperature sensor for determining the pickup continuation
weigh_loaded_tr48_Pcp131;WS06;Weight sensor for loaded truck weighing
weigh_loaded_tr34_Pcp74;WS12;Weight sensor for loaded truck weighing
enter_tr47_Pcp476;rfidJGLUGP;RFID tag read at entrance
enter_tr13_Pcp472;rfidGTHHGD;RFID tag read at entrance
weigh_empty_tr47_Pcp476;WS04;Weight sensor for empty truck weighing
check_abnorm_tr47_Pcp476;rfidJGLUGP;RFID tag read at empty truck weighing
determine_continu_tr47_Pcp476_Silo16;Temp16;Temperature sensor for determining the pickup continuation
determine_continu_tr47_Pcp476_Silo16;Humd16;Humidity sensor for determining the pickup continuation
determine_continu_tr47_Pcp476_Silo16;GrainTemp46;1st grain temperature sensor for determining the pickup continuation
determine_continu_tr47_Pcp476_Silo16;GrainTemp47;2nd grain temperature sensor for determining the pickup continuation
determine_continu_tr47_Pcp476_Silo16;GrainTemp48;3rd grain temperature sensor for determining the pickup continuation
enter_tr2_Pcp362;rfidSQKJGH;RFID tag read at entrance
weigh_empty_tr13_Pcp472;WS04;Weight sensor for empty truck weighing
check_abnorm_tr13_Pcp472;rfidGTHHGD;RFID tag read at empty truck weighing
weigh_loaded_tr47_Pcp476;WS20;Weight sensor for loaded truck weighing
weigh_empty_tr2_Pcp362;WS07;Weight sensor for empty truck weighing
determine_continu_tr13_Pcp472_Silo12;Temp12;Temperature sensor for determining the pickup continuation
determine_continu_tr13_Pcp472_Silo12;Humd12;Humidity sensor for determining the pickup continuation
determine_continu_tr13_Pcp472_Silo12;GrainTemp34;1st grain temperature sensor for determining the pickup continuation
determine_continu_tr13_Pcp472_Silo12;GrainTemp35;2nd grain temperature sensor for determining the pickup continuation
determine_continu_tr13_Pcp472_Silo12;GrainTemp36;3rd grain temperature sensor for determining the pickup continuation
check_abnorm_tr2_Pcp362;rfidSQKJGH;RFID tag read at empty truck weighing
determine_continu_tr2_Pcp362_Silo9;Temp9;Temperature sensor for determining the pickup continuation
determine_continu_tr2_Pcp362_Silo9;Humd9;Humidity sensor for determining the pickup continuation
determine_continu_tr2_Pcp362_Silo9;GrainTemp25;1st grain temperature sensor for determining the pickup continuation
determine_continu_tr2_Pcp362_Silo9;GrainTemp26;2nd grain temperature sensor for determining the pickup continuation
determine_continu_tr2_Pcp362_Silo9;GrainTemp27;3rd grain temperature sensor for determining the pickup continuation
weigh_loaded_tr13_Pcp472;WS04;Weight sensor for loaded truck weighing
enter_tr36_Pcp85;rfidHYTHBN;RFID tag read at entrance
enter_tr50_Pcp483;rfidXXIVNB;RFID tag read at entrance
weigh_empty_tr50_Pcp483;WS13;Weight sensor for empty truck weighing
check_abnorm_tr50_Pcp483;rfidXXIVNB;RFID tag read at empty truck weighing
weigh_empty_tr36_Pcp85;WS16;Weight sensor for empty truck weighing
check_abnorm_tr36_Pcp85;rfidHYTHBN;RFID tag read at empty truck weighing
weigh_loaded_tr2_Pcp362;WS08;Weight sensor for loaded truck weighing
determine_continu_tr50_Pcp483_Silo3;Temp3;Temperature sensor for determining the pickup continuation
determine_continu_tr50_Pcp483_Silo3;Humd3;Humidity sensor for determining the pickup continuation
determine_continu_tr50_Pcp483_Silo3;GrainTemp7;1st grain temperature sensor for determining the pickup continuation
determine_continu_tr50_Pcp483_Silo3;GrainTemp8;2nd grain temperature sensor for determining the pickup continuation
determine_continu_tr50_Pcp483_Silo3;GrainTemp9;3rd grain temperature sensor for determining the pickup continuation
determine_continu_tr36_Pcp85_Silo17;Temp17;Temperature sensor for determining the pickup continuation
determine_continu_tr36_Pcp85_Silo17;Humd17;Humidity sensor for determining the pickup continuation
determine_continu_tr36_Pcp85_Silo17;GrainTemp49;1st grain temperature sensor for determining the pickup continuation
determine_continu_tr36_Pcp85_Silo17;GrainTemp50;2nd grain temperature sensor for determining the pickup continuation
determine_continu_tr36_Pcp85_Silo17;GrainTemp51;3rd grain temperature sensor for determining the pickup continuation
enter_tr12_Pcp389;rfidVYYKGK;RFID tag read at entrance
weigh_empty_tr12_Pcp389;WS18;Weight sensor for empty truck weighing
check_abnorm_tr12_Pcp389;rfidVYYKGK;RFID tag read at empty truck weighing
determine_continu_tr12_Pcp389_Silo12;Temp12;Temperature sensor for determining the pickup continuation
determine_continu_tr12_Pcp389_Silo12;Humd12;Humidity sensor for determining the pickup continuation
determine_continu_tr12_Pcp389_Silo12;GrainTemp34;1st grain temperature sensor for determining the pickup continuation
determine_continu_tr12_Pcp389_Silo12;GrainTemp35;2nd grain temperature sensor for determining the pickup continuation
determine_continu_tr12_Pcp389_Silo12;GrainTemp36;3rd grain temperature sensor for determining the pickup continuation
weigh_loaded_tr50_Pcp483;WS15;Weight sensor for loaded truck weighing
enter_tr22_Pcp466;rfidENJOLW;RFID tag read at entrance
weigh_empty_tr22_Pcp466;WS07;Weight sensor for empty truck weighing
check_abnorm_tr22_Pcp466;rfidENJOLW;RFID tag read at empty truck weighing
enter_tr3_Pcp324;rfidDRCUXI;RFID tag read at entrance
weigh_empty_tr3_Pcp324;WS20;Weight sensor for empty truck weighing
check_abnorm_tr3_Pcp324;rfidDRCUXI;RFID tag read at empty truck weighing
determine_continu_tr22_Pcp466_Silo18;Temp18;Temperature sensor for determining the pickup continuation
determine_continu_tr22_Pcp466_Silo18;Humd18;Humidity sensor for determining the pickup continuation
determine_continu_tr22_Pcp466_Silo18;GrainTemp52;1st grain temperature sensor for determining the pickup continuation
determine_continu_tr22_Pcp466_Silo18;GrainTemp53;2nd grain temperature sensor for determining the pickup continuation
determine_continu_tr22_Pcp466_Silo18;GrainTemp54;3rd grain temperature sensor for determining the pickup continuation
weigh_loaded_tr36_Pcp85;WS05;Weight sensor for loaded truck weighing
determine_continu_tr3_Pcp324_Silo17;Temp17;Temperature sensor for determining the pickup continuation
determine_continu_tr3_Pcp324_Silo17;Humd17;Humidity sensor for determining the pickup continuation
determine_continu_tr3_Pcp324_Silo17;GrainTemp49;1st grain temperature sensor for determining the pickup continuation
determine_continu_tr3_Pcp324_Silo17;GrainTemp50;2nd grain temperature sensor for determining the pickup continuation
determine_continu_tr3_Pcp324_Silo17;GrainTemp51;3rd grain temperature sensor for determining the pickup continuation
weigh_loaded_tr22_Pcp466;WS08;Weight sensor for loaded truck weighing
weigh_loaded_tr12_Pcp389;WS20;Weight sensor for loaded truck weighing
weigh_loaded_tr3_Pcp324;WS03;Weight sensor for loaded truck weighing
enter_tr21_Pcp155;rfidTLWXGZ;RFID tag read at entrance
weigh_empty_tr21_Pcp155;WS09;Weight sensor for empty truck weighing
enter_tr30_Pcp1;rfidCBMLGM;RFID tag read at entrance
check_abnorm_tr21_Pcp155;rfidTLWXGZ;RFID tag read at empty truck weighing
determine_continu_tr21_Pcp155_Silo9;Temp9;Temperature sensor for determining the pickup continuation
determine_continu_tr21_Pcp155_Silo9;Humd9;Humidity sensor for determining the pickup continuation
determine_continu_tr21_Pcp155_Silo9;GrainTemp25;1st grain temperature sensor for determining the pickup continuation
determine_continu_tr21_Pcp155_Silo9;GrainTemp26;2nd grain temperature sensor for determining the pickup continuation
determine_continu_tr21_Pcp155_Silo9;GrainTemp27;3rd grain temperature sensor for determining the pickup continuation
weigh_empty_tr30_Pcp1;WS09;Weight sensor for empty truck weighing
enter_tr32_Pcp379;rfidQCYTDW;RFID tag read at entrance
check_abnorm_tr30_Pcp1;rfidCBMLGM;RFID tag read at empty truck weighing
determine_continu_tr30_Pcp1_Silo1;Temp1;Temperature sensor for determining the pickup continuation
determine_continu_tr30_Pcp1_Silo1;Humd1;Humidity sensor for determining the pickup continuation
determine_continu_tr30_Pcp1_Silo1;GrainTemp1;1st grain temperature sensor for determining the pickup continuation
determine_continu_tr30_Pcp1_Silo1;GrainTemp2;2nd grain temperature sensor for determining the pickup continuation
determine_continu_tr30_Pcp1_Silo1;GrainTemp3;3rd grain temperature sensor for determining the pickup continuation
weigh_empty_tr32_Pcp379;WS06;Weight sensor for empty truck weighing
check_abnorm_tr32_Pcp379;rfidQCYTDW;RFID tag read at empty truck weighing
enter_tr10_Pcp130;rfidOOVDPE;RFID tag read at entrance
determine_continu_tr32_Pcp379_Silo4;Temp4;Temperature sensor for determining the pickup continuation
determine_continu_tr32_Pcp379_Silo4;Humd4;Humidity sensor for determining the pickup continuation
determine_continu_tr32_Pcp379_Silo4;GrainTemp10;1st grain temperature sensor for determining the pickup continuation
determine_continu_tr32_Pcp379_Silo4;GrainTemp11;2nd grain temperature sensor for determining the pickup continuation
determine_continu_tr32_Pcp379_Silo4;GrainTemp12;3rd grain temperature sensor for determining the pickup continuation
weigh_loaded_tr30_Pcp1;WS02;Weight sensor for loaded truck weighing
weigh_empty_tr10_Pcp130;WS04;Weight sensor for empty truck weighing
check_abnorm_tr10_Pcp130;rfidOOVDPE;RFID tag read at empty truck weighing
weigh_loaded_tr21_Pcp155;WS11;Weight sensor for loaded truck weighing
enter_tr33_Pcp410;rfidMVJRXE;RFID tag read at entrance
determine_continu_tr10_Pcp130_Silo3;Temp3;Temperature sensor for determining the pickup continuation
determine_continu_tr10_Pcp130_Silo3;Humd3;Humidity sensor for determining the pickup continuation
determine_continu_tr10_Pcp130_Silo3;GrainTemp7;1st grain temperature sensor for determining the pickup continuation
determine_continu_tr10_Pcp130_Silo3;GrainTemp8;2nd grain temperature sensor for determining the pickup continuation
determine_continu_tr10_Pcp130_Silo3;GrainTemp9;3rd grain temperature sensor for determining the pickup continuation
enter_tr7_Pcp339;rfidXNPCXE;RFID tag read at entrance
weigh_loaded_tr32_Pcp379;WS12;Weight sensor for loaded truck weighing
enter_tr20_Pcp100;rfidXPDNSC;RFID tag read at entrance
enter_tr35_Pcp34;rfidPODCVH;RFID tag read at entrance
weigh_empty_tr33_Pcp410;WS14;Weight sensor for empty truck weighing
check_abnorm_tr33_Pcp410;rfidMVJRXE;RFID tag read at empty truck weighing
weigh_empty_tr7_Pcp339;WS13;Weight sensor for empty truck weighing
weigh_empty_tr20_Pcp100;WS02;Weight sensor for empty truck weighing
check_abnorm_tr7_Pcp339;rfidXNPCXE;RFID tag read at empty truck weighing
check_abnorm_tr20_Pcp100;rfidXPDNSC;RFID tag read at empty truck weighing
weigh_empty_tr35_Pcp34;WS18;Weight sensor for empty truck weighing
determine_continu_tr20_Pcp100_Silo6;Temp6;Temperature sensor for determining the pickup continuation
determine_continu_tr20_Pcp100_Silo6;Humd6;Humidity sensor for determining the pickup continuation
determine_continu_tr20_Pcp100_Silo6;GrainTemp16;1st grain temperature sensor for determining the pickup continuation
determine_continu_tr20_Pcp100_Silo6;GrainTemp17;2nd grain temperature sensor for determining the pickup continuation
determine_continu_tr20_Pcp100_Silo6;GrainTemp18;3rd grain temperature sensor for determining the pickup continuation
determine_continu_tr33_Pcp410_Silo2;Temp2;Temperature sensor for determining the pickup continuation
determine_continu_tr33_Pcp410_Silo2;Humd2;Humidity sensor for determining the pickup continuation
determine_continu_tr33_Pcp410_Silo2;GrainTemp4;1st grain temperature sensor for determining the pickup continuation
determine_continu_tr33_Pcp410_Silo2;GrainTemp5;2nd grain temperature sensor for determining the pickup continuation
determine_continu_tr33_Pcp410_Silo2;GrainTemp6;3rd grain temperature sensor for determining the pickup continuation
determine_continu_tr7_Pcp339_Silo2;Temp2;Temperature sensor for determining the pickup continuation
determine_continu_tr7_Pcp339_Silo2;Humd2;Humidity sensor for determining the pickup continuation
determine_continu_tr7_Pcp339_Silo2;GrainTemp4;1st grain temperature sensor for determining the pickup continuation
determine_continu_tr7_Pcp339_Silo2;GrainTemp5;2nd grain temperature sensor for determining the pickup continuation
determine_continu_tr7_Pcp339_Silo2;GrainTemp6;3rd grain temperature sensor for determining the pickup continuation
check_abnorm_tr35_Pcp34;rfidPODCVH;RFID tag read at empty truck weighing
enter_tr15_Pcp34;rfidIDWLCS;RFID tag read at entrance
weigh_loaded_tr10_Pcp130;WS04;Weight sensor for loaded truck weighing
enter_tr25_Pcp41;rfidMFTSWW;RFID tag read at entrance
enter_tr40_Pcp431;rfidZEKWJR;RFID tag read at entrance
weigh_empty_tr15_Pcp34;WS10;Weight sensor for empty truck weighing
weigh_empty_tr25_Pcp41;WS15;Weight sensor for empty truck weighing
check_abnorm_tr15_Pcp34;rfidIDWLCS;RFID tag read at empty truck weighing
check_abnorm_tr25_Pcp41;rfidMFTSWW;RFID tag read at empty truck weighing
determine_continu_tr35_Pcp34_Silo13;Temp13;Temperature sensor for determining the pickup continuation
determine_continu_tr35_Pcp34_Silo13;Humd13;Humidity sensor for determining the pickup continuation
determine_continu_tr35_Pcp34_Silo13;GrainTemp37;1st grain temperature sensor for determining the pickup continuation
determine_continu_tr35_Pcp34_Silo13;GrainTemp38;2nd grain temperature sensor for determining the pickup continuation
determine_continu_tr35_Pcp34_Silo13;GrainTemp39;3rd grain temperature sensor for determining the pickup continuation
enter_tr38_Pcp161;rfidVIASXP;RFID tag read at entrance
enter_tr46_Pcp220;rfidEJHYOM;RFID tag read at entrance
determine_continu_tr15_Pcp34_Silo13;Temp13;Temperature sensor for determining the pickup continuation
determine_continu_tr15_Pcp34_Silo13;Humd13;Humidity sensor for determining the pickup continuation
determine_continu_tr15_Pcp34_Silo13;GrainTemp37;1st grain temperature sensor for determining the pickup continuation
determine_continu_tr15_Pcp34_Silo13;GrainTemp38;2nd grain temperature sensor for determining the pickup continuation
determine_continu_tr15_Pcp34_Silo13;GrainTemp39;3rd grain temperature sensor for determining the pickup continuation
weigh_loaded_tr33_Pcp410;WS05;Weight sensor for loaded truck weighing
enter_tr29_Pcp263;rfidOIGYVC;RFID tag read at entrance
weigh_empty_tr46_Pcp220;WS12;Weight sensor for empty truck weighing
weigh_empty_tr38_Pcp161;WS08;Weight sensor for empty truck weighing
check_abnorm_tr46_Pcp220;rfidEJHYOM;RFID tag read at empty truck weighing
weigh_empty_tr29_Pcp263;WS05;Weight sensor for empty truck weighing
weigh_loaded_tr15_Pcp34;WS18;Weight sensor for loaded truck weighing
weigh_empty_tr40_Pcp431;WS20;Weight sensor for empty truck weighing
check_abnorm_tr38_Pcp161;rfidVIASXP;RFID tag read at empty truck weighing
enter_tr19_Pcp186;rfidRCKRLL;RFID tag read at entrance
check_abnorm_tr40_Pcp431;rfidZEKWJR;RFID tag read at empty truck weighing
check_abnorm_tr29_Pcp263;rfidOIGYVC;RFID tag read at empty truck weighing
determine_continu_tr46_Pcp220_Silo3;Temp3;Temperature sensor for determining the pickup continuation
determine_continu_tr46_Pcp220_Silo3;Humd3;Humidity sensor for determining the pickup continuation
determine_continu_tr46_Pcp220_Silo3;GrainTemp7;1st grain temperature sensor for determining the pickup continuation
determine_continu_tr46_Pcp220_Silo3;GrainTemp8;2nd grain temperature sensor for determining the pickup continuation
determine_continu_tr46_Pcp220_Silo3;GrainTemp9;3rd grain temperature sensor for determining the pickup continuation
determine_continu_tr25_Pcp41_Silo20;Temp20;Temperature sensor for determining the pickup continuation
determine_continu_tr25_Pcp41_Silo20;Humd20;Humidity sensor for determining the pickup continuation
determine_continu_tr25_Pcp41_Silo20;GrainTemp58;1st grain temperature sensor for determining the pickup continuation
determine_continu_tr25_Pcp41_Silo20;GrainTemp59;2nd grain temperature sensor for determining the pickup continuation
determine_continu_tr25_Pcp41_Silo20;GrainTemp60;3rd grain temperature sensor for determining the pickup continuation
determine_continu_tr38_Pcp161_Silo12;Temp12;Temperature sensor for determining the pickup continuation
determine_continu_tr38_Pcp161_Silo12;Humd12;Humidity sensor for determining the pickup continuation
determine_continu_tr38_Pcp161_Silo12;GrainTemp34;1st grain temperature sensor for determining the pickup continuation
determine_continu_tr38_Pcp161_Silo12;GrainTemp35;2nd grain temperature sensor for determining the pickup continuation
determine_continu_tr38_Pcp161_Silo12;GrainTemp36;3rd grain temperature sensor for determining the pickup continuation
enter_tr44_Pcp124;rfidJRRVME;RFID tag read at entrance
determine_continu_tr40_Pcp431_Silo8;Temp8;Temperature sensor for determining the pickup continuation
determine_continu_tr40_Pcp431_Silo8;Humd8;Humidity sensor for determining the pickup continuation
determine_continu_tr40_Pcp431_Silo8;GrainTemp22;1st grain temperature sensor for determining the pickup continuation
determine_continu_tr40_Pcp431_Silo8;GrainTemp23;2nd grain temperature sensor for determining the pickup continuation
determine_continu_tr40_Pcp431_Silo8;GrainTemp24;3rd grain temperature sensor for determining the pickup continuation
determine_continu_tr29_Pcp263_Silo6;Temp6;Temperature sensor for determining the pickup continuation
determine_continu_tr29_Pcp263_Silo6;Humd6;Humidity sensor for determining the pickup continuation
determine_continu_tr29_Pcp263_Silo6;GrainTemp16;1st grain temperature sensor for determining the pickup continuation
determine_continu_tr29_Pcp263_Silo6;GrainTemp17;2nd grain temperature sensor for determining the pickup continuation
determine_continu_tr29_Pcp263_Silo6;GrainTemp18;3rd grain temperature sensor for determining the pickup continuation
weigh_empty_tr44_Pcp124;WS02;Weight sensor for empty truck weighing
enter_tr4_Pcp240;rfidTGNSNI;RFID tag read at entrance
weigh_loaded_tr20_Pcp100;WS13;Weight sensor for loaded truck weighing
check_abnorm_tr44_Pcp124;rfidJRRVME;RFID tag read at empty truck weighing
weigh_empty_tr19_Pcp186;WS07;Weight sensor for empty truck weighing
enter_tr18_Pcp285;rfidEGNSMV;RFID tag read at entrance
enter_tr31_Pcp469;rfidJDEWMH;RFID tag read at entrance
check_abnorm_tr19_Pcp186;rfidRCKRLL;RFID tag read at empty truck weighing
enter_tr17_Pcp433;rfidVYEBVG;RFID tag read at entrance
weigh_empty_tr4_Pcp240;WS05;Weight sensor for empty truck weighing
check_abnorm_tr4_Pcp240;rfidTGNSNI;RFID tag read at empty truck weighing
enter_tr11_Pcp398;rfidSCPJCE;RFID tag read at entrance
enter_tr42_Pcp315;rfidLEEHFK;RFID tag read at entrance
weigh_loaded_tr25_Pcp41;WS08;Weight sensor for loaded truck weighing
weigh_empty_tr17_Pcp433;WS17;Weight sensor for empty truck weighing
check_abnorm_tr17_Pcp433;rfidVYEBVG;RFID tag read at empty truck weighing
determine_continu_tr4_Pcp240_Silo15;Temp15;Temperature sensor for determining the pickup continuation
determine_continu_tr4_Pcp240_Silo15;Humd15;Humidity sensor for determining the pickup continuation
determine_continu_tr4_Pcp240_Silo15;GrainTemp43;1st grain temperature sensor for determining the pickup continuation
determine_continu_tr4_Pcp240_Silo15;GrainTemp44;2nd grain temperature sensor for determining the pickup continuation
determine_continu_tr4_Pcp240_Silo15;GrainTemp45;3rd grain temperature sensor for determining the pickup continuation
weigh_loaded_tr38_Pcp161;WS01;Weight sensor for loaded truck weighing
weigh_empty_tr31_Pcp469;WS09;Weight sensor for empty truck weighing
check_abnorm_tr31_Pcp469;rfidJDEWMH;RFID tag read at empty truck weighing
enter_tr49_Pcp152;rfidNJSWIM;RFID tag read at entrance
weigh_empty_tr18_Pcp285;WS06;Weight sensor for empty truck weighing
determine_continu_tr44_Pcp124_Silo5;Temp5;Temperature sensor for determining the pickup continuation
determine_continu_tr44_Pcp124_Silo5;Humd5;Humidity sensor for determining the pickup continuation
determine_continu_tr44_Pcp124_Silo5;GrainTemp13;1st grain temperature sensor for determining the pickup continuation
determine_continu_tr44_Pcp124_Silo5;GrainTemp14;2nd grain temperature sensor for determining the pickup continuation
determine_continu_tr44_Pcp124_Silo5;GrainTemp15;3rd grain temperature sensor for determining the pickup continuation
check_abnorm_tr18_Pcp285;rfidEGNSMV;RFID tag read at empty truck weighing
enter_tr45_Pcp170;rfidSLQPDR;RFID tag read at entrance
weigh_loaded_tr29_Pcp263;WS12;Weight sensor for loaded truck weighing
determine_continu_tr19_Pcp186_Silo10;Temp10;Temperature sensor for determining the pickup continuation
determine_continu_tr19_Pcp186_Silo10;Humd10;Humidity sensor for determining the pickup continuation
determine_continu_tr19_Pcp186_Silo10;GrainTemp28;1st grain temperature sensor for determining the pickup continuation
determine_continu_tr19_Pcp186_Silo10;GrainTemp29;2nd grain temperature sensor for determining the pickup continuation
determine_continu_tr19_Pcp186_Silo10;GrainTemp30;3rd grain temperature sensor for determining the pickup continuation
weigh_empty_tr42_Pcp315;WS18;Weight sensor for empty truck weighing
check_abnorm_tr42_Pcp315;rfidLEEHFK;RFID tag read at empty truck weighing
determine_continu_tr31_Pcp469_Silo17;Temp17;Temperature sensor for determining the pickup continuation
determine_continu_tr31_Pcp469_Silo17;Humd17;Humidity sensor for determining the pickup continuation
determine_continu_tr31_Pcp469_Silo17;GrainTemp49;1st grain temperature sensor for determining the pickup continuation
determine_continu_tr31_Pcp469_Silo17;GrainTemp50;2nd grain temperature sensor for determining the pickup continuation
determine_continu_tr31_Pcp469_Silo17;GrainTemp51;3rd grain temperature sensor for determining the pickup continuation
determine_continu_tr17_Pcp433_Silo13;Temp13;Temperature sensor for determining the pickup continuation
determine_continu_tr17_Pcp433_Silo13;Humd13;Humidity sensor for determining the pickup continuation
determine_continu_tr17_Pcp433_Silo13;GrainTemp37;1st grain temperature sensor for determining the pickup continuation
determine_continu_tr17_Pcp433_Silo13;GrainTemp38;2nd grain temperature sensor for determining the pickup continuation
determine_continu_tr17_Pcp433_Silo13;GrainTemp39;3rd grain temperature sensor for determining the pickup continuation
weigh_loaded_tr4_Pcp240;WS19;Weight sensor for loaded truck weighing
weigh_empty_tr45_Pcp170;WS18;Weight sensor for empty truck weighing
weigh_empty_tr49_Pcp152;WS01;Weight sensor for empty truck weighing
determine_continu_tr18_Pcp285_Silo19;Temp19;Temperature sensor for determining the pickup continuation
determine_continu_tr18_Pcp285_Silo19;Humd19;Humidity sensor for determining the pickup continuation
determine_continu_tr18_Pcp285_Silo19;GrainTemp55;1st grain temperature sensor for determining the pickup continuation
determine_continu_tr18_Pcp285_Silo19;GrainTemp56;2nd grain temperature sensor for determining the pickup continuation
determine_continu_tr18_Pcp285_Silo19;GrainTemp57;3rd grain temperature sensor for determining the pickup continuation
check_abnorm_tr45_Pcp170;rfidSLQPDR;RFID tag read at empty truck weighing
check_abnorm_tr49_Pcp152;rfidNJSWIM;RFID tag read at empty truck weighing
weigh_loaded_tr7_Pcp339;WS13;Weight sensor for loaded truck weighing
weigh_loaded_tr35_Pcp34;WS05;Weight sensor for loaded truck weighing
weigh_loaded_tr40_Pcp431;WS02;Weight sensor for loaded truck weighing
weigh_empty_tr11_Pcp398;WS16;Weight sensor for empty truck weighing
check_abnorm_tr11_Pcp398;rfidSCPJCE;RFID tag read at empty truck weighing
determine_continu_tr42_Pcp315_Silo2;Temp2;Temperature sensor for determining the pickup continuation
determine_continu_tr42_Pcp315_Silo2;Humd2;Humidity sensor for determining the pickup continuation
determine_continu_tr42_Pcp315_Silo2;GrainTemp4;1st grain temperature sensor for determining the pickup continuation
determine_continu_tr42_Pcp315_Silo2;GrainTemp5;2nd grain temperature sensor for determining the pickup continuation
determine_continu_tr42_Pcp315_Silo2;GrainTemp6;3rd grain temperature sensor for determining the pickup continuation
determine_continu_tr49_Pcp152_Silo3;Temp3;Temperature sensor for determining the pickup continuation
determine_continu_tr49_Pcp152_Silo3;Humd3;Humidity sensor for determining the pickup continuation
determine_continu_tr49_Pcp152_Silo3;GrainTemp7;1st grain temperature sensor for determining the pickup continuation
determine_continu_tr49_Pcp152_Silo3;GrainTemp8;2nd grain temperature sensor for determining the pickup continuation
determine_continu_tr49_Pcp152_Silo3;GrainTemp9;3rd grain temperature sensor for determining the pickup continuation
determine_continu_tr11_Pcp398_Silo9;Temp9;Temperature sensor for determining the pickup continuation
determine_continu_tr11_Pcp398_Silo9;Humd9;Humidity sensor for determining the pickup continuation
determine_continu_tr11_Pcp398_Silo9;GrainTemp25;1st grain temperature sensor for determining the pickup continuation
determine_continu_tr11_Pcp398_Silo9;GrainTemp26;2nd grain temperature sensor for determining the pickup continuation
determine_continu_tr11_Pcp398_Silo9;GrainTemp27;3rd grain temperature sensor for determining the pickup continuation
weigh_loaded_tr31_Pcp469;WS07;Weight sensor for loaded truck weighing
determine_continu_tr45_Pcp170_Silo20;Temp20;Temperature sensor for determining the pickup continuation
determine_continu_tr45_Pcp170_Silo20;Humd20;Humidity sensor for determining the pickup continuation
determine_continu_tr45_Pcp170_Silo20;GrainTemp58;1st grain temperature sensor for determining the pickup continuation
determine_continu_tr45_Pcp170_Silo20;GrainTemp59;2nd grain temperature sensor for determining the pickup continuation
determine_continu_tr45_Pcp170_Silo20;GrainTemp60;3rd grain temperature sensor for determining the pickup continuation
weigh_loaded_tr18_Pcp285;WS13;Weight sensor for loaded truck weighing
enter_tr37_Pcp85;rfidUSNSHC;RFID tag read at entrance
weigh_loaded_tr46_Pcp220;WS13;Weight sensor for loaded truck weighing
weigh_loaded_tr49_Pcp152;WS17;Weight sensor for loaded truck weighing
weigh_loaded_tr42_Pcp315;WS10;Weight sensor for loaded truck weighing
weigh_empty_tr37_Pcp85;WS19;Weight sensor for empty truck weighing
check_abnorm_tr37_Pcp85;rfidUSNSHC;RFID tag read at empty truck weighing
enter_tr23_Pcp64;rfidKGKHYU;RFID tag read at entrance
enter_tr1_Pcp314;rfidBKTRLP;RFID tag read at entrance
weigh_loaded_tr11_Pcp398;WS01;Weight sensor for loaded truck weighing
determine_continu_tr37_Pcp85_Silo17;Temp17;Temperature sensor for determining the pickup continuation
determine_continu_tr37_Pcp85_Silo17;Humd17;Humidity sensor for determining the pickup continuation
determine_continu_tr37_Pcp85_Silo17;GrainTemp49;1st grain temperature sensor for determining the pickup continuation
determine_continu_tr37_Pcp85_Silo17;GrainTemp50;2nd grain temperature sensor for determining the pickup continuation
determine_continu_tr37_Pcp85_Silo17;GrainTemp51;3rd grain temperature sensor for determining the pickup continuation
weigh_empty_tr1_Pcp314;WS06;Weight sensor for empty truck weighing
check_abnorm_tr1_Pcp314;rfidBKTRLP;RFID tag read at empty truck weighing
determine_continu_tr1_Pcp314_Silo5;Temp5;Temperature sensor for determining the pickup continuation
determine_continu_tr1_Pcp314_Silo5;Humd5;Humidity sensor for determining the pickup continuation
determine_continu_tr1_Pcp314_Silo5;GrainTemp13;1st grain temperature sensor for determining the pickup continuation
determine_continu_tr1_Pcp314_Silo5;GrainTemp14;2nd grain temperature sensor for determining the pickup continuation
determine_continu_tr1_Pcp314_Silo5;GrainTemp15;3rd grain temperature sensor for determining the pickup continuation
weigh_loaded_tr37_Pcp85;WS01;Weight sensor for loaded truck weighing
weigh_empty_tr23_Pcp64;WS10;Weight sensor for empty truck weighing
enter_tr43_Pcp306;rfidGETQDY;RFID tag read at entrance
check_abnorm_tr23_Pcp64;rfidKGKHYU;RFID tag read at empty truck weighing
enter_tr8_Pcp430;rfidCEZEBQ;RFID tag read at entrance
enter_tr27_Pcp107;rfidWOMLHU;RFID tag read at entrance
determine_continu_tr23_Pcp64_Silo20;Temp20;Temperature sensor for determining the pickup continuation
determine_continu_tr23_Pcp64_Silo20;Humd20;Humidity sensor for determining the pickup continuation
determine_continu_tr23_Pcp64_Silo20;GrainTemp58;1st grain temperature sensor for determining the pickup continuation
determine_continu_tr23_Pcp64_Silo20;GrainTemp59;2nd grain temperature sensor for determining the pickup continuation
determine_continu_tr23_Pcp64_Silo20;GrainTemp60;3rd grain temperature sensor for determining the pickup continuation
weigh_loaded_tr1_Pcp314;WS19;Weight sensor for loaded truck weighing
weigh_empty_tr43_Pcp306;WS17;Weight sensor for empty truck weighing
weigh_empty_tr27_Pcp107;WS10;Weight sensor for empty truck weighing
check_abnorm_tr43_Pcp306;rfidGETQDY;RFID tag read at empty truck weighing
enter_tr6_Pcp166;rfidQSKZVB;RFID tag read at entrance
weigh_empty_tr8_Pcp430;WS20;Weight sensor for empty truck weighing
check_abnorm_tr27_Pcp107;rfidWOMLHU;RFID tag read at empty truck weighing
determine_continu_tr43_Pcp306_Silo6;Temp6;Temperature sensor for determining the pickup continuation
determine_continu_tr43_Pcp306_Silo6;Humd6;Humidity sensor for determining the pickup continuation
determine_continu_tr43_Pcp306_Silo6;GrainTemp16;1st grain temperature sensor for determining the pickup continuation
determine_continu_tr43_Pcp306_Silo6;GrainTemp17;2nd grain temperature sensor for determining the pickup continuation
determine_continu_tr43_Pcp306_Silo6;GrainTemp18;3rd grain temperature sensor for determining the pickup continuation
check_abnorm_tr8_Pcp430;rfidCEZEBQ;RFID tag read at empty truck weighing
weigh_empty_tr6_Pcp166;WS08;Weight sensor for empty truck weighing
determine_continu_tr8_Pcp430_Silo13;Temp13;Temperature sensor for determining the pickup continuation
determine_continu_tr8_Pcp430_Silo13;Humd13;Humidity sensor for determining the pickup continuation
determine_continu_tr8_Pcp430_Silo13;GrainTemp37;1st grain temperature sensor for determining the pickup continuation
determine_continu_tr8_Pcp430_Silo13;GrainTemp38;2nd grain temperature sensor for determining the pickup continuation
determine_continu_tr8_Pcp430_Silo13;GrainTemp39;3rd grain temperature sensor for determining the pickup continuation
check_abnorm_tr6_Pcp166;rfidQSKZVB;RFID tag read at empty truck weighing
determine_continu_tr27_Pcp107_Silo13;Temp13;Temperature sensor for determining the pickup continuation
determine_continu_tr27_Pcp107_Silo13;Humd13;Humidity sensor for determining the pickup continuation
determine_continu_tr27_Pcp107_Silo13;GrainTemp37;1st grain temperature sensor for determining the pickup continuation
determine_continu_tr27_Pcp107_Silo13;GrainTemp38;2nd grain temperature sensor for determining the pickup continuation
determine_continu_tr27_Pcp107_Silo13;GrainTemp39;3rd grain temperature sensor for determining the pickup continuation
determine_continu_tr6_Pcp166_Silo1;Temp1;Temperature sensor for determining the pickup continuation
determine_continu_tr6_Pcp166_Silo1;Humd1;Humidity sensor for determining the pickup continuation
determine_continu_tr6_Pcp166_Silo1;GrainTemp1;1st grain temperature sensor for determining the pickup continuation
determine_continu_tr6_Pcp166_Silo1;GrainTemp2;2nd grain temperature sensor for determining the pickup continuation
determine_continu_tr6_Pcp166_Silo1;GrainTemp3;3rd grain temperature sensor for determining the pickup continuation
enter_tr9_Pcp464;rfidKEBJGC;RFID tag read at entrance
weigh_empty_tr9_Pcp464;WS09;Weight sensor for empty truck weighing
check_abnorm_tr9_Pcp464;rfidKEBJGC;RFID tag read at empty truck weighing
weigh_loaded_tr44_Pcp124;WS07;Weight sensor for loaded truck weighing
enter_tr28_Pcp460;rfidUOOSAQ;RFID tag read at entrance
determine_continu_tr9_Pcp464_Silo6;Temp6;Temperature sensor for determining the pickup continuation
determine_continu_tr9_Pcp464_Silo6;Humd6;Humidity sensor for determining the pickup continuation
determine_continu_tr9_Pcp464_Silo6;GrainTemp16;1st grain temperature sensor for determining the pickup continuation
determine_continu_tr9_Pcp464_Silo6;GrainTemp17;2nd grain temperature sensor for determining the pickup continuation
determine_continu_tr9_Pcp464_Silo6;GrainTemp18;3rd grain temperature sensor for determining the pickup continuation
enter_tr14_Pcp311;rfidYREIDQ;RFID tag read at entrance
weigh_empty_tr14_Pcp311;WS02;Weight sensor for empty truck weighing
weigh_loaded_tr45_Pcp170;WS19;Weight sensor for loaded truck weighing
check_abnorm_tr14_Pcp311;rfidYREIDQ;RFID tag read at empty truck weighing
weigh_empty_tr28_Pcp460;WS06;Weight sensor for empty truck weighing
enter_tr39_Pcp450;rfidYGABPB;RFID tag read at entrance
check_abnorm_tr28_Pcp460;rfidUOOSAQ;RFID tag read at empty truck weighing
weigh_loaded_tr6_Pcp166;WS11;Weight sensor for loaded truck weighing
enter_tr24_Pcp46;rfidPCMKUV;RFID tag read at entrance
determine_continu_tr14_Pcp311_Silo13;Temp13;Temperature sensor for determining the pickup continuation
determine_continu_tr14_Pcp311_Silo13;Humd13;Humidity sensor for determining the pickup continuation
determine_continu_tr14_Pcp311_Silo13;GrainTemp37;1st grain temperature sensor for determining the pickup continuation
determine_continu_tr14_Pcp311_Silo13;GrainTemp38;2nd grain temperature sensor for determining the pickup continuation
determine_continu_tr14_Pcp311_Silo13;GrainTemp39;3rd grain temperature sensor for determining the pickup continuation
weigh_loaded_tr9_Pcp464;WS12;Weight sensor for loaded truck weighing
determine_continu_tr28_Pcp460_Silo2;Temp2;Temperature sensor for determining the pickup continuation
determine_continu_tr28_Pcp460_Silo2;Humd2;Humidity sensor for determining the pickup continuation
determine_continu_tr28_Pcp460_Silo2;GrainTemp4;1st grain temperature sensor for determining the pickup continuation
determine_continu_tr28_Pcp460_Silo2;GrainTemp5;2nd grain temperature sensor for determining the pickup continuation
determine_continu_tr28_Pcp460_Silo2;GrainTemp6;3rd grain temperature sensor for determining the pickup continuation
weigh_empty_tr39_Pcp450;WS03;Weight sensor for empty truck weighing
check_abnorm_tr39_Pcp450;rfidYGABPB;RFID tag read at empty truck weighing
determine_continu_tr39_Pcp450_Silo15;Temp15;Temperature sensor for determining the pickup continuation
determine_continu_tr39_Pcp450_Silo15;Humd15;Humidity sensor for determining the pickup continuation
determine_continu_tr39_Pcp450_Silo15;GrainTemp43;1st grain temperature sensor for determining the pickup continuation
determine_continu_tr39_Pcp450_Silo15;GrainTemp44;2nd grain temperature sensor for determining the pickup continuation
determine_continu_tr39_Pcp450_Silo15;GrainTemp45;3rd grain temperature sensor for determining the pickup continuation
weigh_loaded_tr27_Pcp107;WS17;Weight sensor for loaded truck weighing
weigh_loaded_tr17_Pcp433;WS17;Weight sensor for loaded truck weighing
enter_tr26_Pcp388;rfidNQRMLR;RFID tag read at entrance
weigh_empty_tr24_Pcp46;WS04;Weight sensor for empty truck weighing
check_abnorm_tr24_Pcp46;rfidPCMKUV;RFID tag read at empty truck weighing
enter_tr16_Pcp172;rfidIICVAH;RFID tag read at entrance
weigh_loaded_tr23_Pcp64;WS04;Weight sensor for loaded truck weighing
weigh_empty_tr26_Pcp388;WS17;Weight sensor for empty truck weighing
weigh_loaded_tr43_Pcp306;WS04;Weight sensor for loaded truck weighing
determine_continu_tr24_Pcp46_Silo16;Temp16;Temperature sensor for determining the pickup continuation
determine_continu_tr24_Pcp46_Silo16;Humd16;Humidity sensor for determining the pickup continuation
determine_continu_tr24_Pcp46_Silo16;GrainTemp46;1st grain temperature sensor for determining the pickup continuation
determine_continu_tr24_Pcp46_Silo16;GrainTemp47;2nd grain temperature sensor for determining the pickup continuation
determine_continu_tr24_Pcp46_Silo16;GrainTemp48;3rd grain temperature sensor for determining the pickup continuation
weigh_loaded_tr28_Pcp460;WS20;Weight sensor for loaded truck weighing
weigh_empty_tr16_Pcp172;WS04;Weight sensor for empty truck weighing
check_abnorm_tr26_Pcp388;rfidNQRMLR;RFID tag read at empty truck weighing
check_abnorm_tr16_Pcp172;rfidIICVAH;RFID tag read at empty truck weighing
determine_continu_tr16_Pcp172_Silo16;Temp16;Temperature sensor for determining the pickup continuation
determine_continu_tr16_Pcp172_Silo16;Humd16;Humidity sensor for determining the pickup continuation
determine_continu_tr16_Pcp172_Silo16;GrainTemp46;1st grain temperature sensor for determining the pickup continuation
determine_continu_tr16_Pcp172_Silo16;GrainTemp47;2nd grain temperature sensor for determining the pickup continuation
determine_continu_tr16_Pcp172_Silo16;GrainTemp48;3rd grain temperature sensor for determining the pickup continuation
determine_continu_tr26_Pcp388_Silo3;Temp3;Temperature sensor for determining the pickup continuation
determine_continu_tr26_Pcp388_Silo3;Humd3;Humidity sensor for determining the pickup continuation
determine_continu_tr26_Pcp388_Silo3;GrainTemp7;1st grain temperature sensor for determining the pickup continuation
determine_continu_tr26_Pcp388_Silo3;GrainTemp8;2nd grain temperature sensor for determining the pickup continuation
determine_continu_tr26_Pcp388_Silo3;GrainTemp9;3rd grain temperature sensor for determining the pickup continuation
weigh_loaded_tr24_Pcp46;WS13;Weight sensor for loaded truck weighing
weigh_loaded_tr8_Pcp430;WS20;Weight sensor for loaded truck weighing
enter_tr5_Pcp303;rfidSVWFVZ;RFID tag read at entrance
weigh_empty_tr5_Pcp303;WS01;Weight sensor for empty truck weighing
check_abnorm_tr5_Pcp303;rfidSVWFVZ;RFID tag read at empty truck weighing
determine_continu_tr5_Pcp303_Silo12;Temp12;Temperature sensor for determining the pickup continuation
determine_continu_tr5_Pcp303_Silo12;Humd12;Humidity sensor for determining the pickup continuation
determine_continu_tr5_Pcp303_Silo12;GrainTemp34;1st grain temperature sensor for determining the pickup continuation
determine_continu_tr5_Pcp303_Silo12;GrainTemp35;2nd grain temperature sensor for determining the pickup continuation
determine_continu_tr5_Pcp303_Silo12;GrainTemp36;3rd grain temperature sensor for determining the pickup continuation
weigh_loaded_tr26_Pcp388;WS06;Weight sensor for loaded truck weighing
weigh_loaded_tr39_Pcp450;WS01;Weight sensor for loaded truck weighing
weigh_loaded_tr5_Pcp303;WS01;Weight sensor for loaded truck weighing
weigh_loaded_tr16_Pcp172;WS03;Weight sensor for loaded truck weighing
enter_tr41_Pcp217;rfidXWLCID;RFID tag read at entrance
weigh_empty_tr41_Pcp217;WS12;Weight sensor for empty truck weighing
check_abnorm_tr41_Pcp217;rfidXWLCID;RFID tag read at empty truck weighing
determine_continu_tr41_Pcp217_Silo19;Temp19;Temperature sensor for determining the pickup continuation
determine_continu_tr41_Pcp217_Silo19;Humd19;Humidity sensor for determining the pickup continuation
determine_continu_tr41_Pcp217_Silo19;GrainTemp55;1st grain temperature sensor for determining the pickup continuation
determine_continu_tr41_Pcp217_Silo19;GrainTemp56;2nd grain temperature sensor for determining the pickup continuation
determine_continu_tr41_Pcp217_Silo19;GrainTemp57;3rd grain temperature sensor for determining the pickup continuation
enter_tr48_Pcp192;rfidNSELSE;RFID tag read at entrance
weigh_empty_tr48_Pcp192;WS19;Weight sensor for empty truck weighing
check_abnorm_tr48_Pcp192;rfidNSELSE;RFID tag read at empty truck weighing
enter_tr34_Pcp425;rfidFMSUBE;RFID tag read at entrance
determine_continu_tr48_Pcp192_Silo9;Temp9;Temperature sensor for determining the pickup continuation
determine_continu_tr48_Pcp192_Silo9;Humd9;Humidity sensor for determining the pickup continuation
determine_continu_tr48_Pcp192_Silo9;GrainTemp25;1st grain temperature sensor for determining the pickup continuation
determine_continu_tr48_Pcp192_Silo9;GrainTemp26;2nd grain temperature sensor for determining the pickup continuation
determine_continu_tr48_Pcp192_Silo9;GrainTemp27;3rd grain temperature sensor for determining the pickup continuation
weigh_empty_tr34_Pcp425;WS04;Weight sensor for empty truck weighing
check_abnorm_tr34_Pcp425;rfidFMSUBE;RFID tag read at empty truck weighing
determine_continu_tr34_Pcp425_Silo2;Temp2;Temperature sensor for determining the pickup continuation
determine_continu_tr34_Pcp425_Silo2;Humd2;Humidity sensor for determining the pickup continuation
determine_continu_tr34_Pcp425_Silo2;GrainTemp4;1st grain temperature sensor for determining the pickup continuation
determine_continu_tr34_Pcp425_Silo2;GrainTemp5;2nd grain temperature sensor for determining the pickup continuation
determine_continu_tr34_Pcp425_Silo2;GrainTemp6;3rd grain temperature sensor for determining the pickup continuation
weigh_loaded_tr41_Pcp217;WS03;Weight sensor for loaded truck weighing
weigh_loaded_tr48_Pcp192;WS17;Weight sensor for loaded truck weighing
weigh_loaded_tr34_Pcp425;WS12;Weight sensor for loaded truck weighing
enter_tr47_Pcp156;rfidJGLUGP;RFID tag read at entrance
weigh_empty_tr47_Pcp156;WS20;Weight sensor for empty truck weighing
check_abnorm_tr47_Pcp156;rfidJGLUGP;RFID tag read at empty truck weighing
enter_tr13_Pcp7;rfidGTHHGD;RFID tag read at entrance
determine_continu_tr47_Pcp156_Silo14;Temp14;Temperature sensor for determining the pickup continuation
determine_continu_tr47_Pcp156_Silo14;Humd14;Humidity sensor for determining the pickup continuation
determine_continu_tr47_Pcp156_Silo14;GrainTemp40;1st grain temperature sensor for determining the pickup continuation
determine_continu_tr47_Pcp156_Silo14;GrainTemp41;2nd grain temperature sensor for determining the pickup continuation
determine_continu_tr47_Pcp156_Silo14;GrainTemp42;3rd grain temperature sensor for determining the pickup continuation
weigh_loaded_tr47_Pcp156;WS19;Weight sensor for loaded truck weighing
weigh_empty_tr13_Pcp7;WS05;Weight sensor for empty truck weighing
check_abnorm_tr13_Pcp7;rfidGTHHGD;RFID tag read at empty truck weighing
determine_continu_tr13_Pcp7_Silo18;Temp18;Temperature sensor for determining the pickup continuation
determine_continu_tr13_Pcp7_Silo18;Humd18;Humidity sensor for determining the pickup continuation
determine_continu_tr13_Pcp7_Silo18;GrainTemp52;1st grain temperature sensor for determining the pickup continuation
determine_continu_tr13_Pcp7_Silo18;GrainTemp53;2nd grain temperature sensor for determining the pickup continuation
determine_continu_tr13_Pcp7_Silo18;GrainTemp54;3rd grain temperature sensor for determining the pickup continuation
enter_tr2_Pcp314;rfidSQKJGH;RFID tag read at entrance
weigh_empty_tr2_Pcp314;WS01;Weight sensor for empty truck weighing
check_abnorm_tr2_Pcp314;rfidSQKJGH;RFID tag read at empty truck weighing
determine_continu_tr2_Pcp314_Silo5;Temp5;Temperature sensor for determining the pickup continuation
determine_continu_tr2_Pcp314_Silo5;Humd5;Humidity sensor for determining the pickup continuation
determine_continu_tr2_Pcp314_Silo5;GrainTemp13;1st grain temperature sensor for determining the pickup continuation
determine_continu_tr2_Pcp314_Silo5;GrainTemp14;2nd grain temperature sensor for determining the pickup continuation
determine_continu_tr2_Pcp314_Silo5;GrainTemp15;3rd grain temperature sensor for determining the pickup continuation
enter_tr50_Pcp443;rfidXXIVNB;RFID tag read at entrance
weigh_empty_tr50_Pcp443;WS18;Weight sensor for empty truck weighing
check_abnorm_tr50_Pcp443;rfidXXIVNB;RFID tag read at empty truck weighing
determine_continu_tr50_Pcp443_Silo9;Temp9;Temperature sensor for determining the pickup continuation
determine_continu_tr50_Pcp443_Silo9;Humd9;Humidity sensor for determining the pickup continuation
determine_continu_tr50_Pcp443_Silo9;GrainTemp25;1st grain temperature sensor for determining the pickup continuation
determine_continu_tr50_Pcp443_Silo9;GrainTemp26;2nd grain temperature sensor for determining the pickup continuation
determine_continu_tr50_Pcp443_Silo9;GrainTemp27;3rd grain temperature sensor for determining the pickup continuation
weigh_loaded_tr13_Pcp7;WS11;Weight sensor for loaded truck weighing
enter_tr36_Pcp443;rfidHYTHBN;RFID tag read at entrance
weigh_empty_tr36_Pcp443;WS18;Weight sensor for empty truck weighing
check_abnorm_tr36_Pcp443;rfidHYTHBN;RFID tag read at empty truck weighing
enter_tr22_Pcp470;rfidENJOLW;RFID tag read at entrance
weigh_loaded_tr2_Pcp314;WS10;Weight sensor for loaded truck weighing
weigh_empty_tr22_Pcp470;WS20;Weight sensor for empty truck weighing
check_abnorm_tr22_Pcp470;rfidENJOLW;RFID tag read at empty truck weighing
determine_continu_tr36_Pcp443_Silo9;Temp9;Temperature sensor for determining the pickup continuation
determine_continu_tr36_Pcp443_Silo9;Humd9;Humidity sensor for determining the pickup continuation
determine_continu_tr36_Pcp443_Silo9;GrainTemp25;1st grain temperature sensor for determining the pickup continuation
determine_continu_tr36_Pcp443_Silo9;GrainTemp26;2nd grain temperature sensor for determining the pickup continuation
determine_continu_tr36_Pcp443_Silo9;GrainTemp27;3rd grain temperature sensor for determining the pickup continuation
determine_continu_tr22_Pcp470_Silo12;Temp12;Temperature sensor for determining the pickup continuation
determine_continu_tr22_Pcp470_Silo12;Humd12;Humidity sensor for determining the pickup continuation
determine_continu_tr22_Pcp470_Silo12;GrainTemp34;1st grain temperature sensor for determining the pickup continuation
determine_continu_tr22_Pcp470_Silo12;GrainTemp35;2nd grain temperature sensor for determining the pickup continuation
determine_continu_tr22_Pcp470_Silo12;GrainTemp36;3rd grain temperature sensor for determining the pickup continuation
weigh_loaded_tr50_Pcp443;WS01;Weight sensor for loaded truck weighing
weigh_loaded_tr36_Pcp443;WS01;Weight sensor for loaded truck weighing
enter_tr12_Pcp168;rfidVYYKGK;RFID tag read at entrance
weigh_empty_tr12_Pcp168;WS02;Weight sensor for empty truck weighing
check_abnorm_tr12_Pcp168;rfidVYYKGK;RFID tag read at empty truck weighing
determine_continu_tr12_Pcp168_Silo15;Temp15;Temperature sensor for determining the pickup continuation
determine_continu_tr12_Pcp168_Silo15;Humd15;Humidity sensor for determining the pickup continuation
determine_continu_tr12_Pcp168_Silo15;GrainTemp43;1st grain temperature sensor for determining the pickup continuation
determine_continu_tr12_Pcp168_Silo15;GrainTemp44;2nd grain temperature sensor for determining the pickup continuation
determine_continu_tr12_Pcp168_Silo15;GrainTemp45;3rd grain temperature sensor for determining the pickup continuation
weigh_loaded_tr22_Pcp470;WS06;Weight sensor for loaded truck weighing
weigh_loaded_tr12_Pcp168;WS20;Weight sensor for loaded truck weighing
enter_tr3_Pcp156;rfidDRCUXI;RFID tag read at entrance
weigh_empty_tr3_Pcp156;WS10;Weight sensor for empty truck weighing
check_abnorm_tr3_Pcp156;rfidDRCUXI;RFID tag read at empty truck weighing
determine_continu_tr3_Pcp156_Silo14;Temp14;Temperature sensor for determining the pickup continuation
determine_continu_tr3_Pcp156_Silo14;Humd14;Humidity sensor for determining the pickup continuation
determine_continu_tr3_Pcp156_Silo14;GrainTemp40;1st grain temperature sensor for determining the pickup continuation
determine_continu_tr3_Pcp156_Silo14;GrainTemp41;2nd grain temperature sensor for determining the pickup continuation
determine_continu_tr3_Pcp156_Silo14;GrainTemp42;3rd grain temperature sensor for determining the pickup continuation
weigh_loaded_tr3_Pcp156;WS16;Weight sensor for loaded truck weighing
enter_tr30_Pcp237;rfidCBMLGM;RFID tag read at entrance
weigh_empty_tr30_Pcp237;WS10;Weight sensor for empty truck weighing
check_abnorm_tr30_Pcp237;rfidCBMLGM;RFID tag read at empty truck weighing
determine_continu_tr30_Pcp237_Silo11;Temp11;Temperature sensor for determining the pickup continuation
determine_continu_tr30_Pcp237_Silo11;Humd11;Humidity sensor for determining the pickup continuation
determine_continu_tr30_Pcp237_Silo11;GrainTemp31;1st grain temperature sensor for determining the pickup continuation
determine_continu_tr30_Pcp237_Silo11;GrainTemp32;2nd grain temperature sensor for determining the pickup continuation
determine_continu_tr30_Pcp237_Silo11;GrainTemp33;3rd grain temperature sensor for determining the pickup continuation
enter_tr32_Pcp9;rfidQCYTDW;RFID tag read at entrance
enter_tr21_Pcp388;rfidTLWXGZ;RFID tag read at entrance
weigh_empty_tr32_Pcp9;WS19;Weight sensor for empty truck weighing
check_abnorm_tr32_Pcp9;rfidQCYTDW;RFID tag read at empty truck weighing
weigh_empty_tr21_Pcp388;WS07;Weight sensor for empty truck weighing
check_abnorm_tr21_Pcp388;rfidTLWXGZ;RFID tag read at empty truck weighing
enter_tr10_Pcp413;rfidOOVDPE;RFID tag read at entrance
determine_continu_tr32_Pcp9_Silo1;Temp1;Temperature sensor for determining the pickup continuation
determine_continu_tr32_Pcp9_Silo1;Humd1;Humidity sensor for determining the pickup continuation
determine_continu_tr32_Pcp9_Silo1;GrainTemp1;1st grain temperature sensor for determining the pickup continuation
determine_continu_tr32_Pcp9_Silo1;GrainTemp2;2nd grain temperature sensor for determining the pickup continuation
determine_continu_tr32_Pcp9_Silo1;GrainTemp3;3rd grain temperature sensor for determining the pickup continuation
determine_continu_tr21_Pcp388_Silo3;Temp3;Temperature sensor for determining the pickup continuation
determine_continu_tr21_Pcp388_Silo3;Humd3;Humidity sensor for determining the pickup continuation
determine_continu_tr21_Pcp388_Silo3;GrainTemp7;1st grain temperature sensor for determining the pickup continuation
determine_continu_tr21_Pcp388_Silo3;GrainTemp8;2nd grain temperature sensor for determining the pickup continuation
determine_continu_tr21_Pcp388_Silo3;GrainTemp9;3rd grain temperature sensor for determining the pickup continuation
weigh_empty_tr10_Pcp413;WS15;Weight sensor for empty truck weighing
check_abnorm_tr10_Pcp413;rfidOOVDPE;RFID tag read at empty truck weighing
enter_tr33_Pcp410;rfidMVJRXE;RFID tag read at entrance
enter_tr15_Pcp116;rfidIDWLCS;RFID tag read at entrance
determine_continu_tr10_Pcp413_Silo11;Temp11;Temperature sensor for determining the pickup continuation
determine_continu_tr10_Pcp413_Silo11;Humd11;Humidity sensor for determining the pickup continuation
determine_continu_tr10_Pcp413_Silo11;GrainTemp31;1st grain temperature sensor for determining the pickup continuation
determine_continu_tr10_Pcp413_Silo11;GrainTemp32;2nd grain temperature sensor for determining the pickup continuation
determine_continu_tr10_Pcp413_Silo11;GrainTemp33;3rd grain temperature sensor for determining the pickup continuation
weigh_loaded_tr30_Pcp237;WS18;Weight sensor for loaded truck weighing
weigh_loaded_tr21_Pcp388;WS05;Weight sensor for loaded truck weighing
weigh_empty_tr33_Pcp410;WS10;Weight sensor for empty truck weighing
weigh_empty_tr15_Pcp116;WS07;Weight sensor for empty truck weighing
check_abnorm_tr15_Pcp116;rfidIDWLCS;RFID tag read at empty truck weighing
check_abnorm_tr33_Pcp410;rfidMVJRXE;RFID tag read at empty truck weighing
enter_tr20_Pcp141;rfidXPDNSC;RFID tag read at entrance
determine_continu_tr33_Pcp410_Silo2;Temp2;Temperature sensor for determining the pickup continuation
determine_continu_tr33_Pcp410_Silo2;Humd2;Humidity sensor for determining the pickup continuation
determine_continu_tr33_Pcp410_Silo2;GrainTemp4;1st grain temperature sensor for determining the pickup continuation
determine_continu_tr33_Pcp410_Silo2;GrainTemp5;2nd grain temperature sensor for determining the pickup continuation
determine_continu_tr33_Pcp410_Silo2;GrainTemp6;3rd grain temperature sensor for determining the pickup continuation
weigh_loaded_tr10_Pcp413;WS14;Weight sensor for loaded truck weighing
weigh_loaded_tr32_Pcp9;WS13;Weight sensor for loaded truck weighing
weigh_empty_tr20_Pcp141;WS05;Weight sensor for empty truck weighing
enter_tr19_Pcp159;rfidRCKRLL;RFID tag read at entrance
check_abnorm_tr20_Pcp141;rfidXPDNSC;RFID tag read at empty truck weighing
enter_tr29_Pcp196;rfidOIGYVC;RFID tag read at entrance
determine_continu_tr15_Pcp116_Silo1;Temp1;Temperature sensor for determining the pickup continuation
determine_continu_tr15_Pcp116_Silo1;Humd1;Humidity sensor for determining the pickup continuation
determine_continu_tr15_Pcp116_Silo1;GrainTemp1;1st grain temperature sensor for determining the pickup continuation
determine_continu_tr15_Pcp116_Silo1;GrainTemp2;2nd grain temperature sensor for determining the pickup continuation
determine_continu_tr15_Pcp116_Silo1;GrainTemp3;3rd grain temperature sensor for determining the pickup continuation
enter_tr38_Pcp343;rfidVIASXP;RFID tag read at entrance
enter_tr25_Pcp226;rfidMFTSWW;RFID tag read at entrance
determine_continu_tr20_Pcp141_Silo2;Temp2;Temperature sensor for determining the pickup continuation
determine_continu_tr20_Pcp141_Silo2;Humd2;Humidity sensor for determining the pickup continuation
determine_continu_tr20_Pcp141_Silo2;GrainTemp4;1st grain temperature sensor for determining the pickup continuation
determine_continu_tr20_Pcp141_Silo2;GrainTemp5;2nd grain temperature sensor for determining the pickup continuation
determine_continu_tr20_Pcp141_Silo2;GrainTemp6;3rd grain temperature sensor for determining the pickup continuation
enter_tr7_Pcp12;rfidXNPCXE;RFID tag read at entrance
weigh_empty_tr19_Pcp159;WS15;Weight sensor for empty truck weighing
weigh_empty_tr29_Pcp196;WS03;Weight sensor for empty truck weighing
check_abnorm_tr19_Pcp159;rfidRCKRLL;RFID tag read at empty truck weighing
enter_tr4_Pcp490;rfidTGNSNI;RFID tag read at entrance
check_abnorm_tr29_Pcp196;rfidOIGYVC;RFID tag read at empty truck weighing
weigh_empty_tr25_Pcp226;WS13;Weight sensor for empty truck weighing
enter_tr40_Pcp187;rfidZEKWJR;RFID tag read at entrance
check_abnorm_tr25_Pcp226;rfidMFTSWW;RFID tag read at empty truck weighing
determine_continu_tr29_Pcp196_Silo19;Temp19;Temperature sensor for determining the pickup continuation
determine_continu_tr29_Pcp196_Silo19;Humd19;Humidity sensor for determining the pickup continuation
determine_continu_tr29_Pcp196_Silo19;GrainTemp55;1st grain temperature sensor for determining the pickup continuation
determine_continu_tr29_Pcp196_Silo19;GrainTemp56;2nd grain temperature sensor for determining the pickup continuation
determine_continu_tr29_Pcp196_Silo19;GrainTemp57;3rd grain temperature sensor for determining the pickup continuation
determine_continu_tr19_Pcp159_Silo1;Temp1;Temperature sensor for determining the pickup continuation
determine_continu_tr19_Pcp159_Silo1;Humd1;Humidity sensor for determining the pickup continuation
determine_continu_tr19_Pcp159_Silo1;GrainTemp1;1st grain temperature sensor for determining the pickup continuation
determine_continu_tr19_Pcp159_Silo1;GrainTemp2;2nd grain temperature sensor for determining the pickup continuation
determine_continu_tr19_Pcp159_Silo1;GrainTemp3;3rd grain temperature sensor for determining the pickup continuation
determine_continu_tr25_Pcp226_Silo10;Temp10;Temperature sensor for determining the pickup continuation
determine_continu_tr25_Pcp226_Silo10;Humd10;Humidity sensor for determining the pickup continuation
determine_continu_tr25_Pcp226_Silo10;GrainTemp28;1st grain temperature sensor for determining the pickup continuation
determine_continu_tr25_Pcp226_Silo10;GrainTemp29;2nd grain temperature sensor for determining the pickup continuation
determine_continu_tr25_Pcp226_Silo10;GrainTemp30;3rd grain temperature sensor for determining the pickup continuation
weigh_empty_tr38_Pcp343;WS07;Weight sensor for empty truck weighing
weigh_empty_tr7_Pcp12;WS16;Weight sensor for empty truck weighing
enter_tr35_Pcp193;rfidPODCVH;RFID tag read at entrance
check_abnorm_tr38_Pcp343;rfidVIASXP;RFID tag read at empty truck weighing
check_abnorm_tr7_Pcp12;rfidXNPCXE;RFID tag read at empty truck weighing
weigh_empty_tr40_Pcp187;WS20;Weight sensor for empty truck weighing
weigh_loaded_tr20_Pcp141;WS11;Weight sensor for loaded truck weighing
check_abnorm_tr40_Pcp187;rfidZEKWJR;RFID tag read at empty truck weighing
determine_continu_tr38_Pcp343_Silo10;Temp10;Temperature sensor for determining the pickup continuation
determine_continu_tr38_Pcp343_Silo10;Humd10;Humidity sensor for determining the pickup continuation
determine_continu_tr38_Pcp343_Silo10;GrainTemp28;1st grain temperature sensor for determining the pickup continuation
determine_continu_tr38_Pcp343_Silo10;GrainTemp29;2nd grain temperature sensor for determining the pickup continuation
determine_continu_tr38_Pcp343_Silo10;GrainTemp30;3rd grain temperature sensor for determining the pickup continuation
enter_tr31_Pcp22;rfidJDEWMH;RFID tag read at entrance
enter_tr18_Pcp214;rfidEGNSMV;RFID tag read at entrance
weigh_empty_tr4_Pcp490;WS07;Weight sensor for empty truck weighing
check_abnorm_tr4_Pcp490;rfidTGNSNI;RFID tag read at empty truck weighing
enter_tr46_Pcp96;rfidEJHYOM;RFID tag read at entrance
determine_continu_tr4_Pcp490_Silo9;Temp9;Temperature sensor for determining the pickup continuation
determine_continu_tr4_Pcp490_Silo9;Humd9;Humidity sensor for determining the pickup continuation
determine_continu_tr4_Pcp490_Silo9;GrainTemp25;1st grain temperature sensor for determining the pickup continuation
determine_continu_tr4_Pcp490_Silo9;GrainTemp26;2nd grain temperature sensor for determining the pickup continuation
determine_continu_tr4_Pcp490_Silo9;GrainTemp27;3rd grain temperature sensor for determining the pickup continuation
determine_continu_tr7_Pcp12_Silo2;Temp2;Temperature sensor for determining the pickup continuation
determine_continu_tr7_Pcp12_Silo2;Humd2;Humidity sensor for determining the pickup continuation
determine_continu_tr7_Pcp12_Silo2;GrainTemp4;1st grain temperature sensor for determining the pickup continuation
determine_continu_tr7_Pcp12_Silo2;GrainTemp5;2nd grain temperature sensor for determining the pickup continuation
determine_continu_tr7_Pcp12_Silo2;GrainTemp6;3rd grain temperature sensor for determining the pickup continuation
weigh_empty_tr35_Pcp193;WS14;Weight sensor for empty truck weighing
check_abnorm_tr35_Pcp193;rfidPODCVH;RFID tag read at empty truck weighing
enter_tr49_Pcp429;rfidNJSWIM;RFID tag read at entrance
weigh_loaded_tr33_Pcp410;WS08;Weight sensor for loaded truck weighing
enter_tr42_Pcp48;rfidLEEHFK;RFID tag read at entrance
determine_continu_tr40_Pcp187_Silo10;Temp10;Temperature sensor for determining the pickup continuation
determine_continu_tr40_Pcp187_Silo10;Humd10;Humidity sensor for determining the pickup continuation
determine_continu_tr40_Pcp187_Silo10;GrainTemp28;1st grain temperature sensor for determining the pickup continuation
determine_continu_tr40_Pcp187_Silo10;GrainTemp29;2nd grain temperature sensor for determining the pickup continuation
determine_continu_tr40_Pcp187_Silo10;GrainTemp30;3rd grain temperature sensor for determining the pickup continuation
weigh_empty_tr18_Pcp214;WS03;Weight sensor for empty truck weighing
check_abnorm_tr18_Pcp214;rfidEGNSMV;RFID tag read at empty truck weighing
determine_continu_tr35_Pcp193_Silo20;Temp20;Temperature sensor for determining the pickup continuation
determine_continu_tr35_Pcp193_Silo20;Humd20;Humidity sensor for determining the pickup continuation
determine_continu_tr35_Pcp193_Silo20;GrainTemp58;1st grain temperature sensor for determining the pickup continuation
determine_continu_tr35_Pcp193_Silo20;GrainTemp59;2nd grain temperature sensor for determining the pickup continuation
determine_continu_tr35_Pcp193_Silo20;GrainTemp60;3rd grain temperature sensor for determining the pickup continuation
weigh_empty_tr31_Pcp22;WS15;Weight sensor for empty truck weighing
check_abnorm_tr31_Pcp22;rfidJDEWMH;RFID tag read at empty truck weighing
weigh_empty_tr42_Pcp48;WS07;Weight sensor for empty truck weighing
weigh_loaded_tr7_Pcp12;WS04;Weight sensor for loaded truck weighing
check_abnorm_tr42_Pcp48;rfidLEEHFK;RFID tag read at empty truck weighing
weigh_empty_tr49_Pcp429;WS02;Weight sensor for empty truck weighing
determine_continu_tr31_Pcp22_Silo1;Temp1;Temperature sensor for determining the pickup continuation
determine_continu_tr31_Pcp22_Silo1;Humd1;Humidity sensor for determining the pickup continuation
determine_continu_tr31_Pcp22_Silo1;GrainTemp1;1st grain temperature sensor for determining the pickup continuation
determine_continu_tr31_Pcp22_Silo1;GrainTemp2;2nd grain temperature sensor for determining the pickup continuation
determine_continu_tr31_Pcp22_Silo1;GrainTemp3;3rd grain temperature sensor for determining the pickup continuation
check_abnorm_tr49_Pcp429;rfidNJSWIM;RFID tag read at empty truck weighing
weigh_empty_tr46_Pcp96;WS19;Weight sensor for empty truck weighing
check_abnorm_tr46_Pcp96;rfidEJHYOM;RFID tag read at empty truck weighing
enter_tr11_Pcp465;rfidSCPJCE;RFID tag read at entrance
determine_continu_tr18_Pcp214_Silo10;Temp10;Temperature sensor for determining the pickup continuation
determine_continu_tr18_Pcp214_Silo10;Humd10;Humidity sensor for determining the pickup continuation
determine_continu_tr18_Pcp214_Silo10;GrainTemp28;1st grain temperature sensor for determining the pickup continuation
determine_continu_tr18_Pcp214_Silo10;GrainTemp29;2nd grain temperature sensor for determining the pickup continuation
determine_continu_tr18_Pcp214_Silo10;GrainTemp30;3rd grain temperature sensor for determining the pickup continuation
determine_continu_tr42_Pcp48_Silo15;Temp15;Temperature sensor for determining the pickup continuation
determine_continu_tr42_Pcp48_Silo15;Humd15;Humidity sensor for determining the pickup continuation
determine_continu_tr42_Pcp48_Silo15;GrainTemp43;1st grain temperature sensor for determining the pickup continuation
determine_continu_tr42_Pcp48_Silo15;GrainTemp44;2nd grain temperature sensor for determining the pickup continuation
determine_continu_tr42_Pcp48_Silo15;GrainTemp45;3rd grain temperature sensor for determining the pickup continuation
weigh_loaded_tr31_Pcp22;WS12;Weight sensor for loaded truck weighing
enter_tr37_Pcp464;rfidUSNSHC;RFID tag read at entrance
determine_continu_tr49_Pcp429_Silo2;Temp2;Temperature sensor for determining the pickup continuation
determine_continu_tr49_Pcp429_Silo2;Humd2;Humidity sensor for determining the pickup continuation
determine_continu_tr49_Pcp429_Silo2;GrainTemp4;1st grain temperature sensor for determining the pickup continuation
determine_continu_tr49_Pcp429_Silo2;GrainTemp5;2nd grain temperature sensor for determining the pickup continuation
determine_continu_tr49_Pcp429_Silo2;GrainTemp6;3rd grain temperature sensor for determining the pickup continuation
determine_continu_tr46_Pcp96_Silo12;Temp12;Temperature sensor for determining the pickup continuation
determine_continu_tr46_Pcp96_Silo12;Humd12;Humidity sensor for determining the pickup continuation
determine_continu_tr46_Pcp96_Silo12;GrainTemp34;1st grain temperature sensor for determining the pickup continuation
determine_continu_tr46_Pcp96_Silo12;GrainTemp35;2nd grain temperature sensor for determining the pickup continuation
determine_continu_tr46_Pcp96_Silo12;GrainTemp36;3rd grain temperature sensor for determining the pickup continuation
weigh_loaded_tr38_Pcp343;WS18;Weight sensor for loaded truck weighing
weigh_loaded_tr18_Pcp214;WS03;Weight sensor for loaded truck weighing
weigh_empty_tr37_Pcp464;WS05;Weight sensor for empty truck weighing
check_abnorm_tr37_Pcp464;rfidUSNSHC;RFID tag read at empty truck weighing
weigh_loaded_tr42_Pcp48;WS03;Weight sensor for loaded truck weighing
weigh_empty_tr11_Pcp465;WS02;Weight sensor for empty truck weighing
check_abnorm_tr11_Pcp465;rfidSCPJCE;RFID tag read at empty truck weighing
weigh_loaded_tr35_Pcp193;WS13;Weight sensor for loaded truck weighing
enter_tr1_Pcp161;rfidBKTRLP;RFID tag read at entrance
weigh_loaded_tr46_Pcp96;WS10;Weight sensor for loaded truck weighing
determine_continu_tr11_Pcp465_Silo20;Temp20;Temperature sensor for determining the pickup continuation
determine_continu_tr11_Pcp465_Silo20;Humd20;Humidity sensor for determining the pickup continuation
determine_continu_tr11_Pcp465_Silo20;GrainTemp58;1st grain temperature sensor for determining the pickup continuation
determine_continu_tr11_Pcp465_Silo20;GrainTemp59;2nd grain temperature sensor for determining the pickup continuation
determine_continu_tr11_Pcp465_Silo20;GrainTemp60;3rd grain temperature sensor for determining the pickup continuation
weigh_loaded_tr4_Pcp490;WS08;Weight sensor for loaded truck weighing
weigh_loaded_tr49_Pcp429;WS04;Weight sensor for loaded truck weighing
determine_continu_tr37_Pcp464_Silo6;Temp6;Temperature sensor for determining the pickup continuation
determine_continu_tr37_Pcp464_Silo6;Humd6;Humidity sensor for determining the pickup continuation
determine_continu_tr37_Pcp464_Silo6;GrainTemp16;1st grain temperature sensor for determining the pickup continuation
determine_continu_tr37_Pcp464_Silo6;GrainTemp17;2nd grain temperature sensor for determining the pickup continuation
determine_continu_tr37_Pcp464_Silo6;GrainTemp18;3rd grain temperature sensor for determining the pickup continuation
weigh_empty_tr1_Pcp161;WS02;Weight sensor for empty truck weighing
check_abnorm_tr1_Pcp161;rfidBKTRLP;RFID tag read at empty truck weighing
weigh_loaded_tr15_Pcp116;WS16;Weight sensor for loaded truck weighing
determine_continu_tr1_Pcp161_Silo12;Temp12;Temperature sensor for determining the pickup continuation
determine_continu_tr1_Pcp161_Silo12;Humd12;Humidity sensor for determining the pickup continuation
determine_continu_tr1_Pcp161_Silo12;GrainTemp34;1st grain temperature sensor for determining the pickup continuation
determine_continu_tr1_Pcp161_Silo12;GrainTemp35;2nd grain temperature sensor for determining the pickup continuation
determine_continu_tr1_Pcp161_Silo12;GrainTemp36;3rd grain temperature sensor for determining the pickup continuation
enter_tr44_Pcp126;rfidJRRVME;RFID tag read at entrance
weigh_loaded_tr19_Pcp159;WS15;Weight sensor for loaded truck weighing
weigh_loaded_tr11_Pcp465;WS09;Weight sensor for loaded truck weighing
weigh_loaded_tr37_Pcp464;WS14;Weight sensor for loaded truck weighing
enter_tr45_Pcp126;rfidSLQPDR;RFID tag read at entrance
enter_tr6_Pcp466;rfidQSKZVB;RFID tag read at entrance
weigh_empty_tr44_Pcp126;WS08;Weight sensor for empty truck weighing
enter_tr14_Pcp291;rfidYREIDQ;RFID tag read at entrance
check_abnorm_tr44_Pcp126;rfidJRRVME;RFID tag read at empty truck weighing
weigh_loaded_tr1_Pcp161;WS09;Weight sensor for loaded truck weighing
weigh_empty_tr14_Pcp291;WS16;Weight sensor for empty truck weighing
check_abnorm_tr14_Pcp291;rfidYREIDQ;RFID tag read at empty truck weighing
weigh_empty_tr6_Pcp466;WS01;Weight sensor for empty truck weighing
check_abnorm_tr6_Pcp466;rfidQSKZVB;RFID tag read at empty truck weighing
enter_tr9_Pcp291;rfidKEBJGC;RFID tag read at entrance
enter_tr27_Pcp162;rfidWOMLHU;RFID tag read at entrance
determine_continu_tr44_Pcp126_Silo1;Temp1;Temperature sensor for determining the pickup continuation
determine_continu_tr44_Pcp126_Silo1;Humd1;Humidity sensor for determining the pickup continuation
determine_continu_tr44_Pcp126_Silo1;GrainTemp1;1st grain temperature sensor for determining the pickup continuation
determine_continu_tr44_Pcp126_Silo1;GrainTemp2;2nd grain temperature sensor for determining the pickup continuation
determine_continu_tr44_Pcp126_Silo1;GrainTemp3;3rd grain temperature sensor for determining the pickup continuation
enter_tr17_Pcp343;rfidVYEBVG;RFID tag read at entrance
weigh_empty_tr45_Pcp126;WS12;Weight sensor for empty truck weighing
determine_continu_tr14_Pcp291_Silo19;Temp19;Temperature sensor for determining the pickup continuation
determine_continu_tr14_Pcp291_Silo19;Humd19;Humidity sensor for determining the pickup continuation
determine_continu_tr14_Pcp291_Silo19;GrainTemp55;1st grain temperature sensor for determining the pickup continuation
determine_continu_tr14_Pcp291_Silo19;GrainTemp56;2nd grain temperature sensor for determining the pickup continuation
determine_continu_tr14_Pcp291_Silo19;GrainTemp57;3rd grain temperature sensor for determining the pickup continuation
check_abnorm_tr45_Pcp126;rfidSLQPDR;RFID tag read at empty truck weighing
weigh_empty_tr27_Pcp162;WS04;Weight sensor for empty truck weighing
weigh_loaded_tr40_Pcp187;WS03;Weight sensor for loaded truck weighing
determine_continu_tr6_Pcp466_Silo18;Temp18;Temperature sensor for determining the pickup continuation
determine_continu_tr6_Pcp466_Silo18;Humd18;Humidity sensor for determining the pickup continuation
determine_continu_tr6_Pcp466_Silo18;GrainTemp52;1st grain temperature sensor for determining the pickup continuation
determine_continu_tr6_Pcp466_Silo18;GrainTemp53;2nd grain temperature sensor for determining the pickup continuation
determine_continu_tr6_Pcp466_Silo18;GrainTemp54;3rd grain temperature sensor for determining the pickup continuation
check_abnorm_tr27_Pcp162;rfidWOMLHU;RFID tag read at empty truck weighing
weigh_empty_tr9_Pcp291;WS04;Weight sensor for empty truck weighing
check_abnorm_tr9_Pcp291;rfidKEBJGC;RFID tag read at empty truck weighing
determine_continu_tr27_Pcp162_Silo8;Temp8;Temperature sensor for determining the pickup continuation
determine_continu_tr27_Pcp162_Silo8;Humd8;Humidity sensor for determining the pickup continuation
determine_continu_tr27_Pcp162_Silo8;GrainTemp22;1st grain temperature sensor for determining the pickup continuation
determine_continu_tr27_Pcp162_Silo8;GrainTemp23;2nd grain temperature sensor for determining the pickup continuation
determine_continu_tr27_Pcp162_Silo8;GrainTemp24;3rd grain temperature sensor for determining the pickup continuation
determine_continu_tr9_Pcp291_Silo19;Temp19;Temperature sensor for determining the pickup continuation
determine_continu_tr9_Pcp291_Silo19;Humd19;Humidity sensor for determining the pickup continuation
determine_continu_tr9_Pcp291_Silo19;GrainTemp55;1st grain temperature sensor for determining the pickup continuation
determine_continu_tr9_Pcp291_Silo19;GrainTemp56;2nd grain temperature sensor for determining the pickup continuation
determine_continu_tr9_Pcp291_Silo19;GrainTemp57;3rd grain temperature sensor for determining the pickup continuation
weigh_loaded_tr6_Pcp466;WS18;Weight sensor for loaded truck weighing
determine_continu_tr45_Pcp126_Silo1;Temp1;Temperature sensor for determining the pickup continuation
determine_continu_tr45_Pcp126_Silo1;Humd1;Humidity sensor for determining the pickup continuation
determine_continu_tr45_Pcp126_Silo1;GrainTemp1;1st grain temperature sensor for determining the pickup continuation
determine_continu_tr45_Pcp126_Silo1;GrainTemp2;2nd grain temperature sensor for determining the pickup continuation
determine_continu_tr45_Pcp126_Silo1;GrainTemp3;3rd grain temperature sensor for determining the pickup continuation
weigh_empty_tr17_Pcp343;WS07;Weight sensor for empty truck weighing
weigh_loaded_tr25_Pcp226;WS10;Weight sensor for loaded truck weighing
check_abnorm_tr17_Pcp343;rfidVYEBVG;RFID tag read at empty truck weighing
enter_tr43_Pcp428;rfidGETQDY;RFID tag read at entrance
enter_tr23_Pcp198;rfidKGKHYU;RFID tag read at entrance
determine_continu_tr17_Pcp343_Silo10;Temp10;Temperature sensor for determining the pickup continuation
determine_continu_tr17_Pcp343_Silo10;Humd10;Humidity sensor for determining the pickup continuation
determine_continu_tr17_Pcp343_Silo10;GrainTemp28;1st grain temperature sensor for determining the pickup continuation
determine_continu_tr17_Pcp343_Silo10;GrainTemp29;2nd grain temperature sensor for determining the pickup continuation
determine_continu_tr17_Pcp343_Silo10;GrainTemp30;3rd grain temperature sensor for determining the pickup continuation
weigh_loaded_tr27_Pcp162;WS08;Weight sensor for loaded truck weighing
enter_tr28_Pcp467;rfidUOOSAQ;RFID tag read at entrance
weigh_empty_tr43_Pcp428;WS06;Weight sensor for empty truck weighing
weigh_empty_tr23_Pcp198;WS20;Weight sensor for empty truck weighing
check_abnorm_tr23_Pcp198;rfidKGKHYU;RFID tag read at empty truck weighing
check_abnorm_tr43_Pcp428;rfidGETQDY;RFID tag read at empty truck weighing
weigh_loaded_tr17_Pcp343;WS17;Weight sensor for loaded truck weighing
determine_continu_tr43_Pcp428_Silo3;Temp3;Temperature sensor for determining the pickup continuation
determine_continu_tr43_Pcp428_Silo3;Humd3;Humidity sensor for determining the pickup continuation
determine_continu_tr43_Pcp428_Silo3;GrainTemp7;1st grain temperature sensor for determining the pickup continuation
determine_continu_tr43_Pcp428_Silo3;GrainTemp8;2nd grain temperature sensor for determining the pickup continuation
determine_continu_tr43_Pcp428_Silo3;GrainTemp9;3rd grain temperature sensor for determining the pickup continuation
enter_tr24_Pcp187;rfidPCMKUV;RFID tag read at entrance
weigh_loaded_tr45_Pcp126;WS13;Weight sensor for loaded truck weighing
determine_continu_tr23_Pcp198_Silo18;Temp18;Temperature sensor for determining the pickup continuation
determine_continu_tr23_Pcp198_Silo18;Humd18;Humidity sensor for determining the pickup continuation
determine_continu_tr23_Pcp198_Silo18;GrainTemp52;1st grain temperature sensor for determining the pickup continuation
determine_continu_tr23_Pcp198_Silo18;GrainTemp53;2nd grain temperature sensor for determining the pickup continuation
determine_continu_tr23_Pcp198_Silo18;GrainTemp54;3rd grain temperature sensor for determining the pickup continuation
weigh_empty_tr28_Pcp467;WS07;Weight sensor for empty truck weighing
check_abnorm_tr28_Pcp467;rfidUOOSAQ;RFID tag read at empty truck weighing
enter_tr8_Pcp138;rfidCEZEBQ;RFID tag read at entrance
weigh_empty_tr24_Pcp187;WS09;Weight sensor for empty truck weighing
check_abnorm_tr24_Pcp187;rfidPCMKUV;RFID tag read at empty truck weighing
weigh_empty_tr8_Pcp138;WS01;Weight sensor for empty truck weighing
determine_continu_tr28_Pcp467_Silo12;Temp12;Temperature sensor for determining the pickup continuation
determine_continu_tr28_Pcp467_Silo12;Humd12;Humidity sensor for determining the pickup continuation
determine_continu_tr28_Pcp467_Silo12;GrainTemp34;1st grain temperature sensor for determining the pickup continuation
determine_continu_tr28_Pcp467_Silo12;GrainTemp35;2nd grain temperature sensor for determining the pickup continuation
determine_continu_tr28_Pcp467_Silo12;GrainTemp36;3rd grain temperature sensor for determining the pickup continuation
check_abnorm_tr8_Pcp138;rfidCEZEBQ;RFID tag read at empty truck weighing
determine_continu_tr24_Pcp187_Silo10;Temp10;Temperature sensor for determining the pickup continuation
determine_continu_tr24_Pcp187_Silo10;Humd10;Humidity sensor for determining the pickup continuation
determine_continu_tr24_Pcp187_Silo10;GrainTemp28;1st grain temperature sensor for determining the pickup continuation
determine_continu_tr24_Pcp187_Silo10;GrainTemp29;2nd grain temperature sensor for determining the pickup continuation
determine_continu_tr24_Pcp187_Silo10;GrainTemp30;3rd grain temperature sensor for determining the pickup continuation
enter_tr26_Pcp414;rfidNQRMLR;RFID tag read at entrance
weigh_loaded_tr14_Pcp291;WS02;Weight sensor for loaded truck weighing
determine_continu_tr8_Pcp138_Silo16;Temp16;Temperature sensor for determining the pickup continuation
determine_continu_tr8_Pcp138_Silo16;Humd16;Humidity sensor for determining the pickup continuation
determine_continu_tr8_Pcp138_Silo16;GrainTemp46;1st grain temperature sensor for determining the pickup continuation
determine_continu_tr8_Pcp138_Silo16;GrainTemp47;2nd grain temperature sensor for determining the pickup continuation
determine_continu_tr8_Pcp138_Silo16;GrainTemp48;3rd grain temperature sensor for determining the pickup continuation
weigh_loaded_tr23_Pcp198;WS20;Weight sensor for loaded truck weighing
enter_tr39_Pcp374;rfidYGABPB;RFID tag read at entrance
weigh_loaded_tr24_Pcp187;WS08;Weight sensor for loaded truck weighing
enter_tr5_Pcp453;rfidSVWFVZ;RFID tag read at entrance
weigh_loaded_tr44_Pcp126;WS14;Weight sensor for loaded truck weighing
weigh_loaded_tr43_Pcp428;WS05;Weight sensor for loaded truck weighing
weigh_loaded_tr28_Pcp467;WS17;Weight sensor for loaded truck weighing
weigh_loaded_tr9_Pcp291;WS20;Weight sensor for loaded truck weighing
weigh_empty_tr26_Pcp414;WS07;Weight sensor for empty truck weighing
check_abnorm_tr26_Pcp414;rfidNQRMLR;RFID tag read at empty truck weighing
weigh_empty_tr39_Pcp374;WS07;Weight sensor for empty truck weighing
check_abnorm_tr39_Pcp374;rfidYGABPB;RFID tag read at empty truck weighing
determine_continu_tr26_Pcp414_Silo6;Temp6;Temperature sensor for determining the pickup continuation
determine_continu_tr26_Pcp414_Silo6;Humd6;Humidity sensor for determining the pickup continuation
determine_continu_tr26_Pcp414_Silo6;GrainTemp16;1st grain temperature sensor for determining the pickup continuation
determine_continu_tr26_Pcp414_Silo6;GrainTemp17;2nd grain temperature sensor for determining the pickup continuation
determine_continu_tr26_Pcp414_Silo6;GrainTemp18;3rd grain temperature sensor for determining the pickup continuation
enter_tr16_Pcp279;rfidIICVAH;RFID tag read at entrance
weigh_empty_tr5_Pcp453;WS15;Weight sensor for empty truck weighing
check_abnorm_tr5_Pcp453;rfidSVWFVZ;RFID tag read at empty truck weighing
weigh_empty_tr16_Pcp279;WS14;Weight sensor for empty truck weighing
check_abnorm_tr16_Pcp279;rfidIICVAH;RFID tag read at empty truck weighing
determine_continu_tr39_Pcp374_Silo12;Temp12;Temperature sensor for determining the pickup continuation
determine_continu_tr39_Pcp374_Silo12;Humd12;Humidity sensor for determining the pickup continuation
determine_continu_tr39_Pcp374_Silo12;GrainTemp34;1st grain temperature sensor for determining the pickup continuation
determine_continu_tr39_Pcp374_Silo12;GrainTemp35;2nd grain temperature sensor for determining the pickup continuation
determine_continu_tr39_Pcp374_Silo12;GrainTemp36;3rd grain temperature sensor for determining the pickup continuation
determine_continu_tr16_Pcp279_Silo19;Temp19;Temperature sensor for determining the pickup continuation
determine_continu_tr16_Pcp279_Silo19;Humd19;Humidity sensor for determining the pickup continuation
determine_continu_tr16_Pcp279_Silo19;GrainTemp55;1st grain temperature sensor for determining the pickup continuation
determine_continu_tr16_Pcp279_Silo19;GrainTemp56;2nd grain temperature sensor for determining the pickup continuation
determine_continu_tr16_Pcp279_Silo19;GrainTemp57;3rd grain temperature sensor for determining the pickup continuation
determine_continu_tr5_Pcp453_Silo10;Temp10;Temperature sensor for determining the pickup continuation
determine_continu_tr5_Pcp453_Silo10;Humd10;Humidity sensor for determining the pickup continuation
determine_continu_tr5_Pcp453_Silo10;GrainTemp28;1st grain temperature sensor for determining the pickup continuation
determine_continu_tr5_Pcp453_Silo10;GrainTemp29;2nd grain temperature sensor for determining the pickup continuation
determine_continu_tr5_Pcp453_Silo10;GrainTemp30;3rd grain temperature sensor for determining the pickup continuation
weigh_loaded_tr26_Pcp414;WS18;Weight sensor for loaded truck weighing
weigh_loaded_tr5_Pcp453;WS14;Weight sensor for loaded truck weighing
weigh_loaded_tr39_Pcp374;WS15;Weight sensor for loaded truck weighing
weigh_loaded_tr16_Pcp279;WS12;Weight sensor for loaded truck weighing
enter_tr41_Pcp102;rfidXWLCID;RFID tag read at entrance
weigh_empty_tr41_Pcp102;WS14;Weight sensor for empty truck weighing
check_abnorm_tr41_Pcp102;rfidXWLCID;RFID tag read at empty truck weighing
enter_tr48_Pcp433;rfidNSELSE;RFID tag read at entrance
determine_continu_tr41_Pcp102_Silo13;Temp13;Temperature sensor for determining the pickup continuation
determine_continu_tr41_Pcp102_Silo13;Humd13;Humidity sensor for determining the pickup continuation
determine_continu_tr41_Pcp102_Silo13;GrainTemp37;1st grain temperature sensor for determining the pickup continuation
determine_continu_tr41_Pcp102_Silo13;GrainTemp38;2nd grain temperature sensor for determining the pickup continuation
determine_continu_tr41_Pcp102_Silo13;GrainTemp39;3rd grain temperature sensor for determining the pickup continuation
enter_tr34_Pcp93;rfidFMSUBE;RFID tag read at entrance
weigh_empty_tr48_Pcp433;WS08;Weight sensor for empty truck weighing
check_abnorm_tr48_Pcp433;rfidNSELSE;RFID tag read at empty truck weighing
determine_continu_tr48_Pcp433_Silo13;Temp13;Temperature sensor for determining the pickup continuation
determine_continu_tr48_Pcp433_Silo13;Humd13;Humidity sensor for determining the pickup continuation
determine_continu_tr48_Pcp433_Silo13;GrainTemp37;1st grain temperature sensor for determining the pickup continuation
determine_continu_tr48_Pcp433_Silo13;GrainTemp38;2nd grain temperature sensor for determining the pickup continuation
determine_continu_tr48_Pcp433_Silo13;GrainTemp39;3rd grain temperature sensor for determining the pickup continuation
weigh_empty_tr34_Pcp93;WS16;Weight sensor for empty truck weighing
check_abnorm_tr34_Pcp93;rfidFMSUBE;RFID tag read at empty truck weighing
weigh_loaded_tr48_Pcp433;WS11;Weight sensor for loaded truck weighing
determine_continu_tr34_Pcp93_Silo5;Temp5;Temperature sensor for determining the pickup continuation
determine_continu_tr34_Pcp93_Silo5;Humd5;Humidity sensor for determining the pickup continuation
determine_continu_tr34_Pcp93_Silo5;GrainTemp13;1st grain temperature sensor for determining the pickup continuation
determine_continu_tr34_Pcp93_Silo5;GrainTemp14;2nd grain temperature sensor for determining the pickup continuation
determine_continu_tr34_Pcp93_Silo5;GrainTemp15;3rd grain temperature sensor for determining the pickup continuation
enter_tr47_Pcp224;rfidJGLUGP;RFID tag read at entrance
weigh_loaded_tr41_Pcp102;WS10;Weight sensor for loaded truck weighing
weigh_empty_tr47_Pcp224;WS02;Weight sensor for empty truck weighing
check_abnorm_tr47_Pcp224;rfidJGLUGP;RFID tag read at empty truck weighing
determine_continu_tr47_Pcp224_Silo4;Temp4;Temperature sensor for determining the pickup continuation
determine_continu_tr47_Pcp224_Silo4;Humd4;Humidity sensor for determining the pickup continuation
determine_continu_tr47_Pcp224_Silo4;GrainTemp10;1st grain temperature sensor for determining the pickup continuation
determine_continu_tr47_Pcp224_Silo4;GrainTemp11;2nd grain temperature sensor for determining the pickup continuation
determine_continu_tr47_Pcp224_Silo4;GrainTemp12;3rd grain temperature sensor for determining the pickup continuation
weigh_loaded_tr47_Pcp224;WS03;Weight sensor for loaded truck weighing
weigh_loaded_tr34_Pcp93;WS11;Weight sensor for loaded truck weighing
enter_tr13_Pcp166;rfidGTHHGD;RFID tag read at entrance
weigh_empty_tr13_Pcp166;WS02;Weight sensor for empty truck weighing
check_abnorm_tr13_Pcp166;rfidGTHHGD;RFID tag read at empty truck weighing
determine_continu_tr13_Pcp166_Silo1;Temp1;Temperature sensor for determining the pickup continuation
determine_continu_tr13_Pcp166_Silo1;Humd1;Humidity sensor for determining the pickup continuation
determine_continu_tr13_Pcp166_Silo1;GrainTemp1;1st grain temperature sensor for determining the pickup continuation
determine_continu_tr13_Pcp166_Silo1;GrainTemp2;2nd grain temperature sensor for determining the pickup continuation
determine_continu_tr13_Pcp166_Silo1;GrainTemp3;3rd grain temperature sensor for determining the pickup continuation
enter_tr2_Pcp93;rfidSQKJGH;RFID tag read at entrance
weigh_empty_tr2_Pcp93;WS05;Weight sensor for empty truck weighing
check_abnorm_tr2_Pcp93;rfidSQKJGH;RFID tag read at empty truck weighing
determine_continu_tr2_Pcp93_Silo5;Temp5;Temperature sensor for determining the pickup continuation
determine_continu_tr2_Pcp93_Silo5;Humd5;Humidity sensor for determining the pickup continuation
determine_continu_tr2_Pcp93_Silo5;GrainTemp13;1st grain temperature sensor for determining the pickup continuation
determine_continu_tr2_Pcp93_Silo5;GrainTemp14;2nd grain temperature sensor for determining the pickup continuation
determine_continu_tr2_Pcp93_Silo5;GrainTemp15;3rd grain temperature sensor for determining the pickup continuation
weigh_loaded_tr2_Pcp93;WS07;Weight sensor for loaded truck weighing
enter_tr50_Pcp66;rfidXXIVNB;RFID tag read at entrance
weigh_empty_tr50_Pcp66;WS07;Weight sensor for empty truck weighing
check_abnorm_tr50_Pcp66;rfidXXIVNB;RFID tag read at empty truck weighing
enter_tr36_Pcp230;rfidHYTHBN;RFID tag read at entrance
weigh_loaded_tr13_Pcp166;WS17;Weight sensor for loaded truck weighing
determine_continu_tr50_Pcp66_Silo10;Temp10;Temperature sensor for determining the pickup continuation
determine_continu_tr50_Pcp66_Silo10;Humd10;Humidity sensor for determining the pickup continuation
determine_continu_tr50_Pcp66_Silo10;GrainTemp28;1st grain temperature sensor for determining the pickup continuation
determine_continu_tr50_Pcp66_Silo10;GrainTemp29;2nd grain temperature sensor for determining the pickup continuation
determine_continu_tr50_Pcp66_Silo10;GrainTemp30;3rd grain temperature sensor for determining the pickup continuation
weigh_empty_tr36_Pcp230;WS16;Weight sensor for empty truck weighing
check_abnorm_tr36_Pcp230;rfidHYTHBN;RFID tag read at empty truck weighing
determine_continu_tr36_Pcp230_Silo3;Temp3;Temperature sensor for determining the pickup continuation
determine_continu_tr36_Pcp230_Silo3;Humd3;Humidity sensor for determining the pickup continuation
determine_continu_tr36_Pcp230_Silo3;GrainTemp7;1st grain temperature sensor for determining the pickup continuation
determine_continu_tr36_Pcp230_Silo3;GrainTemp8;2nd grain temperature sensor for determining the pickup continuation
determine_continu_tr36_Pcp230_Silo3;GrainTemp9;3rd grain temperature sensor for determining the pickup continuation
weigh_loaded_tr50_Pcp66;WS06;Weight sensor for loaded truck weighing
weigh_loaded_tr36_Pcp230;WS19;Weight sensor for loaded truck weighing
enter_tr22_Pcp220;rfidENJOLW;RFID tag read at entrance
enter_tr12_Pcp383;rfidVYYKGK;RFID tag read at entrance
weigh_empty_tr22_Pcp220;WS14;Weight sensor for empty truck weighing
check_abnorm_tr22_Pcp220;rfidENJOLW;RFID tag read at empty truck weighing
weigh_empty_tr12_Pcp383;WS12;Weight sensor for empty truck weighing
check_abnorm_tr12_Pcp383;rfidVYYKGK;RFID tag read at empty truck weighing
determine_continu_tr12_Pcp383_Silo13;Temp13;Temperature sensor for determining the pickup continuation
determine_continu_tr12_Pcp383_Silo13;Humd13;Humidity sensor for determining the pickup continuation
determine_continu_tr12_Pcp383_Silo13;GrainTemp37;1st grain temperature sensor for determining the pickup continuation
determine_continu_tr12_Pcp383_Silo13;GrainTemp38;2nd grain temperature sensor for determining the pickup continuation
determine_continu_tr12_Pcp383_Silo13;GrainTemp39;3rd grain temperature sensor for determining the pickup continuation
determine_continu_tr22_Pcp220_Silo3;Temp3;Temperature sensor for determining the pickup continuation
determine_continu_tr22_Pcp220_Silo3;Humd3;Humidity sensor for determining the pickup continuation
determine_continu_tr22_Pcp220_Silo3;GrainTemp7;1st grain temperature sensor for determining the pickup continuation
determine_continu_tr22_Pcp220_Silo3;GrainTemp8;2nd grain temperature sensor for determining the pickup continuation
determine_continu_tr22_Pcp220_Silo3;GrainTemp9;3rd grain temperature sensor for determining the pickup continuation
weigh_loaded_tr12_Pcp383;WS16;Weight sensor for loaded truck weighing
weigh_loaded_tr22_Pcp220;WS09;Weight sensor for loaded truck weighing
enter_tr3_Pcp394;rfidDRCUXI;RFID tag read at entrance
weigh_empty_tr3_Pcp394;WS19;Weight sensor for empty truck weighing
check_abnorm_tr3_Pcp394;rfidDRCUXI;RFID tag read at empty truck weighing
determine_continu_tr3_Pcp394_Silo13;Temp13;Temperature sensor for determining the pickup continuation
determine_continu_tr3_Pcp394_Silo13;Humd13;Humidity sensor for determining the pickup continuation
determine_continu_tr3_Pcp394_Silo13;GrainTemp37;1st grain temperature sensor for determining the pickup continuation
determine_continu_tr3_Pcp394_Silo13;GrainTemp38;2nd grain temperature sensor for determining the pickup continuation
determine_continu_tr3_Pcp394_Silo13;GrainTemp39;3rd grain temperature sensor for determining the pickup continuation
weigh_loaded_tr3_Pcp394;WS15;Weight sensor for loaded truck weighing
enter_tr30_Pcp345;rfidCBMLGM;RFID tag read at entrance
weigh_empty_tr30_Pcp345;WS09;Weight sensor for empty truck weighing
check_abnorm_tr30_Pcp345;rfidCBMLGM;RFID tag read at empty truck weighing
enter_tr21_Pcp382;rfidTLWXGZ;RFID tag read at entrance
enter_tr32_Pcp158;rfidQCYTDW;RFID tag read at entrance
enter_tr10_Pcp346;rfidOOVDPE;RFID tag read at entrance
determine_continu_tr30_Pcp345_Silo10;Temp10;Temperature sensor for determining the pickup continuation
determine_continu_tr30_Pcp345_Silo10;Humd10;Humidity sensor for determining the pickup continuation
determine_continu_tr30_Pcp345_Silo10;GrainTemp28;1st grain temperature sensor for determining the pickup continuation
determine_continu_tr30_Pcp345_Silo10;GrainTemp29;2nd grain temperature sensor for determining the pickup continuation
determine_continu_tr30_Pcp345_Silo10;GrainTemp30;3rd grain temperature sensor for determining the pickup continuation
weigh_empty_tr21_Pcp382;WS14;Weight sensor for empty truck weighing
check_abnorm_tr21_Pcp382;rfidTLWXGZ;RFID tag read at empty truck weighing
weigh_empty_tr32_Pcp158;WS20;Weight sensor for empty truck weighing
check_abnorm_tr32_Pcp158;rfidQCYTDW;RFID tag read at empty truck weighing
determine_continu_tr21_Pcp382_Silo14;Temp14;Temperature sensor for determining the pickup continuation
determine_continu_tr21_Pcp382_Silo14;Humd14;Humidity sensor for determining the pickup continuation
determine_continu_tr21_Pcp382_Silo14;GrainTemp40;1st grain temperature sensor for determining the pickup continuation
determine_continu_tr21_Pcp382_Silo14;GrainTemp41;2nd grain temperature sensor for determining the pickup continuation
determine_continu_tr21_Pcp382_Silo14;GrainTemp42;3rd grain temperature sensor for determining the pickup continuation
determine_continu_tr32_Pcp158_Silo10;Temp10;Temperature sensor for determining the pickup continuation
determine_continu_tr32_Pcp158_Silo10;Humd10;Humidity sensor for determining the pickup continuation
determine_continu_tr32_Pcp158_Silo10;GrainTemp28;1st grain temperature sensor for determining the pickup continuation
determine_continu_tr32_Pcp158_Silo10;GrainTemp29;2nd grain temperature sensor for determining the pickup continuation
determine_continu_tr32_Pcp158_Silo10;GrainTemp30;3rd grain temperature sensor for determining the pickup continuation
weigh_loaded_tr30_Pcp345;WS10;Weight sensor for loaded truck weighing
weigh_empty_tr10_Pcp346;WS09;Weight sensor for empty truck weighing
check_abnorm_tr10_Pcp346;rfidOOVDPE;RFID tag read at empty truck weighing
enter_tr29_Pcp50;rfidOIGYVC;RFID tag read at entrance
weigh_loaded_tr21_Pcp382;WS14;Weight sensor for loaded truck weighing
weigh_empty_tr29_Pcp50;WS20;Weight sensor for empty truck weighing
determine_continu_tr10_Pcp346_Silo17;Temp17;Temperature sensor for determining the pickup continuation
determine_continu_tr10_Pcp346_Silo17;Humd17;Humidity sensor for determining the pickup continuation
determine_continu_tr10_Pcp346_Silo17;GrainTemp49;1st grain temperature sensor for determining the pickup continuation
determine_continu_tr10_Pcp346_Silo17;GrainTemp50;2nd grain temperature sensor for determining the pickup continuation
determine_continu_tr10_Pcp346_Silo17;GrainTemp51;3rd grain temperature sensor for determining the pickup continuation
check_abnorm_tr29_Pcp50;rfidOIGYVC;RFID tag read at empty truck weighing
enter_tr20_Pcp138;rfidXPDNSC;RFID tag read at entrance
weigh_empty_tr20_Pcp138;WS01;Weight sensor for empty truck weighing
enter_tr33_Pcp290;rfidMVJRXE;RFID tag read at entrance
determine_continu_tr29_Pcp50_Silo2;Temp2;Temperature sensor for determining the pickup continuation
determine_continu_tr29_Pcp50_Silo2;Humd2;Humidity sensor for determining the pickup continuation
determine_continu_tr29_Pcp50_Silo2;GrainTemp4;1st grain temperature sensor for determining the pickup continuation
determine_continu_tr29_Pcp50_Silo2;GrainTemp5;2nd grain temperature sensor for determining the pickup continuation
determine_continu_tr29_Pcp50_Silo2;GrainTemp6;3rd grain temperature sensor for determining the pickup continuation
check_abnorm_tr20_Pcp138;rfidXPDNSC;RFID tag read at empty truck weighing
weigh_empty_tr33_Pcp290;WS12;Weight sensor for empty truck weighing
determine_continu_tr20_Pcp138_Silo16;Temp16;Temperature sensor for determining the pickup continuation
determine_continu_tr20_Pcp138_Silo16;Humd16;Humidity sensor for determining the pickup continuation
determine_continu_tr20_Pcp138_Silo16;GrainTemp46;1st grain temperature sensor for determining the pickup continuation
determine_continu_tr20_Pcp138_Silo16;GrainTemp47;2nd grain temperature sensor for determining the pickup continuation
determine_continu_tr20_Pcp138_Silo16;GrainTemp48;3rd grain temperature sensor for determining the pickup continuation
check_abnorm_tr33_Pcp290;rfidMVJRXE;RFID tag read at empty truck weighing
weigh_loaded_tr10_Pcp346;WS10;Weight sensor for loaded truck weighing
enter_tr7_Pcp414;rfidXNPCXE;RFID tag read at entrance
weigh_loaded_tr29_Pcp50;WS16;Weight sensor for loaded truck weighing
weigh_loaded_tr20_Pcp138;WS12;Weight sensor for loaded truck weighing
weigh_empty_tr7_Pcp414;WS02;Weight sensor for empty truck weighing
check_abnorm_tr7_Pcp414;rfidXNPCXE;RFID tag read at empty truck weighing
determine_continu_tr33_Pcp290_Silo16;Temp16;Temperature sensor for determining the pickup continuation
determine_continu_tr33_Pcp290_Silo16;Humd16;Humidity sensor for determining the pickup continuation
determine_continu_tr33_Pcp290_Silo16;GrainTemp46;1st grain temperature sensor for determining the pickup continuation
determine_continu_tr33_Pcp290_Silo16;GrainTemp47;2nd grain temperature sensor for determining the pickup continuation
determine_continu_tr33_Pcp290_Silo16;GrainTemp48;3rd grain temperature sensor for determining the pickup continuation
enter_tr31_Pcp478;rfidJDEWMH;RFID tag read at entrance
determine_continu_tr7_Pcp414_Silo6;Temp6;Temperature sensor for determining the pickup continuation
determine_continu_tr7_Pcp414_Silo6;Humd6;Humidity sensor for determining the pickup continuation
determine_continu_tr7_Pcp414_Silo6;GrainTemp16;1st grain temperature sensor for determining the pickup continuation
determine_continu_tr7_Pcp414_Silo6;GrainTemp17;2nd grain temperature sensor for determining the pickup continuation
determine_continu_tr7_Pcp414_Silo6;GrainTemp18;3rd grain temperature sensor for determining the pickup continuation
enter_tr38_Pcp334;rfidVIASXP;RFID tag read at entrance
weigh_loaded_tr33_Pcp290;WS04;Weight sensor for loaded truck weighing
enter_tr42_Pcp145;rfidLEEHFK;RFID tag read at entrance
enter_tr35_Pcp344;rfidPODCVH;RFID tag read at entrance
enter_tr46_Pcp498;rfidEJHYOM;RFID tag read at entrance
enter_tr18_Pcp134;rfidEGNSMV;RFID tag read at entrance
weigh_empty_tr38_Pcp334;WS12;Weight sensor for empty truck weighing
check_abnorm_tr38_Pcp334;rfidVIASXP;RFID tag read at empty truck weighing
weigh_empty_tr42_Pcp145;WS03;Weight sensor for empty truck weighing
check_abnorm_tr42_Pcp145;rfidLEEHFK;RFID tag read at empty truck weighing
enter_tr49_Pcp252;rfidNJSWIM;RFID tag read at entrance
enter_tr4_Pcp230;rfidTGNSNI;RFID tag read at entrance
weigh_empty_tr31_Pcp478;WS04;Weight sensor for empty truck weighing
weigh_empty_tr46_Pcp498;WS20;Weight sensor for empty truck weighing
check_abnorm_tr31_Pcp478;rfidJDEWMH;RFID tag read at empty truck weighing
check_abnorm_tr46_Pcp498;rfidEJHYOM;RFID tag read at empty truck weighing
enter_tr15_Pcp280;rfidIDWLCS;RFID tag read at entrance
determine_continu_tr42_Pcp145_Silo18;Temp18;Temperature sensor for determining the pickup continuation
determine_continu_tr42_Pcp145_Silo18;Humd18;Humidity sensor for determining the pickup continuation
determine_continu_tr42_Pcp145_Silo18;GrainTemp52;1st grain temperature sensor for determining the pickup continuation
determine_continu_tr42_Pcp145_Silo18;GrainTemp53;2nd grain temperature sensor for determining the pickup continuation
determine_continu_tr42_Pcp145_Silo18;GrainTemp54;3rd grain temperature sensor for determining the pickup continuation
determine_continu_tr38_Pcp334_Silo3;Temp3;Temperature sensor for determining the pickup continuation
determine_continu_tr38_Pcp334_Silo3;Humd3;Humidity sensor for determining the pickup continuation
determine_continu_tr38_Pcp334_Silo3;GrainTemp7;1st grain temperature sensor for determining the pickup continuation
determine_continu_tr38_Pcp334_Silo3;GrainTemp8;2nd grain temperature sensor for determining the pickup continuation
determine_continu_tr38_Pcp334_Silo3;GrainTemp9;3rd grain temperature sensor for determining the pickup continuation
weigh_loaded_tr32_Pcp158;WS18;Weight sensor for loaded truck weighing
weigh_empty_tr4_Pcp230;WS04;Weight sensor for empty truck weighing
check_abnorm_tr4_Pcp230;rfidTGNSNI;RFID tag read at empty truck weighing
determine_continu_tr31_Pcp478_Silo16;Temp16;Temperature sensor for determining the pickup continuation
determine_continu_tr31_Pcp478_Silo16;Humd16;Humidity sensor for determining the pickup continuation
determine_continu_tr31_Pcp478_Silo16;GrainTemp46;1st grain temperature sensor for determining the pickup continuation
determine_continu_tr31_Pcp478_Silo16;GrainTemp47;2nd grain temperature sensor for determining the pickup continuation
determine_continu_tr31_Pcp478_Silo16;GrainTemp48;3rd grain temperature sensor for determining the pickup continuation
determine_continu_tr46_Pcp498_Silo5;Temp5;Temperature sensor for determining the pickup continuation
determine_continu_tr46_Pcp498_Silo5;Humd5;Humidity sensor for determining the pickup continuation
determine_continu_tr46_Pcp498_Silo5;GrainTemp13;1st grain temperature sensor for determining the pickup continuation
determine_continu_tr46_Pcp498_Silo5;GrainTemp14;2nd grain temperature sensor for determining the pickup continuation
determine_continu_tr46_Pcp498_Silo5;GrainTemp15;3rd grain temperature sensor for determining the pickup continuation
weigh_empty_tr35_Pcp344;WS05;Weight sensor for empty truck weighing
enter_tr19_Pcp479;rfidRCKRLL;RFID tag read at entrance
enter_tr11_Pcp419;rfidSCPJCE;RFID tag read at entrance
weigh_loaded_tr42_Pcp145;WS06;Weight sensor for loaded truck weighing
check_abnorm_tr35_Pcp344;rfidPODCVH;RFID tag read at empty truck weighing
weigh_empty_tr18_Pcp134;WS05;Weight sensor for empty truck weighing
weigh_empty_tr49_Pcp252;WS14;Weight sensor for empty truck weighing
check_abnorm_tr18_Pcp134;rfidEGNSMV;RFID tag read at empty truck weighing
check_abnorm_tr49_Pcp252;rfidNJSWIM;RFID tag read at empty truck weighing
weigh_empty_tr15_Pcp280;WS02;Weight sensor for empty truck weighing
check_abnorm_tr15_Pcp280;rfidIDWLCS;RFID tag read at empty truck weighing
determine_continu_tr18_Pcp134_Silo2;Temp2;Temperature sensor for determining the pickup continuation
determine_continu_tr18_Pcp134_Silo2;Humd2;Humidity sensor for determining the pickup continuation
determine_continu_tr18_Pcp134_Silo2;GrainTemp4;1st grain temperature sensor for determining the pickup continuation
determine_continu_tr18_Pcp134_Silo2;GrainTemp5;2nd grain temperature sensor for determining the pickup continuation
determine_continu_tr18_Pcp134_Silo2;GrainTemp6;3rd grain temperature sensor for determining the pickup continuation
determine_continu_tr35_Pcp344_Silo20;Temp20;Temperature sensor for determining the pickup continuation
determine_continu_tr35_Pcp344_Silo20;Humd20;Humidity sensor for determining the pickup continuation
determine_continu_tr35_Pcp344_Silo20;GrainTemp58;1st grain temperature sensor for determining the pickup continuation
determine_continu_tr35_Pcp344_Silo20;GrainTemp59;2nd grain temperature sensor for determining the pickup continuation
determine_continu_tr35_Pcp344_Silo20;GrainTemp60;3rd grain temperature sensor for determining the pickup continuation
determine_continu_tr15_Pcp280_Silo2;Temp2;Temperature sensor for determining the pickup continuation
determine_continu_tr15_Pcp280_Silo2;Humd2;Humidity sensor for determining the pickup continuation
determine_continu_tr15_Pcp280_Silo2;GrainTemp4;1st grain temperature sensor for determining the pickup continuation
determine_continu_tr15_Pcp280_Silo2;GrainTemp5;2nd grain temperature sensor for determining the pickup continuation
determine_continu_tr15_Pcp280_Silo2;GrainTemp6;3rd grain temperature sensor for determining the pickup continuation
enter_tr37_Pcp331;rfidUSNSHC;RFID tag read at entrance
determine_continu_tr4_Pcp230_Silo3;Temp3;Temperature sensor for determining the pickup continuation
determine_continu_tr4_Pcp230_Silo3;Humd3;Humidity sensor for determining the pickup continuation
determine_continu_tr4_Pcp230_Silo3;GrainTemp7;1st grain temperature sensor for determining the pickup continuation
determine_continu_tr4_Pcp230_Silo3;GrainTemp8;2nd grain temperature sensor for determining the pickup continuation
determine_continu_tr4_Pcp230_Silo3;GrainTemp9;3rd grain temperature sensor for determining the pickup continuation
weigh_empty_tr37_Pcp331;WS14;Weight sensor for empty truck weighing
check_abnorm_tr37_Pcp331;rfidUSNSHC;RFID tag read at empty truck weighing
determine_continu_tr49_Pcp252_Silo16;Temp16;Temperature sensor for determining the pickup continuation
determine_continu_tr49_Pcp252_Silo16;Humd16;Humidity sensor for determining the pickup continuation
determine_continu_tr49_Pcp252_Silo16;GrainTemp46;1st grain temperature sensor for determining the pickup continuation
determine_continu_tr49_Pcp252_Silo16;GrainTemp47;2nd grain temperature sensor for determining the pickup continuation
determine_continu_tr49_Pcp252_Silo16;GrainTemp48;3rd grain temperature sensor for determining the pickup continuation
enter_tr1_Pcp12;rfidBKTRLP;RFID tag read at entrance
weigh_empty_tr19_Pcp479;WS02;Weight sensor for empty truck weighing
check_abnorm_tr19_Pcp479;rfidRCKRLL;RFID tag read at empty truck weighing
weigh_loaded_tr38_Pcp334;WS13;Weight sensor for loaded truck weighing
weigh_empty_tr11_Pcp419;WS08;Weight sensor for empty truck weighing
determine_continu_tr37_Pcp331_Silo10;Temp10;Temperature sensor for determining the pickup continuation
determine_continu_tr37_Pcp331_Silo10;Humd10;Humidity sensor for determining the pickup continuation
determine_continu_tr37_Pcp331_Silo10;GrainTemp28;1st grain temperature sensor for determining the pickup continuation
determine_continu_tr37_Pcp331_Silo10;GrainTemp29;2nd grain temperature sensor for determining the pickup continuation
determine_continu_tr37_Pcp331_Silo10;GrainTemp30;3rd grain temperature sensor for determining the pickup continuation
weigh_loaded_tr31_Pcp478;WS12;Weight sensor for loaded truck weighing
check_abnorm_tr11_Pcp419;rfidSCPJCE;RFID tag read at empty truck weighing
weigh_loaded_tr4_Pcp230;WS10;Weight sensor for loaded truck weighing
weigh_empty_tr1_Pcp12;WS18;Weight sensor for empty truck weighing
check_abnorm_tr1_Pcp12;rfidBKTRLP;RFID tag read at empty truck weighing
determine_continu_tr11_Pcp419_Silo16;Temp16;Temperature sensor for determining the pickup continuation
determine_continu_tr11_Pcp419_Silo16;Humd16;Humidity sensor for determining the pickup continuation
determine_continu_tr11_Pcp419_Silo16;GrainTemp46;1st grain temperature sensor for determining the pickup continuation
determine_continu_tr11_Pcp419_Silo16;GrainTemp47;2nd grain temperature sensor for determining the pickup continuation
determine_continu_tr11_Pcp419_Silo16;GrainTemp48;3rd grain temperature sensor for determining the pickup continuation
determine_continu_tr1_Pcp12_Silo2;Temp2;Temperature sensor for determining the pickup continuation
determine_continu_tr1_Pcp12_Silo2;Humd2;Humidity sensor for determining the pickup continuation
determine_continu_tr1_Pcp12_Silo2;GrainTemp4;1st grain temperature sensor for determining the pickup continuation
determine_continu_tr1_Pcp12_Silo2;GrainTemp5;2nd grain temperature sensor for determining the pickup continuation
determine_continu_tr1_Pcp12_Silo2;GrainTemp6;3rd grain temperature sensor for determining the pickup continuation
determine_continu_tr19_Pcp479_Silo1;Temp1;Temperature sensor for determining the pickup continuation
determine_continu_tr19_Pcp479_Silo1;Humd1;Humidity sensor for determining the pickup continuation
determine_continu_tr19_Pcp479_Silo1;GrainTemp1;1st grain temperature sensor for determining the pickup continuation
determine_continu_tr19_Pcp479_Silo1;GrainTemp2;2nd grain temperature sensor for determining the pickup continuation
determine_continu_tr19_Pcp479_Silo1;GrainTemp3;3rd grain temperature sensor for determining the pickup continuation
enter_tr40_Pcp345;rfidZEKWJR;RFID tag read at entrance
weigh_empty_tr40_Pcp345;WS07;Weight sensor for empty truck weighing
enter_tr6_Pcp185;rfidQSKZVB;RFID tag read at entrance
enter_tr27_Pcp370;rfidWOMLHU;RFID tag read at entrance
check_abnorm_tr40_Pcp345;rfidZEKWJR;RFID tag read at empty truck weighing
weigh_loaded_tr18_Pcp134;WS11;Weight sensor for loaded truck weighing
enter_tr25_Pcp20;rfidMFTSWW;RFID tag read at entrance
determine_continu_tr40_Pcp345_Silo10;Temp10;Temperature sensor for determining the pickup continuation
determine_continu_tr40_Pcp345_Silo10;Humd10;Humidity sensor for determining the pickup continuation
determine_continu_tr40_Pcp345_Silo10;GrainTemp28;1st grain temperature sensor for determining the pickup continuation
determine_continu_tr40_Pcp345_Silo10;GrainTemp29;2nd grain temperature sensor for determining the pickup continuation
determine_continu_tr40_Pcp345_Silo10;GrainTemp30;3rd grain temperature sensor for determining the pickup continuation
weigh_loaded_tr1_Pcp12;WS15;Weight sensor for loaded truck weighing
enter_tr17_Pcp4;rfidVYEBVG;RFID tag read at entrance
weigh_loaded_tr37_Pcp331;WS12;Weight sensor for loaded truck weighing
weigh_empty_tr27_Pcp370;WS06;Weight sensor for empty truck weighing
check_abnorm_tr27_Pcp370;rfidWOMLHU;RFID tag read at empty truck weighing
weigh_empty_tr25_Pcp20;WS13;Weight sensor for empty truck weighing
check_abnorm_tr25_Pcp20;rfidMFTSWW;RFID tag read at empty truck weighing
weigh_loaded_tr35_Pcp344;WS02;Weight sensor for loaded truck weighing
weigh_empty_tr17_Pcp4;WS06;Weight sensor for empty truck weighing
determine_continu_tr27_Pcp370_Silo6;Temp6;Temperature sensor for determining the pickup continuation
determine_continu_tr27_Pcp370_Silo6;Humd6;Humidity sensor for determining the pickup continuation
determine_continu_tr27_Pcp370_Silo6;GrainTemp16;1st grain temperature sensor for determining the pickup continuation
determine_continu_tr27_Pcp370_Silo6;GrainTemp17;2nd grain temperature sensor for determining the pickup continuation
determine_continu_tr27_Pcp370_Silo6;GrainTemp18;3rd grain temperature sensor for determining the pickup continuation
check_abnorm_tr17_Pcp4;rfidVYEBVG;RFID tag read at empty truck weighing
weigh_loaded_tr40_Pcp345;WS10;Weight sensor for loaded truck weighing
enter_tr45_Pcp263;rfidSLQPDR;RFID tag read at entrance
determine_continu_tr25_Pcp20_Silo9;Temp9;Temperature sensor for determining the pickup continuation
determine_continu_tr25_Pcp20_Silo9;Humd9;Humidity sensor for determining the pickup continuation
determine_continu_tr25_Pcp20_Silo9;GrainTemp25;1st grain temperature sensor for determining the pickup continuation
determine_continu_tr25_Pcp20_Silo9;GrainTemp26;2nd grain temperature sensor for determining the pickup continuation
determine_continu_tr25_Pcp20_Silo9;GrainTemp27;3rd grain temperature sensor for determining the pickup continuation
weigh_loaded_tr15_Pcp280;WS02;Weight sensor for loaded truck weighing
weigh_empty_tr6_Pcp185;WS12;Weight sensor for empty truck weighing
check_abnorm_tr6_Pcp185;rfidQSKZVB;RFID tag read at empty truck weighing
determine_continu_tr17_Pcp4_Silo19;Temp19;Temperature sensor for determining the pickup continuation
determine_continu_tr17_Pcp4_Silo19;Humd19;Humidity sensor for determining the pickup continuation
determine_continu_tr17_Pcp4_Silo19;GrainTemp55;1st grain temperature sensor for determining the pickup continuation
determine_continu_tr17_Pcp4_Silo19;GrainTemp56;2nd grain temperature sensor for determining the pickup continuation
determine_continu_tr17_Pcp4_Silo19;GrainTemp57;3rd grain temperature sensor for determining the pickup continuation
weigh_empty_tr45_Pcp263;WS10;Weight sensor for empty truck weighing
check_abnorm_tr45_Pcp263;rfidSLQPDR;RFID tag read at empty truck weighing
enter_tr8_Pcp435;rfidCEZEBQ;RFID tag read at entrance
determine_continu_tr45_Pcp263_Silo6;Temp6;Temperature sensor for determining the pickup continuation
determine_continu_tr45_Pcp263_Silo6;Humd6;Humidity sensor for determining the pickup continuation
determine_continu_tr45_Pcp263_Silo6;GrainTemp16;1st grain temperature sensor for determining the pickup continuation
determine_continu_tr45_Pcp263_Silo6;GrainTemp17;2nd grain temperature sensor for determining the pickup continuation
determine_continu_tr45_Pcp263_Silo6;GrainTemp18;3rd grain temperature sensor for determining the pickup continuation
enter_tr14_Pcp95;rfidYREIDQ;RFID tag read at entrance
enter_tr24_Pcp174;rfidPCMKUV;RFID tag read at entrance
determine_continu_tr6_Pcp185_Silo2;Temp2;Temperature sensor for determining the pickup continuation
determine_continu_tr6_Pcp185_Silo2;Humd2;Humidity sensor for determining the pickup continuation
determine_continu_tr6_Pcp185_Silo2;GrainTemp4;1st grain temperature sensor for determining the pickup continuation
determine_continu_tr6_Pcp185_Silo2;GrainTemp5;2nd grain temperature sensor for determining the pickup continuation
determine_continu_tr6_Pcp185_Silo2;GrainTemp6;3rd grain temperature sensor for determining the pickup continuation
enter_tr23_Pcp174;rfidKGKHYU;RFID tag read at entrance
enter_tr43_Pcp170;rfidGETQDY;RFID tag read at entrance
enter_tr44_Pcp9;rfidJRRVME;RFID tag read at entrance
weigh_empty_tr14_Pcp95;WS06;Weight sensor for empty truck weighing
weigh_empty_tr8_Pcp435;WS17;Weight sensor for empty truck weighing
enter_tr28_Pcp380;rfidUOOSAQ;RFID tag read at entrance
check_abnorm_tr8_Pcp435;rfidCEZEBQ;RFID tag read at empty truck weighing
weigh_empty_tr24_Pcp174;WS15;Weight sensor for empty truck weighing
check_abnorm_tr24_Pcp174;rfidPCMKUV;RFID tag read at empty truck weighing
check_abnorm_tr14_Pcp95;rfidYREIDQ;RFID tag read at empty truck weighing
weigh_empty_tr44_Pcp9;WS14;Weight sensor for empty truck weighing
check_abnorm_tr44_Pcp9;rfidJRRVME;RFID tag read at empty truck weighing
enter_tr9_Pcp478;rfidKEBJGC;RFID tag read at entrance
determine_continu_tr14_Pcp95_Silo6;Temp6;Temperature sensor for determining the pickup continuation
determine_continu_tr14_Pcp95_Silo6;Humd6;Humidity sensor for determining the pickup continuation
determine_continu_tr14_Pcp95_Silo6;GrainTemp16;1st grain temperature sensor for determining the pickup continuation
determine_continu_tr14_Pcp95_Silo6;GrainTemp17;2nd grain temperature sensor for determining the pickup continuation
determine_continu_tr14_Pcp95_Silo6;GrainTemp18;3rd grain temperature sensor for determining the pickup continuation
weigh_loaded_tr46_Pcp498;WS06;Weight sensor for loaded truck weighing
weigh_empty_tr43_Pcp170;WS02;Weight sensor for empty truck weighing
check_abnorm_tr43_Pcp170;rfidGETQDY;RFID tag read at empty truck weighing
determine_continu_tr24_Pcp174_Silo20;Temp20;Temperature sensor for determining the pickup continuation
determine_continu_tr24_Pcp174_Silo20;Humd20;Humidity sensor for determining the pickup continuation
determine_continu_tr24_Pcp174_Silo20;GrainTemp58;1st grain temperature sensor for determining the pickup continuation
determine_continu_tr24_Pcp174_Silo20;GrainTemp59;2nd grain temperature sensor for determining the pickup continuation
determine_continu_tr24_Pcp174_Silo20;GrainTemp60;3rd grain temperature sensor for determining the pickup continuation
determine_continu_tr8_Pcp435_Silo18;Temp18;Temperature sensor for determining the pickup continuation
determine_continu_tr8_Pcp435_Silo18;Humd18;Humidity sensor for determining the pickup continuation
determine_continu_tr8_Pcp435_Silo18;GrainTemp52;1st grain temperature sensor for determining the pickup continuation
determine_continu_tr8_Pcp435_Silo18;GrainTemp53;2nd grain temperature sensor for determining the pickup continuation
determine_continu_tr8_Pcp435_Silo18;GrainTemp54;3rd grain temperature sensor for determining the pickup continuation
weigh_loaded_tr17_Pcp4;WS13;Weight sensor for loaded truck weighing
weigh_empty_tr23_Pcp174;WS10;Weight sensor for empty truck weighing
weigh_empty_tr28_Pcp380;WS05;Weight sensor for empty truck weighing
check_abnorm_tr23_Pcp174;rfidKGKHYU;RFID tag read at empty truck weighing
weigh_empty_tr9_Pcp478;WS17;Weight sensor for empty truck weighing
check_abnorm_tr28_Pcp380;rfidUOOSAQ;RFID tag read at empty truck weighing
determine_continu_tr43_Pcp170_Silo20;Temp20;Temperature sensor for determining the pickup continuation
determine_continu_tr43_Pcp170_Silo20;Humd20;Humidity sensor for determining the pickup continuation
determine_continu_tr43_Pcp170_Silo20;GrainTemp58;1st grain temperature sensor for determining the pickup continuation
determine_continu_tr43_Pcp170_Silo20;GrainTemp59;2nd grain temperature sensor for determining the pickup continuation
determine_continu_tr43_Pcp170_Silo20;GrainTemp60;3rd grain temperature sensor for determining the pickup continuation
check_abnorm_tr9_Pcp478;rfidKEBJGC;RFID tag read at empty truck weighing
determine_continu_tr44_Pcp9_Silo1;Temp1;Temperature sensor for determining the pickup continuation
determine_continu_tr44_Pcp9_Silo1;Humd1;Humidity sensor for determining the pickup continuation
determine_continu_tr44_Pcp9_Silo1;GrainTemp1;1st grain temperature sensor for determining the pickup continuation
determine_continu_tr44_Pcp9_Silo1;GrainTemp2;2nd grain temperature sensor for determining the pickup continuation
determine_continu_tr44_Pcp9_Silo1;GrainTemp3;3rd grain temperature sensor for determining the pickup continuation
determine_continu_tr23_Pcp174_Silo20;Temp20;Temperature sensor for determining the pickup continuation
determine_continu_tr23_Pcp174_Silo20;Humd20;Humidity sensor for determining the pickup continuation
determine_continu_tr23_Pcp174_Silo20;GrainTemp58;1st grain temperature sensor for determining the pickup continuation
determine_continu_tr23_Pcp174_Silo20;GrainTemp59;2nd grain temperature sensor for determining the pickup continuation
determine_continu_tr23_Pcp174_Silo20;GrainTemp60;3rd grain temperature sensor for determining the pickup continuation
determine_continu_tr28_Pcp380_Silo18;Temp18;Temperature sensor for determining the pickup continuation
determine_continu_tr28_Pcp380_Silo18;Humd18;Humidity sensor for determining the pickup continuation
determine_continu_tr28_Pcp380_Silo18;GrainTemp52;1st grain temperature sensor for determining the pickup continuation
determine_continu_tr28_Pcp380_Silo18;GrainTemp53;2nd grain temperature sensor for determining the pickup continuation
determine_continu_tr28_Pcp380_Silo18;GrainTemp54;3rd grain temperature sensor for determining the pickup continuation
weigh_loaded_tr24_Pcp174;WS12;Weight sensor for loaded truck weighing
weigh_loaded_tr19_Pcp479;WS13;Weight sensor for loaded truck weighing
weigh_loaded_tr8_Pcp435;WS01;Weight sensor for loaded truck weighing
enter_tr26_Pcp403;rfidNQRMLR;RFID tag read at entrance
determine_continu_tr9_Pcp478_Silo16;Temp16;Temperature sensor for determining the pickup continuation
determine_continu_tr9_Pcp478_Silo16;Humd16;Humidity sensor for determining the pickup continuation
determine_continu_tr9_Pcp478_Silo16;GrainTemp46;1st grain temperature sensor for determining the pickup continuation
determine_continu_tr9_Pcp478_Silo16;GrainTemp47;2nd grain temperature sensor for determining the pickup continuation
determine_continu_tr9_Pcp478_Silo16;GrainTemp48;3rd grain temperature sensor for determining the pickup continuation
weigh_loaded_tr23_Pcp174;WS06;Weight sensor for loaded truck weighing
weigh_loaded_tr25_Pcp20;WS12;Weight sensor for loaded truck weighing
weigh_empty_tr26_Pcp403;WS17;Weight sensor for empty truck weighing
enter_tr5_Pcp285;rfidSVWFVZ;RFID tag read at entrance
check_abnorm_tr26_Pcp403;rfidNQRMLR;RFID tag read at empty truck weighing
enter_tr39_Pcp271;rfidYGABPB;RFID tag read at entrance
weigh_empty_tr5_Pcp285;WS10;Weight sensor for empty truck weighing
check_abnorm_tr5_Pcp285;rfidSVWFVZ;RFID tag read at empty truck weighing
weigh_loaded_tr43_Pcp170;WS14;Weight sensor for loaded truck weighing
determine_continu_tr26_Pcp403_Silo14;Temp14;Temperature sensor for determining the pickup continuation
determine_continu_tr26_Pcp403_Silo14;Humd14;Humidity sensor for determining the pickup continuation
determine_continu_tr26_Pcp403_Silo14;GrainTemp40;1st grain temperature sensor for determining the pickup continuation
determine_continu_tr26_Pcp403_Silo14;GrainTemp41;2nd grain temperature sensor for determining the pickup continuation
determine_continu_tr26_Pcp403_Silo14;GrainTemp42;3rd grain temperature sensor for determining the pickup continuation
weigh_loaded_tr28_Pcp380;WS12;Weight sensor for loaded truck weighing
weigh_loaded_tr9_Pcp478;WS18;Weight sensor for loaded truck weighing
weigh_empty_tr39_Pcp271;WS12;Weight sensor for empty truck weighing
check_abnorm_tr39_Pcp271;rfidYGABPB;RFID tag read at empty truck weighing
determine_continu_tr5_Pcp285_Silo19;Temp19;Temperature sensor for determining the pickup continuation
determine_continu_tr5_Pcp285_Silo19;Humd19;Humidity sensor for determining the pickup continuation
determine_continu_tr5_Pcp285_Silo19;GrainTemp55;1st grain temperature sensor for determining the pickup continuation
determine_continu_tr5_Pcp285_Silo19;GrainTemp56;2nd grain temperature sensor for determining the pickup continuation
determine_continu_tr5_Pcp285_Silo19;GrainTemp57;3rd grain temperature sensor for determining the pickup continuation
determine_continu_tr39_Pcp271_Silo17;Temp17;Temperature sensor for determining the pickup continuation
determine_continu_tr39_Pcp271_Silo17;Humd17;Humidity sensor for determining the pickup continuation
determine_continu_tr39_Pcp271_Silo17;GrainTemp49;1st grain temperature sensor for determining the pickup continuation
determine_continu_tr39_Pcp271_Silo17;GrainTemp50;2nd grain temperature sensor for determining the pickup continuation
determine_continu_tr39_Pcp271_Silo17;GrainTemp51;3rd grain temperature sensor for determining the pickup continuation
weigh_loaded_tr5_Pcp285;WS11;Weight sensor for loaded truck weighing
enter_tr16_Pcp436;rfidIICVAH;RFID tag read at entrance
weigh_empty_tr16_Pcp436;WS16;Weight sensor for empty truck weighing
check_abnorm_tr16_Pcp436;rfidIICVAH;RFID tag read at empty truck weighing
determine_continu_tr16_Pcp436_Silo3;Temp3;Temperature sensor for determining the pickup continuation
determine_continu_tr16_Pcp436_Silo3;Humd3;Humidity sensor for determining the pickup continuation
determine_continu_tr16_Pcp436_Silo3;GrainTemp7;1st grain temperature sensor for determining the pickup continuation
determine_continu_tr16_Pcp436_Silo3;GrainTemp8;2nd grain temperature sensor for determining the pickup continuation
determine_continu_tr16_Pcp436_Silo3;GrainTemp9;3rd grain temperature sensor for determining the pickup continuation
weigh_loaded_tr26_Pcp403;WS05;Weight sensor for loaded truck weighing
weigh_loaded_tr44_Pcp9;WS09;Weight sensor for loaded truck weighing
enter_tr48_Pcp380;rfidNSELSE;RFID tag read at entrance
enter_tr41_Pcp348;rfidXWLCID;RFID tag read at entrance
weigh_loaded_tr16_Pcp436;WS03;Weight sensor for loaded truck weighing
weigh_empty_tr48_Pcp380;WS10;Weight sensor for empty truck weighing
check_abnorm_tr48_Pcp380;rfidNSELSE;RFID tag read at empty truck weighing
weigh_empty_tr41_Pcp348;WS16;Weight sensor for empty truck weighing
check_abnorm_tr41_Pcp348;rfidXWLCID;RFID tag read at empty truck weighing
determine_continu_tr41_Pcp348_Silo14;Temp14;Temperature sensor for determining the pickup continuation
determine_continu_tr41_Pcp348_Silo14;Humd14;Humidity sensor for determining the pickup continuation
determine_continu_tr41_Pcp348_Silo14;GrainTemp40;1st grain temperature sensor for determining the pickup continuation
determine_continu_tr41_Pcp348_Silo14;GrainTemp41;2nd grain temperature sensor for determining the pickup continuation
determine_continu_tr41_Pcp348_Silo14;GrainTemp42;3rd grain temperature sensor for determining the pickup continuation
determine_continu_tr48_Pcp380_Silo18;Temp18;Temperature sensor for determining the pickup continuation
determine_continu_tr48_Pcp380_Silo18;Humd18;Humidity sensor for determining the pickup continuation
determine_continu_tr48_Pcp380_Silo18;GrainTemp52;1st grain temperature sensor for determining the pickup continuation
determine_continu_tr48_Pcp380_Silo18;GrainTemp53;2nd grain temperature sensor for determining the pickup continuation
determine_continu_tr48_Pcp380_Silo18;GrainTemp54;3rd grain temperature sensor for determining the pickup continuation
enter_tr47_Pcp341;rfidJGLUGP;RFID tag read at entrance
weigh_loaded_tr48_Pcp380;WS18;Weight sensor for loaded truck weighing
weigh_empty_tr47_Pcp341;WS18;Weight sensor for empty truck weighing
check_abnorm_tr47_Pcp341;rfidJGLUGP;RFID tag read at empty truck weighing
determine_continu_tr47_Pcp341_Silo2;Temp2;Temperature sensor for determining the pickup continuation
determine_continu_tr47_Pcp341_Silo2;Humd2;Humidity sensor for determining the pickup continuation
determine_continu_tr47_Pcp341_Silo2;GrainTemp4;1st grain temperature sensor for determining the pickup continuation
determine_continu_tr47_Pcp341_Silo2;GrainTemp5;2nd grain temperature sensor for determining the pickup continuation
determine_continu_tr47_Pcp341_Silo2;GrainTemp6;3rd grain temperature sensor for determining the pickup continuation
enter_tr34_Pcp77;rfidFMSUBE;RFID tag read at entrance
weigh_empty_tr34_Pcp77;WS06;Weight sensor for empty truck weighing
check_abnorm_tr34_Pcp77;rfidFMSUBE;RFID tag read at empty truck weighing
determine_continu_tr34_Pcp77_Silo12;Temp12;Temperature sensor for determining the pickup continuation
determine_continu_tr34_Pcp77_Silo12;Humd12;Humidity sensor for determining the pickup continuation
determine_continu_tr34_Pcp77_Silo12;GrainTemp34;1st grain temperature sensor for determining the pickup continuation
determine_continu_tr34_Pcp77_Silo12;GrainTemp35;2nd grain temperature sensor for determining the pickup continuation
determine_continu_tr34_Pcp77_Silo12;GrainTemp36;3rd grain temperature sensor for determining the pickup continuation
enter_tr2_Pcp186;rfidSQKJGH;RFID tag read at entrance
weigh_empty_tr2_Pcp186;WS02;Weight sensor for empty truck weighing
check_abnorm_tr2_Pcp186;rfidSQKJGH;RFID tag read at empty truck weighing
determine_continu_tr2_Pcp186_Silo10;Temp10;Temperature sensor for determining the pickup continuation
determine_continu_tr2_Pcp186_Silo10;Humd10;Humidity sensor for determining the pickup continuation
determine_continu_tr2_Pcp186_Silo10;GrainTemp28;1st grain temperature sensor for determining the pickup continuation
determine_continu_tr2_Pcp186_Silo10;GrainTemp29;2nd grain temperature sensor for determining the pickup continuation
determine_continu_tr2_Pcp186_Silo10;GrainTemp30;3rd grain temperature sensor for determining the pickup continuation
enter_tr13_Pcp303;rfidGTHHGD;RFID tag read at entrance
weigh_loaded_tr41_Pcp348;WS06;Weight sensor for loaded truck weighing
weigh_loaded_tr2_Pcp186;WS06;Weight sensor for loaded truck weighing
weigh_empty_tr13_Pcp303;WS20;Weight sensor for empty truck weighing
check_abnorm_tr13_Pcp303;rfidGTHHGD;RFID tag read at empty truck weighing
determine_continu_tr13_Pcp303_Silo12;Temp12;Temperature sensor for determining the pickup continuation
determine_continu_tr13_Pcp303_Silo12;Humd12;Humidity sensor for determining the pickup continuation
determine_continu_tr13_Pcp303_Silo12;GrainTemp34;1st grain temperature sensor for determining the pickup continuation
determine_continu_tr13_Pcp303_Silo12;GrainTemp35;2nd grain temperature sensor for determining the pickup continuation
determine_continu_tr13_Pcp303_Silo12;GrainTemp36;3rd grain temperature sensor for determining the pickup continuation
enter_tr50_Pcp391;rfidXXIVNB;RFID tag read at entrance
weigh_loaded_tr34_Pcp77;WS06;Weight sensor for loaded truck weighing
weigh_empty_tr50_Pcp391;WS10;Weight sensor for empty truck weighing
check_abnorm_tr50_Pcp391;rfidXXIVNB;RFID tag read at empty truck weighing
weigh_loaded_tr13_Pcp303;WS09;Weight sensor for loaded truck weighing
determine_continu_tr50_Pcp391_Silo20;Temp20;Temperature sensor for determining the pickup continuation
determine_continu_tr50_Pcp391_Silo20;Humd20;Humidity sensor for determining the pickup continuation
determine_continu_tr50_Pcp391_Silo20;GrainTemp58;1st grain temperature sensor for determining the pickup continuation
determine_continu_tr50_Pcp391_Silo20;GrainTemp59;2nd grain temperature sensor for determining the pickup continuation
determine_continu_tr50_Pcp391_Silo20;GrainTemp60;3rd grain temperature sensor for determining the pickup continuation
enter_tr36_Pcp320;rfidHYTHBN;RFID tag read at entrance
weigh_loaded_tr50_Pcp391;WS15;Weight sensor for loaded truck weighing
weigh_empty_tr36_Pcp320;WS07;Weight sensor for empty truck weighing
check_abnorm_tr36_Pcp320;rfidHYTHBN;RFID tag read at empty truck weighing
determine_continu_tr36_Pcp320_Silo12;Temp12;Temperature sensor for determining the pickup continuation
determine_continu_tr36_Pcp320_Silo12;Humd12;Humidity sensor for determining the pickup continuation
determine_continu_tr36_Pcp320_Silo12;GrainTemp34;1st grain temperature sensor for determining the pickup continuation
determine_continu_tr36_Pcp320_Silo12;GrainTemp35;2nd grain temperature sensor for determining the pickup continuation
determine_continu_tr36_Pcp320_Silo12;GrainTemp36;3rd grain temperature sensor for determining the pickup continuation
weigh_loaded_tr36_Pcp320;WS06;Weight sensor for loaded truck weighing
enter_tr12_Pcp297;rfidVYYKGK;RFID tag read at entrance
weigh_empty_tr12_Pcp297;WS16;Weight sensor for empty truck weighing
check_abnorm_tr12_Pcp297;rfidVYYKGK;RFID tag read at empty truck weighing
determine_continu_tr12_Pcp297_Silo2;Temp2;Temperature sensor for determining the pickup continuation
determine_continu_tr12_Pcp297_Silo2;Humd2;Humidity sensor for determining the pickup continuation
determine_continu_tr12_Pcp297_Silo2;GrainTemp4;1st grain temperature sensor for determining the pickup continuation
determine_continu_tr12_Pcp297_Silo2;GrainTemp5;2nd grain temperature sensor for determining the pickup continuation
determine_continu_tr12_Pcp297_Silo2;GrainTemp6;3rd grain temperature sensor for determining the pickup continuation
enter_tr22_Pcp374;rfidENJOLW;RFID tag read at entrance
weigh_empty_tr22_Pcp374;WS20;Weight sensor for empty truck weighing
check_abnorm_tr22_Pcp374;rfidENJOLW;RFID tag read at empty truck weighing
determine_continu_tr22_Pcp374_Silo12;Temp12;Temperature sensor for determining the pickup continuation
determine_continu_tr22_Pcp374_Silo12;Humd12;Humidity sensor for determining the pickup continuation
determine_continu_tr22_Pcp374_Silo12;GrainTemp34;1st grain temperature sensor for determining the pickup continuation
determine_continu_tr22_Pcp374_Silo12;GrainTemp35;2nd grain temperature sensor for determining the pickup continuation
determine_continu_tr22_Pcp374_Silo12;GrainTemp36;3rd grain temperature sensor for determining the pickup continuation
weigh_loaded_tr22_Pcp374;WS02;Weight sensor for loaded truck weighing
enter_tr3_Pcp142;rfidDRCUXI;RFID tag read at entrance
weigh_empty_tr3_Pcp142;WS08;Weight sensor for empty truck weighing
check_abnorm_tr3_Pcp142;rfidDRCUXI;RFID tag read at empty truck weighing
determine_continu_tr3_Pcp142_Silo2;Temp2;Temperature sensor for determining the pickup continuation
determine_continu_tr3_Pcp142_Silo2;Humd2;Humidity sensor for determining the pickup continuation
determine_continu_tr3_Pcp142_Silo2;GrainTemp4;1st grain temperature sensor for determining the pickup continuation
determine_continu_tr3_Pcp142_Silo2;GrainTemp5;2nd grain temperature sensor for determining the pickup continuation
determine_continu_tr3_Pcp142_Silo2;GrainTemp6;3rd grain temperature sensor for determining the pickup continuation
enter_tr30_Pcp22;rfidCBMLGM;RFID tag read at entrance
weigh_empty_tr30_Pcp22;WS01;Weight sensor for empty truck weighing
check_abnorm_tr30_Pcp22;rfidCBMLGM;RFID tag read at empty truck weighing
determine_continu_tr30_Pcp22_Silo1;Temp1;Temperature sensor for determining the pickup continuation
determine_continu_tr30_Pcp22_Silo1;Humd1;Humidity sensor for determining the pickup continuation
determine_continu_tr30_Pcp22_Silo1;GrainTemp1;1st grain temperature sensor for determining the pickup continuation
determine_continu_tr30_Pcp22_Silo1;GrainTemp2;2nd grain temperature sensor for determining the pickup continuation
determine_continu_tr30_Pcp22_Silo1;GrainTemp3;3rd grain temperature sensor for determining the pickup continuation
enter_tr21_Pcp224;rfidTLWXGZ;RFID tag read at entrance
weigh_empty_tr21_Pcp224;WS05;Weight sensor for empty truck weighing
check_abnorm_tr21_Pcp224;rfidTLWXGZ;RFID tag read at empty truck weighing
determine_continu_tr21_Pcp224_Silo4;Temp4;Temperature sensor for determining the pickup continuation
determine_continu_tr21_Pcp224_Silo4;Humd4;Humidity sensor for determining the pickup continuation
determine_continu_tr21_Pcp224_Silo4;GrainTemp10;1st grain temperature sensor for determining the pickup continuation
determine_continu_tr21_Pcp224_Silo4;GrainTemp11;2nd grain temperature sensor for determining the pickup continuation
determine_continu_tr21_Pcp224_Silo4;GrainTemp12;3rd grain temperature sensor for determining the pickup continuation
enter_tr10_Pcp193;rfidOOVDPE;RFID tag read at entrance
enter_tr29_Pcp391;rfidOIGYVC;RFID tag read at entrance
weigh_empty_tr29_Pcp391;WS07;Weight sensor for empty truck weighing
check_abnorm_tr29_Pcp391;rfidOIGYVC;RFID tag read at empty truck weighing
enter_tr20_Pcp36;rfidXPDNSC;RFID tag read at entrance
weigh_empty_tr10_Pcp193;WS07;Weight sensor for empty truck weighing
enter_tr7_Pcp179;rfidXNPCXE;RFID tag read at entrance
check_abnorm_tr10_Pcp193;rfidOOVDPE;RFID tag read at empty truck weighing
determine_continu_tr29_Pcp391_Silo20;Temp20;Temperature sensor for determining the pickup continuation
determine_continu_tr29_Pcp391_Silo20;Humd20;Humidity sensor for determining the pickup continuation
determine_continu_tr29_Pcp391_Silo20;GrainTemp58;1st grain temperature sensor for determining the pickup continuation
determine_continu_tr29_Pcp391_Silo20;GrainTemp59;2nd grain temperature sensor for determining the pickup continuation
determine_continu_tr29_Pcp391_Silo20;GrainTemp60;3rd grain temperature sensor for determining the pickup continuation
weigh_loaded_tr21_Pcp224;WS05;Weight sensor for loaded truck weighing
weigh_empty_tr20_Pcp36;WS14;Weight sensor for empty truck weighing
check_abnorm_tr20_Pcp36;rfidXPDNSC;RFID tag read at empty truck weighing
enter_tr33_Pcp103;rfidMVJRXE;RFID tag read at entrance
determine_continu_tr10_Pcp193_Silo20;Temp20;Temperature sensor for determining the pickup continuation
determine_continu_tr10_Pcp193_Silo20;Humd20;Humidity sensor for determining the pickup continuation
determine_continu_tr10_Pcp193_Silo20;GrainTemp58;1st grain temperature sensor for determining the pickup continuation
determine_continu_tr10_Pcp193_Silo20;GrainTemp59;2nd grain temperature sensor for determining the pickup continuation
determine_continu_tr10_Pcp193_Silo20;GrainTemp60;3rd grain temperature sensor for determining the pickup continuation
weigh_empty_tr7_Pcp179;WS20;Weight sensor for empty truck weighing
weigh_empty_tr33_Pcp103;WS06;Weight sensor for empty truck weighing
check_abnorm_tr7_Pcp179;rfidXNPCXE;RFID tag read at empty truck weighing
check_abnorm_tr33_Pcp103;rfidMVJRXE;RFID tag read at empty truck weighing
weigh_loaded_tr30_Pcp22;WS08;Weight sensor for loaded truck weighing
determine_continu_tr20_Pcp36_Silo18;Temp18;Temperature sensor for determining the pickup continuation
determine_continu_tr20_Pcp36_Silo18;Humd18;Humidity sensor for determining the pickup continuation
determine_continu_tr20_Pcp36_Silo18;GrainTemp52;1st grain temperature sensor for determining the pickup continuation
determine_continu_tr20_Pcp36_Silo18;GrainTemp53;2nd grain temperature sensor for determining the pickup continuation
determine_continu_tr20_Pcp36_Silo18;GrainTemp54;3rd grain temperature sensor for determining the pickup continuation
determine_continu_tr33_Pcp103_Silo9;Temp9;Temperature sensor for determining the pickup continuation
determine_continu_tr33_Pcp103_Silo9;Humd9;Humidity sensor for determining the pickup continuation
determine_continu_tr33_Pcp103_Silo9;GrainTemp25;1st grain temperature sensor for determining the pickup continuation
determine_continu_tr33_Pcp103_Silo9;GrainTemp26;2nd grain temperature sensor for determining the pickup continuation
determine_continu_tr33_Pcp103_Silo9;GrainTemp27;3rd grain temperature sensor for determining the pickup continuation
determine_continu_tr7_Pcp179_Silo16;Temp16;Temperature sensor for determining the pickup continuation
determine_continu_tr7_Pcp179_Silo16;Humd16;Humidity sensor for determining the pickup continuation
determine_continu_tr7_Pcp179_Silo16;GrainTemp46;1st grain temperature sensor for determining the pickup continuation
determine_continu_tr7_Pcp179_Silo16;GrainTemp47;2nd grain temperature sensor for determining the pickup continuation
determine_continu_tr7_Pcp179_Silo16;GrainTemp48;3rd grain temperature sensor for determining the pickup continuation
enter_tr32_Pcp295;rfidQCYTDW;RFID tag read at entrance
enter_tr42_Pcp36;rfidLEEHFK;RFID tag read at entrance
weigh_loaded_tr7_Pcp179;WS16;Weight sensor for loaded truck weighing
enter_tr49_Pcp7;rfidNJSWIM;RFID tag read at entrance
weigh_empty_tr42_Pcp36;WS01;Weight sensor for empty truck weighing
check_abnorm_tr42_Pcp36;rfidLEEHFK;RFID tag read at empty truck weighing
weigh_empty_tr49_Pcp7;WS01;Weight sensor for empty truck weighing
check_abnorm_tr49_Pcp7;rfidNJSWIM;RFID tag read at empty truck weighing
weigh_empty_tr32_Pcp295;WS13;Weight sensor for empty truck weighing
enter_tr38_Pcp250;rfidVIASXP;RFID tag read at entrance
check_abnorm_tr32_Pcp295;rfidQCYTDW;RFID tag read at empty truck weighing
determine_continu_tr49_Pcp7_Silo18;Temp18;Temperature sensor for determining the pickup continuation
determine_continu_tr49_Pcp7_Silo18;Humd18;Humidity sensor for determining the pickup continuation
determine_continu_tr49_Pcp7_Silo18;GrainTemp52;1st grain temperature sensor for determining the pickup continuation
determine_continu_tr49_Pcp7_Silo18;GrainTemp53;2nd grain temperature sensor for determining the pickup continuation
determine_continu_tr49_Pcp7_Silo18;GrainTemp54;3rd grain temperature sensor for determining the pickup continuation
weigh_loaded_tr20_Pcp36;WS10;Weight sensor for loaded truck weighing
enter_tr31_Pcp4;rfidJDEWMH;RFID tag read at entrance
determine_continu_tr42_Pcp36_Silo18;Temp18;Temperature sensor for determining the pickup continuation
determine_continu_tr42_Pcp36_Silo18;Humd18;Humidity sensor for determining the pickup continuation
determine_continu_tr42_Pcp36_Silo18;GrainTemp52;1st grain temperature sensor for determining the pickup continuation
determine_continu_tr42_Pcp36_Silo18;GrainTemp53;2nd grain temperature sensor for determining the pickup continuation
determine_continu_tr42_Pcp36_Silo18;GrainTemp54;3rd grain temperature sensor for determining the pickup continuation
enter_tr11_Pcp456;rfidSCPJCE;RFID tag read at entrance
determine_continu_tr32_Pcp295_Silo16;Temp16;Temperature sensor for determining the pickup continuation
determine_continu_tr32_Pcp295_Silo16;Humd16;Humidity sensor for determining the pickup continuation
determine_continu_tr32_Pcp295_Silo16;GrainTemp46;1st grain temperature sensor for determining the pickup continuation
determine_continu_tr32_Pcp295_Silo16;GrainTemp47;2nd grain temperature sensor for determining the pickup continuation
determine_continu_tr32_Pcp295_Silo16;GrainTemp48;3rd grain temperature sensor for determining the pickup continuation
weigh_loaded_tr49_Pcp7;WS16;Weight sensor for loaded truck weighing
weigh_loaded_tr33_Pcp103;WS10;Weight sensor for loaded truck weighing
enter_tr4_Pcp361;rfidTGNSNI;RFID tag read at entrance
weigh_loaded_tr32_Pcp295;WS05;Weight sensor for loaded truck weighing
weigh_empty_tr38_Pcp250;WS01;Weight sensor for empty truck weighing
check_abnorm_tr38_Pcp250;rfidVIASXP;RFID tag read at empty truck weighing
weigh_empty_tr4_Pcp361;WS12;Weight sensor for empty truck weighing
weigh_empty_tr31_Pcp4;WS17;Weight sensor for empty truck weighing
check_abnorm_tr4_Pcp361;rfidTGNSNI;RFID tag read at empty truck weighing
check_abnorm_tr31_Pcp4;rfidJDEWMH;RFID tag read at empty truck weighing
weigh_empty_tr11_Pcp456;WS20;Weight sensor for empty truck weighing
check_abnorm_tr11_Pcp456;rfidSCPJCE;RFID tag read at empty truck weighing
weigh_loaded_tr42_Pcp36;WS06;Weight sensor for loaded truck weighing
determine_continu_tr38_Pcp250_Silo6;Temp6;Temperature sensor for determining the pickup continuation
determine_continu_tr38_Pcp250_Silo6;Humd6;Humidity sensor for determining the pickup continuation
determine_continu_tr38_Pcp250_Silo6;GrainTemp16;1st grain temperature sensor for determining the pickup continuation
determine_continu_tr38_Pcp250_Silo6;GrainTemp17;2nd grain temperature sensor for determining the pickup continuation
determine_continu_tr38_Pcp250_Silo6;GrainTemp18;3rd grain temperature sensor for determining the pickup continuation
determine_continu_tr4_Pcp361_Silo19;Temp19;Temperature sensor for determining the pickup continuation
determine_continu_tr4_Pcp361_Silo19;Humd19;Humidity sensor for determining the pickup continuation
determine_continu_tr4_Pcp361_Silo19;GrainTemp55;1st grain temperature sensor for determining the pickup continuation
determine_continu_tr4_Pcp361_Silo19;GrainTemp56;2nd grain temperature sensor for determining the pickup continuation
determine_continu_tr4_Pcp361_Silo19;GrainTemp57;3rd grain temperature sensor for determining the pickup continuation
determine_continu_tr11_Pcp456_Silo19;Temp19;Temperature sensor for determining the pickup continuation
determine_continu_tr11_Pcp456_Silo19;Humd19;Humidity sensor for determining the pickup continuation
determine_continu_tr11_Pcp456_Silo19;GrainTemp55;1st grain temperature sensor for determining the pickup continuation
determine_continu_tr11_Pcp456_Silo19;GrainTemp56;2nd grain temperature sensor for determining the pickup continuation
determine_continu_tr11_Pcp456_Silo19;GrainTemp57;3rd grain temperature sensor for determining the pickup continuation
enter_tr1_Pcp185;rfidBKTRLP;RFID tag read at entrance
enter_tr18_Pcp182;rfidEGNSMV;RFID tag read at entrance
determine_continu_tr31_Pcp4_Silo19;Temp19;Temperature sensor for determining the pickup continuation
determine_continu_tr31_Pcp4_Silo19;Humd19;Humidity sensor for determining the pickup continuation
determine_continu_tr31_Pcp4_Silo19;GrainTemp55;1st grain temperature sensor for determining the pickup continuation
determine_continu_tr31_Pcp4_Silo19;GrainTemp56;2nd grain temperature sensor for determining the pickup continuation
determine_continu_tr31_Pcp4_Silo19;GrainTemp57;3rd grain temperature sensor for determining the pickup continuation
weigh_loaded_tr10_Pcp193;WS11;Weight sensor for loaded truck weighing
weigh_empty_tr18_Pcp182;WS10;Weight sensor for empty truck weighing
check_abnorm_tr18_Pcp182;rfidEGNSMV;RFID tag read at empty truck weighing
weigh_loaded_tr29_Pcp391;WS15;Weight sensor for loaded truck weighing
weigh_empty_tr1_Pcp185;WS20;Weight sensor for empty truck weighing
determine_continu_tr18_Pcp182_Silo6;Temp6;Temperature sensor for determining the pickup continuation
determine_continu_tr18_Pcp182_Silo6;Humd6;Humidity sensor for determining the pickup continuation
determine_continu_tr18_Pcp182_Silo6;GrainTemp16;1st grain temperature sensor for determining the pickup continuation
determine_continu_tr18_Pcp182_Silo6;GrainTemp17;2nd grain temperature sensor for determining the pickup continuation
determine_continu_tr18_Pcp182_Silo6;GrainTemp18;3rd grain temperature sensor for determining the pickup continuation
check_abnorm_tr1_Pcp185;rfidBKTRLP;RFID tag read at empty truck weighing
weigh_loaded_tr38_Pcp250;WS17;Weight sensor for loaded truck weighing
determine_continu_tr1_Pcp185_Silo2;Temp2;Temperature sensor for determining the pickup continuation
determine_continu_tr1_Pcp185_Silo2;Humd2;Humidity sensor for determining the pickup continuation
determine_continu_tr1_Pcp185_Silo2;GrainTemp4;1st grain temperature sensor for determining the pickup continuation
determine_continu_tr1_Pcp185_Silo2;GrainTemp5;2nd grain temperature sensor for determining the pickup continuation
determine_continu_tr1_Pcp185_Silo2;GrainTemp6;3rd grain temperature sensor for determining the pickup continuation
weigh_loaded_tr18_Pcp182;WS13;Weight sensor for loaded truck weighing
weigh_loaded_tr1_Pcp185;WS14;Weight sensor for loaded truck weighing
enter_tr44_Pcp329;rfidJRRVME;RFID tag read at entrance
weigh_empty_tr44_Pcp329;WS03;Weight sensor for empty truck weighing
check_abnorm_tr44_Pcp329;rfidJRRVME;RFID tag read at empty truck weighing
determine_continu_tr44_Pcp329_Silo6;Temp6;Temperature sensor for determining the pickup continuation
determine_continu_tr44_Pcp329_Silo6;Humd6;Humidity sensor for determining the pickup continuation
determine_continu_tr44_Pcp329_Silo6;GrainTemp16;1st grain temperature sensor for determining the pickup continuation
determine_continu_tr44_Pcp329_Silo6;GrainTemp17;2nd grain temperature sensor for determining the pickup continuation
determine_continu_tr44_Pcp329_Silo6;GrainTemp18;3rd grain temperature sensor for determining the pickup continuation
weigh_loaded_tr44_Pcp329;WS08;Weight sensor for loaded truck weighing
enter_tr40_Pcp195;rfidZEKWJR;RFID tag read at entrance
weigh_empty_tr40_Pcp195;WS08;Weight sensor for empty truck weighing
check_abnorm_tr40_Pcp195;rfidZEKWJR;RFID tag read at empty truck weighing
determine_continu_tr40_Pcp195_Silo17;Temp17;Temperature sensor for determining the pickup continuation
determine_continu_tr40_Pcp195_Silo17;Humd17;Humidity sensor for determining the pickup continuation
determine_continu_tr40_Pcp195_Silo17;GrainTemp49;1st grain temperature sensor for determining the pickup continuation
determine_continu_tr40_Pcp195_Silo17;GrainTemp50;2nd grain temperature sensor for determining the pickup continuation
determine_continu_tr40_Pcp195_Silo17;GrainTemp51;3rd grain temperature sensor for determining the pickup continuation
weigh_loaded_tr40_Pcp195;WS12;Weight sensor for loaded truck weighing
enter_tr47_Pcp319;rfidJGLUGP;RFID tag read at entrance
weigh_empty_tr47_Pcp319;WS19;Weight sensor for empty truck weighing
check_abnorm_tr47_Pcp319;rfidJGLUGP;RFID tag read at empty truck weighing
determine_continu_tr47_Pcp319_Silo6;Temp6;Temperature sensor for determining the pickup continuation
determine_continu_tr47_Pcp319_Silo6;Humd6;Humidity sensor for determining the pickup continuation
determine_continu_tr47_Pcp319_Silo6;GrainTemp16;1st grain temperature sensor for determining the pickup continuation
determine_continu_tr47_Pcp319_Silo6;GrainTemp17;2nd grain temperature sensor for determining the pickup continuation
determine_continu_tr47_Pcp319_Silo6;GrainTemp18;3rd grain temperature sensor for determining the pickup continuation
weigh_loaded_tr47_Pcp319;WS10;Weight sensor for loaded truck weighing
enter_tr2_Pcp349;rfidSQKJGH;RFID tag read at entrance
enter_tr27_Pcp424;rfidWOMLHU;RFID tag read at entrance
enter_tr35_Pcp139;rfidPODCVH;RFID tag read at entrance
weigh_empty_tr2_Pcp349;WS02;Weight sensor for empty truck weighing
check_abnorm_tr2_Pcp349;rfidSQKJGH;RFID tag read at empty truck weighing
weigh_empty_tr35_Pcp139;WS07;Weight sensor for empty truck weighing
determine_continu_tr2_Pcp349_Silo2;Temp2;Temperature sensor for determining the pickup continuation
determine_continu_tr2_Pcp349_Silo2;Humd2;Humidity sensor for determining the pickup continuation
determine_continu_tr2_Pcp349_Silo2;GrainTemp4;1st grain temperature sensor for determining the pickup continuation
determine_continu_tr2_Pcp349_Silo2;GrainTemp5;2nd grain temperature sensor for determining the pickup continuation
determine_continu_tr2_Pcp349_Silo2;GrainTemp6;3rd grain temperature sensor for determining the pickup continuation
check_abnorm_tr35_Pcp139;rfidPODCVH;RFID tag read at empty truck weighing
weigh_empty_tr27_Pcp424;WS15;Weight sensor for empty truck weighing
check_abnorm_tr27_Pcp424;rfidWOMLHU;RFID tag read at empty truck weighing
weigh_loaded_tr2_Pcp349;WS17;Weight sensor for loaded truck weighing
determine_continu_tr35_Pcp139_Silo2;Temp2;Temperature sensor for determining the pickup continuation
determine_continu_tr35_Pcp139_Silo2;Humd2;Humidity sensor for determining the pickup continuation
determine_continu_tr35_Pcp139_Silo2;GrainTemp4;1st grain temperature sensor for determining the pickup continuation
determine_continu_tr35_Pcp139_Silo2;GrainTemp5;2nd grain temperature sensor for determining the pickup continuation
determine_continu_tr35_Pcp139_Silo2;GrainTemp6;3rd grain temperature sensor for determining the pickup continuation
weigh_loaded_tr35_Pcp139;WS07;Weight sensor for loaded truck weighing
determine_continu_tr27_Pcp424_Silo2;Temp2;Temperature sensor for determining the pickup continuation
determine_continu_tr27_Pcp424_Silo2;Humd2;Humidity sensor for determining the pickup continuation
determine_continu_tr27_Pcp424_Silo2;GrainTemp4;1st grain temperature sensor for determining the pickup continuation
determine_continu_tr27_Pcp424_Silo2;GrainTemp5;2nd grain temperature sensor for determining the pickup continuation
determine_continu_tr27_Pcp424_Silo2;GrainTemp6;3rd grain temperature sensor for determining the pickup continuation
enter_tr19_Pcp442;rfidRCKRLL;RFID tag read at entrance
enter_tr36_Pcp488;rfidHYTHBN;RFID tag read at entrance
enter_tr8_Pcp59;rfidCEZEBQ;RFID tag read at entrance
weigh_empty_tr36_Pcp488;WS04;Weight sensor for empty truck weighing
enter_tr37_Pcp439;rfidUSNSHC;RFID tag read at entrance
check_abnorm_tr36_Pcp488;rfidHYTHBN;RFID tag read at empty truck weighing
weigh_empty_tr19_Pcp442;WS04;Weight sensor for empty truck weighing
determine_continu_tr36_Pcp488_Silo6;Temp6;Temperature sensor for determining the pickup continuation
determine_continu_tr36_Pcp488_Silo6;Humd6;Humidity sensor for determining the pickup continuation
determine_continu_tr36_Pcp488_Silo6;GrainTemp16;1st grain temperature sensor for determining the pickup continuation
determine_continu_tr36_Pcp488_Silo6;GrainTemp17;2nd grain temperature sensor for determining the pickup continuation
determine_continu_tr36_Pcp488_Silo6;GrainTemp18;3rd grain temperature sensor for determining the pickup continuation
check_abnorm_tr19_Pcp442;rfidRCKRLL;RFID tag read at empty truck weighing
weigh_empty_tr8_Pcp59;WS17;Weight sensor for empty truck weighing
check_abnorm_tr8_Pcp59;rfidCEZEBQ;RFID tag read at empty truck weighing
weigh_empty_tr37_Pcp439;WS12;Weight sensor for empty truck weighing
determine_continu_tr19_Pcp442_Silo6;Temp6;Temperature sensor for determining the pickup continuation
determine_continu_tr19_Pcp442_Silo6;Humd6;Humidity sensor for determining the pickup continuation
determine_continu_tr19_Pcp442_Silo6;GrainTemp16;1st grain temperature sensor for determining the pickup continuation
determine_continu_tr19_Pcp442_Silo6;GrainTemp17;2nd grain temperature sensor for determining the pickup continuation
determine_continu_tr19_Pcp442_Silo6;GrainTemp18;3rd grain temperature sensor for determining the pickup continuation
check_abnorm_tr37_Pcp439;rfidUSNSHC;RFID tag read at empty truck weighing
determine_continu_tr8_Pcp59_Silo16;Temp16;Temperature sensor for determining the pickup continuation
determine_continu_tr8_Pcp59_Silo16;Humd16;Humidity sensor for determining the pickup continuation
determine_continu_tr8_Pcp59_Silo16;GrainTemp46;1st grain temperature sensor for determining the pickup continuation
determine_continu_tr8_Pcp59_Silo16;GrainTemp47;2nd grain temperature sensor for determining the pickup continuation
determine_continu_tr8_Pcp59_Silo16;GrainTemp48;3rd grain temperature sensor for determining the pickup continuation
weigh_loaded_tr27_Pcp424;WS18;Weight sensor for loaded truck weighing
determine_continu_tr37_Pcp439_Silo16;Temp16;Temperature sensor for determining the pickup continuation
determine_continu_tr37_Pcp439_Silo16;Humd16;Humidity sensor for determining the pickup continuation
determine_continu_tr37_Pcp439_Silo16;GrainTemp46;1st grain temperature sensor for determining the pickup continuation
determine_continu_tr37_Pcp439_Silo16;GrainTemp47;2nd grain temperature sensor for determining the pickup continuation
determine_continu_tr37_Pcp439_Silo16;GrainTemp48;3rd grain temperature sensor for determining the pickup continuation
weigh_loaded_tr36_Pcp488;WS03;Weight sensor for loaded truck weighing
weigh_loaded_tr19_Pcp442;WS06;Weight sensor for loaded truck weighing
weigh_loaded_tr8_Pcp59;WS20;Weight sensor for loaded truck weighing
weigh_loaded_tr37_Pcp439;WS13;Weight sensor for loaded truck weighing
enter_tr41_Pcp218;rfidXWLCID;RFID tag read at entrance
weigh_empty_tr41_Pcp218;WS02;Weight sensor for empty truck weighing
check_abnorm_tr41_Pcp218;rfidXWLCID;RFID tag read at empty truck weighing
determine_continu_tr41_Pcp218_Silo2;Temp2;Temperature sensor for determining the pickup continuation
determine_continu_tr41_Pcp218_Silo2;Humd2;Humidity sensor for determining the pickup continuation
determine_continu_tr41_Pcp218_Silo2;GrainTemp4;1st grain temperature sensor for determining the pickup continuation
determine_continu_tr41_Pcp218_Silo2;GrainTemp5;2nd grain temperature sensor for determining the pickup continuation
determine_continu_tr41_Pcp218_Silo2;GrainTemp6;3rd grain temperature sensor for determining the pickup continuation
weigh_loaded_tr41_Pcp218;WS01;Weight sensor for loaded truck weighing
enter_tr5_Pcp10;rfidSVWFVZ;RFID tag read at entrance
weigh_empty_tr5_Pcp10;WS15;Weight sensor for empty truck weighing
check_abnorm_tr5_Pcp10;rfidSVWFVZ;RFID tag read at empty truck weighing
determine_continu_tr5_Pcp10_Silo19;Temp19;Temperature sensor for determining the pickup continuation
determine_continu_tr5_Pcp10_Silo19;Humd19;Humidity sensor for determining the pickup continuation
determine_continu_tr5_Pcp10_Silo19;GrainTemp55;1st grain temperature sensor for determining the pickup continuation
determine_continu_tr5_Pcp10_Silo19;GrainTemp56;2nd grain temperature sensor for determining the pickup continuation
determine_continu_tr5_Pcp10_Silo19;GrainTemp57;3rd grain temperature sensor for determining the pickup continuation
weigh_loaded_tr5_Pcp10;WS09;Weight sensor for loaded truck weighing
enter_tr9_Pcp267;rfidKEBJGC;RFID tag read at entrance
weigh_empty_tr9_Pcp267;WS09;Weight sensor for empty truck weighing
check_abnorm_tr9_Pcp267;rfidKEBJGC;RFID tag read at empty truck weighing
determine_continu_tr9_Pcp267_Silo19;Temp19;Temperature sensor for determining the pickup continuation
determine_continu_tr9_Pcp267_Silo19;Humd19;Humidity sensor for determining the pickup continuation
determine_continu_tr9_Pcp267_Silo19;GrainTemp55;1st grain temperature sensor for determining the pickup continuation
determine_continu_tr9_Pcp267_Silo19;GrainTemp56;2nd grain temperature sensor for determining the pickup continuation
determine_continu_tr9_Pcp267_Silo19;GrainTemp57;3rd grain temperature sensor for determining the pickup continuation
weigh_loaded_tr9_Pcp267;WS12;Weight sensor for loaded truck weighing
enter_tr8_Pcp417;rfidCEZEBQ;RFID tag read at entrance
weigh_empty_tr8_Pcp417;WS01;Weight sensor for empty truck weighing
check_abnorm_tr8_Pcp417;rfidCEZEBQ;RFID tag read at empty truck weighing
determine_continu_tr8_Pcp417_Silo19;Temp19;Temperature sensor for determining the pickup continuation
determine_continu_tr8_Pcp417_Silo19;Humd19;Humidity sensor for determining the pickup continuation
determine_continu_tr8_Pcp417_Silo19;GrainTemp55;1st grain temperature sensor for determining the pickup continuation
determine_continu_tr8_Pcp417_Silo19;GrainTemp56;2nd grain temperature sensor for determining the pickup continuation
determine_continu_tr8_Pcp417_Silo19;GrainTemp57;3rd grain temperature sensor for determining the pickup continuation
enter_tr8_Pcp235;rfidCEZEBQ;RFID tag read at entrance
weigh_empty_tr8_Pcp235;WS10;Weight sensor for empty truck weighing
check_abnorm_tr8_Pcp235;rfidCEZEBQ;RFID tag read at empty truck weighing
determine_continu_tr8_Pcp235_Silo19;Temp19;Temperature sensor for determining the pickup continuation
determine_continu_tr8_Pcp235_Silo19;Humd19;Humidity sensor for determining the pickup continuation
determine_continu_tr8_Pcp235_Silo19;GrainTemp55;1st grain temperature sensor for determining the pickup continuation
determine_continu_tr8_Pcp235_Silo19;GrainTemp56;2nd grain temperature sensor for determining the pickup continuation
determine_continu_tr8_Pcp235_Silo19;GrainTemp57;3rd grain temperature sensor for determining the pickup continuation
weigh_loaded_tr8_Pcp235;WS08;Weight sensor for loaded truck weighing
