ocel_source_id;ocel_target_id;ocel_qualifier;ocel_time
Pcp497;Cr14;Lodged pickup plan for cargo;2024-04-29 07:25:58
Pcp465;Cr18;Lodged pickup plan for cargo;2024-04-29 07:28:42
Pcp156;Cr3;Lodged pickup plan for cargo;2024-04-29 07:40:59
Pcp12;Cr4;Lodged pickup plan for cargo;2024-04-29 07:52:01
Pcp385;Cr7;Lodged pickup plan for cargo;2024-04-29 08:07:09
Pcp395;Cr20;Lodged pickup plan for cargo;2024-04-29 10:38:08
Pcp46;Cr15;Lodged pickup plan for cargo;2024-04-29 10:47:30
Pcp110;Cr5;Lodged pickup plan for cargo;2024-04-29 11:48:38
Pcp407;Cr19;Lodged pickup plan for cargo;2024-04-29 12:17:02
Pcp9;Cr13;Lodged pickup plan for cargo;2024-04-29 13:29:01
Pcp95;Cr17;Lodged pickup plan for cargo;2024-04-29 14:06:17
Pcp107;Cr12;Lodged pickup plan for cargo;2024-04-29 15:43:18
Pcp89;Cr16;Lodged pickup plan for cargo;2024-04-29 16:12:43
Pcp41;Cr18;Lodged pickup plan for cargo;2024-04-29 16:21:08
Pcp294;Cr2;Lodged pickup plan for cargo;2024-04-29 16:27:40
Pcp483;Cr1;Lodged pickup plan for cargo;2024-04-29 18:29:34
Pcp69;Cr7;Lodged pickup plan for cargo;2024-04-29 18:51:26
Pcp324;Cr8;Lodged pickup plan for cargo;2024-04-29 19:40:03
Pcp119;Cr5;Lodged pickup plan for cargo;2024-04-29 19:57:07
Pcp320;Cr6;Lodged pickup plan for cargo;2024-04-29 21:10:53
Pcp291;Cr19;Lodged pickup plan for cargo;2024-04-29 21:52:45
Pcp490;Cr20;Lodged pickup plan for cargo;2024-04-29 22:21:28
Pcp100;Cr17;Lodged pickup plan for cargo;2024-04-29 22:28:49
Pcp116;Cr13;Lodged pickup plan for cargo;2024-04-29 23:22:43
Pcp134;Cr4;Lodged pickup plan for cargo;2024-04-30 01:08:56
Pcp391;Cr18;Lodged pickup plan for cargo;2024-04-30 01:39:10
Pcp360;Cr3;Lodged pickup plan for cargo;2024-04-30 02:49:45
Pcp245;Cr7;Lodged pickup plan for cargo;2024-04-30 02:51:03
Pcp106;Cr9;Lodged pickup plan for cargo;2024-04-30 03:13:00
Pcp219;Cr11;Lodged pickup plan for cargo;2024-04-30 04:16:43
Pcp268;Cr10;Lodged pickup plan for cargo;2024-04-30 04:49:09
Pcp130;Cr1;Lodged pickup plan for cargo;2024-04-30 07:09:09
Pcp159;Cr13;Lodged pickup plan for cargo;2024-04-30 07:39:04
Pcp145;Cr16;Lodged pickup plan for cargo;2024-04-30 08:05:22
Pcp454;Cr3;Lodged pickup plan for cargo;2024-04-30 10:30:54
Pcp434;Cr8;Lodged pickup plan for cargo;2024-04-30 12:13:27
Pcp208;Cr14;Lodged pickup plan for cargo;2024-04-30 12:31:53
Pcp105;Cr5;Lodged pickup plan for cargo;2024-04-30 13:36:51
Pcp290;Cr15;Lodged pickup plan for cargo;2024-04-30 14:04:16
Pcp296;Cr12;Lodged pickup plan for cargo;2024-04-30 14:27:09
Pcp161;Cr6;Lodged pickup plan for cargo;2024-04-30 14:33:11
Pcp240;Cr2;Lodged pickup plan for cargo;2024-04-30 14:41:52
Pcp415;Cr7;Lodged pickup plan for cargo;2024-04-30 14:57:38
Pcp270;Cr17;Lodged pickup plan for cargo;2024-04-30 15:18:06
Pcp170;Cr18;Lodged pickup plan for cargo;2024-04-30 15:19:37
Pcp226;Cr10;Lodged pickup plan for cargo;2024-04-30 15:27:32
Pcp103;Cr20;Lodged pickup plan for cargo;2024-04-30 17:33:53
Pcp4;Cr19;Lodged pickup plan for cargo;2024-04-30 17:36:07
Pcp73;Cr9;Lodged pickup plan for cargo;2024-04-30 17:50:30
Pcp14;Cr11;Lodged pickup plan for cargo;2024-04-30 19:51:54
Pcp396;Cr4;Lodged pickup plan for cargo;2024-04-30 20:18:18
Pcp451;Cr14;Lodged pickup plan for cargo;2024-04-30 21:06:46
Pcp126;Cr13;Lodged pickup plan for cargo;2024-04-30 23:03:30
Pcp365;Cr3;Lodged pickup plan for cargo;2024-04-30 23:08:45
Pcp151;Cr18;Lodged pickup plan for cargo;2024-04-30 23:50:58
Pcp35;Cr1;Lodged pickup plan for cargo;2024-04-30 23:53:42
Pcp85;Cr8;Lodged pickup plan for cargo;2024-05-01 00:16:48
Pcp258;Cr5;Lodged pickup plan for cargo;2024-05-01 02:02:00
Pcp7;Cr16;Lodged pickup plan for cargo;2024-05-01 02:39:58
Pcp76;Cr19;Lodged pickup plan for cargo;2024-05-01 02:55:02
Pcp284;Cr11;Lodged pickup plan for cargo;2024-05-01 06:08:30
Pcp48;Cr2;Lodged pickup plan for cargo;2024-05-01 06:08:48
Pcp433;Cr12;Lodged pickup plan for cargo;2024-05-01 06:13:10
Pcp155;Cr20;Lodged pickup plan for cargo;2024-05-01 08:41:26
Pcp403;Cr3;Lodged pickup plan for cargo;2024-05-01 09:05:45
Pcp88;Cr14;Lodged pickup plan for cargo;2024-05-01 09:46:16
Pcp436;Cr1;Lodged pickup plan for cargo;2024-05-01 09:54:33
Pcp158;Cr10;Lodged pickup plan for cargo;2024-05-01 10:44:55
Pcp93;Cr9;Lodged pickup plan for cargo;2024-05-01 10:51:04
Pcp468;Cr7;Lodged pickup plan for cargo;2024-05-01 11:45:53
Pcp249;Cr18;Lodged pickup plan for cargo;2024-05-01 12:59:37
Pcp56;Cr15;Lodged pickup plan for cargo;2024-05-01 13:47:54
Pcp306;Cr17;Lodged pickup plan for cargo;2024-05-01 14:26:37
Pcp70;Cr8;Lodged pickup plan for cargo;2024-05-01 16:07:22
Pcp217;Cr19;Lodged pickup plan for cargo;2024-05-01 16:19:48
Pcp185;Cr4;Lodged pickup plan for cargo;2024-05-01 16:23:43
Pcp466;Cr16;Lodged pickup plan for cargo;2024-05-01 17:06:13
Pcp369;Cr6;Lodged pickup plan for cargo;2024-05-01 17:39:57
Pcp379;Cr14;Lodged pickup plan for cargo;2024-05-01 18:15:03
Pcp1;Cr13;Lodged pickup plan for cargo;2024-05-01 20:01:22
Pcp253;Cr12;Lodged pickup plan for cargo;2024-05-01 20:05:29
Pcp82;Cr5;Lodged pickup plan for cargo;2024-05-01 20:57:20
Pcp342;Cr3;Lodged pickup plan for cargo;2024-05-01 22:13:20
Pcp338;Cr7;Lodged pickup plan for cargo;2024-05-01 22:23:24
Pcp209;Cr18;Lodged pickup plan for cargo;2024-05-01 22:30:17
Pcp498;Cr9;Lodged pickup plan for cargo;2024-05-01 23:48:50
Pcp168;Cr2;Lodged pickup plan for cargo;2024-05-02 00:58:34
Pcp459;Cr11;Lodged pickup plan for cargo;2024-05-02 02:04:21
Pcp211;Cr19;Lodged pickup plan for cargo;2024-05-02 02:53:54
Pcp343;Cr10;Lodged pickup plan for cargo;2024-05-02 03:19:01
Pcp404;Cr5;Lodged pickup plan for cargo;2024-05-02 04:12:56
Pcp419;Cr15;Lodged pickup plan for cargo;2024-05-02 04:47:09
Pcp346;Cr8;Lodged pickup plan for cargo;2024-05-02 04:49:11
Pcp36;Cr16;Lodged pickup plan for cargo;2024-05-02 05:53:25
Pcp330;Cr20;Lodged pickup plan for cargo;2024-05-02 05:53:37
Pcp220;Cr1;Lodged pickup plan for cargo;2024-05-02 06:24:28
Pcp464;Cr17;Lodged pickup plan for cargo;2024-05-02 06:26:21
Pcp34;Cr12;Lodged pickup plan for cargo;2024-05-02 06:44:51
Pcp146;Cr7;Lodged pickup plan for cargo;2024-05-02 06:46:22
Pcp339;Cr4;Lodged pickup plan for cargo;2024-05-02 08:57:38
Pcp487;Cr9;Lodged pickup plan for cargo;2024-05-02 09:10:47
Pcp374;Cr6;Lodged pickup plan for cargo;2024-05-02 09:28:11
Pcp438;Cr11;Lodged pickup plan for cargo;2024-05-02 10:24:36
Pcp99;Cr2;Lodged pickup plan for cargo;2024-05-02 10:49:15
Pcp367;Cr14;Lodged pickup plan for cargo;2024-05-02 12:53:07
Pcp228;Cr7;Lodged pickup plan for cargo;2024-05-02 14:08:42
Pcp205;Cr3;Lodged pickup plan for cargo;2024-05-02 14:22:04
Pcp166;Cr13;Lodged pickup plan for cargo;2024-05-02 16:04:10
Pcp311;Cr12;Lodged pickup plan for cargo;2024-05-02 16:32:00
Pcp174;Cr18;Lodged pickup plan for cargo;2024-05-02 16:58:06
Pcp77;Cr6;Lodged pickup plan for cargo;2024-05-02 17:32:45
Pcp431;Cr11;Lodged pickup plan for cargo;2024-05-02 18:25:44
Pcp495;Cr1;Lodged pickup plan for cargo;2024-05-02 19:11:34
Pcp450;Cr2;Lodged pickup plan for cargo;2024-05-02 19:54:50
Pcp38;Cr9;Lodged pickup plan for cargo;2024-05-02 19:57:19
Pcp198;Cr16;Lodged pickup plan for cargo;2024-05-02 20:33:09
Pcp469;Cr8;Lodged pickup plan for cargo;2024-05-02 21:24:39
Pcp190;Cr7;Lodged pickup plan for cargo;2024-05-02 22:11:30
Pcp440;Cr5;Lodged pickup plan for cargo;2024-05-02 22:35:50
Pcp214;Cr10;Lodged pickup plan for cargo;2024-05-02 23:32:39
tr7;Pcp35;Assigned truck for pickup plan;2024-05-02 23:55:44
tr38;Pcp35;Assigned truck for pickup plan;2024-05-02 23:57:49
Silo3;tr38;Aranged silo for truck;2024-05-03 00:10:49
Silo3;tr7;Aranged silo for truck;2024-05-03 00:12:05
tr38;Silo3;Truck determined for continuing pickup at silo;2024-05-03 00:16:02
tr7;Silo3;Truck determined for continuing pickup at silo;2024-05-03 00:17:47
tr7;Pcp35;Dropped truck from pickup plan;2024-05-03 00:48:36
tr38;Pcp35;Dropped truck from pickup plan;2024-05-03 01:02:31
Pcp224;Cr14;Lodged pickup plan for cargo;2024-05-03 01:39:50
Pcp443;Cr20;Lodged pickup plan for cargo;2024-05-03 03:17:20
Pcp22;Cr13;Lodged pickup plan for cargo;2024-05-03 03:37:59
Pcp252;Cr15;Lodged pickup plan for cargo;2024-05-03 03:38:51
Pcp279;Cr19;Lodged pickup plan for cargo;2024-05-03 05:17:38
Pcp482;Cr2;Lodged pickup plan for cargo;2024-05-03 05:59:02
Pcp460;Cr4;Lodged pickup plan for cargo;2024-05-03 06:19:21
Pcp221;Cr3;Lodged pickup plan for cargo;2024-05-03 06:24:43
Pcp162;Cr11;Lodged pickup plan for cargo;2024-05-03 06:25:26
Pcp287;Cr5;Lodged pickup plan for cargo;2024-05-03 08:08:36
Pcp421;Cr8;Lodged pickup plan for cargo;2024-05-03 08:21:54
Pcp117;Cr12;Lodged pickup plan for cargo;2024-05-03 08:33:46
tr17;Pcp88;Assigned truck for pickup plan;2024-05-03 09:47:57
tr6;Pcp88;Assigned truck for pickup plan;2024-05-03 09:48:34
Pcp182;Cr17;Lodged pickup plan for cargo;2024-05-03 09:58:10
Silo4;tr17;Aranged silo for truck;2024-05-03 10:04:31
tr17;Silo4;Truck determined for continuing pickup at silo;2024-05-03 10:06:32
Pcp234;Cr7;Lodged pickup plan for cargo;2024-05-03 10:07:02
Silo4;tr6;Aranged silo for truck;2024-05-03 10:10:24
tr6;Silo4;Truck determined for continuing pickup at silo;2024-05-03 10:23:40
Pcp389;Cr6;Lodged pickup plan for cargo;2024-05-03 10:52:21
tr17;Pcp88;Dropped truck from pickup plan;2024-05-03 10:52:47
Pcp186;Cr10;Lodged pickup plan for cargo;2024-05-03 10:53:06
tr6;Pcp88;Dropped truck from pickup plan;2024-05-03 11:08:00
Pcp124;Cr9;Lodged pickup plan for cargo;2024-05-03 11:43:22
Pcp447;Cr18;Lodged pickup plan for cargo;2024-05-03 13:11:46
Pcp410;Cr4;Lodged pickup plan for cargo;2024-05-03 14:19:33
Pcp177;Cr20;Lodged pickup plan for cargo;2024-05-03 14:30:49
Pcp428;Cr1;Lodged pickup plan for cargo;2024-05-03 14:43:45
Pcp94;Cr14;Lodged pickup plan for cargo;2024-05-03 15:05:46
Pcp271;Cr8;Lodged pickup plan for cargo;2024-05-03 15:48:43
Pcp248;Cr2;Lodged pickup plan for cargo;2024-05-03 16:56:07
Pcp411;Cr15;Lodged pickup plan for cargo;2024-05-03 17:37:32
Pcp196;Cr19;Lodged pickup plan for cargo;2024-05-03 18:38:48
Pcp479;Cr13;Lodged pickup plan for cargo;2024-05-03 20:24:39
Pcp281;Cr16;Lodged pickup plan for cargo;2024-05-03 20:27:18
Pcp121;Cr11;Lodged pickup plan for cargo;2024-05-03 20:27:42
Pcp81;Cr5;Lodged pickup plan for cargo;2024-05-03 21:43:09
Pcp197;Cr12;Lodged pickup plan for cargo;2024-05-03 22:08:47
Pcp223;Cr14;Lodged pickup plan for cargo;2024-05-03 22:17:38
Pcp230;Cr1;Lodged pickup plan for cargo;2024-05-03 22:37:17
Pcp314;Cr9;Lodged pickup plan for cargo;2024-05-03 22:55:47
Pcp414;Cr17;Lodged pickup plan for cargo;2024-05-04 01:02:33
Pcp397;Cr19;Lodged pickup plan for cargo;2024-05-04 01:41:09
Pcp72;Cr3;Lodged pickup plan for cargo;2024-05-04 02:58:12
Pcp427;Cr2;Lodged pickup plan for cargo;2024-05-04 03:41:01
Pcp327;Cr10;Lodged pickup plan for cargo;2024-05-04 03:41:29
Pcp169;Cr7;Lodged pickup plan for cargo;2024-05-04 04:38:05
Pcp128;Cr5;Lodged pickup plan for cargo;2024-05-04 05:05:07
Pcp20;Cr20;Lodged pickup plan for cargo;2024-05-04 05:13:01
Pcp430;Cr12;Lodged pickup plan for cargo;2024-05-04 05:18:03
tr13;Pcp89;Assigned truck for pickup plan;2024-05-04 05:54:53
tr3;Pcp89;Assigned truck for pickup plan;2024-05-04 05:57:19
Silo18;tr13;Aranged silo for truck;2024-05-04 06:04:51
tr13;Silo18;Truck determined for continuing pickup at silo;2024-05-04 06:08:14
Silo18;tr3;Aranged silo for truck;2024-05-04 06:09:12
tr3;Silo18;Truck determined for continuing pickup at silo;2024-05-04 06:15:38
Pcp452;Cr8;Lodged pickup plan for cargo;2024-05-04 06:19:42
tr13;Pcp89;Dropped truck from pickup plan;2024-05-04 06:33:22
Pcp341;Cr4;Lodged pickup plan for cargo;2024-05-04 06:34:42
tr34;Pcp338;Assigned truck for pickup plan;2024-05-04 06:48:42
tr50;Pcp338;Assigned truck for pickup plan;2024-05-04 06:51:01
Silo11;tr34;Aranged silo for truck;2024-05-04 07:03:32
tr34;Silo11;Truck determined for continuing pickup at silo;2024-05-04 07:11:18
Silo11;tr50;Aranged silo for truck;2024-05-04 07:26:47
tr50;Silo11;Truck determined for continuing pickup at silo;2024-05-04 07:29:46
tr3;Pcp89;Dropped truck from pickup plan;2024-05-04 07:51:12
tr34;Pcp338;Dropped truck from pickup plan;2024-05-04 08:08:42
Pcp354;Cr9;Lodged pickup plan for cargo;2024-05-04 08:08:57
Pcp467;Cr6;Lodged pickup plan for cargo;2024-05-04 08:27:31
tr50;Pcp338;Dropped truck from pickup plan;2024-05-04 09:11:20
Pcp23;Cr13;Lodged pickup plan for cargo;2024-05-04 09:46:04
Pcp179;Cr15;Lodged pickup plan for cargo;2024-05-04 10:12:39
Pcp432;Cr11;Lodged pickup plan for cargo;2024-05-04 11:57:58
Pcp213;Cr2;Lodged pickup plan for cargo;2024-05-04 12:39:02
Pcp64;Cr18;Lodged pickup plan for cargo;2024-05-04 13:14:42
Pcp423;Cr4;Lodged pickup plan for cargo;2024-05-04 13:43:47
Pcp293;Cr8;Lodged pickup plan for cargo;2024-05-04 14:06:28
Pcp171;Cr17;Lodged pickup plan for cargo;2024-05-04 19:40:44
Pcp207;Cr20;Lodged pickup plan for cargo;2024-05-04 21:07:47
Pcp470;Cr6;Lodged pickup plan for cargo;2024-05-04 21:13:54
Pcp74;Cr16;Lodged pickup plan for cargo;2024-05-05 00:15:32
Pcp113;Cr3;Lodged pickup plan for cargo;2024-05-05 00:44:39
Pcp476;Cr15;Lodged pickup plan for cargo;2024-05-05 01:07:44
Pcp285;Cr19;Lodged pickup plan for cargo;2024-05-05 01:37:51
Pcp275;Cr4;Lodged pickup plan for cargo;2024-05-05 01:51:26
Pcp336;Cr14;Lodged pickup plan for cargo;2024-05-05 02:40:57
Pcp104;Cr13;Lodged pickup plan for cargo;2024-05-05 02:51:20
Pcp334;Cr1;Lodged pickup plan for cargo;2024-05-05 03:07:11
Pcp153;Cr9;Lodged pickup plan for cargo;2024-05-05 03:09:43
Pcp363;Cr2;Lodged pickup plan for cargo;2024-05-05 03:58:17
Pcp204;Cr18;Lodged pickup plan for cargo;2024-05-05 05:07:15
Pcp383;Cr12;Lodged pickup plan for cargo;2024-05-05 05:15:04
Pcp398;Cr20;Lodged pickup plan for cargo;2024-05-05 06:44:48
Pcp194;Cr8;Lodged pickup plan for cargo;2024-05-05 07:46:14
Pcp202;Cr10;Lodged pickup plan for cargo;2024-05-05 08:10:02
Pcp370;Cr17;Lodged pickup plan for cargo;2024-05-05 10:43:02
Pcp49;Cr15;Lodged pickup plan for cargo;2024-05-05 12:39:20
Pcp435;Cr16;Lodged pickup plan for cargo;2024-05-05 12:57:48
Pcp163;Cr13;Lodged pickup plan for cargo;2024-05-05 13:50:31
Pcp303;Cr6;Lodged pickup plan for cargo;2024-05-05 19:33:47
Pcp263;Cr17;Lodged pickup plan for cargo;2024-05-05 20:48:40
Pcp388;Cr1;Lodged pickup plan for cargo;2024-05-05 20:49:37
Pcp362;Cr20;Lodged pickup plan for cargo;2024-05-05 21:31:54
Pcp456;Cr19;Lodged pickup plan for cargo;2024-05-05 21:43:16
Pcp309;Cr3;Lodged pickup plan for cargo;2024-05-05 22:41:58
Pcp193;Cr18;Lodged pickup plan for cargo;2024-05-06 00:54:57
Pcp478;Cr15;Lodged pickup plan for cargo;2024-05-06 03:29:54
tr29;Pcp69;Assigned truck for pickup plan;2024-05-06 04:39:48
tr38;Pcp69;Assigned truck for pickup plan;2024-05-06 04:40:15
tr26;Pcp415;Assigned truck for pickup plan;2024-05-06 04:44:36
tr9;Pcp415;Assigned truck for pickup plan;2024-05-06 04:44:53
tr11;Pcp228;Assigned truck for pickup plan;2024-05-06 04:46:27
tr21;Pcp228;Assigned truck for pickup plan;2024-05-06 04:47:31
tr39;Pcp169;Assigned truck for pickup plan;2024-05-06 04:49:18
tr44;Pcp169;Assigned truck for pickup plan;2024-05-06 04:49:27
tr10;Pcp385;Assigned truck for pickup plan;2024-05-06 04:49:55
tr35;Pcp385;Assigned truck for pickup plan;2024-05-06 04:51:11
tr23;Pcp468;Assigned truck for pickup plan;2024-05-06 04:54:24
tr27;Pcp190;Assigned truck for pickup plan;2024-05-06 04:55:02
tr46;Pcp190;Assigned truck for pickup plan;2024-05-06 04:55:39
tr43;Pcp468;Assigned truck for pickup plan;2024-05-06 04:56:02
Silo11;tr9;Aranged silo for truck;2024-05-06 04:59:03
tr45;Pcp146;Assigned truck for pickup plan;2024-05-06 05:00:08
tr33;Pcp146;Assigned truck for pickup plan;2024-05-06 05:00:13
Silo11;tr39;Aranged silo for truck;2024-05-06 05:00:35
Silo11;tr11;Aranged silo for truck;2024-05-06 05:01:34
Silo11;tr21;Aranged silo for truck;2024-05-06 05:01:53
tr11;Silo11;Truck determined for continuing pickup at silo;2024-05-06 05:04:10
tr15;Pcp234;Assigned truck for pickup plan;2024-05-06 05:05:13
tr8;Pcp234;Assigned truck for pickup plan;2024-05-06 05:05:29
tr5;Pcp245;Assigned truck for pickup plan;2024-05-06 05:05:56
Silo11;tr44;Aranged silo for truck;2024-05-06 05:06:09
tr40;Pcp245;Assigned truck for pickup plan;2024-05-06 05:06:37
tr6;Pcp119;Assigned truck for pickup plan;2024-05-06 05:06:41
tr21;Silo11;Truck determined for continuing pickup at silo;2024-05-06 05:08:30
tr18;Pcp110;Assigned truck for pickup plan;2024-05-06 05:08:34
tr19;Pcp119;Assigned truck for pickup plan;2024-05-06 05:09:19
tr25;Pcp110;Assigned truck for pickup plan;2024-05-06 05:09:19
tr39;Silo11;Truck determined for continuing pickup at silo;2024-05-06 05:09:33
Silo11;tr26;Aranged silo for truck;2024-05-06 05:10:24
tr37;Pcp81;Assigned truck for pickup plan;2024-05-06 05:10:36
tr17;Pcp81;Assigned truck for pickup plan;2024-05-06 05:12:01
tr32;Pcp287;Assigned truck for pickup plan;2024-05-06 05:12:32
tr30;Pcp128;Assigned truck for pickup plan;2024-05-06 05:12:35
tr9;Silo11;Truck determined for continuing pickup at silo;2024-05-06 05:13:05
tr4;Pcp287;Assigned truck for pickup plan;2024-05-06 05:13:31
Silo11;tr33;Aranged silo for truck;2024-05-06 05:15:45
Silo11;tr45;Aranged silo for truck;2024-05-06 05:16:09
tr49;Pcp258;Assigned truck for pickup plan;2024-05-06 05:17:27
tr44;Silo11;Truck determined for continuing pickup at silo;2024-05-06 05:17:32
Silo11;tr38;Aranged silo for truck;2024-05-06 05:17:42
tr33;Silo11;Truck determined for continuing pickup at silo;2024-05-06 05:18:29
tr7;Pcp258;Assigned truck for pickup plan;2024-05-06 05:18:42
tr31;Pcp105;Assigned truck for pickup plan;2024-05-06 05:18:56
Silo11;tr8;Aranged silo for truck;2024-05-06 05:19:16
tr14;Pcp404;Assigned truck for pickup plan;2024-05-06 05:19:57
tr28;Pcp105;Assigned truck for pickup plan;2024-05-06 05:20:00
tr45;Silo11;Truck determined for continuing pickup at silo;2024-05-06 05:20:40
Silo7;tr6;Aranged silo for truck;2024-05-06 05:21:00
Silo11;tr5;Aranged silo for truck;2024-05-06 05:21:01
tr26;Silo11;Truck determined for continuing pickup at silo;2024-05-06 05:21:17
Silo11;tr29;Aranged silo for truck;2024-05-06 05:21:46
tr1;Pcp404;Assigned truck for pickup plan;2024-05-06 05:21:55
tr38;Silo11;Truck determined for continuing pickup at silo;2024-05-06 05:23:04
tr16;Pcp440;Assigned truck for pickup plan;2024-05-06 05:23:11
tr42;Pcp440;Assigned truck for pickup plan;2024-05-06 05:23:11
Silo11;tr27;Aranged silo for truck;2024-05-06 05:23:32
Silo11;tr23;Aranged silo for truck;2024-05-06 05:23:57
Silo11;tr46;Aranged silo for truck;2024-05-06 05:24:03
tr20;Pcp82;Assigned truck for pickup plan;2024-05-06 05:24:23
tr24;Pcp82;Assigned truck for pickup plan;2024-05-06 05:24:44
tr11;Pcp228;Dropped truck from pickup plan;2024-05-06 05:25:18
Silo11;tr40;Aranged silo for truck;2024-05-06 05:25:42
tr5;Silo11;Truck determined for continuing pickup at silo;2024-05-06 05:26:46
Silo7;tr4;Aranged silo for truck;2024-05-06 05:27:33
Silo7;tr31;Aranged silo for truck;2024-05-06 05:28:22
tr8;Silo11;Truck determined for continuing pickup at silo;2024-05-06 05:28:54
Silo11;tr15;Aranged silo for truck;2024-05-06 05:29:43
Silo7;tr30;Aranged silo for truck;2024-05-06 05:29:53
Silo7;tr25;Aranged silo for truck;2024-05-06 05:29:55
tr4;Silo7;Truck determined for continuing pickup at silo;2024-05-06 05:31:03
Pcp408;Cr10;Lodged pickup plan for cargo;2024-05-06 05:31:42
tr6;Silo7;Truck determined for continuing pickup at silo;2024-05-06 05:31:46
tr46;Silo11;Truck determined for continuing pickup at silo;2024-05-06 05:31:47
tr44;Pcp169;Dropped truck from pickup plan;2024-05-06 05:31:52
Silo7;tr37;Aranged silo for truck;2024-05-06 05:31:54
Silo7;tr18;Aranged silo for truck;2024-05-06 05:32:09
tr21;Pcp228;Dropped truck from pickup plan;2024-05-06 05:32:35
tr31;Silo7;Truck determined for continuing pickup at silo;2024-05-06 05:32:57
tr29;Silo11;Truck determined for continuing pickup at silo;2024-05-06 05:33:12
Silo7;tr16;Aranged silo for truck;2024-05-06 05:33:42
Silo7;tr32;Aranged silo for truck;2024-05-06 05:33:55
tr30;Silo7;Truck determined for continuing pickup at silo;2024-05-06 05:33:58
tr23;Silo11;Truck determined for continuing pickup at silo;2024-05-06 05:34:26
Silo7;tr7;Aranged silo for truck;2024-05-06 05:35:47
Silo7;tr49;Aranged silo for truck;2024-05-06 05:37:05
Silo7;tr19;Aranged silo for truck;2024-05-06 05:37:47
tr7;Silo7;Truck determined for continuing pickup at silo;2024-05-06 05:37:56
Silo7;tr1;Aranged silo for truck;2024-05-06 05:39:20
tr32;Silo7;Truck determined for continuing pickup at silo;2024-05-06 05:40:52
tr15;Silo11;Truck determined for continuing pickup at silo;2024-05-06 05:41:41
Silo7;tr42;Aranged silo for truck;2024-05-06 05:43:27
Silo7;tr14;Aranged silo for truck;2024-05-06 05:43:28
tr27;Silo11;Truck determined for continuing pickup at silo;2024-05-06 05:43:31
Silo7;tr24;Aranged silo for truck;2024-05-06 05:44:35
tr25;Silo7;Truck determined for continuing pickup at silo;2024-05-06 05:44:59
tr40;Silo11;Truck determined for continuing pickup at silo;2024-05-06 05:45:34
tr49;Silo7;Truck determined for continuing pickup at silo;2024-05-06 05:46:11
Silo7;tr17;Aranged silo for truck;2024-05-06 05:46:19
tr42;Silo7;Truck determined for continuing pickup at silo;2024-05-06 05:47:29
tr24;Silo7;Truck determined for continuing pickup at silo;2024-05-06 05:48:02
tr18;Silo7;Truck determined for continuing pickup at silo;2024-05-06 05:48:46
Pcp45;Cr17;Lodged pickup plan for cargo;2024-05-06 05:49:17
tr4;Pcp287;Dropped truck from pickup plan;2024-05-06 05:49:46
tr33;Pcp146;Dropped truck from pickup plan;2024-05-06 05:51:24
tr16;Silo7;Truck determined for continuing pickup at silo;2024-05-06 05:51:34
tr19;Silo7;Truck determined for continuing pickup at silo;2024-05-06 05:51:44
tr37;Silo7;Truck determined for continuing pickup at silo;2024-05-06 05:51:45
tr1;Silo7;Truck determined for continuing pickup at silo;2024-05-06 05:52:46
tr5;Pcp245;Dropped truck from pickup plan;2024-05-06 05:53:50
tr14;Silo7;Truck determined for continuing pickup at silo;2024-05-06 05:54:26
Silo7;tr28;Aranged silo for truck;2024-05-06 05:56:10
Silo7;tr20;Aranged silo for truck;2024-05-06 05:57:26
tr40;Pcp245;Dropped truck from pickup plan;2024-05-06 05:59:12
tr32;Pcp287;Dropped truck from pickup plan;2024-05-06 06:00:37
tr28;Silo7;Truck determined for continuing pickup at silo;2024-05-06 06:01:42
tr17;Silo7;Truck determined for continuing pickup at silo;2024-05-06 06:02:26
tr30;Pcp128;Dropped truck from pickup plan;2024-05-06 06:05:36
tr6;Pcp119;Dropped truck from pickup plan;2024-05-06 06:06:03
tr26;Pcp415;Dropped truck from pickup plan;2024-05-06 06:08:15
tr19;Pcp119;Dropped truck from pickup plan;2024-05-06 06:08:52
Pcp141;Cr4;Lodged pickup plan for cargo;2024-05-06 06:10:19
tr23;Pcp468;Dropped truck from pickup plan;2024-05-06 06:10:23
tr37;Pcp81;Dropped truck from pickup plan;2024-05-06 06:12:35
tr15;Pcp234;Dropped truck from pickup plan;2024-05-06 06:12:52
tr38;Pcp69;Dropped truck from pickup plan;2024-05-06 06:14:39
tr39;Pcp169;Dropped truck from pickup plan;2024-05-06 06:15:55
tr20;Silo7;Truck determined for continuing pickup at silo;2024-05-06 06:16:51
tr28;Pcp105;Dropped truck from pickup plan;2024-05-06 06:17:42
tr49;Pcp258;Dropped truck from pickup plan;2024-05-06 06:18:20
tr8;Pcp234;Dropped truck from pickup plan;2024-05-06 06:30:07
tr16;Pcp440;Dropped truck from pickup plan;2024-05-06 06:30:09
tr29;Pcp69;Dropped truck from pickup plan;2024-05-06 06:33:34
tr7;Pcp258;Dropped truck from pickup plan;2024-05-06 06:35:26
tr25;Pcp110;Dropped truck from pickup plan;2024-05-06 06:37:45
tr9;Pcp415;Dropped truck from pickup plan;2024-05-06 06:39:18
tr24;Pcp82;Dropped truck from pickup plan;2024-05-06 06:43:36
tr20;Pcp82;Dropped truck from pickup plan;2024-05-06 06:44:16
tr46;Pcp190;Dropped truck from pickup plan;2024-05-06 06:45:33
tr17;Pcp81;Dropped truck from pickup plan;2024-05-06 06:54:09
tr27;Pcp190;Dropped truck from pickup plan;2024-05-06 06:55:17
tr31;Pcp105;Dropped truck from pickup plan;2024-05-06 06:59:44
tr45;Pcp146;Dropped truck from pickup plan;2024-05-06 07:02:52
tr18;Pcp110;Dropped truck from pickup plan;2024-05-06 07:08:23
tr14;Pcp404;Dropped truck from pickup plan;2024-05-06 07:10:52
tr42;Pcp440;Dropped truck from pickup plan;2024-05-06 07:12:57
tr1;Pcp404;Dropped truck from pickup plan;2024-05-06 07:43:41
Pcp102;Cr12;Lodged pickup plan for cargo;2024-05-06 07:58:26
Pcp473;Cr1;Lodged pickup plan for cargo;2024-05-06 08:17:59
Pcp382;Cr3;Lodged pickup plan for cargo;2024-05-06 09:35:48
Pcp380;Cr16;Lodged pickup plan for cargo;2024-05-06 09:41:47
Pcp86;Cr13;Lodged pickup plan for cargo;2024-05-06 11:20:08
tr13;Pcp438;Assigned truck for pickup plan;2024-05-06 12:00:48
tr47;Pcp438;Assigned truck for pickup plan;2024-05-06 12:00:52
tr48;Pcp121;Assigned truck for pickup plan;2024-05-06 12:02:36
tr12;Pcp432;Assigned truck for pickup plan;2024-05-06 12:02:39
tr34;Pcp121;Assigned truck for pickup plan;2024-05-06 12:02:40
tr22;Pcp14;Assigned truck for pickup plan;2024-05-06 12:04:55
tr2;Pcp14;Assigned truck for pickup plan;2024-05-06 12:05:21
tr36;Pcp432;Assigned truck for pickup plan;2024-05-06 12:06:03
tr50;Pcp459;Assigned truck for pickup plan;2024-05-06 12:07:17
tr41;Pcp459;Assigned truck for pickup plan;2024-05-06 12:07:18
tr3;Pcp219;Assigned truck for pickup plan;2024-05-06 12:08:10
Silo8;tr47;Aranged silo for truck;2024-05-06 12:11:46
tr47;Silo8;Truck determined for continuing pickup at silo;2024-05-06 12:13:59
Silo8;tr48;Aranged silo for truck;2024-05-06 12:14:09
tr48;Silo8;Truck determined for continuing pickup at silo;2024-05-06 12:16:35
Silo8;tr34;Aranged silo for truck;2024-05-06 12:17:45
Silo8;tr13;Aranged silo for truck;2024-05-06 12:21:23
Silo8;tr50;Aranged silo for truck;2024-05-06 12:24:30
tr34;Silo8;Truck determined for continuing pickup at silo;2024-05-06 12:27:11
Silo8;tr2;Aranged silo for truck;2024-05-06 12:27:33
tr50;Silo8;Truck determined for continuing pickup at silo;2024-05-06 12:28:45
Silo8;tr41;Aranged silo for truck;2024-05-06 12:30:21
Silo8;tr12;Aranged silo for truck;2024-05-06 12:31:31
tr2;Silo8;Truck determined for continuing pickup at silo;2024-05-06 12:31:56
Silo8;tr22;Aranged silo for truck;2024-05-06 12:33:01
Silo8;tr36;Aranged silo for truck;2024-05-06 12:33:23
tr41;Silo8;Truck determined for continuing pickup at silo;2024-05-06 12:34:24
Silo8;tr3;Aranged silo for truck;2024-05-06 12:34:56
tr13;Silo8;Truck determined for continuing pickup at silo;2024-05-06 12:36:19
tr36;Silo8;Truck determined for continuing pickup at silo;2024-05-06 12:36:48
tr3;Silo8;Truck determined for continuing pickup at silo;2024-05-06 12:39:13
tr12;Silo8;Truck determined for continuing pickup at silo;2024-05-06 12:43:50
tr22;Silo8;Truck determined for continuing pickup at silo;2024-05-06 12:46:40
tr13;Pcp438;Dropped truck from pickup plan;2024-05-06 12:51:11
tr41;Pcp459;Dropped truck from pickup plan;2024-05-06 13:03:02
tr12;Pcp432;Dropped truck from pickup plan;2024-05-06 13:06:06
tr34;Pcp121;Dropped truck from pickup plan;2024-05-06 13:08:17
tr48;Pcp121;Dropped truck from pickup plan;2024-05-06 13:09:43
tr50;Pcp459;Dropped truck from pickup plan;2024-05-06 13:14:12
tr2;Pcp14;Dropped truck from pickup plan;2024-05-06 13:26:04
tr3;Pcp219;Dropped truck from pickup plan;2024-05-06 13:40:16
tr36;Pcp432;Dropped truck from pickup plan;2024-05-06 13:55:11
tr22;Pcp14;Dropped truck from pickup plan;2024-05-06 14:16:07
tr47;Pcp438;Dropped truck from pickup plan;2024-05-06 14:40:31
Pcp236;Cr20;Lodged pickup plan for cargo;2024-05-06 15:26:46
Pcp237;Cr7;Lodged pickup plan for cargo;2024-05-06 15:52:07
Pcp484;Cr6;Lodged pickup plan for cargo;2024-05-06 16:32:19
Pcp344;Cr18;Lodged pickup plan for cargo;2024-05-06 16:42:59
Pcp175;Cr17;Lodged pickup plan for cargo;2024-05-06 18:11:17
Pcp260;Cr12;Lodged pickup plan for cargo;2024-05-06 20:05:45
Pcp485;Cr19;Lodged pickup plan for cargo;2024-05-06 20:46:08
Pcp142;Cr4;Lodged pickup plan for cargo;2024-05-06 23:09:07
Pcp63;Cr16;Lodged pickup plan for cargo;2024-05-07 00:20:41
Pcp172;Cr15;Lodged pickup plan for cargo;2024-05-07 00:23:49
Pcp453;Cr10;Lodged pickup plan for cargo;2024-05-07 02:27:57
Pcp472;Cr6;Lodged pickup plan for cargo;2024-05-07 02:57:19
Pcp138;Cr15;Lodged pickup plan for cargo;2024-05-07 08:27:45
Pcp96;Cr6;Lodged pickup plan for cargo;2024-05-07 10:26:23
Pcp413;Cr7;Lodged pickup plan for cargo;2024-05-07 11:07:00
Pcp457;Cr18;Lodged pickup plan for cargo;2024-05-07 13:42:12
Pcp187;Cr10;Lodged pickup plan for cargo;2024-05-07 17:32:28
Pcp305;Cr15;Lodged pickup plan for cargo;2024-05-07 20:32:26
Pcp257;Cr7;Lodged pickup plan for cargo;2024-05-07 22:22:20
Pcp276;Cr6;Lodged pickup plan for cargo;2024-05-08 00:18:42
Pcp315;Cr4;Lodged pickup plan for cargo;2024-05-08 01:27:18
tr10;Pcp271;Assigned truck for pickup plan;2024-05-08 05:05:12
tr43;Pcp99;Assigned truck for pickup plan;2024-05-08 05:07:32
tr35;Pcp434;Assigned truck for pickup plan;2024-05-08 05:10:01
Silo17;tr10;Aranged silo for truck;2024-05-08 05:14:27
tr10;Silo17;Truck determined for continuing pickup at silo;2024-05-08 05:17:08
Silo15;tr43;Aranged silo for truck;2024-05-08 05:26:42
tr11;Pcp99;Assigned truck for pickup plan;2024-05-08 05:27:29
tr44;Pcp223;Assigned truck for pickup plan;2024-05-08 05:32:25
tr21;Pcp421;Assigned truck for pickup plan;2024-05-08 05:33:19
tr43;Silo15;Truck determined for continuing pickup at silo;2024-05-08 05:37:30
Silo17;tr35;Aranged silo for truck;2024-05-08 05:38:34
tr10;Pcp271;Dropped truck from pickup plan;2024-05-08 05:38:44
tr35;Silo17;Truck determined for continuing pickup at silo;2024-05-08 05:43:29
Silo17;tr21;Aranged silo for truck;2024-05-08 05:47:09
Silo4;tr44;Aranged silo for truck;2024-05-08 05:48:11
tr4;Pcp219;Assigned truck for pickup plan;2024-05-08 05:51:36
tr33;Pcp354;Assigned truck for pickup plan;2024-05-08 05:51:58
tr44;Silo4;Truck determined for continuing pickup at silo;2024-05-08 05:52:12
tr21;Silo17;Truck determined for continuing pickup at silo;2024-05-08 05:52:15
tr5;Pcp194;Assigned truck for pickup plan;2024-05-08 05:55:31
Silo15;tr11;Aranged silo for truck;2024-05-08 05:57:59
tr32;Pcp487;Assigned truck for pickup plan;2024-05-08 06:01:23
tr40;Pcp482;Assigned truck for pickup plan;2024-05-08 06:02:51
tr11;Silo15;Truck determined for continuing pickup at silo;2024-05-08 06:04:35
tr30;Pcp497;Assigned truck for pickup plan;2024-05-08 06:06:59
tr6;Pcp363;Assigned truck for pickup plan;2024-05-08 06:08:43
tr26;Pcp209;Assigned truck for pickup plan;2024-05-08 06:09:19
tr19;Pcp354;Assigned truck for pickup plan;2024-05-08 06:09:34
Silo8;tr4;Aranged silo for truck;2024-05-08 06:09:57
tr23;Pcp434;Assigned truck for pickup plan;2024-05-08 06:11:14
tr4;Silo8;Truck determined for continuing pickup at silo;2024-05-08 06:12:48
Silo17;tr5;Aranged silo for truck;2024-05-08 06:12:56
tr15;Pcp208;Assigned truck for pickup plan;2024-05-08 06:13:28
tr37;Pcp38;Assigned truck for pickup plan;2024-05-08 06:13:33
tr38;Pcp421;Assigned truck for pickup plan;2024-05-08 06:15:24
tr5;Silo17;Truck determined for continuing pickup at silo;2024-05-08 06:16:53
Silo4;tr30;Aranged silo for truck;2024-05-08 06:17:03
tr39;Pcp248;Assigned truck for pickup plan;2024-05-08 06:17:54
tr28;Pcp223;Assigned truck for pickup plan;2024-05-08 06:18:23
tr49;Pcp213;Assigned truck for pickup plan;2024-05-08 06:18:56
Silo5;tr33;Aranged silo for truck;2024-05-08 06:19:38
Silo5;tr32;Aranged silo for truck;2024-05-08 06:20:22
Silo15;tr6;Aranged silo for truck;2024-05-08 06:22:58
Silo17;tr23;Aranged silo for truck;2024-05-08 06:23:51
tr32;Silo5;Truck determined for continuing pickup at silo;2024-05-08 06:25:13
Silo20;tr26;Aranged silo for truck;2024-05-08 06:26:40
Silo15;tr40;Aranged silo for truck;2024-05-08 06:27:25
tr30;Silo4;Truck determined for continuing pickup at silo;2024-05-08 06:28:16
Silo4;tr15;Aranged silo for truck;2024-05-08 06:28:33
tr26;Silo20;Truck determined for continuing pickup at silo;2024-05-08 06:29:41
Silo5;tr19;Aranged silo for truck;2024-05-08 06:31:12
tr16;Pcp70;Assigned truck for pickup plan;2024-05-08 06:32:04
tr8;Pcp73;Assigned truck for pickup plan;2024-05-08 06:32:07
tr15;Silo4;Truck determined for continuing pickup at silo;2024-05-08 06:32:39
Silo15;tr49;Aranged silo for truck;2024-05-08 06:33:27
tr23;Silo17;Truck determined for continuing pickup at silo;2024-05-08 06:33:59
tr29;Pcp240;Assigned truck for pickup plan;2024-05-08 06:34:09
tr6;Silo15;Truck determined for continuing pickup at silo;2024-05-08 06:34:52
Silo4;tr28;Aranged silo for truck;2024-05-08 06:35:05
Silo5;tr37;Aranged silo for truck;2024-05-08 06:35:41
tr40;Silo15;Truck determined for continuing pickup at silo;2024-05-08 06:35:57
tr49;Silo15;Truck determined for continuing pickup at silo;2024-05-08 06:36:18
tr7;Pcp94;Assigned truck for pickup plan;2024-05-08 06:37:37
tr37;Silo5;Truck determined for continuing pickup at silo;2024-05-08 06:37:48
tr25;Pcp293;Assigned truck for pickup plan;2024-05-08 06:38:30
tr33;Silo5;Truck determined for continuing pickup at silo;2024-05-08 06:39:01
tr9;Pcp451;Assigned truck for pickup plan;2024-05-08 06:40:43
tr4;Pcp219;Dropped truck from pickup plan;2024-05-08 06:42:30
tr24;Pcp70;Assigned truck for pickup plan;2024-05-08 06:44:10
Silo5;tr8;Aranged silo for truck;2024-05-08 06:46:24
tr20;Pcp498;Assigned truck for pickup plan;2024-05-08 06:46:47
tr46;Pcp106;Assigned truck for pickup plan;2024-05-08 06:48:17
tr19;Silo5;Truck determined for continuing pickup at silo;2024-05-08 06:49:25
tr28;Silo4;Truck determined for continuing pickup at silo;2024-05-08 06:52:01
Silo17;tr16;Aranged silo for truck;2024-05-08 06:52:41
tr23;Pcp434;Dropped truck from pickup plan;2024-05-08 06:53:42
Silo17;tr25;Aranged silo for truck;2024-05-08 06:53:53
Silo15;tr29;Aranged silo for truck;2024-05-08 06:55:31
tr27;Pcp94;Assigned truck for pickup plan;2024-05-08 06:55:50
tr17;Pcp248;Assigned truck for pickup plan;2024-05-08 06:55:56
Silo4;tr9;Aranged silo for truck;2024-05-08 06:56:44
tr26;Pcp209;Dropped truck from pickup plan;2024-05-08 07:00:09
tr16;Silo17;Truck determined for continuing pickup at silo;2024-05-08 07:00:21
tr44;Pcp223;Dropped truck from pickup plan;2024-05-08 07:01:48
Silo17;tr24;Aranged silo for truck;2024-05-08 07:02:18
tr31;Pcp208;Assigned truck for pickup plan;2024-05-08 07:02:19
Silo5;tr20;Aranged silo for truck;2024-05-08 07:02:37
Silo15;tr39;Aranged silo for truck;2024-05-08 07:02:39
tr9;Silo4;Truck determined for continuing pickup at silo;2024-05-08 07:02:45
tr8;Silo5;Truck determined for continuing pickup at silo;2024-05-08 07:02:52
Silo4;tr7;Aranged silo for truck;2024-05-08 07:02:59
tr45;Pcp294;Assigned truck for pickup plan;2024-05-08 07:03:28
tr24;Silo17;Truck determined for continuing pickup at silo;2024-05-08 07:04:34
tr29;Silo15;Truck determined for continuing pickup at silo;2024-05-08 07:04:36
tr25;Silo17;Truck determined for continuing pickup at silo;2024-05-08 07:04:38
tr35;Pcp434;Dropped truck from pickup plan;2024-05-08 07:04:47
tr7;Silo4;Truck determined for continuing pickup at silo;2024-05-08 07:05:27
tr20;Silo5;Truck determined for continuing pickup at silo;2024-05-08 07:06:48
tr40;Pcp482;Dropped truck from pickup plan;2024-05-08 07:06:51
Silo5;tr46;Aranged silo for truck;2024-05-08 07:07:58
Pcp131;Cr10;Lodged pickup plan for cargo;2024-05-08 07:08:56
tr18;Pcp452;Assigned truck for pickup plan;2024-05-08 07:09:32
tr30;Pcp497;Dropped truck from pickup plan;2024-05-08 07:10:00
Silo15;tr45;Aranged silo for truck;2024-05-08 07:10:23
Silo17;tr38;Aranged silo for truck;2024-05-08 07:10:51
tr46;Silo5;Truck determined for continuing pickup at silo;2024-05-08 07:11:56
Silo4;tr27;Aranged silo for truck;2024-05-08 07:13:39
tr45;Silo15;Truck determined for continuing pickup at silo;2024-05-08 07:13:49
tr14;Pcp497;Assigned truck for pickup plan;2024-05-08 07:13:56
tr39;Silo15;Truck determined for continuing pickup at silo;2024-05-08 07:14:53
tr49;Pcp213;Dropped truck from pickup plan;2024-05-08 07:16:04
Silo15;tr17;Aranged silo for truck;2024-05-08 07:17:08
tr42;Pcp450;Assigned truck for pickup plan;2024-05-08 07:17:53
tr38;Silo17;Truck determined for continuing pickup at silo;2024-05-08 07:18:10
Silo4;tr31;Aranged silo for truck;2024-05-08 07:21:30
tr27;Silo4;Truck determined for continuing pickup at silo;2024-05-08 07:23:46
tr20;Pcp498;Dropped truck from pickup plan;2024-05-08 07:25:11
tr31;Silo4;Truck determined for continuing pickup at silo;2024-05-08 07:25:37
Silo17;tr18;Aranged silo for truck;2024-05-08 07:26:58
tr43;Pcp99;Dropped truck from pickup plan;2024-05-08 07:28:14
tr29;Pcp240;Dropped truck from pickup plan;2024-05-08 07:28:37
tr46;Pcp106;Dropped truck from pickup plan;2024-05-08 07:28:46
tr18;Silo17;Truck determined for continuing pickup at silo;2024-05-08 07:30:58
tr17;Silo15;Truck determined for continuing pickup at silo;2024-05-08 07:31:13
tr21;Pcp421;Dropped truck from pickup plan;2024-05-08 07:32:23
tr33;Pcp354;Dropped truck from pickup plan;2024-05-08 07:35:03
tr11;Pcp99;Dropped truck from pickup plan;2024-05-08 07:36:15
Silo15;tr42;Aranged silo for truck;2024-05-08 07:37:28
tr27;Pcp94;Dropped truck from pickup plan;2024-05-08 07:43:12
tr42;Silo15;Truck determined for continuing pickup at silo;2024-05-08 07:44:00
tr1;Pcp451;Assigned truck for pickup plan;2024-05-08 07:44:22
tr19;Pcp354;Dropped truck from pickup plan;2024-05-08 07:45:31
tr18;Pcp452;Dropped truck from pickup plan;2024-05-08 07:46:04
Silo4;tr14;Aranged silo for truck;2024-05-08 07:49:45
tr14;Silo4;Truck determined for continuing pickup at silo;2024-05-08 07:53:22
tr15;Pcp208;Dropped truck from pickup plan;2024-05-08 07:54:15
tr39;Pcp248;Dropped truck from pickup plan;2024-05-08 07:55:47
tr7;Pcp94;Dropped truck from pickup plan;2024-05-08 07:56:18
tr31;Pcp208;Dropped truck from pickup plan;2024-05-08 07:57:49
tr37;Pcp38;Dropped truck from pickup plan;2024-05-08 07:58:57
tr45;Pcp294;Dropped truck from pickup plan;2024-05-08 07:59:40
tr42;Pcp450;Dropped truck from pickup plan;2024-05-08 08:01:29
tr24;Pcp70;Dropped truck from pickup plan;2024-05-08 08:02:01
Silo4;tr1;Aranged silo for truck;2024-05-08 08:07:46
tr38;Pcp421;Dropped truck from pickup plan;2024-05-08 08:08:31
tr8;Pcp73;Dropped truck from pickup plan;2024-05-08 08:09:34
tr25;Pcp293;Dropped truck from pickup plan;2024-05-08 08:11:43
tr17;Pcp248;Dropped truck from pickup plan;2024-05-08 08:15:54
tr6;Pcp363;Dropped truck from pickup plan;2024-05-08 08:17:02
tr1;Silo4;Truck determined for continuing pickup at silo;2024-05-08 08:18:41
tr32;Pcp487;Dropped truck from pickup plan;2024-05-08 08:22:03
tr14;Pcp497;Dropped truck from pickup plan;2024-05-08 08:53:23
tr16;Pcp70;Dropped truck from pickup plan;2024-05-08 08:55:31
tr5;Pcp194;Dropped truck from pickup plan;2024-05-08 09:04:08
tr9;Pcp451;Dropped truck from pickup plan;2024-05-08 09:33:31
tr28;Pcp223;Dropped truck from pickup plan;2024-05-08 09:35:53
tr13;Pcp73;Assigned truck for pickup plan;2024-05-08 12:52:01
Silo5;tr13;Aranged silo for truck;2024-05-08 13:00:28
tr13;Silo5;Truck determined for continuing pickup at silo;2024-05-08 13:03:57
tr41;Pcp86;Assigned truck for pickup plan;2024-05-08 13:04:22
tr12;Pcp162;Assigned truck for pickup plan;2024-05-08 13:07:22
tr34;Pcp205;Assigned truck for pickup plan;2024-05-08 13:09:31
tr48;Pcp365;Assigned truck for pickup plan;2024-05-08 13:10:54
tr50;Pcp482;Assigned truck for pickup plan;2024-05-08 13:15:18
Silo1;tr41;Aranged silo for truck;2024-05-08 13:25:41
Silo8;tr12;Aranged silo for truck;2024-05-08 13:26:15
tr2;Pcp495;Assigned truck for pickup plan;2024-05-08 13:27:32
tr12;Silo8;Truck determined for continuing pickup at silo;2024-05-08 13:29:04
tr41;Silo1;Truck determined for continuing pickup at silo;2024-05-08 13:30:09
Silo14;tr48;Aranged silo for truck;2024-05-08 13:30:47
tr48;Silo14;Truck determined for continuing pickup at silo;2024-05-08 13:33:12
Silo14;tr34;Aranged silo for truck;2024-05-08 13:33:25
Silo15;tr50;Aranged silo for truck;2024-05-08 13:33:57
tr3;Pcp104;Assigned truck for pickup plan;2024-05-08 13:41:12
tr50;Silo15;Truck determined for continuing pickup at silo;2024-05-08 13:43:10
tr34;Silo14;Truck determined for continuing pickup at silo;2024-05-08 13:43:15
Silo3;tr2;Aranged silo for truck;2024-05-08 13:45:15
tr2;Silo3;Truck determined for continuing pickup at silo;2024-05-08 13:48:41
tr41;Pcp86;Dropped truck from pickup plan;2024-05-08 13:53:38
Silo1;tr3;Aranged silo for truck;2024-05-08 13:56:38
tr36;Pcp367;Assigned truck for pickup plan;2024-05-08 13:59:16
tr2;Pcp495;Dropped truck from pickup plan;2024-05-08 14:05:52
tr12;Pcp162;Dropped truck from pickup plan;2024-05-08 14:10:54
tr50;Pcp482;Dropped truck from pickup plan;2024-05-08 14:11:50
tr3;Silo1;Truck determined for continuing pickup at silo;2024-05-08 14:14:07
tr22;Pcp113;Assigned truck for pickup plan;2024-05-08 14:17:42
Silo4;tr36;Aranged silo for truck;2024-05-08 14:21:51
tr36;Silo4;Truck determined for continuing pickup at silo;2024-05-08 14:31:01
Silo14;tr22;Aranged silo for truck;2024-05-08 14:36:27
tr47;Pcp124;Assigned truck for pickup plan;2024-05-08 14:44:28
tr22;Silo14;Truck determined for continuing pickup at silo;2024-05-08 14:46:07
Silo5;tr47;Aranged silo for truck;2024-05-08 15:06:42
tr47;Silo5;Truck determined for continuing pickup at silo;2024-05-08 15:11:06
tr13;Pcp73;Dropped truck from pickup plan;2024-05-08 15:15:17
Pcp280;Cr4;Lodged pickup plan for cargo;2024-05-08 15:43:11
tr36;Pcp367;Dropped truck from pickup plan;2024-05-08 15:48:01
tr22;Pcp113;Dropped truck from pickup plan;2024-05-08 15:50:46
Pcp345;Cr10;Lodged pickup plan for cargo;2024-05-08 15:52:10
tr3;Pcp104;Dropped truck from pickup plan;2024-05-08 16:01:22
Pcp25;Cr9;Lodged pickup plan for cargo;2024-05-09 01:21:10
Pcp24;Cr14;Lodged pickup plan for cargo;2024-05-09 02:02:38
Pcp348;Cr3;Lodged pickup plan for cargo;2024-05-09 05:21:09
Pcp310;Cr10;Lodged pickup plan for cargo;2024-05-09 06:12:16
Pcp355;Cr3;Lodged pickup plan for cargo;2024-05-09 17:34:13
tr10;Pcp407;Assigned truck for pickup plan;2024-05-10 05:40:19
Silo19;tr10;Aranged silo for truck;2024-05-10 05:56:04
tr10;Silo19;Truck determined for continuing pickup at silo;2024-05-10 06:00:34
tr10;Pcp407;Dropped truck from pickup plan;2024-05-10 06:35:47
tr4;Pcp428;Assigned truck for pickup plan;2024-05-10 06:43:45
tr23;Pcp389;Assigned truck for pickup plan;2024-05-10 06:55:24
Silo3;tr4;Aranged silo for truck;2024-05-10 06:59:36
tr26;Pcp320;Assigned truck for pickup plan;2024-05-10 07:01:41
tr44;Pcp427;Assigned truck for pickup plan;2024-05-10 07:03:34
Silo12;tr23;Aranged silo for truck;2024-05-10 07:05:31
tr35;Pcp324;Assigned truck for pickup plan;2024-05-10 07:06:27
tr40;Pcp1;Assigned truck for pickup plan;2024-05-10 07:07:42
tr30;Pcp454;Assigned truck for pickup plan;2024-05-10 07:12:51
tr4;Silo3;Truck determined for continuing pickup at silo;2024-05-10 07:13:45
Silo15;tr44;Aranged silo for truck;2024-05-10 07:15:32
Silo12;tr26;Aranged silo for truck;2024-05-10 07:17:49
tr49;Pcp330;Assigned truck for pickup plan;2024-05-10 07:18:38
tr23;Silo12;Truck determined for continuing pickup at silo;2024-05-10 07:18:43
Silo1;tr40;Aranged silo for truck;2024-05-10 07:22:45
tr44;Silo15;Truck determined for continuing pickup at silo;2024-05-10 07:26:35
tr20;Pcp171;Assigned truck for pickup plan;2024-05-10 07:26:38
tr43;Pcp472;Assigned truck for pickup plan;2024-05-10 07:29:18
tr46;Pcp309;Assigned truck for pickup plan;2024-05-10 07:29:32
tr26;Silo12;Truck determined for continuing pickup at silo;2024-05-10 07:31:10
tr29;Pcp113;Assigned truck for pickup plan;2024-05-10 07:31:14
tr40;Silo1;Truck determined for continuing pickup at silo;2024-05-10 07:31:36
Silo17;tr35;Aranged silo for truck;2024-05-10 07:32:36
tr21;Pcp63;Assigned truck for pickup plan;2024-05-10 07:33:04
tr33;Pcp360;Assigned truck for pickup plan;2024-05-10 07:36:16
tr11;Pcp479;Assigned truck for pickup plan;2024-05-10 07:37:24
Silo14;tr30;Aranged silo for truck;2024-05-10 07:39:44
Silo9;tr49;Aranged silo for truck;2024-05-10 07:40:27
tr27;Pcp336;Assigned truck for pickup plan;2024-05-10 07:44:08
tr35;Silo17;Truck determined for continuing pickup at silo;2024-05-10 07:44:59
tr49;Silo9;Truck determined for continuing pickup at silo;2024-05-10 07:45:41
tr19;Pcp20;Assigned truck for pickup plan;2024-05-10 07:46:47
tr18;Pcp207;Assigned truck for pickup plan;2024-05-10 07:47:31
Silo18;tr21;Aranged silo for truck;2024-05-10 07:47:41
Silo14;tr46;Aranged silo for truck;2024-05-10 07:48:08
Silo6;tr20;Aranged silo for truck;2024-05-10 07:52:25
Silo1;tr11;Aranged silo for truck;2024-05-10 07:53:45
Silo14;tr29;Aranged silo for truck;2024-05-10 07:53:51
Silo14;tr33;Aranged silo for truck;2024-05-10 07:54:16
tr20;Silo6;Truck determined for continuing pickup at silo;2024-05-10 07:55:09
tr30;Silo14;Truck determined for continuing pickup at silo;2024-05-10 07:55:15
tr21;Silo18;Truck determined for continuing pickup at silo;2024-05-10 07:55:18
tr33;Silo14;Truck determined for continuing pickup at silo;2024-05-10 07:56:20
Silo4;tr27;Aranged silo for truck;2024-05-10 07:56:36
tr15;Pcp96;Assigned truck for pickup plan;2024-05-10 07:56:45
Silo9;tr19;Aranged silo for truck;2024-05-10 07:57:00
tr39;Pcp362;Assigned truck for pickup plan;2024-05-10 07:57:06
tr7;Pcp168;Assigned truck for pickup plan;2024-05-10 07:59:17
tr37;Pcp253;Assigned truck for pickup plan;2024-05-10 08:00:24
tr31;Pcp484;Assigned truck for pickup plan;2024-05-10 08:00:33
tr45;Pcp102;Assigned truck for pickup plan;2024-05-10 08:00:45
tr42;Pcp23;Assigned truck for pickup plan;2024-05-10 08:02:32
tr35;Pcp324;Dropped truck from pickup plan;2024-05-10 08:02:36
tr24;Pcp249;Assigned truck for pickup plan;2024-05-10 08:02:40
tr29;Silo14;Truck determined for continuing pickup at silo;2024-05-10 08:03:03
tr11;Silo1;Truck determined for continuing pickup at silo;2024-05-10 08:05:01
Silo12;tr43;Aranged silo for truck;2024-05-10 08:05:34
tr27;Silo4;Truck determined for continuing pickup at silo;2024-05-10 08:06:20
tr46;Silo14;Truck determined for continuing pickup at silo;2024-05-10 08:07:19
Silo9;tr18;Aranged silo for truck;2024-05-10 08:08:22
tr19;Silo9;Truck determined for continuing pickup at silo;2024-05-10 08:08:23
tr38;Pcp86;Assigned truck for pickup plan;2024-05-10 08:10:51
Silo12;tr31;Aranged silo for truck;2024-05-10 08:12:33
tr25;Pcp407;Assigned truck for pickup plan;2024-05-10 08:13:15
tr8;Pcp221;Assigned truck for pickup plan;2024-05-10 08:14:28
Silo9;tr39;Aranged silo for truck;2024-05-10 08:15:01
tr20;Pcp171;Dropped truck from pickup plan;2024-05-10 08:15:33
tr43;Silo12;Truck determined for continuing pickup at silo;2024-05-10 08:15:53
tr17;Pcp305;Assigned truck for pickup plan;2024-05-10 08:17:19
tr6;Pcp336;Assigned truck for pickup plan;2024-05-10 08:18:43
Silo13;tr45;Aranged silo for truck;2024-05-10 08:18:54
tr39;Silo9;Truck determined for continuing pickup at silo;2024-05-10 08:20:37
tr1;Pcp207;Assigned truck for pickup plan;2024-05-10 08:20:49
Silo13;tr37;Aranged silo for truck;2024-05-10 08:21:12
Silo20;tr24;Aranged silo for truck;2024-05-10 08:21:18
Silo15;tr7;Aranged silo for truck;2024-05-10 08:21:34
tr31;Silo12;Truck determined for continuing pickup at silo;2024-05-10 08:21:59
tr18;Silo9;Truck determined for continuing pickup at silo;2024-05-10 08:22:13
tr32;Pcp64;Assigned truck for pickup plan;2024-05-10 08:22:41
Silo1;tr38;Aranged silo for truck;2024-05-10 08:22:42
tr7;Silo15;Truck determined for continuing pickup at silo;2024-05-10 08:23:43
Silo12;tr15;Aranged silo for truck;2024-05-10 08:25:26
tr30;Pcp454;Dropped truck from pickup plan;2024-05-10 08:27:42
Silo19;tr25;Aranged silo for truck;2024-05-10 08:27:45
tr37;Silo13;Truck determined for continuing pickup at silo;2024-05-10 08:28:33
tr21;Pcp63;Dropped truck from pickup plan;2024-05-10 08:28:58
tr44;Pcp427;Dropped truck from pickup plan;2024-05-10 08:29:47
tr38;Silo1;Truck determined for continuing pickup at silo;2024-05-10 08:32:11
tr25;Silo19;Truck determined for continuing pickup at silo;2024-05-10 08:32:28
tr11;Pcp479;Dropped truck from pickup plan;2024-05-10 08:33:43
tr45;Silo13;Truck determined for continuing pickup at silo;2024-05-10 08:35:36
Silo4;tr6;Aranged silo for truck;2024-05-10 08:37:13
Silo14;tr8;Aranged silo for truck;2024-05-10 08:38:37
tr24;Silo20;Truck determined for continuing pickup at silo;2024-05-10 08:39:01
Silo1;tr42;Aranged silo for truck;2024-05-10 08:40:26
tr49;Pcp330;Dropped truck from pickup plan;2024-05-10 08:41:24
Silo16;tr17;Aranged silo for truck;2024-05-10 08:41:30
tr33;Pcp360;Dropped truck from pickup plan;2024-05-10 08:41:49
Silo20;tr32;Aranged silo for truck;2024-05-10 08:43:25
tr42;Silo1;Truck determined for continuing pickup at silo;2024-05-10 08:43:39
tr15;Silo12;Truck determined for continuing pickup at silo;2024-05-10 08:45:15
tr8;Silo14;Truck determined for continuing pickup at silo;2024-05-10 08:47:01
Silo9;tr1;Aranged silo for truck;2024-05-10 08:48:09
tr25;Pcp407;Dropped truck from pickup plan;2024-05-10 08:50:41
tr1;Silo9;Truck determined for continuing pickup at silo;2024-05-10 08:51:28
tr14;Pcp197;Assigned truck for pickup plan;2024-05-10 08:53:59
tr17;Silo16;Truck determined for continuing pickup at silo;2024-05-10 08:54:19
tr38;Pcp86;Dropped truck from pickup plan;2024-05-10 08:54:49
tr6;Silo4;Truck determined for continuing pickup at silo;2024-05-10 08:54:49
tr7;Pcp168;Dropped truck from pickup plan;2024-05-10 08:55:17
tr16;Pcp163;Assigned truck for pickup plan;2024-05-10 08:56:02
tr32;Silo20;Truck determined for continuing pickup at silo;2024-05-10 08:58:41
tr26;Pcp320;Dropped truck from pickup plan;2024-05-10 09:00:43
tr18;Pcp207;Dropped truck from pickup plan;2024-05-10 09:01:06
tr5;Pcp334;Assigned truck for pickup plan;2024-05-10 09:04:47
tr29;Pcp113;Dropped truck from pickup plan;2024-05-10 09:09:46
Silo1;tr16;Aranged silo for truck;2024-05-10 09:14:48
tr1;Pcp207;Dropped truck from pickup plan;2024-05-10 09:15:24
Silo13;tr14;Aranged silo for truck;2024-05-10 09:16:05
tr16;Silo1;Truck determined for continuing pickup at silo;2024-05-10 09:16:49
tr40;Pcp1;Dropped truck from pickup plan;2024-05-10 09:23:53
tr17;Pcp305;Dropped truck from pickup plan;2024-05-10 09:24:27
tr4;Pcp428;Dropped truck from pickup plan;2024-05-10 09:28:36
tr14;Silo13;Truck determined for continuing pickup at silo;2024-05-10 09:28:54
tr24;Pcp249;Dropped truck from pickup plan;2024-05-10 09:30:22
tr32;Pcp64;Dropped truck from pickup plan;2024-05-10 09:30:39
tr8;Pcp221;Dropped truck from pickup plan;2024-05-10 09:33:31
tr9;Pcp431;Assigned truck for pickup plan;2024-05-10 09:34:20
tr15;Pcp96;Dropped truck from pickup plan;2024-05-10 09:35:06
tr28;Pcp155;Assigned truck for pickup plan;2024-05-10 09:37:00
Silo3;tr5;Aranged silo for truck;2024-05-10 09:37:14
tr46;Pcp309;Dropped truck from pickup plan;2024-05-10 09:37:39
tr6;Pcp336;Dropped truck from pickup plan;2024-05-10 09:38:54
tr23;Pcp389;Dropped truck from pickup plan;2024-05-10 09:43:59
tr5;Silo3;Truck determined for continuing pickup at silo;2024-05-10 09:47:50
tr39;Pcp362;Dropped truck from pickup plan;2024-05-10 09:58:37
Silo9;tr28;Aranged silo for truck;2024-05-10 10:01:11
Silo8;tr9;Aranged silo for truck;2024-05-10 10:03:02
tr43;Pcp472;Dropped truck from pickup plan;2024-05-10 10:04:00
tr19;Pcp20;Dropped truck from pickup plan;2024-05-10 10:06:14
tr28;Silo9;Truck determined for continuing pickup at silo;2024-05-10 10:06:41
tr9;Silo8;Truck determined for continuing pickup at silo;2024-05-10 10:07:36
tr45;Pcp102;Dropped truck from pickup plan;2024-05-10 10:12:15
tr14;Pcp197;Dropped truck from pickup plan;2024-05-10 10:27:17
tr42;Pcp23;Dropped truck from pickup plan;2024-05-10 10:33:54
tr31;Pcp484;Dropped truck from pickup plan;2024-05-10 10:38:07
tr28;Pcp155;Dropped truck from pickup plan;2024-05-10 10:44:00
tr37;Pcp253;Dropped truck from pickup plan;2024-05-10 10:48:06
tr27;Pcp336;Dropped truck from pickup plan;2024-05-10 10:51:58
tr9;Pcp431;Dropped truck from pickup plan;2024-05-10 11:36:32
tr16;Pcp163;Dropped truck from pickup plan;2024-05-10 12:11:33
tr5;Pcp334;Dropped truck from pickup plan;2024-05-10 12:24:56
tr48;Pcp95;Assigned truck for pickup plan;2024-05-10 13:36:35
Silo6;tr48;Aranged silo for truck;2024-05-10 13:45:10
tr34;Pcp311;Assigned truck for pickup plan;2024-05-10 13:47:06
tr41;Pcp49;Assigned truck for pickup plan;2024-05-10 13:55:25
tr48;Silo6;Truck determined for continuing pickup at silo;2024-05-10 13:55:34
Silo13;tr34;Aranged silo for truck;2024-05-10 13:59:13
tr2;Pcp397;Assigned truck for pickup plan;2024-05-10 14:08:29
tr34;Silo13;Truck determined for continuing pickup at silo;2024-05-10 14:10:13
tr12;Pcp104;Assigned truck for pickup plan;2024-05-10 14:11:41
tr50;Pcp48;Assigned truck for pickup plan;2024-05-10 14:12:32
Silo19;tr2;Aranged silo for truck;2024-05-10 14:23:40
Silo1;tr12;Aranged silo for truck;2024-05-10 14:23:44
tr2;Silo19;Truck determined for continuing pickup at silo;2024-05-10 14:27:02
Silo15;tr50;Aranged silo for truck;2024-05-10 14:31:43
tr12;Silo1;Truck determined for continuing pickup at silo;2024-05-10 14:35:45
Silo16;tr41;Aranged silo for truck;2024-05-10 14:39:48
tr50;Silo15;Truck determined for continuing pickup at silo;2024-05-10 14:42:03
tr48;Pcp95;Dropped truck from pickup plan;2024-05-10 14:44:24
tr41;Silo16;Truck determined for continuing pickup at silo;2024-05-10 14:44:26
tr34;Pcp311;Dropped truck from pickup plan;2024-05-10 14:55:38
tr41;Pcp49;Dropped truck from pickup plan;2024-05-10 15:02:06
tr47;Pcp430;Assigned truck for pickup plan;2024-05-10 15:15:19
tr13;Pcp490;Assigned truck for pickup plan;2024-05-10 15:16:31
Silo9;tr13;Aranged silo for truck;2024-05-10 15:27:03
tr13;Silo9;Truck determined for continuing pickup at silo;2024-05-10 15:35:56
Silo13;tr47;Aranged silo for truck;2024-05-10 15:38:30
tr47;Silo13;Truck determined for continuing pickup at silo;2024-05-10 15:47:46
tr36;Pcp369;Assigned truck for pickup plan;2024-05-10 15:49:35
tr22;Pcp330;Assigned truck for pickup plan;2024-05-10 15:51:44
tr50;Pcp48;Dropped truck from pickup plan;2024-05-10 15:52:12
tr3;Pcp270;Assigned truck for pickup plan;2024-05-10 16:02:19
Silo12;tr36;Aranged silo for truck;2024-05-10 16:02:36
tr36;Silo12;Truck determined for continuing pickup at silo;2024-05-10 16:06:50
Silo9;tr22;Aranged silo for truck;2024-05-10 16:08:36
tr2;Pcp397;Dropped truck from pickup plan;2024-05-10 16:21:27
Silo6;tr3;Aranged silo for truck;2024-05-10 16:24:36
tr22;Silo9;Truck determined for continuing pickup at silo;2024-05-10 16:26:29
tr3;Silo6;Truck determined for continuing pickup at silo;2024-05-10 16:32:27
tr13;Pcp490;Dropped truck from pickup plan;2024-05-10 17:15:47
tr22;Pcp330;Dropped truck from pickup plan;2024-05-10 17:20:46
tr47;Pcp430;Dropped truck from pickup plan;2024-05-10 17:22:39
tr12;Pcp104;Dropped truck from pickup plan;2024-05-10 17:27:16
tr36;Pcp369;Dropped truck from pickup plan;2024-05-10 17:41:01
tr3;Pcp270;Dropped truck from pickup plan;2024-05-10 19:27:58
tr10;Pcp116;Assigned truck for pickup plan;2024-05-12 06:37:01
Silo1;tr10;Aranged silo for truck;2024-05-12 06:53:01
tr10;Silo1;Truck determined for continuing pickup at silo;2024-05-12 07:08:20
tr35;Pcp342;Assigned truck for pickup plan;2024-05-12 08:04:30
tr10;Pcp116;Dropped truck from pickup plan;2024-05-12 08:14:42
tr20;Pcp103;Assigned truck for pickup plan;2024-05-12 08:16:26
Silo14;tr35;Aranged silo for truck;2024-05-12 08:26:20
Silo9;tr20;Aranged silo for truck;2024-05-12 08:28:13
tr30;Pcp202;Assigned truck for pickup plan;2024-05-12 08:28:21
tr21;Pcp310;Assigned truck for pickup plan;2024-05-12 08:29:45
tr44;Pcp427;Assigned truck for pickup plan;2024-05-12 08:30:30
tr11;Pcp397;Assigned truck for pickup plan;2024-05-12 08:35:29
tr20;Silo9;Truck determined for continuing pickup at silo;2024-05-12 08:40:16
Silo10;tr21;Aranged silo for truck;2024-05-12 08:40:33
tr49;Pcp469;Assigned truck for pickup plan;2024-05-12 08:42:41
tr33;Pcp45;Assigned truck for pickup plan;2024-05-12 08:43:08
Silo19;tr11;Aranged silo for truck;2024-05-12 08:44:57
tr35;Silo14;Truck determined for continuing pickup at silo;2024-05-12 08:45:04
tr21;Silo10;Truck determined for continuing pickup at silo;2024-05-12 08:45:18
Silo15;tr44;Aranged silo for truck;2024-05-12 08:47:52
Silo10;tr30;Aranged silo for truck;2024-05-12 08:48:18
tr25;Pcp281;Assigned truck for pickup plan;2024-05-12 08:51:16
tr30;Silo10;Truck determined for continuing pickup at silo;2024-05-12 08:51:37
tr38;Pcp296;Assigned truck for pickup plan;2024-05-12 08:56:05
Silo17;tr49;Aranged silo for truck;2024-05-12 08:56:39
tr11;Silo19;Truck determined for continuing pickup at silo;2024-05-12 08:57:16
tr7;Pcp470;Assigned truck for pickup plan;2024-05-12 08:57:35
tr44;Silo15;Truck determined for continuing pickup at silo;2024-05-12 08:58:12
Silo18;tr25;Aranged silo for truck;2024-05-12 08:59:42
tr18;Pcp260;Assigned truck for pickup plan;2024-05-12 09:01:58
tr26;Pcp175;Assigned truck for pickup plan;2024-05-12 09:02:04
tr49;Silo17;Truck determined for continuing pickup at silo;2024-05-12 09:04:15
tr25;Silo18;Truck determined for continuing pickup at silo;2024-05-12 09:06:43
Silo6;tr33;Aranged silo for truck;2024-05-12 09:09:58
tr29;Pcp276;Assigned truck for pickup plan;2024-05-12 09:11:57
tr33;Silo6;Truck determined for continuing pickup at silo;2024-05-12 09:12:18
Silo6;tr26;Aranged silo for truck;2024-05-12 09:15:25
tr1;Pcp485;Assigned truck for pickup plan;2024-05-12 09:16:08
Silo13;tr18;Aranged silo for truck;2024-05-12 09:16:34
Silo12;tr7;Aranged silo for truck;2024-05-12 09:19:25
tr18;Silo13;Truck determined for continuing pickup at silo;2024-05-12 09:20:59
tr26;Silo6;Truck determined for continuing pickup at silo;2024-05-12 09:22:47
tr40;Pcp275;Assigned truck for pickup plan;2024-05-12 09:24:25
tr17;Pcp423;Assigned truck for pickup plan;2024-05-12 09:25:08
tr7;Silo12;Truck determined for continuing pickup at silo;2024-05-12 09:26:07
tr20;Pcp103;Dropped truck from pickup plan;2024-05-12 09:27:25
tr4;Pcp38;Assigned truck for pickup plan;2024-05-12 09:29:13
Silo13;tr38;Aranged silo for truck;2024-05-12 09:30:15
tr24;Pcp41;Assigned truck for pickup plan;2024-05-12 09:31:06
tr32;Pcp457;Assigned truck for pickup plan;2024-05-12 09:32:17
tr49;Pcp469;Dropped truck from pickup plan;2024-05-12 09:32:34
tr8;Pcp76;Assigned truck for pickup plan;2024-05-12 09:34:51
tr38;Silo13;Truck determined for continuing pickup at silo;2024-05-12 09:35:09
tr15;Pcp213;Assigned truck for pickup plan;2024-05-12 09:36:42
tr46;Pcp177;Assigned truck for pickup plan;2024-05-12 09:38:34
tr6;Pcp106;Assigned truck for pickup plan;2024-05-12 09:39:44
Silo2;tr40;Aranged silo for truck;2024-05-12 09:41:02
Silo12;tr29;Aranged silo for truck;2024-05-12 09:42:14
Silo19;tr1;Aranged silo for truck;2024-05-12 09:43:59
Silo5;tr4;Aranged silo for truck;2024-05-12 09:44:57
tr23;Pcp56;Assigned truck for pickup plan;2024-05-12 09:45:21
Silo20;tr24;Aranged silo for truck;2024-05-12 09:46:09
tr24;Silo20;Truck determined for continuing pickup at silo;2024-05-12 09:49:01
tr29;Silo12;Truck determined for continuing pickup at silo;2024-05-12 09:49:52
tr4;Silo5;Truck determined for continuing pickup at silo;2024-05-12 09:49:54
tr1;Silo19;Truck determined for continuing pickup at silo;2024-05-12 09:51:31
Silo19;tr8;Aranged silo for truck;2024-05-12 09:52:31
tr8;Silo19;Truck determined for continuing pickup at silo;2024-05-12 09:57:14
tr40;Silo2;Truck determined for continuing pickup at silo;2024-05-12 09:58:51
tr39;Pcp24;Assigned truck for pickup plan;2024-05-12 10:00:22
Silo2;tr17;Aranged silo for truck;2024-05-12 10:01:44
Silo5;tr6;Aranged silo for truck;2024-05-12 10:02:02
Silo15;tr15;Aranged silo for truck;2024-05-12 10:02:23
Silo20;tr32;Aranged silo for truck;2024-05-12 10:03:31
tr17;Silo2;Truck determined for continuing pickup at silo;2024-05-12 10:04:37
tr43;Pcp204;Assigned truck for pickup plan;2024-05-12 10:04:43
tr6;Silo5;Truck determined for continuing pickup at silo;2024-05-12 10:04:44
tr44;Pcp427;Dropped truck from pickup plan;2024-05-12 10:05:12
Silo9;tr46;Aranged silo for truck;2024-05-12 10:05:54
tr15;Silo15;Truck determined for continuing pickup at silo;2024-05-12 10:06:28
tr32;Silo20;Truck determined for continuing pickup at silo;2024-05-12 10:08:25
tr19;Pcp151;Assigned truck for pickup plan;2024-05-12 10:09:34
Silo16;tr23;Aranged silo for truck;2024-05-12 10:09:46
tr46;Silo9;Truck determined for continuing pickup at silo;2024-05-12 10:10:11
tr45;Pcp495;Assigned truck for pickup plan;2024-05-12 10:13:30
tr7;Pcp470;Dropped truck from pickup plan;2024-05-12 10:19:37
Silo20;tr43;Aranged silo for truck;2024-05-12 10:20:53
tr25;Pcp281;Dropped truck from pickup plan;2024-05-12 10:21:18
Silo4;tr39;Aranged silo for truck;2024-05-12 10:21:24
tr23;Silo16;Truck determined for continuing pickup at silo;2024-05-12 10:21:37
tr40;Pcp275;Dropped truck from pickup plan;2024-05-12 10:24:00
tr39;Silo4;Truck determined for continuing pickup at silo;2024-05-12 10:26:07
tr32;Pcp457;Dropped truck from pickup plan;2024-05-12 10:26:59
tr4;Pcp38;Dropped truck from pickup plan;2024-05-12 10:27:20
tr14;Pcp49;Assigned truck for pickup plan;2024-05-12 10:27:49
tr43;Silo20;Truck determined for continuing pickup at silo;2024-05-12 10:29:11
tr8;Pcp76;Dropped truck from pickup plan;2024-05-12 10:29:28
tr15;Pcp213;Dropped truck from pickup plan;2024-05-12 10:31:27
Silo20;tr19;Aranged silo for truck;2024-05-12 10:31:48
Silo3;tr45;Aranged silo for truck;2024-05-12 10:33:26
tr42;Pcp205;Assigned truck for pickup plan;2024-05-12 10:35:10
tr38;Pcp296;Dropped truck from pickup plan;2024-05-12 10:37:04
tr31;Pcp196;Assigned truck for pickup plan;2024-05-12 10:39:29
Silo16;tr14;Aranged silo for truck;2024-05-12 10:41:09
tr19;Silo20;Truck determined for continuing pickup at silo;2024-05-12 10:44:05
tr35;Pcp342;Dropped truck from pickup plan;2024-05-12 10:44:50
tr28;Pcp447;Assigned truck for pickup plan;2024-05-12 10:45:03
tr11;Pcp397;Dropped truck from pickup plan;2024-05-12 10:45:31
tr33;Pcp45;Dropped truck from pickup plan;2024-05-12 10:46:03
tr18;Pcp260;Dropped truck from pickup plan;2024-05-12 10:46:30
Silo14;tr42;Aranged silo for truck;2024-05-12 10:49:51
tr37;Pcp447;Assigned truck for pickup plan;2024-05-12 10:50:18
tr45;Silo3;Truck determined for continuing pickup at silo;2024-05-12 10:51:23
Silo19;tr31;Aranged silo for truck;2024-05-12 10:52:33
tr27;Pcp236;Assigned truck for pickup plan;2024-05-12 10:52:36
Silo20;tr28;Aranged silo for truck;2024-05-12 10:56:05
tr42;Silo14;Truck determined for continuing pickup at silo;2024-05-12 10:57:58
tr14;Silo16;Truck determined for continuing pickup at silo;2024-05-12 11:00:04
tr28;Silo20;Truck determined for continuing pickup at silo;2024-05-12 11:00:59
tr29;Pcp276;Dropped truck from pickup plan;2024-05-12 11:03:09
tr31;Silo19;Truck determined for continuing pickup at silo;2024-05-12 11:03:49
tr46;Pcp177;Dropped truck from pickup plan;2024-05-12 11:06:45
tr19;Pcp151;Dropped truck from pickup plan;2024-05-12 11:07:06
Silo20;tr37;Aranged silo for truck;2024-05-12 11:07:40
tr37;Silo20;Truck determined for continuing pickup at silo;2024-05-12 11:10:34
tr17;Pcp423;Dropped truck from pickup plan;2024-05-12 11:12:15
Silo9;tr27;Aranged silo for truck;2024-05-12 11:21:31
tr42;Pcp205;Dropped truck from pickup plan;2024-05-12 11:23:24
tr1;Pcp485;Dropped truck from pickup plan;2024-05-12 11:27:22
tr31;Pcp196;Dropped truck from pickup plan;2024-05-12 11:28:03
tr27;Silo9;Truck determined for continuing pickup at silo;2024-05-12 11:30:39
tr9;Pcp23;Assigned truck for pickup plan;2024-05-12 11:38:51
tr24;Pcp41;Dropped truck from pickup plan;2024-05-12 11:41:23
tr37;Pcp447;Dropped truck from pickup plan;2024-05-12 11:41:39
tr28;Pcp447;Dropped truck from pickup plan;2024-05-12 11:43:23
tr26;Pcp175;Dropped truck from pickup plan;2024-05-12 11:47:59
tr43;Pcp204;Dropped truck from pickup plan;2024-05-12 11:53:58
tr14;Pcp49;Dropped truck from pickup plan;2024-05-12 11:55:23
tr23;Pcp56;Dropped truck from pickup plan;2024-05-12 12:01:27
Silo1;tr9;Aranged silo for truck;2024-05-12 12:09:11
tr16;Pcp117;Assigned truck for pickup plan;2024-05-12 12:14:01
tr6;Pcp106;Dropped truck from pickup plan;2024-05-12 12:14:06
tr9;Silo1;Truck determined for continuing pickup at silo;2024-05-12 12:14:26
tr27;Pcp236;Dropped truck from pickup plan;2024-05-12 12:21:38
tr5;Pcp453;Assigned truck for pickup plan;2024-05-12 12:25:37
tr39;Pcp24;Dropped truck from pickup plan;2024-05-12 12:26:58
Silo13;tr16;Aranged silo for truck;2024-05-12 12:34:04
tr16;Silo13;Truck determined for continuing pickup at silo;2024-05-12 12:42:19
tr9;Pcp23;Dropped truck from pickup plan;2024-05-12 12:43:04
Silo10;tr5;Aranged silo for truck;2024-05-12 12:50:44
tr5;Silo10;Truck determined for continuing pickup at silo;2024-05-12 12:55:57
tr16;Pcp117;Dropped truck from pickup plan;2024-05-12 13:11:05
tr5;Pcp453;Dropped truck from pickup plan;2024-05-12 13:24:15
tr48;Pcp294;Assigned truck for pickup plan;2024-05-12 14:44:54
tr34;Pcp211;Assigned truck for pickup plan;2024-05-12 14:56:29
Silo15;tr48;Aranged silo for truck;2024-05-12 14:58:59
tr41;Pcp284;Assigned truck for pickup plan;2024-05-12 15:03:32
tr48;Silo15;Truck determined for continuing pickup at silo;2024-05-12 15:08:25
Silo19;tr34;Aranged silo for truck;2024-05-12 15:16:41
Silo8;tr41;Aranged silo for truck;2024-05-12 15:24:49
tr34;Silo19;Truck determined for continuing pickup at silo;2024-05-12 15:27:12
tr48;Pcp294;Dropped truck from pickup plan;2024-05-12 15:35:24
tr41;Silo8;Truck determined for continuing pickup at silo;2024-05-12 15:37:15
tr41;Pcp284;Dropped truck from pickup plan;2024-05-12 15:52:33
tr50;Pcp72;Assigned truck for pickup plan;2024-05-12 15:53:17
tr2;Pcp179;Assigned truck for pickup plan;2024-05-12 16:22:01
tr34;Pcp211;Dropped truck from pickup plan;2024-05-12 16:32:02
Silo16;tr2;Aranged silo for truck;2024-05-12 16:37:03
Silo14;tr50;Aranged silo for truck;2024-05-12 16:39:39
tr2;Silo16;Truck determined for continuing pickup at silo;2024-05-12 16:40:10
tr50;Silo14;Truck determined for continuing pickup at silo;2024-05-12 16:43:43
tr13;Pcp25;Assigned truck for pickup plan;2024-05-12 17:16:50
tr22;Pcp395;Assigned truck for pickup plan;2024-05-12 17:21:30
tr47;Pcp367;Assigned truck for pickup plan;2024-05-12 17:25:23
tr12;Pcp151;Assigned truck for pickup plan;2024-05-12 17:28:44
Silo4;tr47;Aranged silo for truck;2024-05-12 17:37:40
Silo9;tr22;Aranged silo for truck;2024-05-12 17:39:26
Silo5;tr13;Aranged silo for truck;2024-05-12 17:41:31
tr36;Pcp209;Assigned truck for pickup plan;2024-05-12 17:43:09
Silo20;tr12;Aranged silo for truck;2024-05-12 17:46:30
tr47;Silo4;Truck determined for continuing pickup at silo;2024-05-12 17:52:40
tr13;Silo5;Truck determined for continuing pickup at silo;2024-05-12 17:55:28
tr12;Silo20;Truck determined for continuing pickup at silo;2024-05-12 17:56:15
tr50;Pcp72;Dropped truck from pickup plan;2024-05-12 17:56:44
Silo20;tr36;Aranged silo for truck;2024-05-12 17:57:28
tr22;Silo9;Truck determined for continuing pickup at silo;2024-05-12 17:57:35
tr2;Pcp179;Dropped truck from pickup plan;2024-05-12 18:01:52
tr36;Silo20;Truck determined for continuing pickup at silo;2024-05-12 18:03:36
tr12;Pcp151;Dropped truck from pickup plan;2024-05-12 18:13:57
tr13;Pcp25;Dropped truck from pickup plan;2024-05-12 18:14:15
tr47;Pcp367;Dropped truck from pickup plan;2024-05-12 18:25:57
Pcp43;Cr10;Lodged pickup plan for cargo;2024-05-12 18:28:24
tr36;Pcp209;Dropped truck from pickup plan;2024-05-12 18:34:02
tr3;Pcp342;Assigned truck for pickup plan;2024-05-12 19:28:30
Silo14;tr3;Aranged silo for truck;2024-05-12 19:53:29
tr3;Silo14;Truck determined for continuing pickup at silo;2024-05-12 20:02:09
tr22;Pcp395;Dropped truck from pickup plan;2024-05-12 20:13:08
tr3;Pcp342;Dropped truck from pickup plan;2024-05-12 20:35:13
Pcp152;Cr1;Lodged pickup plan for cargo;2024-05-12 22:12:11
Pcp66;Cr10;Lodged pickup plan for cargo;2024-05-13 14:06:38
tr10;Pcp355;Assigned truck for pickup plan;2024-05-14 08:15:41
Silo14;tr10;Aranged silo for truck;2024-05-14 08:35:17
tr21;Pcp177;Assigned truck for pickup plan;2024-05-14 08:47:50
tr10;Silo14;Truck determined for continuing pickup at silo;2024-05-14 08:49:41
tr30;Pcp182;Assigned truck for pickup plan;2024-05-14 08:55:10
Silo9;tr21;Aranged silo for truck;2024-05-14 09:08:55
Silo6;tr30;Aranged silo for truck;2024-05-14 09:11:14
tr30;Silo6;Truck determined for continuing pickup at silo;2024-05-14 09:14:45
tr21;Silo9;Truck determined for continuing pickup at silo;2024-05-14 09:24:24
tr20;Pcp202;Assigned truck for pickup plan;2024-05-14 09:28:09
tr49;Pcp487;Assigned truck for pickup plan;2024-05-14 09:33:54
tr30;Pcp182;Dropped truck from pickup plan;2024-05-14 09:39:44
Silo10;tr20;Aranged silo for truck;2024-05-14 09:53:36
tr20;Silo10;Truck determined for continuing pickup at silo;2024-05-14 10:02:29
tr44;Pcp159;Assigned truck for pickup plan;2024-05-14 10:05:50
Silo5;tr49;Aranged silo for truck;2024-05-14 10:09:32
tr49;Silo5;Truck determined for continuing pickup at silo;2024-05-14 10:14:29
tr7;Pcp77;Assigned truck for pickup plan;2024-05-14 10:20:24
tr25;Pcp153;Assigned truck for pickup plan;2024-05-14 10:22:20
tr40;Pcp100;Assigned truck for pickup plan;2024-05-14 10:24:50
tr4;Pcp252;Assigned truck for pickup plan;2024-05-14 10:27:58
tr32;Pcp423;Assigned truck for pickup plan;2024-05-14 10:28:47
tr20;Pcp202;Dropped truck from pickup plan;2024-05-14 10:29:02
tr8;Pcp419;Assigned truck for pickup plan;2024-05-14 10:30:39
tr15;Pcp411;Assigned truck for pickup plan;2024-05-14 10:32:40
tr10;Pcp355;Dropped truck from pickup plan;2024-05-14 10:34:23
tr38;Pcp284;Assigned truck for pickup plan;2024-05-14 10:38:25
Silo16;tr4;Aranged silo for truck;2024-05-14 10:42:37
Silo16;tr15;Aranged silo for truck;2024-05-14 10:43:30
Silo6;tr40;Aranged silo for truck;2024-05-14 10:44:05
Silo12;tr7;Aranged silo for truck;2024-05-14 10:44:15
Silo2;tr32;Aranged silo for truck;2024-05-14 10:45:36
tr35;Pcp142;Assigned truck for pickup plan;2024-05-14 10:45:37
tr7;Silo12;Truck determined for continuing pickup at silo;2024-05-14 10:46:58
tr15;Silo16;Truck determined for continuing pickup at silo;2024-05-14 10:47:33
tr33;Pcp370;Assigned truck for pickup plan;2024-05-14 10:48:00
tr18;Pcp396;Assigned truck for pickup plan;2024-05-14 10:48:14
tr11;Pcp408;Assigned truck for pickup plan;2024-05-14 10:50:07
tr4;Silo16;Truck determined for continuing pickup at silo;2024-05-14 10:50:16
Silo5;tr25;Aranged silo for truck;2024-05-14 10:50:29
Silo16;tr8;Aranged silo for truck;2024-05-14 10:53:09
tr25;Silo5;Truck determined for continuing pickup at silo;2024-05-14 10:55:18
tr45;Pcp296;Assigned truck for pickup plan;2024-05-14 10:55:38
Silo2;tr35;Aranged silo for truck;2024-05-14 10:55:59
tr32;Silo2;Truck determined for continuing pickup at silo;2024-05-14 10:58:00
tr8;Silo16;Truck determined for continuing pickup at silo;2024-05-14 10:58:44
Silo6;tr33;Aranged silo for truck;2024-05-14 10:58:49
Silo1;tr44;Aranged silo for truck;2024-05-14 10:59:47
tr40;Silo6;Truck determined for continuing pickup at silo;2024-05-14 11:00:47
tr33;Silo6;Truck determined for continuing pickup at silo;2024-05-14 11:01:55
Silo2;tr18;Aranged silo for truck;2024-05-14 11:02:12
tr29;Pcp117;Assigned truck for pickup plan;2024-05-14 11:04:26
Silo10;tr11;Aranged silo for truck;2024-05-14 11:04:32
tr35;Silo2;Truck determined for continuing pickup at silo;2024-05-14 11:05:14
tr18;Silo2;Truck determined for continuing pickup at silo;2024-05-14 11:05:50
Silo13;tr45;Aranged silo for truck;2024-05-14 11:05:57
tr46;Pcp476;Assigned truck for pickup plan;2024-05-14 11:09:04
tr19;Pcp131;Assigned truck for pickup plan;2024-05-14 11:09:24
tr44;Silo1;Truck determined for continuing pickup at silo;2024-05-14 11:09:36
tr11;Silo10;Truck determined for continuing pickup at silo;2024-05-14 11:13:07
tr17;Pcp275;Assigned truck for pickup plan;2024-05-14 11:13:24
tr15;Pcp411;Dropped truck from pickup plan;2024-05-14 11:14:14
tr45;Silo13;Truck determined for continuing pickup at silo;2024-05-14 11:14:24
tr25;Pcp153;Dropped truck from pickup plan;2024-05-14 11:16:48
Silo8;tr38;Aranged silo for truck;2024-05-14 11:18:02
Silo13;tr29;Aranged silo for truck;2024-05-14 11:18:08
tr7;Pcp77;Dropped truck from pickup plan;2024-05-14 11:18:10
tr29;Silo13;Truck determined for continuing pickup at silo;2024-05-14 11:22:45
Silo10;tr19;Aranged silo for truck;2024-05-14 11:23:32
tr42;Pcp171;Assigned truck for pickup plan;2024-05-14 11:24:34
tr19;Silo10;Truck determined for continuing pickup at silo;2024-05-14 11:25:52
tr1;Pcp398;Assigned truck for pickup plan;2024-05-14 11:29:05
tr31;Pcp211;Assigned truck for pickup plan;2024-05-14 11:29:05
Silo16;tr46;Aranged silo for truck;2024-05-14 11:33:04
tr38;Silo8;Truck determined for continuing pickup at silo;2024-05-14 11:33:18
tr40;Pcp100;Dropped truck from pickup plan;2024-05-14 11:33:49
tr46;Silo16;Truck determined for continuing pickup at silo;2024-05-14 11:35:24
tr18;Pcp396;Dropped truck from pickup plan;2024-05-14 11:36:04
tr33;Pcp370;Dropped truck from pickup plan;2024-05-14 11:36:53
Silo2;tr17;Aranged silo for truck;2024-05-14 11:38:01
Silo19;tr31;Aranged silo for truck;2024-05-14 11:38:51
tr45;Pcp296;Dropped truck from pickup plan;2024-05-14 11:39:08
Silo6;tr42;Aranged silo for truck;2024-05-14 11:41:56
tr24;Pcp197;Assigned truck for pickup plan;2024-05-14 11:42:22
Silo9;tr1;Aranged silo for truck;2024-05-14 11:43:23
tr37;Pcp72;Assigned truck for pickup plan;2024-05-14 11:44:41
tr31;Silo19;Truck determined for continuing pickup at silo;2024-05-14 11:44:57
tr17;Silo2;Truck determined for continuing pickup at silo;2024-05-14 11:45:53
tr28;Pcp379;Assigned truck for pickup plan;2024-05-14 11:46:04
tr26;Pcp467;Assigned truck for pickup plan;2024-05-14 11:48:45
tr43;Pcp309;Assigned truck for pickup plan;2024-05-14 11:54:29
tr1;Silo9;Truck determined for continuing pickup at silo;2024-05-14 11:55:41
tr42;Silo6;Truck determined for continuing pickup at silo;2024-05-14 11:56:01
tr14;Pcp249;Assigned truck for pickup plan;2024-05-14 11:56:18
tr31;Pcp211;Dropped truck from pickup plan;2024-05-14 11:57:44
tr19;Pcp131;Dropped truck from pickup plan;2024-05-14 12:02:07
Silo12;tr26;Aranged silo for truck;2024-05-14 12:02:09
tr23;Pcp270;Assigned truck for pickup plan;2024-05-14 12:02:13
Silo4;tr28;Aranged silo for truck;2024-05-14 12:03:14
tr29;Pcp117;Dropped truck from pickup plan;2024-05-14 12:03:46
tr26;Silo12;Truck determined for continuing pickup at silo;2024-05-14 12:04:53
Silo14;tr37;Aranged silo for truck;2024-05-14 12:06:05
tr38;Pcp284;Dropped truck from pickup plan;2024-05-14 12:06:09
tr4;Pcp252;Dropped truck from pickup plan;2024-05-14 12:06:13
Silo20;tr14;Aranged silo for truck;2024-05-14 12:08:19
Silo13;tr24;Aranged silo for truck;2024-05-14 12:08:35
tr24;Silo13;Truck determined for continuing pickup at silo;2024-05-14 12:11:19
Silo6;tr23;Aranged silo for truck;2024-05-14 12:11:39
tr37;Silo14;Truck determined for continuing pickup at silo;2024-05-14 12:13:20
tr46;Pcp476;Dropped truck from pickup plan;2024-05-14 12:13:39
Silo14;tr43;Aranged silo for truck;2024-05-14 12:13:52
tr44;Pcp159;Dropped truck from pickup plan;2024-05-14 12:14:58
tr6;Pcp435;Assigned truck for pickup plan;2024-05-14 12:15:07
tr23;Silo6;Truck determined for continuing pickup at silo;2024-05-14 12:19:01
tr28;Silo4;Truck determined for continuing pickup at silo;2024-05-14 12:22:00
tr27;Pcp172;Assigned truck for pickup plan;2024-05-14 12:23:20
tr42;Pcp171;Dropped truck from pickup plan;2024-05-14 12:27:51
tr14;Silo20;Truck determined for continuing pickup at silo;2024-05-14 12:28:13
tr39;Pcp473;Assigned truck for pickup plan;2024-05-14 12:28:14
tr43;Silo14;Truck determined for continuing pickup at silo;2024-05-14 12:29:20
tr11;Pcp408;Dropped truck from pickup plan;2024-05-14 12:31:41
Silo18;tr6;Aranged silo for truck;2024-05-14 12:33:18
Silo16;tr27;Aranged silo for truck;2024-05-14 12:38:24
Silo3;tr39;Aranged silo for truck;2024-05-14 12:41:40
tr9;Pcp253;Assigned truck for pickup plan;2024-05-14 12:43:46
tr39;Silo3;Truck determined for continuing pickup at silo;2024-05-14 12:46:34
tr27;Silo16;Truck determined for continuing pickup at silo;2024-05-14 12:47:05
tr49;Pcp487;Dropped truck from pickup plan;2024-05-14 12:47:29
tr23;Pcp270;Dropped truck from pickup plan;2024-05-14 12:47:29
tr6;Silo18;Truck determined for continuing pickup at silo;2024-05-14 12:52:26
tr24;Pcp197;Dropped truck from pickup plan;2024-05-14 12:52:56
tr17;Pcp275;Dropped truck from pickup plan;2024-05-14 12:53:06
tr1;Pcp398;Dropped truck from pickup plan;2024-05-14 12:54:12
tr16;Pcp465;Assigned truck for pickup plan;2024-05-14 13:11:37
Silo13;tr9;Aranged silo for truck;2024-05-14 13:17:18
tr8;Pcp419;Dropped truck from pickup plan;2024-05-14 13:18:49
tr26;Pcp467;Dropped truck from pickup plan;2024-05-14 13:21:56
Silo20;tr16;Aranged silo for truck;2024-05-14 13:26:02
tr37;Pcp72;Dropped truck from pickup plan;2024-05-14 13:26:19
tr28;Pcp379;Dropped truck from pickup plan;2024-05-14 13:26:48
tr43;Pcp309;Dropped truck from pickup plan;2024-05-14 13:27:43
tr9;Silo13;Truck determined for continuing pickup at silo;2024-05-14 13:27:47
tr5;Pcp454;Assigned truck for pickup plan;2024-05-14 13:28:16
tr16;Silo20;Truck determined for continuing pickup at silo;2024-05-14 13:45:29
Silo14;tr5;Aranged silo for truck;2024-05-14 13:55:21
tr27;Pcp172;Dropped truck from pickup plan;2024-05-14 13:57:09
tr5;Silo14;Truck determined for continuing pickup at silo;2024-05-14 13:58:49
tr39;Pcp473;Dropped truck from pickup plan;2024-05-14 14:06:11
tr9;Pcp253;Dropped truck from pickup plan;2024-05-14 14:09:07
tr6;Pcp435;Dropped truck from pickup plan;2024-05-14 14:12:43
tr14;Pcp249;Dropped truck from pickup plan;2024-05-14 14:44:23
tr16;Pcp465;Dropped truck from pickup plan;2024-05-14 15:28:40
tr48;Pcp268;Assigned truck for pickup plan;2024-05-14 15:37:03
tr41;Pcp76;Assigned truck for pickup plan;2024-05-14 15:53:16
Silo10;tr48;Aranged silo for truck;2024-05-14 15:58:56
tr48;Silo10;Truck determined for continuing pickup at silo;2024-05-14 16:02:12
tr5;Pcp454;Dropped truck from pickup plan;2024-05-14 16:16:53
Silo19;tr41;Aranged silo for truck;2024-05-14 16:20:57
tr41;Silo19;Truck determined for continuing pickup at silo;2024-05-14 16:25:09
tr34;Pcp383;Assigned truck for pickup plan;2024-05-14 16:32:58
tr48;Pcp268;Dropped truck from pickup plan;2024-05-14 16:44:40
Silo13;tr34;Aranged silo for truck;2024-05-14 16:55:50
tr34;Silo13;Truck determined for continuing pickup at silo;2024-05-14 16:58:33
tr41;Pcp76;Dropped truck from pickup plan;2024-05-14 17:13:39
tr34;Pcp383;Dropped truck from pickup plan;2024-05-14 17:27:39
tr50;Pcp452;Assigned truck for pickup plan;2024-05-14 17:58:40
tr2;Pcp460;Assigned truck for pickup plan;2024-05-14 18:04:38
Silo17;tr50;Aranged silo for truck;2024-05-14 18:10:26
tr12;Pcp45;Assigned truck for pickup plan;2024-05-14 18:14:41
tr13;Pcp369;Assigned truck for pickup plan;2024-05-14 18:15:04
Silo2;tr2;Aranged silo for truck;2024-05-14 18:18:24
tr2;Silo2;Truck determined for continuing pickup at silo;2024-05-14 18:21:20
tr50;Silo17;Truck determined for continuing pickup at silo;2024-05-14 18:26:08
tr47;Pcp217;Assigned truck for pickup plan;2024-05-14 18:26:44
Silo12;tr13;Aranged silo for truck;2024-05-14 18:32:20
Silo6;tr12;Aranged silo for truck;2024-05-14 18:33:02
tr36;Pcp327;Assigned truck for pickup plan;2024-05-14 18:34:42
Silo19;tr47;Aranged silo for truck;2024-05-14 18:36:58
tr13;Silo12;Truck determined for continuing pickup at silo;2024-05-14 18:38:05
tr47;Silo19;Truck determined for continuing pickup at silo;2024-05-14 18:39:21
tr12;Silo6;Truck determined for continuing pickup at silo;2024-05-14 18:40:52
Silo10;tr36;Aranged silo for truck;2024-05-14 18:54:59
tr13;Pcp369;Dropped truck from pickup plan;2024-05-14 19:12:27
tr36;Silo10;Truck determined for continuing pickup at silo;2024-05-14 19:13:29
tr47;Pcp217;Dropped truck from pickup plan;2024-05-14 19:14:17
tr2;Pcp460;Dropped truck from pickup plan;2024-05-14 19:31:28
tr22;Pcp141;Assigned truck for pickup plan;2024-05-14 20:14:09
tr36;Pcp327;Dropped truck from pickup plan;2024-05-14 20:14:46
tr50;Pcp452;Dropped truck from pickup plan;2024-05-14 20:24:28
tr3;Pcp484;Assigned truck for pickup plan;2024-05-14 20:36:12
Silo2;tr22;Aranged silo for truck;2024-05-14 20:46:00
tr22;Silo2;Truck determined for continuing pickup at silo;2024-05-14 20:51:41
tr12;Pcp45;Dropped truck from pickup plan;2024-05-14 20:51:50
Silo12;tr3;Aranged silo for truck;2024-05-14 21:00:04
tr3;Silo12;Truck determined for continuing pickup at silo;2024-05-14 21:17:01
tr22;Pcp141;Dropped truck from pickup plan;2024-05-14 21:28:39
tr3;Pcp484;Dropped truck from pickup plan;2024-05-14 21:41:01
Pcp297;Cr4;Lodged pickup plan for cargo;2024-05-15 01:04:12
Pcp425;Cr4;Lodged pickup plan for cargo;2024-05-15 12:26:09
Pcp192;Cr20;Lodged pickup plan for cargo;2024-05-15 13:16:05
tr21;Pcp408;Assigned truck for pickup plan;2024-05-16 09:29:18
tr30;Pcp290;Assigned truck for pickup plan;2024-05-16 09:40:17
Silo10;tr21;Aranged silo for truck;2024-05-16 09:49:43
Silo16;tr30;Aranged silo for truck;2024-05-16 10:06:49
tr21;Silo10;Truck determined for continuing pickup at silo;2024-05-16 10:08:04
tr30;Silo16;Truck determined for continuing pickup at silo;2024-05-16 10:18:30
tr20;Pcp395;Assigned truck for pickup plan;2024-05-16 10:29:34
tr10;Pcp221;Assigned truck for pickup plan;2024-05-16 10:36:38
Silo9;tr20;Aranged silo for truck;2024-05-16 10:39:24
Silo14;tr10;Aranged silo for truck;2024-05-16 10:51:07
tr20;Silo9;Truck determined for continuing pickup at silo;2024-05-16 10:51:57
tr10;Silo14;Truck determined for continuing pickup at silo;2024-05-16 11:00:13
tr32;Pcp339;Assigned truck for pickup plan;2024-05-16 11:02:21
tr35;Pcp56;Assigned truck for pickup plan;2024-05-16 11:08:51
tr21;Pcp408;Dropped truck from pickup plan;2024-05-16 11:14:39
tr15;Pcp257;Assigned truck for pickup plan;2024-05-16 11:16:29
Silo2;tr32;Aranged silo for truck;2024-05-16 11:17:05
tr25;Pcp365;Assigned truck for pickup plan;2024-05-16 11:17:30
tr30;Pcp290;Dropped truck from pickup plan;2024-05-16 11:17:42
tr7;Pcp46;Assigned truck for pickup plan;2024-05-16 11:20:22
Silo11;tr15;Aranged silo for truck;2024-05-16 11:30:27
tr32;Silo2;Truck determined for continuing pickup at silo;2024-05-16 11:32:17
tr15;Silo11;Truck determined for continuing pickup at silo;2024-05-16 11:34:59
tr40;Pcp145;Assigned truck for pickup plan;2024-05-16 11:37:19
Silo14;tr25;Aranged silo for truck;2024-05-16 11:38:08
tr18;Pcp456;Assigned truck for pickup plan;2024-05-16 11:38:34
tr33;Pcp341;Assigned truck for pickup plan;2024-05-16 11:39:05
tr45;Pcp226;Assigned truck for pickup plan;2024-05-16 11:39:45
Silo16;tr35;Aranged silo for truck;2024-05-16 11:40:51
tr25;Silo14;Truck determined for continuing pickup at silo;2024-05-16 11:41:20
tr10;Pcp221;Dropped truck from pickup plan;2024-05-16 11:44:30
Silo16;tr7;Aranged silo for truck;2024-05-16 11:51:17
tr35;Silo16;Truck determined for continuing pickup at silo;2024-05-16 11:52:25
tr7;Silo16;Truck determined for continuing pickup at silo;2024-05-16 11:54:28
Silo2;tr33;Aranged silo for truck;2024-05-16 11:56:31
Silo18;tr40;Aranged silo for truck;2024-05-16 11:58:10
tr31;Pcp483;Assigned truck for pickup plan;2024-05-16 11:59:14
tr19;Pcp130;Assigned truck for pickup plan;2024-05-16 12:03:12
tr29;Pcp163;Assigned truck for pickup plan;2024-05-16 12:04:30
tr33;Silo2;Truck determined for continuing pickup at silo;2024-05-16 12:05:50
tr4;Pcp346;Assigned truck for pickup plan;2024-05-16 12:07:00
Silo10;tr45;Aranged silo for truck;2024-05-16 12:07:10
tr38;Pcp344;Assigned truck for pickup plan;2024-05-16 12:08:04
tr20;Pcp395;Dropped truck from pickup plan;2024-05-16 12:11:23
Silo3;tr31;Aranged silo for truck;2024-05-16 12:14:38
tr46;Pcp204;Assigned truck for pickup plan;2024-05-16 12:15:04
Silo19;tr18;Aranged silo for truck;2024-05-16 12:15:42
tr40;Silo18;Truck determined for continuing pickup at silo;2024-05-16 12:17:50
tr44;Pcp411;Assigned truck for pickup plan;2024-05-16 12:17:56
tr31;Silo3;Truck determined for continuing pickup at silo;2024-05-16 12:18:28
tr7;Pcp46;Dropped truck from pickup plan;2024-05-16 12:19:22
Silo3;tr19;Aranged silo for truck;2024-05-16 12:19:27
Silo20;tr38;Aranged silo for truck;2024-05-16 12:22:18
tr18;Silo19;Truck determined for continuing pickup at silo;2024-05-16 12:23:08
tr45;Silo10;Truck determined for continuing pickup at silo;2024-05-16 12:23:54
Silo20;tr46;Aranged silo for truck;2024-05-16 12:24:04
tr35;Pcp56;Dropped truck from pickup plan;2024-05-16 12:24:38
tr46;Silo20;Truck determined for continuing pickup at silo;2024-05-16 12:26:04
tr38;Silo20;Truck determined for continuing pickup at silo;2024-05-16 12:28:06
tr42;Pcp403;Assigned truck for pickup plan;2024-05-16 12:29:22
tr19;Silo3;Truck determined for continuing pickup at silo;2024-05-16 12:29:37
Silo17;tr4;Aranged silo for truck;2024-05-16 12:30:45
tr11;Pcp107;Assigned truck for pickup plan;2024-05-16 12:32:41
tr25;Pcp365;Dropped truck from pickup plan;2024-05-16 12:35:55
Silo16;tr44;Aranged silo for truck;2024-05-16 12:36:27
tr4;Silo17;Truck determined for continuing pickup at silo;2024-05-16 12:37:53
Silo1;tr29;Aranged silo for truck;2024-05-16 12:39:10
tr40;Pcp145;Dropped truck from pickup plan;2024-05-16 12:39:19
tr15;Pcp257;Dropped truck from pickup plan;2024-05-16 12:39:50
tr29;Silo1;Truck determined for continuing pickup at silo;2024-05-16 12:42:55
tr46;Pcp204;Dropped truck from pickup plan;2024-05-16 12:45:54
tr23;Pcp281;Assigned truck for pickup plan;2024-05-16 12:49:13
tr44;Silo16;Truck determined for continuing pickup at silo;2024-05-16 12:49:17
tr49;Pcp360;Assigned truck for pickup plan;2024-05-16 12:49:49
tr38;Pcp344;Dropped truck from pickup plan;2024-05-16 12:53:32
tr17;Pcp306;Assigned truck for pickup plan;2024-05-16 12:54:05
tr24;Pcp436;Assigned truck for pickup plan;2024-05-16 12:55:32
tr1;Pcp396;Assigned truck for pickup plan;2024-05-16 12:56:22
Silo13;tr11;Aranged silo for truck;2024-05-16 12:57:25
Silo14;tr42;Aranged silo for truck;2024-05-16 13:00:48
tr29;Pcp163;Dropped truck from pickup plan;2024-05-16 13:01:16
tr11;Silo13;Truck determined for continuing pickup at silo;2024-05-16 13:02:57
tr42;Silo14;Truck determined for continuing pickup at silo;2024-05-16 13:02:59
tr44;Pcp411;Dropped truck from pickup plan;2024-05-16 13:06:52
tr19;Pcp130;Dropped truck from pickup plan;2024-05-16 13:06:55
Silo14;tr49;Aranged silo for truck;2024-05-16 13:10:21
Silo6;tr17;Aranged silo for truck;2024-05-16 13:19:00
tr8;Pcp158;Assigned truck for pickup plan;2024-05-16 13:19:34
Silo18;tr23;Aranged silo for truck;2024-05-16 13:19:39
tr26;Pcp268;Assigned truck for pickup plan;2024-05-16 13:23:08
tr4;Pcp346;Dropped truck from pickup plan;2024-05-16 13:24:43
tr49;Silo14;Truck determined for continuing pickup at silo;2024-05-16 13:25:43
tr37;Pcp134;Assigned truck for pickup plan;2024-05-16 13:26:58
tr28;Pcp293;Assigned truck for pickup plan;2024-05-16 13:28:26
tr17;Silo6;Truck determined for continuing pickup at silo;2024-05-16 13:28:26
tr43;Pcp214;Assigned truck for pickup plan;2024-05-16 13:28:41
tr31;Pcp483;Dropped truck from pickup plan;2024-05-16 13:29:30
tr23;Silo18;Truck determined for continuing pickup at silo;2024-05-16 13:30:27
tr18;Pcp456;Dropped truck from pickup plan;2024-05-16 13:31:04
Silo2;tr1;Aranged silo for truck;2024-05-16 13:32:48
tr42;Pcp403;Dropped truck from pickup plan;2024-05-16 13:33:51
tr11;Pcp107;Dropped truck from pickup plan;2024-05-16 13:34:11
Silo3;tr24;Aranged silo for truck;2024-05-16 13:36:36
Silo10;tr26;Aranged silo for truck;2024-05-16 13:39:16
Silo2;tr37;Aranged silo for truck;2024-05-16 13:39:55
Silo10;tr8;Aranged silo for truck;2024-05-16 13:40:01
tr45;Pcp226;Dropped truck from pickup plan;2024-05-16 13:40:10
tr24;Silo3;Truck determined for continuing pickup at silo;2024-05-16 13:41:27
Silo10;tr43;Aranged silo for truck;2024-05-16 13:41:28
tr1;Silo2;Truck determined for continuing pickup at silo;2024-05-16 13:44:07
tr49;Pcp360;Dropped truck from pickup plan;2024-05-16 13:45:23
tr8;Silo10;Truck determined for continuing pickup at silo;2024-05-16 13:46:26
tr37;Silo2;Truck determined for continuing pickup at silo;2024-05-16 13:48:24
tr43;Silo10;Truck determined for continuing pickup at silo;2024-05-16 13:56:29
Silo17;tr28;Aranged silo for truck;2024-05-16 13:56:36
tr26;Silo10;Truck determined for continuing pickup at silo;2024-05-16 13:57:00
tr27;Pcp43;Assigned truck for pickup plan;2024-05-16 13:58:25
tr39;Pcp327;Assigned truck for pickup plan;2024-05-16 14:06:51
tr9;Pcp74;Assigned truck for pickup plan;2024-05-16 14:09:56
tr37;Pcp134;Dropped truck from pickup plan;2024-05-16 14:12:45
tr6;Pcp279;Assigned truck for pickup plan;2024-05-16 14:13:42
tr28;Silo17;Truck determined for continuing pickup at silo;2024-05-16 14:15:52
Silo10;tr27;Aranged silo for truck;2024-05-16 14:17:08
Silo10;tr39;Aranged silo for truck;2024-05-16 14:17:47
tr39;Silo10;Truck determined for continuing pickup at silo;2024-05-16 14:26:48
tr23;Pcp281;Dropped truck from pickup plan;2024-05-16 14:32:58
tr27;Silo10;Truck determined for continuing pickup at silo;2024-05-16 14:35:59
tr1;Pcp396;Dropped truck from pickup plan;2024-05-16 14:37:30
Silo19;tr6;Aranged silo for truck;2024-05-16 14:42:04
Silo18;tr9;Aranged silo for truck;2024-05-16 14:42:04
tr14;Pcp485;Assigned truck for pickup plan;2024-05-16 14:45:32
tr6;Silo19;Truck determined for continuing pickup at silo;2024-05-16 14:52:03
tr9;Silo18;Truck determined for continuing pickup at silo;2024-05-16 14:54:18
tr8;Pcp158;Dropped truck from pickup plan;2024-05-16 14:56:09
Silo19;tr14;Aranged silo for truck;2024-05-16 14:57:02
tr43;Pcp214;Dropped truck from pickup plan;2024-05-16 14:59:35
tr27;Pcp43;Dropped truck from pickup plan;2024-05-16 15:02:24
tr14;Silo19;Truck determined for continuing pickup at silo;2024-05-16 15:10:00
tr6;Pcp279;Dropped truck from pickup plan;2024-05-16 15:12:53
tr9;Pcp74;Dropped truck from pickup plan;2024-05-16 15:27:56
tr16;Pcp198;Assigned truck for pickup plan;2024-05-16 15:29:54
tr28;Pcp293;Dropped truck from pickup plan;2024-05-16 15:37:08
tr14;Pcp485;Dropped truck from pickup plan;2024-05-16 15:46:51
tr39;Pcp327;Dropped truck from pickup plan;2024-05-16 15:51:26
Silo18;tr16;Aranged silo for truck;2024-05-16 15:54:54
tr24;Pcp436;Dropped truck from pickup plan;2024-05-16 15:57:15
tr16;Silo18;Truck determined for continuing pickup at silo;2024-05-16 15:58:44
tr26;Pcp268;Dropped truck from pickup plan;2024-05-16 16:13:01
tr5;Pcp363;Assigned truck for pickup plan;2024-05-16 16:18:43
tr16;Pcp198;Dropped truck from pickup plan;2024-05-16 16:27:01
Silo15;tr5;Aranged silo for truck;2024-05-16 16:44:11
tr48;Pcp131;Assigned truck for pickup plan;2024-05-16 16:45:16
tr5;Silo15;Truck determined for continuing pickup at silo;2024-05-16 16:46:22
tr5;Pcp363;Dropped truck from pickup plan;2024-05-16 17:01:11
Silo10;tr48;Aranged silo for truck;2024-05-16 17:11:59
tr41;Pcp315;Assigned truck for pickup plan;2024-05-16 17:15:09
tr34;Pcp74;Assigned truck for pickup plan;2024-05-16 17:29:29
tr48;Silo10;Truck determined for continuing pickup at silo;2024-05-16 17:31:57
Silo2;tr41;Aranged silo for truck;2024-05-16 17:36:25
tr41;Silo2;Truck determined for continuing pickup at silo;2024-05-16 17:40:04
Silo18;tr34;Aranged silo for truck;2024-05-16 17:56:42
tr41;Pcp315;Dropped truck from pickup plan;2024-05-16 17:56:44
tr34;Silo18;Truck determined for continuing pickup at silo;2024-05-16 18:14:53
tr48;Pcp131;Dropped truck from pickup plan;2024-05-16 18:24:14
tr34;Pcp74;Dropped truck from pickup plan;2024-05-16 18:49:34
tr13;Pcp472;Assigned truck for pickup plan;2024-05-16 19:13:42
tr47;Pcp476;Assigned truck for pickup plan;2024-05-16 19:15:21
Silo16;tr47;Aranged silo for truck;2024-05-16 19:26:54
tr47;Silo16;Truck determined for continuing pickup at silo;2024-05-16 19:29:20
tr2;Pcp362;Assigned truck for pickup plan;2024-05-16 19:31:59
Silo12;tr13;Aranged silo for truck;2024-05-16 19:40:07
tr13;Silo12;Truck determined for continuing pickup at silo;2024-05-16 19:44:59
Silo9;tr2;Aranged silo for truck;2024-05-16 19:46:27
tr47;Pcp476;Dropped truck from pickup plan;2024-05-16 19:50:55
tr2;Silo9;Truck determined for continuing pickup at silo;2024-05-16 19:56:02
tr36;Pcp85;Assigned truck for pickup plan;2024-05-16 20:15:22
tr13;Pcp472;Dropped truck from pickup plan;2024-05-16 20:20:30
tr50;Pcp483;Assigned truck for pickup plan;2024-05-16 20:25:20
Silo3;tr50;Aranged silo for truck;2024-05-16 20:37:47
Silo17;tr36;Aranged silo for truck;2024-05-16 20:40:11
tr2;Pcp362;Dropped truck from pickup plan;2024-05-16 20:44:20
tr50;Silo3;Truck determined for continuing pickup at silo;2024-05-16 20:46:25
tr12;Pcp389;Assigned truck for pickup plan;2024-05-16 20:52:40
tr36;Silo17;Truck determined for continuing pickup at silo;2024-05-16 20:56:30
Silo12;tr12;Aranged silo for truck;2024-05-16 21:02:57
tr12;Silo12;Truck determined for continuing pickup at silo;2024-05-16 21:06:22
tr50;Pcp483;Dropped truck from pickup plan;2024-05-16 21:29:19
tr22;Pcp466;Assigned truck for pickup plan;2024-05-16 21:30:41
tr3;Pcp324;Assigned truck for pickup plan;2024-05-16 21:42:15
Silo18;tr22;Aranged silo for truck;2024-05-16 21:42:55
Silo17;tr3;Aranged silo for truck;2024-05-16 21:58:01
tr22;Silo18;Truck determined for continuing pickup at silo;2024-05-16 22:01:51
tr36;Pcp85;Dropped truck from pickup plan;2024-05-16 22:09:37
tr3;Silo17;Truck determined for continuing pickup at silo;2024-05-16 22:10:13
tr22;Pcp466;Dropped truck from pickup plan;2024-05-16 22:23:44
tr12;Pcp389;Dropped truck from pickup plan;2024-05-16 23:55:10
Pcp429;Cr4;Lodged pickup plan for cargo;2024-05-17 00:22:13
tr3;Pcp324;Dropped truck from pickup plan;2024-05-17 00:42:35
Pcp250;Cr17;Lodged pickup plan for cargo;2024-05-17 07:32:53
Pcp50;Cr4;Lodged pickup plan for cargo;2024-05-17 18:57:10
tr21;Pcp155;Assigned truck for pickup plan;2024-05-18 11:16:44
tr30;Pcp1;Assigned truck for pickup plan;2024-05-18 11:18:15
Silo9;tr21;Aranged silo for truck;2024-05-18 11:30:06
tr21;Silo9;Truck determined for continuing pickup at silo;2024-05-18 11:35:08
tr32;Pcp379;Assigned truck for pickup plan;2024-05-18 11:36:09
Silo1;tr30;Aranged silo for truck;2024-05-18 11:40:17
tr30;Silo1;Truck determined for continuing pickup at silo;2024-05-18 11:42:56
tr10;Pcp130;Assigned truck for pickup plan;2024-05-18 11:45:09
Silo4;tr32;Aranged silo for truck;2024-05-18 11:51:53
tr32;Silo4;Truck determined for continuing pickup at silo;2024-05-18 11:57:13
tr30;Pcp1;Dropped truck from pickup plan;2024-05-18 12:06:26
Silo3;tr10;Aranged silo for truck;2024-05-18 12:06:39
tr33;Pcp410;Assigned truck for pickup plan;2024-05-18 12:08:43
tr20;Pcp100;Assigned truck for pickup plan;2024-05-18 12:12:48
tr10;Silo3;Truck determined for continuing pickup at silo;2024-05-18 12:19:23
tr7;Pcp339;Assigned truck for pickup plan;2024-05-18 12:20:52
tr35;Pcp34;Assigned truck for pickup plan;2024-05-18 12:25:45
tr32;Pcp379;Dropped truck from pickup plan;2024-05-18 12:27:15
tr21;Pcp155;Dropped truck from pickup plan;2024-05-18 12:31:39
Silo2;tr33;Aranged silo for truck;2024-05-18 12:32:23
Silo2;tr7;Aranged silo for truck;2024-05-18 12:33:32
Silo6;tr20;Aranged silo for truck;2024-05-18 12:33:48
tr20;Silo6;Truck determined for continuing pickup at silo;2024-05-18 12:36:23
tr25;Pcp41;Assigned truck for pickup plan;2024-05-18 12:37:23
tr33;Silo2;Truck determined for continuing pickup at silo;2024-05-18 12:37:30
tr7;Silo2;Truck determined for continuing pickup at silo;2024-05-18 12:38:19
tr40;Pcp431;Assigned truck for pickup plan;2024-05-18 12:40:28
Silo13;tr35;Aranged silo for truck;2024-05-18 12:40:30
tr15;Pcp34;Assigned truck for pickup plan;2024-05-18 12:40:32
tr46;Pcp220;Assigned truck for pickup plan;2024-05-18 12:46:54
tr10;Pcp130;Dropped truck from pickup plan;2024-05-18 12:47:17
tr38;Pcp161;Assigned truck for pickup plan;2024-05-18 12:54:54
Silo13;tr15;Aranged silo for truck;2024-05-18 12:55:02
Silo20;tr25;Aranged silo for truck;2024-05-18 12:56:27
tr35;Silo13;Truck determined for continuing pickup at silo;2024-05-18 12:58:48
tr15;Silo13;Truck determined for continuing pickup at silo;2024-05-18 13:00:53
tr29;Pcp263;Assigned truck for pickup plan;2024-05-18 13:01:56
tr33;Pcp410;Dropped truck from pickup plan;2024-05-18 13:06:39
tr44;Pcp124;Assigned truck for pickup plan;2024-05-18 13:07:59
Silo3;tr46;Aranged silo for truck;2024-05-18 13:10:16
tr19;Pcp186;Assigned truck for pickup plan;2024-05-18 13:10:54
Silo12;tr38;Aranged silo for truck;2024-05-18 13:12:53
tr46;Silo3;Truck determined for continuing pickup at silo;2024-05-18 13:13:37
Silo8;tr40;Aranged silo for truck;2024-05-18 13:13:44
tr25;Silo20;Truck determined for continuing pickup at silo;2024-05-18 13:14:06
Silo6;tr29;Aranged silo for truck;2024-05-18 13:14:54
tr15;Pcp34;Dropped truck from pickup plan;2024-05-18 13:15:18
tr38;Silo12;Truck determined for continuing pickup at silo;2024-05-18 13:16:24
tr40;Silo8;Truck determined for continuing pickup at silo;2024-05-18 13:23:59
tr4;Pcp240;Assigned truck for pickup plan;2024-05-18 13:25:34
tr29;Silo6;Truck determined for continuing pickup at silo;2024-05-18 13:25:55
tr31;Pcp469;Assigned truck for pickup plan;2024-05-18 13:30:03
tr17;Pcp433;Assigned truck for pickup plan;2024-05-18 13:31:48
tr18;Pcp285;Assigned truck for pickup plan;2024-05-18 13:32:40
Silo5;tr44;Aranged silo for truck;2024-05-18 13:33:33
tr20;Pcp100;Dropped truck from pickup plan;2024-05-18 13:34:12
Silo10;tr19;Aranged silo for truck;2024-05-18 13:34:42
tr11;Pcp398;Assigned truck for pickup plan;2024-05-18 13:35:15
tr42;Pcp315;Assigned truck for pickup plan;2024-05-18 13:38:21
Silo15;tr4;Aranged silo for truck;2024-05-18 13:39:44
tr45;Pcp170;Assigned truck for pickup plan;2024-05-18 13:41:08
tr4;Silo15;Truck determined for continuing pickup at silo;2024-05-18 13:46:02
Silo13;tr17;Aranged silo for truck;2024-05-18 13:46:21
tr49;Pcp152;Assigned truck for pickup plan;2024-05-18 13:47:22
Silo17;tr31;Aranged silo for truck;2024-05-18 13:49:09
tr38;Pcp161;Dropped truck from pickup plan;2024-05-18 13:50:07
tr44;Silo5;Truck determined for continuing pickup at silo;2024-05-18 13:50:24
tr19;Silo10;Truck determined for continuing pickup at silo;2024-05-18 13:51:45
Silo19;tr18;Aranged silo for truck;2024-05-18 13:52:30
tr25;Pcp41;Dropped truck from pickup plan;2024-05-18 13:53:30
Silo2;tr42;Aranged silo for truck;2024-05-18 13:53:54
tr31;Silo17;Truck determined for continuing pickup at silo;2024-05-18 13:55:32
tr29;Pcp263;Dropped truck from pickup plan;2024-05-18 13:55:35
tr17;Silo13;Truck determined for continuing pickup at silo;2024-05-18 13:56:46
tr18;Silo19;Truck determined for continuing pickup at silo;2024-05-18 14:01:30
Silo20;tr45;Aranged silo for truck;2024-05-18 14:03:04
Silo3;tr49;Aranged silo for truck;2024-05-18 14:04:02
tr4;Pcp240;Dropped truck from pickup plan;2024-05-18 14:05:25
tr7;Pcp339;Dropped truck from pickup plan;2024-05-18 14:07:56
Silo9;tr11;Aranged silo for truck;2024-05-18 14:08:18
tr40;Pcp431;Dropped truck from pickup plan;2024-05-18 14:10:29
tr42;Silo2;Truck determined for continuing pickup at silo;2024-05-18 14:10:32
tr49;Silo3;Truck determined for continuing pickup at silo;2024-05-18 14:10:32
tr11;Silo9;Truck determined for continuing pickup at silo;2024-05-18 14:11:03
tr35;Pcp34;Dropped truck from pickup plan;2024-05-18 14:11:13
tr45;Silo20;Truck determined for continuing pickup at silo;2024-05-18 14:12:10
tr37;Pcp85;Assigned truck for pickup plan;2024-05-18 14:15:14
tr31;Pcp469;Dropped truck from pickup plan;2024-05-18 14:16:22
tr18;Pcp285;Dropped truck from pickup plan;2024-05-18 14:25:34
tr46;Pcp220;Dropped truck from pickup plan;2024-05-18 14:26:00
tr42;Pcp315;Dropped truck from pickup plan;2024-05-18 14:32:08
tr49;Pcp152;Dropped truck from pickup plan;2024-05-18 14:34:01
tr23;Pcp64;Assigned truck for pickup plan;2024-05-18 14:34:13
Silo17;tr37;Aranged silo for truck;2024-05-18 14:35:20
tr1;Pcp314;Assigned truck for pickup plan;2024-05-18 14:38:11
tr37;Silo17;Truck determined for continuing pickup at silo;2024-05-18 14:40:45
Silo5;tr1;Aranged silo for truck;2024-05-18 14:49:17
tr1;Silo5;Truck determined for continuing pickup at silo;2024-05-18 14:53:12
tr11;Pcp398;Dropped truck from pickup plan;2024-05-18 14:53:23
tr8;Pcp430;Assigned truck for pickup plan;2024-05-18 14:57:00
tr37;Pcp85;Dropped truck from pickup plan;2024-05-18 15:01:21
tr43;Pcp306;Assigned truck for pickup plan;2024-05-18 15:01:29
tr27;Pcp107;Assigned truck for pickup plan;2024-05-18 15:02:57
Silo20;tr23;Aranged silo for truck;2024-05-18 15:03:33
tr23;Silo20;Truck determined for continuing pickup at silo;2024-05-18 15:07:16
tr6;Pcp166;Assigned truck for pickup plan;2024-05-18 15:15:46
Silo6;tr43;Aranged silo for truck;2024-05-18 15:17:45
tr1;Pcp314;Dropped truck from pickup plan;2024-05-18 15:20:17
tr43;Silo6;Truck determined for continuing pickup at silo;2024-05-18 15:21:30
Silo13;tr27;Aranged silo for truck;2024-05-18 15:22:01
Silo13;tr8;Aranged silo for truck;2024-05-18 15:26:07
tr8;Silo13;Truck determined for continuing pickup at silo;2024-05-18 15:28:47
Silo1;tr6;Aranged silo for truck;2024-05-18 15:30:09
tr9;Pcp464;Assigned truck for pickup plan;2024-05-18 15:31:40
tr27;Silo13;Truck determined for continuing pickup at silo;2024-05-18 15:33:17
tr6;Silo1;Truck determined for continuing pickup at silo;2024-05-18 15:33:22
tr28;Pcp460;Assigned truck for pickup plan;2024-05-18 15:40:23
Silo6;tr9;Aranged silo for truck;2024-05-18 15:40:43
tr9;Silo6;Truck determined for continuing pickup at silo;2024-05-18 15:44:05
tr14;Pcp311;Assigned truck for pickup plan;2024-05-18 15:49:20
tr44;Pcp124;Dropped truck from pickup plan;2024-05-18 15:50:06
tr39;Pcp450;Assigned truck for pickup plan;2024-05-18 15:54:50
tr24;Pcp46;Assigned truck for pickup plan;2024-05-18 15:59:24
Silo13;tr14;Aranged silo for truck;2024-05-18 16:00:03
Silo2;tr28;Aranged silo for truck;2024-05-18 16:02:42
tr14;Silo13;Truck determined for continuing pickup at silo;2024-05-18 16:04:10
tr45;Pcp170;Dropped truck from pickup plan;2024-05-18 16:04:33
tr28;Silo2;Truck determined for continuing pickup at silo;2024-05-18 16:06:03
tr6;Pcp166;Dropped truck from pickup plan;2024-05-18 16:10:08
Silo15;tr39;Aranged silo for truck;2024-05-18 16:11:03
tr39;Silo15;Truck determined for continuing pickup at silo;2024-05-18 16:13:15
tr26;Pcp388;Assigned truck for pickup plan;2024-05-18 16:17:01
tr9;Pcp464;Dropped truck from pickup plan;2024-05-18 16:21:47
tr17;Pcp433;Dropped truck from pickup plan;2024-05-18 16:22:46
tr27;Pcp107;Dropped truck from pickup plan;2024-05-18 16:25:37
tr16;Pcp172;Assigned truck for pickup plan;2024-05-18 16:28:06
Silo16;tr24;Aranged silo for truck;2024-05-18 16:30:13
tr24;Silo16;Truck determined for continuing pickup at silo;2024-05-18 16:39:52
tr43;Pcp306;Dropped truck from pickup plan;2024-05-18 16:41:54
Silo3;tr26;Aranged silo for truck;2024-05-18 16:42:02
tr23;Pcp64;Dropped truck from pickup plan;2024-05-18 16:42:22
Silo16;tr16;Aranged silo for truck;2024-05-18 16:42:43
tr28;Pcp460;Dropped truck from pickup plan;2024-05-18 16:51:56
tr16;Silo16;Truck determined for continuing pickup at silo;2024-05-18 16:52:52
tr26;Silo3;Truck determined for continuing pickup at silo;2024-05-18 16:54:50
tr5;Pcp303;Assigned truck for pickup plan;2024-05-18 17:02:36
tr24;Pcp46;Dropped truck from pickup plan;2024-05-18 17:10:28
tr8;Pcp430;Dropped truck from pickup plan;2024-05-18 17:15:13
Silo12;tr5;Aranged silo for truck;2024-05-18 17:19:54
tr5;Silo12;Truck determined for continuing pickup at silo;2024-05-18 17:24:26
tr26;Pcp388;Dropped truck from pickup plan;2024-05-18 17:29:37
tr39;Pcp450;Dropped truck from pickup plan;2024-05-18 17:46:58
tr5;Pcp303;Dropped truck from pickup plan;2024-05-18 17:47:17
tr16;Pcp172;Dropped truck from pickup plan;2024-05-18 17:58:12
tr41;Pcp217;Assigned truck for pickup plan;2024-05-18 17:59:10
Silo19;tr41;Aranged silo for truck;2024-05-18 18:14:47
tr41;Silo19;Truck determined for continuing pickup at silo;2024-05-18 18:25:42
tr48;Pcp192;Assigned truck for pickup plan;2024-05-18 18:26:32
tr34;Pcp425;Assigned truck for pickup plan;2024-05-18 18:50:26
Silo9;tr48;Aranged silo for truck;2024-05-18 18:51:21
tr48;Silo9;Truck determined for continuing pickup at silo;2024-05-18 19:00:32
Silo2;tr34;Aranged silo for truck;2024-05-18 19:04:23
tr34;Silo2;Truck determined for continuing pickup at silo;2024-05-18 19:15:55
tr41;Pcp217;Dropped truck from pickup plan;2024-05-18 19:45:32
tr47;Pcp156;Assigned truck for pickup plan;2024-05-18 19:51:58
tr48;Pcp192;Dropped truck from pickup plan;2024-05-18 19:59:11
tr34;Pcp425;Dropped truck from pickup plan;2024-05-18 20:08:13
Silo14;tr47;Aranged silo for truck;2024-05-18 20:10:02
tr13;Pcp7;Assigned truck for pickup plan;2024-05-18 20:22:25
tr47;Silo14;Truck determined for continuing pickup at silo;2024-05-18 20:27:22
tr2;Pcp314;Assigned truck for pickup plan;2024-05-18 20:45:29
Silo18;tr13;Aranged silo for truck;2024-05-18 20:49:40
tr47;Pcp156;Dropped truck from pickup plan;2024-05-18 20:52:37
tr13;Silo18;Truck determined for continuing pickup at silo;2024-05-18 20:54:41
Silo5;tr2;Aranged silo for truck;2024-05-18 21:21:06
tr2;Silo5;Truck determined for continuing pickup at silo;2024-05-18 21:27:03
tr50;Pcp443;Assigned truck for pickup plan;2024-05-18 21:30:09
Silo9;tr50;Aranged silo for truck;2024-05-18 21:52:16
tr50;Silo9;Truck determined for continuing pickup at silo;2024-05-18 22:03:49
tr36;Pcp443;Assigned truck for pickup plan;2024-05-18 22:11:23
tr13;Pcp7;Dropped truck from pickup plan;2024-05-18 22:12:30
Silo9;tr36;Aranged silo for truck;2024-05-18 22:24:39
tr22;Pcp470;Assigned truck for pickup plan;2024-05-18 22:25:02
tr2;Pcp314;Dropped truck from pickup plan;2024-05-18 22:30:21
Silo12;tr22;Aranged silo for truck;2024-05-18 22:37:55
tr36;Silo9;Truck determined for continuing pickup at silo;2024-05-18 22:44:32
tr22;Silo12;Truck determined for continuing pickup at silo;2024-05-18 22:45:16
tr50;Pcp443;Dropped truck from pickup plan;2024-05-18 23:09:01
tr36;Pcp443;Dropped truck from pickup plan;2024-05-18 23:24:59
tr12;Pcp168;Assigned truck for pickup plan;2024-05-18 23:55:40
Silo15;tr12;Aranged silo for truck;2024-05-19 00:20:01
tr12;Silo15;Truck determined for continuing pickup at silo;2024-05-19 00:33:07
tr22;Pcp470;Dropped truck from pickup plan;2024-05-19 00:44:23
tr3;Pcp156;Assigned truck for pickup plan;2024-05-19 00:46:03
tr12;Pcp168;Dropped truck from pickup plan;2024-05-19 00:57:16
Silo14;tr3;Aranged silo for truck;2024-05-19 01:08:08
tr3;Silo14;Truck determined for continuing pickup at silo;2024-05-19 01:13:29
Pcp394;Cr12;Lodged pickup plan for cargo;2024-05-19 01:14:36
tr3;Pcp156;Dropped truck from pickup plan;2024-05-19 02:32:53
Pcp331;Cr10;Lodged pickup plan for cargo;2024-05-19 04:58:46
tr30;Pcp237;Assigned truck for pickup plan;2024-05-20 12:06:57
Silo11;tr30;Aranged silo for truck;2024-05-20 12:18:31
tr30;Silo11;Truck determined for continuing pickup at silo;2024-05-20 12:27:08
tr32;Pcp9;Assigned truck for pickup plan;2024-05-20 12:29:48
tr21;Pcp388;Assigned truck for pickup plan;2024-05-20 12:32:26
tr10;Pcp413;Assigned truck for pickup plan;2024-05-20 12:47:55
Silo1;tr32;Aranged silo for truck;2024-05-20 12:48:55
Silo3;tr21;Aranged silo for truck;2024-05-20 12:53:09
tr32;Silo1;Truck determined for continuing pickup at silo;2024-05-20 12:56:50
tr21;Silo3;Truck determined for continuing pickup at silo;2024-05-20 13:00:59
tr33;Pcp410;Assigned truck for pickup plan;2024-05-20 13:07:12
Silo11;tr10;Aranged silo for truck;2024-05-20 13:08:40
tr15;Pcp116;Assigned truck for pickup plan;2024-05-20 13:15:50
tr10;Silo11;Truck determined for continuing pickup at silo;2024-05-20 13:19:11
tr30;Pcp237;Dropped truck from pickup plan;2024-05-20 13:31:47
tr20;Pcp141;Assigned truck for pickup plan;2024-05-20 13:35:14
Silo2;tr33;Aranged silo for truck;2024-05-20 13:37:27
Silo1;tr15;Aranged silo for truck;2024-05-20 13:38:59
tr33;Silo2;Truck determined for continuing pickup at silo;2024-05-20 13:41:38
tr21;Pcp388;Dropped truck from pickup plan;2024-05-20 13:42:07
tr10;Pcp413;Dropped truck from pickup plan;2024-05-20 13:48:33
tr38;Pcp343;Assigned truck for pickup plan;2024-05-20 13:53:07
tr19;Pcp159;Assigned truck for pickup plan;2024-05-20 13:53:09
tr32;Pcp9;Dropped truck from pickup plan;2024-05-20 13:53:36
tr25;Pcp226;Assigned truck for pickup plan;2024-05-20 13:54:56
tr29;Pcp196;Assigned truck for pickup plan;2024-05-20 13:56:39
tr15;Silo1;Truck determined for continuing pickup at silo;2024-05-20 13:58:07
Silo2;tr20;Aranged silo for truck;2024-05-20 13:59:01
tr20;Silo2;Truck determined for continuing pickup at silo;2024-05-20 14:05:47
tr4;Pcp490;Assigned truck for pickup plan;2024-05-20 14:07:54
tr7;Pcp12;Assigned truck for pickup plan;2024-05-20 14:08:32
tr40;Pcp187;Assigned truck for pickup plan;2024-05-20 14:11:33
tr35;Pcp193;Assigned truck for pickup plan;2024-05-20 14:12:51
Silo1;tr19;Aranged silo for truck;2024-05-20 14:13:38
Silo19;tr29;Aranged silo for truck;2024-05-20 14:14:25
Silo10;tr25;Aranged silo for truck;2024-05-20 14:15:26
tr29;Silo19;Truck determined for continuing pickup at silo;2024-05-20 14:16:41
tr31;Pcp22;Assigned truck for pickup plan;2024-05-20 14:17:09
tr19;Silo1;Truck determined for continuing pickup at silo;2024-05-20 14:18:51
tr25;Silo10;Truck determined for continuing pickup at silo;2024-05-20 14:18:56
Silo10;tr38;Aranged silo for truck;2024-05-20 14:23:45
Silo2;tr7;Aranged silo for truck;2024-05-20 14:24:51
tr18;Pcp214;Assigned truck for pickup plan;2024-05-20 14:26:16
tr38;Silo10;Truck determined for continuing pickup at silo;2024-05-20 14:27:17
Silo10;tr40;Aranged silo for truck;2024-05-20 14:28:09
tr46;Pcp96;Assigned truck for pickup plan;2024-05-20 14:28:57
Silo9;tr4;Aranged silo for truck;2024-05-20 14:30:39
tr42;Pcp48;Assigned truck for pickup plan;2024-05-20 14:32:56
tr4;Silo9;Truck determined for continuing pickup at silo;2024-05-20 14:33:19
tr7;Silo2;Truck determined for continuing pickup at silo;2024-05-20 14:34:05
tr49;Pcp429;Assigned truck for pickup plan;2024-05-20 14:34:54
tr20;Pcp141;Dropped truck from pickup plan;2024-05-20 14:37:51
Silo20;tr35;Aranged silo for truck;2024-05-20 14:38:15
tr40;Silo10;Truck determined for continuing pickup at silo;2024-05-20 14:39:58
tr35;Silo20;Truck determined for continuing pickup at silo;2024-05-20 14:41:34
Silo10;tr18;Aranged silo for truck;2024-05-20 14:42:37
tr33;Pcp410;Dropped truck from pickup plan;2024-05-20 14:45:19
Silo1;tr31;Aranged silo for truck;2024-05-20 14:47:51
Silo15;tr42;Aranged silo for truck;2024-05-20 14:49:50
tr31;Silo1;Truck determined for continuing pickup at silo;2024-05-20 14:49:54
Silo2;tr49;Aranged silo for truck;2024-05-20 14:52:52
tr11;Pcp465;Assigned truck for pickup plan;2024-05-20 14:54:05
tr7;Pcp12;Dropped truck from pickup plan;2024-05-20 14:54:40
Silo12;tr46;Aranged silo for truck;2024-05-20 14:58:48
tr18;Silo10;Truck determined for continuing pickup at silo;2024-05-20 14:59:00
tr37;Pcp464;Assigned truck for pickup plan;2024-05-20 15:02:54
tr42;Silo15;Truck determined for continuing pickup at silo;2024-05-20 15:03:01
tr49;Silo2;Truck determined for continuing pickup at silo;2024-05-20 15:09:38
tr31;Pcp22;Dropped truck from pickup plan;2024-05-20 15:13:04
tr46;Silo12;Truck determined for continuing pickup at silo;2024-05-20 15:14:18
tr1;Pcp161;Assigned truck for pickup plan;2024-05-20 15:21:54
Silo6;tr37;Aranged silo for truck;2024-05-20 15:23:17
Silo20;tr11;Aranged silo for truck;2024-05-20 15:25:10
tr38;Pcp343;Dropped truck from pickup plan;2024-05-20 15:26:42
tr18;Pcp214;Dropped truck from pickup plan;2024-05-20 15:28:23
tr42;Pcp48;Dropped truck from pickup plan;2024-05-20 15:28:30
tr35;Pcp193;Dropped truck from pickup plan;2024-05-20 15:29:20
tr11;Silo20;Truck determined for continuing pickup at silo;2024-05-20 15:32:38
tr46;Pcp96;Dropped truck from pickup plan;2024-05-20 15:34:13
tr37;Silo6;Truck determined for continuing pickup at silo;2024-05-20 15:34:41
Silo12;tr1;Aranged silo for truck;2024-05-20 15:41:45
tr49;Pcp429;Dropped truck from pickup plan;2024-05-20 15:42:49
tr4;Pcp490;Dropped truck from pickup plan;2024-05-20 15:43:57
tr15;Pcp116;Dropped truck from pickup plan;2024-05-20 15:46:59
tr1;Silo12;Truck determined for continuing pickup at silo;2024-05-20 15:49:44
tr44;Pcp126;Assigned truck for pickup plan;2024-05-20 15:52:18
tr19;Pcp159;Dropped truck from pickup plan;2024-05-20 16:00:16
tr11;Pcp465;Dropped truck from pickup plan;2024-05-20 16:02:23
tr45;Pcp126;Assigned truck for pickup plan;2024-05-20 16:05:42
tr37;Pcp464;Dropped truck from pickup plan;2024-05-20 16:08:19
tr14;Pcp291;Assigned truck for pickup plan;2024-05-20 16:09:32
tr6;Pcp466;Assigned truck for pickup plan;2024-05-20 16:10:53
Silo1;tr44;Aranged silo for truck;2024-05-20 16:13:59
tr9;Pcp291;Assigned truck for pickup plan;2024-05-20 16:22:33
tr1;Pcp161;Dropped truck from pickup plan;2024-05-20 16:24:06
tr17;Pcp343;Assigned truck for pickup plan;2024-05-20 16:25:05
Silo19;tr14;Aranged silo for truck;2024-05-20 16:25:33
tr27;Pcp162;Assigned truck for pickup plan;2024-05-20 16:26:12
Silo18;tr6;Aranged silo for truck;2024-05-20 16:26:33
tr44;Silo1;Truck determined for continuing pickup at silo;2024-05-20 16:27:23
tr14;Silo19;Truck determined for continuing pickup at silo;2024-05-20 16:28:55
Silo1;tr45;Aranged silo for truck;2024-05-20 16:30:41
tr6;Silo18;Truck determined for continuing pickup at silo;2024-05-20 16:32:40
Silo8;tr27;Aranged silo for truck;2024-05-20 16:34:34
Silo19;tr9;Aranged silo for truck;2024-05-20 16:37:35
tr40;Pcp187;Dropped truck from pickup plan;2024-05-20 16:38:40
tr27;Silo8;Truck determined for continuing pickup at silo;2024-05-20 16:40:43
tr9;Silo19;Truck determined for continuing pickup at silo;2024-05-20 16:40:59
tr45;Silo1;Truck determined for continuing pickup at silo;2024-05-20 16:43:12
tr43;Pcp428;Assigned truck for pickup plan;2024-05-20 16:43:26
tr23;Pcp198;Assigned truck for pickup plan;2024-05-20 16:44:47
Silo10;tr17;Aranged silo for truck;2024-05-20 16:47:49
tr25;Pcp226;Dropped truck from pickup plan;2024-05-20 16:49:35
tr6;Pcp466;Dropped truck from pickup plan;2024-05-20 16:51:05
tr17;Silo10;Truck determined for continuing pickup at silo;2024-05-20 16:52:05
tr28;Pcp467;Assigned truck for pickup plan;2024-05-20 16:53:41
tr27;Pcp162;Dropped truck from pickup plan;2024-05-20 16:56:20
Silo18;tr23;Aranged silo for truck;2024-05-20 17:00:36
Silo3;tr43;Aranged silo for truck;2024-05-20 17:02:00
tr17;Pcp343;Dropped truck from pickup plan;2024-05-20 17:05:56
tr24;Pcp187;Assigned truck for pickup plan;2024-05-20 17:11:50
tr43;Silo3;Truck determined for continuing pickup at silo;2024-05-20 17:11:54
tr8;Pcp138;Assigned truck for pickup plan;2024-05-20 17:17:12
tr23;Silo18;Truck determined for continuing pickup at silo;2024-05-20 17:17:12
Silo12;tr28;Aranged silo for truck;2024-05-20 17:20:42
tr45;Pcp126;Dropped truck from pickup plan;2024-05-20 17:21:49
Silo10;tr24;Aranged silo for truck;2024-05-20 17:27:46
tr28;Silo12;Truck determined for continuing pickup at silo;2024-05-20 17:28:12
Silo16;tr8;Aranged silo for truck;2024-05-20 17:29:30
tr24;Silo10;Truck determined for continuing pickup at silo;2024-05-20 17:31:52
tr26;Pcp414;Assigned truck for pickup plan;2024-05-20 17:33:15
tr8;Silo16;Truck determined for continuing pickup at silo;2024-05-20 17:40:42
tr39;Pcp374;Assigned truck for pickup plan;2024-05-20 17:47:55
tr14;Pcp291;Dropped truck from pickup plan;2024-05-20 17:48:49
tr5;Pcp453;Assigned truck for pickup plan;2024-05-20 17:49:01
tr23;Pcp198;Dropped truck from pickup plan;2024-05-20 17:50:57
tr24;Pcp187;Dropped truck from pickup plan;2024-05-20 17:54:31
tr43;Pcp428;Dropped truck from pickup plan;2024-05-20 17:57:09
tr44;Pcp126;Dropped truck from pickup plan;2024-05-20 17:58:21
tr28;Pcp467;Dropped truck from pickup plan;2024-05-20 17:58:25
tr16;Pcp279;Assigned truck for pickup plan;2024-05-20 17:59:23
Silo6;tr26;Aranged silo for truck;2024-05-20 18:02:13
tr26;Silo6;Truck determined for continuing pickup at silo;2024-05-20 18:04:31
tr9;Pcp291;Dropped truck from pickup plan;2024-05-20 18:04:53
Silo12;tr39;Aranged silo for truck;2024-05-20 18:05:37
Silo10;tr5;Aranged silo for truck;2024-05-20 18:06:47
tr39;Silo12;Truck determined for continuing pickup at silo;2024-05-20 18:10:13
Silo19;tr16;Aranged silo for truck;2024-05-20 18:11:06
tr16;Silo19;Truck determined for continuing pickup at silo;2024-05-20 18:24:18
tr5;Silo10;Truck determined for continuing pickup at silo;2024-05-20 18:24:34
tr26;Pcp414;Dropped truck from pickup plan;2024-05-20 18:29:27
tr5;Pcp453;Dropped truck from pickup plan;2024-05-20 18:46:27
tr39;Pcp374;Dropped truck from pickup plan;2024-05-20 18:49:20
tr41;Pcp102;Assigned truck for pickup plan;2024-05-20 19:47:23
tr16;Pcp279;Dropped truck from pickup plan;2024-05-20 19:51:01
tr48;Pcp433;Assigned truck for pickup plan;2024-05-20 20:01:01
Silo13;tr41;Aranged silo for truck;2024-05-20 20:09:43
tr34;Pcp93;Assigned truck for pickup plan;2024-05-20 20:10:07
tr41;Silo13;Truck determined for continuing pickup at silo;2024-05-20 20:15:26
Silo13;tr48;Aranged silo for truck;2024-05-20 20:27:18
tr48;Silo13;Truck determined for continuing pickup at silo;2024-05-20 20:31:27
Silo5;tr34;Aranged silo for truck;2024-05-20 20:37:25
tr34;Silo5;Truck determined for continuing pickup at silo;2024-05-20 20:39:34
tr47;Pcp224;Assigned truck for pickup plan;2024-05-20 20:53:26
tr48;Pcp433;Dropped truck from pickup plan;2024-05-20 21:00:44
tr41;Pcp102;Dropped truck from pickup plan;2024-05-20 21:07:06
Silo4;tr47;Aranged silo for truck;2024-05-20 21:07:11
tr47;Silo4;Truck determined for continuing pickup at silo;2024-05-20 21:12:50
tr47;Pcp224;Dropped truck from pickup plan;2024-05-20 21:40:08
tr34;Pcp93;Dropped truck from pickup plan;2024-05-20 22:10:17
tr13;Pcp166;Assigned truck for pickup plan;2024-05-20 22:13:27
Silo1;tr13;Aranged silo for truck;2024-05-20 22:26:05
tr13;Silo1;Truck determined for continuing pickup at silo;2024-05-20 22:30:56
tr2;Pcp93;Assigned truck for pickup plan;2024-05-20 22:31:21
Silo5;tr2;Aranged silo for truck;2024-05-20 22:43:17
tr2;Silo5;Truck determined for continuing pickup at silo;2024-05-20 22:46:35
tr2;Pcp93;Dropped truck from pickup plan;2024-05-20 23:09:35
tr50;Pcp66;Assigned truck for pickup plan;2024-05-20 23:10:35
Silo10;tr50;Aranged silo for truck;2024-05-20 23:24:39
tr36;Pcp230;Assigned truck for pickup plan;2024-05-20 23:26:43
tr13;Pcp166;Dropped truck from pickup plan;2024-05-20 23:37:50
tr50;Silo10;Truck determined for continuing pickup at silo;2024-05-20 23:44:27
Silo3;tr36;Aranged silo for truck;2024-05-20 23:48:25
tr36;Silo3;Truck determined for continuing pickup at silo;2024-05-20 23:56:49
tr50;Pcp66;Dropped truck from pickup plan;2024-05-21 00:08:20
tr36;Pcp230;Dropped truck from pickup plan;2024-05-21 00:43:32
tr22;Pcp220;Assigned truck for pickup plan;2024-05-21 00:46:00
tr12;Pcp383;Assigned truck for pickup plan;2024-05-21 00:58:24
Silo3;tr22;Aranged silo for truck;2024-05-21 01:08:37
Silo13;tr12;Aranged silo for truck;2024-05-21 01:19:07
tr12;Silo13;Truck determined for continuing pickup at silo;2024-05-21 01:21:12
tr22;Silo3;Truck determined for continuing pickup at silo;2024-05-21 01:27:04
tr12;Pcp383;Dropped truck from pickup plan;2024-05-21 02:14:26
tr22;Pcp220;Dropped truck from pickup plan;2024-05-21 02:24:33
tr3;Pcp394;Assigned truck for pickup plan;2024-05-21 02:34:31
Silo13;tr3;Aranged silo for truck;2024-05-21 02:44:47
tr3;Silo13;Truck determined for continuing pickup at silo;2024-05-21 02:53:13
tr3;Pcp394;Dropped truck from pickup plan;2024-05-21 03:30:33
Pcp361;Cr19;Lodged pickup plan for cargo;2024-05-21 11:29:14
Pcp295;Cr15;Lodged pickup plan for cargo;2024-05-21 20:21:39
tr30;Pcp345;Assigned truck for pickup plan;2024-05-22 13:32:33
tr21;Pcp382;Assigned truck for pickup plan;2024-05-22 13:42:46
tr10;Pcp346;Assigned truck for pickup plan;2024-05-22 13:49:32
Silo10;tr30;Aranged silo for truck;2024-05-22 13:52:58
tr32;Pcp158;Assigned truck for pickup plan;2024-05-22 13:54:18
tr30;Silo10;Truck determined for continuing pickup at silo;2024-05-22 13:59:42
Silo14;tr21;Aranged silo for truck;2024-05-22 14:03:17
tr21;Silo14;Truck determined for continuing pickup at silo;2024-05-22 14:12:47
Silo10;tr32;Aranged silo for truck;2024-05-22 14:13:31
tr32;Silo10;Truck determined for continuing pickup at silo;2024-05-22 14:16:08
tr29;Pcp50;Assigned truck for pickup plan;2024-05-22 14:19:49
tr30;Pcp345;Dropped truck from pickup plan;2024-05-22 14:25:52
Silo17;tr10;Aranged silo for truck;2024-05-22 14:32:40
tr20;Pcp138;Assigned truck for pickup plan;2024-05-22 14:39:12
tr21;Pcp382;Dropped truck from pickup plan;2024-05-22 14:41:36
tr10;Silo17;Truck determined for continuing pickup at silo;2024-05-22 14:43:10
Silo2;tr29;Aranged silo for truck;2024-05-22 14:44:29
tr33;Pcp290;Assigned truck for pickup plan;2024-05-22 14:46:42
tr29;Silo2;Truck determined for continuing pickup at silo;2024-05-22 14:52:11
Silo16;tr20;Aranged silo for truck;2024-05-22 14:55:13
tr7;Pcp414;Assigned truck for pickup plan;2024-05-22 14:55:57
tr20;Silo16;Truck determined for continuing pickup at silo;2024-05-22 14:57:45
Silo16;tr33;Aranged silo for truck;2024-05-22 15:01:49
tr10;Pcp346;Dropped truck from pickup plan;2024-05-22 15:04:32
tr29;Pcp50;Dropped truck from pickup plan;2024-05-22 15:12:54
tr31;Pcp478;Assigned truck for pickup plan;2024-05-22 15:13:51
Silo6;tr7;Aranged silo for truck;2024-05-22 15:14:23
tr33;Silo16;Truck determined for continuing pickup at silo;2024-05-22 15:17:02
tr20;Pcp138;Dropped truck from pickup plan;2024-05-22 15:19:03
tr7;Silo6;Truck determined for continuing pickup at silo;2024-05-22 15:26:39
tr38;Pcp334;Assigned truck for pickup plan;2024-05-22 15:27:51
tr42;Pcp145;Assigned truck for pickup plan;2024-05-22 15:29:05
tr18;Pcp134;Assigned truck for pickup plan;2024-05-22 15:29:50
tr35;Pcp344;Assigned truck for pickup plan;2024-05-22 15:30:18
tr46;Pcp498;Assigned truck for pickup plan;2024-05-22 15:35:03
tr33;Pcp290;Dropped truck from pickup plan;2024-05-22 15:38:47
Silo3;tr38;Aranged silo for truck;2024-05-22 15:40:09
tr49;Pcp252;Assigned truck for pickup plan;2024-05-22 15:43:55
Silo18;tr42;Aranged silo for truck;2024-05-22 15:44:56
tr4;Pcp230;Assigned truck for pickup plan;2024-05-22 15:45:17
tr15;Pcp280;Assigned truck for pickup plan;2024-05-22 15:48:29
Silo16;tr31;Aranged silo for truck;2024-05-22 15:50:58
tr42;Silo18;Truck determined for continuing pickup at silo;2024-05-22 15:51:40
Silo5;tr46;Aranged silo for truck;2024-05-22 15:52:13
tr38;Silo3;Truck determined for continuing pickup at silo;2024-05-22 15:53:30
Silo3;tr4;Aranged silo for truck;2024-05-22 15:59:17
tr19;Pcp479;Assigned truck for pickup plan;2024-05-22 16:01:20
tr31;Silo16;Truck determined for continuing pickup at silo;2024-05-22 16:01:36
tr46;Silo5;Truck determined for continuing pickup at silo;2024-05-22 16:01:38
tr32;Pcp158;Dropped truck from pickup plan;2024-05-22 16:02:39
tr11;Pcp419;Assigned truck for pickup plan;2024-05-22 16:03:02
Silo20;tr35;Aranged silo for truck;2024-05-22 16:05:44
Silo16;tr49;Aranged silo for truck;2024-05-22 16:07:15
Silo2;tr18;Aranged silo for truck;2024-05-22 16:07:39
tr42;Pcp145;Dropped truck from pickup plan;2024-05-22 16:08:28
tr37;Pcp331;Assigned truck for pickup plan;2024-05-22 16:08:51
tr18;Silo2;Truck determined for continuing pickup at silo;2024-05-22 16:10:16
Silo2;tr15;Aranged silo for truck;2024-05-22 16:11:21
tr35;Silo20;Truck determined for continuing pickup at silo;2024-05-22 16:12:43
tr15;Silo2;Truck determined for continuing pickup at silo;2024-05-22 16:13:49
tr4;Silo3;Truck determined for continuing pickup at silo;2024-05-22 16:15:29
Silo10;tr37;Aranged silo for truck;2024-05-22 16:23:37
tr49;Silo16;Truck determined for continuing pickup at silo;2024-05-22 16:24:47
tr1;Pcp12;Assigned truck for pickup plan;2024-05-22 16:25:20
Silo1;tr19;Aranged silo for truck;2024-05-22 16:30:48
tr37;Silo10;Truck determined for continuing pickup at silo;2024-05-22 16:33:34
Silo16;tr11;Aranged silo for truck;2024-05-22 16:35:56
tr38;Pcp334;Dropped truck from pickup plan;2024-05-22 16:36:06
tr31;Pcp478;Dropped truck from pickup plan;2024-05-22 16:37:55
Silo2;tr1;Aranged silo for truck;2024-05-22 16:38:45
tr11;Silo16;Truck determined for continuing pickup at silo;2024-05-22 16:40:11
tr40;Pcp345;Assigned truck for pickup plan;2024-05-22 16:40:21
tr1;Silo2;Truck determined for continuing pickup at silo;2024-05-22 16:45:39
tr19;Silo1;Truck determined for continuing pickup at silo;2024-05-22 16:48:06
tr25;Pcp20;Assigned truck for pickup plan;2024-05-22 16:50:58
tr6;Pcp185;Assigned truck for pickup plan;2024-05-22 16:52:35
tr4;Pcp230;Dropped truck from pickup plan;2024-05-22 16:53:45
tr27;Pcp370;Assigned truck for pickup plan;2024-05-22 16:57:00
Silo10;tr40;Aranged silo for truck;2024-05-22 17:03:15
tr18;Pcp134;Dropped truck from pickup plan;2024-05-22 17:07:00
tr40;Silo10;Truck determined for continuing pickup at silo;2024-05-22 17:07:19
tr17;Pcp4;Assigned truck for pickup plan;2024-05-22 17:08:22
Silo6;tr27;Aranged silo for truck;2024-05-22 17:18:06
tr1;Pcp12;Dropped truck from pickup plan;2024-05-22 17:18:47
tr37;Pcp331;Dropped truck from pickup plan;2024-05-22 17:22:22
tr45;Pcp263;Assigned truck for pickup plan;2024-05-22 17:22:32
Silo9;tr25;Aranged silo for truck;2024-05-22 17:22:46
tr27;Silo6;Truck determined for continuing pickup at silo;2024-05-22 17:25:18
Silo19;tr17;Aranged silo for truck;2024-05-22 17:28:56
tr40;Pcp345;Dropped truck from pickup plan;2024-05-22 17:32:17
tr25;Silo9;Truck determined for continuing pickup at silo;2024-05-22 17:33:27
tr35;Pcp344;Dropped truck from pickup plan;2024-05-22 17:33:44
tr17;Silo19;Truck determined for continuing pickup at silo;2024-05-22 17:39:22
Silo2;tr6;Aranged silo for truck;2024-05-22 17:39:26
tr15;Pcp280;Dropped truck from pickup plan;2024-05-22 17:40:14
tr8;Pcp435;Assigned truck for pickup plan;2024-05-22 17:42:58
Silo6;tr45;Aranged silo for truck;2024-05-22 17:46:59
tr14;Pcp95;Assigned truck for pickup plan;2024-05-22 17:49:21
tr45;Silo6;Truck determined for continuing pickup at silo;2024-05-22 17:53:05
tr23;Pcp174;Assigned truck for pickup plan;2024-05-22 17:54:28
tr24;Pcp174;Assigned truck for pickup plan;2024-05-22 17:55:30
tr6;Silo2;Truck determined for continuing pickup at silo;2024-05-22 17:57:44
tr43;Pcp170;Assigned truck for pickup plan;2024-05-22 17:59:00
tr28;Pcp380;Assigned truck for pickup plan;2024-05-22 17:59:41
tr44;Pcp9;Assigned truck for pickup plan;2024-05-22 18:00:19
Silo18;tr8;Aranged silo for truck;2024-05-22 18:07:07
Silo20;tr24;Aranged silo for truck;2024-05-22 18:07:10
Silo6;tr14;Aranged silo for truck;2024-05-22 18:08:22
tr9;Pcp478;Assigned truck for pickup plan;2024-05-22 18:09:17
Silo1;tr44;Aranged silo for truck;2024-05-22 18:09:50
tr14;Silo6;Truck determined for continuing pickup at silo;2024-05-22 18:10:48
Silo20;tr43;Aranged silo for truck;2024-05-22 18:13:23
tr24;Silo20;Truck determined for continuing pickup at silo;2024-05-22 18:14:34
tr8;Silo18;Truck determined for continuing pickup at silo;2024-05-22 18:15:03
tr46;Pcp498;Dropped truck from pickup plan;2024-05-22 18:15:33
tr17;Pcp4;Dropped truck from pickup plan;2024-05-22 18:20:04
Silo20;tr23;Aranged silo for truck;2024-05-22 18:20:41
tr43;Silo20;Truck determined for continuing pickup at silo;2024-05-22 18:22:36
Silo18;tr28;Aranged silo for truck;2024-05-22 18:23:07
tr44;Silo1;Truck determined for continuing pickup at silo;2024-05-22 18:25:00
Silo16;tr9;Aranged silo for truck;2024-05-22 18:25:41
tr23;Silo20;Truck determined for continuing pickup at silo;2024-05-22 18:28:33
tr28;Silo18;Truck determined for continuing pickup at silo;2024-05-22 18:30:17
tr26;Pcp403;Assigned truck for pickup plan;2024-05-22 18:31:00
tr8;Pcp435;Dropped truck from pickup plan;2024-05-22 18:39:15
tr19;Pcp479;Dropped truck from pickup plan;2024-05-22 18:40:08
tr9;Silo16;Truck determined for continuing pickup at silo;2024-05-22 18:41:05
tr24;Pcp174;Dropped truck from pickup plan;2024-05-22 18:45:53
tr23;Pcp174;Dropped truck from pickup plan;2024-05-22 18:47:55
tr5;Pcp285;Assigned truck for pickup plan;2024-05-22 18:48:44
tr25;Pcp20;Dropped truck from pickup plan;2024-05-22 18:48:58
tr39;Pcp271;Assigned truck for pickup plan;2024-05-22 18:50:12
Silo14;tr26;Aranged silo for truck;2024-05-22 18:54:23
Silo19;tr5;Aranged silo for truck;2024-05-22 19:04:29
tr26;Silo14;Truck determined for continuing pickup at silo;2024-05-22 19:07:50
tr43;Pcp170;Dropped truck from pickup plan;2024-05-22 19:13:03
tr28;Pcp380;Dropped truck from pickup plan;2024-05-22 19:13:21
Silo17;tr39;Aranged silo for truck;2024-05-22 19:19:09
tr9;Pcp478;Dropped truck from pickup plan;2024-05-22 19:19:29
tr5;Silo19;Truck determined for continuing pickup at silo;2024-05-22 19:21:43
tr39;Silo17;Truck determined for continuing pickup at silo;2024-05-22 19:32:41
tr5;Pcp285;Dropped truck from pickup plan;2024-05-22 19:50:02
tr16;Pcp436;Assigned truck for pickup plan;2024-05-22 19:52:25
Silo3;tr16;Aranged silo for truck;2024-05-22 20:12:57
tr16;Silo3;Truck determined for continuing pickup at silo;2024-05-22 20:17:59
tr26;Pcp403;Dropped truck from pickup plan;2024-05-22 20:29:53
tr44;Pcp9;Dropped truck from pickup plan;2024-05-22 20:38:06
tr48;Pcp380;Assigned truck for pickup plan;2024-05-22 21:01:22
tr41;Pcp348;Assigned truck for pickup plan;2024-05-22 21:08:38
tr16;Pcp436;Dropped truck from pickup plan;2024-05-22 21:23:00
Silo18;tr48;Aranged silo for truck;2024-05-22 21:24:34
Silo14;tr41;Aranged silo for truck;2024-05-22 21:29:30
tr41;Silo14;Truck determined for continuing pickup at silo;2024-05-22 21:39:31
tr48;Silo18;Truck determined for continuing pickup at silo;2024-05-22 21:41:29
tr47;Pcp341;Assigned truck for pickup plan;2024-05-22 21:42:37
Silo2;tr47;Aranged silo for truck;2024-05-22 21:55:56
tr48;Pcp380;Dropped truck from pickup plan;2024-05-22 21:56:55
tr47;Silo2;Truck determined for continuing pickup at silo;2024-05-22 21:57:58
tr34;Pcp77;Assigned truck for pickup plan;2024-05-22 22:12:22
Silo12;tr34;Aranged silo for truck;2024-05-22 22:24:01
tr34;Silo12;Truck determined for continuing pickup at silo;2024-05-22 22:32:14
tr2;Pcp186;Assigned truck for pickup plan;2024-05-22 23:10:28
Silo10;tr2;Aranged silo for truck;2024-05-22 23:27:58
tr2;Silo10;Truck determined for continuing pickup at silo;2024-05-22 23:35:41
tr13;Pcp303;Assigned truck for pickup plan;2024-05-22 23:38:23
tr41;Pcp348;Dropped truck from pickup plan;2024-05-22 23:51:17
tr2;Pcp186;Dropped truck from pickup plan;2024-05-23 00:04:55
Silo12;tr13;Aranged silo for truck;2024-05-23 00:09:20
tr50;Pcp391;Assigned truck for pickup plan;2024-05-23 00:10:21
tr13;Silo12;Truck determined for continuing pickup at silo;2024-05-23 00:14:06
Silo20;tr50;Aranged silo for truck;2024-05-23 00:29:14
tr34;Pcp77;Dropped truck from pickup plan;2024-05-23 00:35:57
tr50;Silo20;Truck determined for continuing pickup at silo;2024-05-23 00:38:29
tr13;Pcp303;Dropped truck from pickup plan;2024-05-23 00:40:22
tr36;Pcp320;Assigned truck for pickup plan;2024-05-23 00:44:21
tr50;Pcp391;Dropped truck from pickup plan;2024-05-23 00:55:03
Silo12;tr36;Aranged silo for truck;2024-05-23 01:03:22
tr36;Silo12;Truck determined for continuing pickup at silo;2024-05-23 01:11:00
tr36;Pcp320;Dropped truck from pickup plan;2024-05-23 01:49:43
tr12;Pcp297;Assigned truck for pickup plan;2024-05-23 02:15:03
Silo2;tr12;Aranged silo for truck;2024-05-23 02:25:24
tr22;Pcp374;Assigned truck for pickup plan;2024-05-23 02:26:29
tr12;Silo2;Truck determined for continuing pickup at silo;2024-05-23 02:30:12
Silo12;tr22;Aranged silo for truck;2024-05-23 02:57:40
tr22;Silo12;Truck determined for continuing pickup at silo;2024-05-23 03:04:05
tr3;Pcp142;Assigned truck for pickup plan;2024-05-23 03:31:04
tr22;Pcp374;Dropped truck from pickup plan;2024-05-23 03:36:00
Pcp349;Cr4;Lodged pickup plan for cargo;2024-05-23 03:38:47
Silo2;tr3;Aranged silo for truck;2024-05-23 03:42:00
tr3;Silo2;Truck determined for continuing pickup at silo;2024-05-23 03:49:08
Pcp329;Cr17;Lodged pickup plan for cargo;2024-05-23 04:03:33
Pcp195;Cr8;Lodged pickup plan for cargo;2024-05-23 06:04:35
Pcp442;Cr17;Lodged pickup plan for cargo;2024-05-23 16:20:32
Pcp59;Cr15;Lodged pickup plan for cargo;2024-05-23 16:46:14
Pcp139;Cr4;Lodged pickup plan for cargo;2024-05-23 19:54:36
Pcp319;Cr17;Lodged pickup plan for cargo;2024-05-24 00:21:44
Pcp424;Cr4;Lodged pickup plan for cargo;2024-05-24 08:03:42
Pcp488;Cr17;Lodged pickup plan for cargo;2024-05-24 10:46:38
Pcp439;Cr15;Lodged pickup plan for cargo;2024-05-24 10:59:23
tr30;Pcp22;Assigned truck for pickup plan;2024-05-24 14:26:42
tr21;Pcp224;Assigned truck for pickup plan;2024-05-24 14:45:25
Silo1;tr30;Aranged silo for truck;2024-05-24 14:46:14
tr30;Silo1;Truck determined for continuing pickup at silo;2024-05-24 14:48:25
Silo4;tr21;Aranged silo for truck;2024-05-24 14:57:26
tr21;Silo4;Truck determined for continuing pickup at silo;2024-05-24 15:01:54
tr10;Pcp193;Assigned truck for pickup plan;2024-05-24 15:07:04
tr29;Pcp391;Assigned truck for pickup plan;2024-05-24 15:14:13
tr20;Pcp36;Assigned truck for pickup plan;2024-05-24 15:20:34
Silo20;tr29;Aranged silo for truck;2024-05-24 15:26:24
tr7;Pcp179;Assigned truck for pickup plan;2024-05-24 15:30:58
tr29;Silo20;Truck determined for continuing pickup at silo;2024-05-24 15:34:54
Silo20;tr10;Aranged silo for truck;2024-05-24 15:35:38
tr33;Pcp103;Assigned truck for pickup plan;2024-05-24 15:39:40
Silo18;tr20;Aranged silo for truck;2024-05-24 15:41:41
tr21;Pcp224;Dropped truck from pickup plan;2024-05-24 15:43:10
tr10;Silo20;Truck determined for continuing pickup at silo;2024-05-24 15:45:09
Silo16;tr7;Aranged silo for truck;2024-05-24 15:52:40
Silo9;tr33;Aranged silo for truck;2024-05-24 15:54:01
tr20;Silo18;Truck determined for continuing pickup at silo;2024-05-24 15:56:41
tr30;Pcp22;Dropped truck from pickup plan;2024-05-24 15:59:59
tr33;Silo9;Truck determined for continuing pickup at silo;2024-05-24 16:01:23
tr7;Silo16;Truck determined for continuing pickup at silo;2024-05-24 16:03:19
tr32;Pcp295;Assigned truck for pickup plan;2024-05-24 16:05:07
tr42;Pcp36;Assigned truck for pickup plan;2024-05-24 16:10:04
tr7;Pcp179;Dropped truck from pickup plan;2024-05-24 16:25:09
tr49;Pcp7;Assigned truck for pickup plan;2024-05-24 16:25:54
tr38;Pcp250;Assigned truck for pickup plan;2024-05-24 16:37:10
Silo18;tr42;Aranged silo for truck;2024-05-24 16:37:12
tr31;Pcp4;Assigned truck for pickup plan;2024-05-24 16:38:57
Silo18;tr49;Aranged silo for truck;2024-05-24 16:39:06
tr11;Pcp456;Assigned truck for pickup plan;2024-05-24 16:41:57
tr49;Silo18;Truck determined for continuing pickup at silo;2024-05-24 16:42:49
Silo16;tr32;Aranged silo for truck;2024-05-24 16:43:59
tr20;Pcp36;Dropped truck from pickup plan;2024-05-24 16:49:15
tr42;Silo18;Truck determined for continuing pickup at silo;2024-05-24 16:49:44
tr32;Silo16;Truck determined for continuing pickup at silo;2024-05-24 16:52:39
tr4;Pcp361;Assigned truck for pickup plan;2024-05-24 16:54:18
tr49;Pcp7;Dropped truck from pickup plan;2024-05-24 17:00:00
tr33;Pcp103;Dropped truck from pickup plan;2024-05-24 17:02:19
Silo6;tr38;Aranged silo for truck;2024-05-24 17:07:15
tr18;Pcp182;Assigned truck for pickup plan;2024-05-24 17:08:30
Silo19;tr4;Aranged silo for truck;2024-05-24 17:09:46
tr32;Pcp295;Dropped truck from pickup plan;2024-05-24 17:09:56
Silo19;tr31;Aranged silo for truck;2024-05-24 17:11:27
Silo19;tr11;Aranged silo for truck;2024-05-24 17:13:03
tr38;Silo6;Truck determined for continuing pickup at silo;2024-05-24 17:15:20
tr4;Silo19;Truck determined for continuing pickup at silo;2024-05-24 17:16:01
tr11;Silo19;Truck determined for continuing pickup at silo;2024-05-24 17:18:07
tr1;Pcp185;Assigned truck for pickup plan;2024-05-24 17:19:41
tr31;Silo19;Truck determined for continuing pickup at silo;2024-05-24 17:22:37
tr42;Pcp36;Dropped truck from pickup plan;2024-05-24 17:25:37
Silo6;tr18;Aranged silo for truck;2024-05-24 17:29:21
tr10;Pcp193;Dropped truck from pickup plan;2024-05-24 17:33:47
tr18;Silo6;Truck determined for continuing pickup at silo;2024-05-24 17:34:09
Silo2;tr1;Aranged silo for truck;2024-05-24 17:35:53
tr29;Pcp391;Dropped truck from pickup plan;2024-05-24 17:40:00
tr38;Pcp250;Dropped truck from pickup plan;2024-05-24 17:43:34
tr1;Silo2;Truck determined for continuing pickup at silo;2024-05-24 17:48:37
tr18;Pcp182;Dropped truck from pickup plan;2024-05-24 18:18:57
Pcp218;Cr4;Lodged pickup plan for cargo;2024-05-24 18:38:09
tr1;Pcp185;Dropped truck from pickup plan;2024-05-24 19:54:21
tr44;Pcp329;Assigned truck for pickup plan;2024-05-25 04:06:44
Silo6;tr44;Aranged silo for truck;2024-05-25 04:25:19
tr44;Silo6;Truck determined for continuing pickup at silo;2024-05-25 04:34:17
tr44;Pcp329;Dropped truck from pickup plan;2024-05-25 05:12:11
tr40;Pcp195;Assigned truck for pickup plan;2024-05-25 06:10:11
Silo17;tr40;Aranged silo for truck;2024-05-25 06:26:30
tr40;Silo17;Truck determined for continuing pickup at silo;2024-05-25 06:29:12
tr40;Pcp195;Dropped truck from pickup plan;2024-05-25 06:58:25
Pcp10;Cr19;Lodged pickup plan for cargo;2024-05-25 08:04:33
tr47;Pcp319;Assigned truck for pickup plan;2024-05-26 00:27:15
Silo6;tr47;Aranged silo for truck;2024-05-26 00:45:29
tr47;Silo6;Truck determined for continuing pickup at silo;2024-05-26 00:49:39
tr47;Pcp319;Dropped truck from pickup plan;2024-05-26 01:22:08
Pcp267;Cr19;Lodged pickup plan for cargo;2024-05-26 02:28:16
tr27;Pcp424;Assigned truck for pickup plan;2024-05-26 08:07:05
tr2;Pcp349;Assigned truck for pickup plan;2024-05-26 08:10:34
tr35;Pcp139;Assigned truck for pickup plan;2024-05-26 08:11:02
Silo2;tr2;Aranged silo for truck;2024-05-26 08:29:39
tr2;Silo2;Truck determined for continuing pickup at silo;2024-05-26 08:33:52
Silo2;tr35;Aranged silo for truck;2024-05-26 08:37:42
Silo2;tr27;Aranged silo for truck;2024-05-26 08:46:15
tr35;Silo2;Truck determined for continuing pickup at silo;2024-05-26 08:55:05
tr2;Pcp349;Dropped truck from pickup plan;2024-05-26 08:57:48
tr27;Silo2;Truck determined for continuing pickup at silo;2024-05-26 09:04:49
tr35;Pcp139;Dropped truck from pickup plan;2024-05-26 09:14:48
tr19;Pcp442;Assigned truck for pickup plan;2024-05-26 10:48:37
tr36;Pcp488;Assigned truck for pickup plan;2024-05-26 10:54:14
tr8;Pcp59;Assigned truck for pickup plan;2024-05-26 11:02:25
tr37;Pcp439;Assigned truck for pickup plan;2024-05-26 11:04:30
Silo6;tr36;Aranged silo for truck;2024-05-26 11:12:42
tr36;Silo6;Truck determined for continuing pickup at silo;2024-05-26 11:14:50
Silo6;tr19;Aranged silo for truck;2024-05-26 11:17:43
Silo16;tr8;Aranged silo for truck;2024-05-26 11:19:38
tr19;Silo6;Truck determined for continuing pickup at silo;2024-05-26 11:23:17
Silo16;tr37;Aranged silo for truck;2024-05-26 11:24:20
tr8;Silo16;Truck determined for continuing pickup at silo;2024-05-26 11:28:05
tr37;Silo16;Truck determined for continuing pickup at silo;2024-05-26 11:30:14
tr27;Pcp424;Dropped truck from pickup plan;2024-05-26 11:31:54
tr36;Pcp488;Dropped truck from pickup plan;2024-05-26 12:05:36
tr19;Pcp442;Dropped truck from pickup plan;2024-05-26 12:46:55
tr8;Pcp59;Dropped truck from pickup plan;2024-05-26 12:51:16
tr37;Pcp439;Dropped truck from pickup plan;2024-05-26 13:21:00
tr41;Pcp218;Assigned truck for pickup plan;2024-05-26 18:42:16
Silo2;tr41;Aranged silo for truck;2024-05-26 19:09:33
tr41;Silo2;Truck determined for continuing pickup at silo;2024-05-26 19:14:37
tr41;Pcp218;Dropped truck from pickup plan;2024-05-26 20:00:41
Pcp417;Cr19;Lodged pickup plan for cargo;2024-05-27 00:17:15
tr5;Pcp10;Assigned truck for pickup plan;2024-05-27 08:08:11
Silo19;tr5;Aranged silo for truck;2024-05-27 08:36:19
tr5;Silo19;Truck determined for continuing pickup at silo;2024-05-27 08:41:34
tr5;Pcp10;Dropped truck from pickup plan;2024-05-27 09:03:21
tr9;Pcp267;Assigned truck for pickup plan;2024-05-28 02:32:02
Silo19;tr9;Aranged silo for truck;2024-05-28 02:48:36
tr9;Silo19;Truck determined for continuing pickup at silo;2024-05-28 02:56:27
tr9;Pcp267;Dropped truck from pickup plan;2024-05-28 03:35:07
tr8;Pcp417;Assigned truck for pickup plan;2024-05-29 00:19:59
Silo19;tr8;Aranged silo for truck;2024-05-29 00:39:11
tr8;Silo19;Truck determined for continuing pickup at silo;2024-05-29 00:41:45
Pcp235;Cr19;Lodged pickup plan for cargo;2024-05-29 08:05:51
tr8;Pcp235;Assigned truck for pickup plan;2024-05-31 08:11:25
Silo19;tr8;Aranged silo for truck;2024-05-31 08:22:24
tr8;Silo19;Truck determined for continuing pickup at silo;2024-05-31 08:24:41
tr8;Pcp235;Dropped truck from pickup plan;2024-05-31 08:51:12
