IoTDeviceID;type;Status;Timestamp;Location;Interdependency
WS06_IR1,sensor,blocked,2024-05-03 00:09:43,weighbridge6,WS06
WS06_IR2,sensor,blocked,2024-05-03 00:09:43,weighbridge6,WS06
WS06_IR3,sensor,blocked,2024-05-03 00:09:43,weighbridge6,WS06
WS06_IR4,sensor,blocked,2024-05-03 00:09:43,weighbridge6,WS06
WS10_IR1,sensor,blocked,2024-05-03 00:10:59,weighbridge10,WS10
WS10_IR2,sensor,blocked,2024-05-03 00:10:59,weighbridge10,WS10
WS10_IR3,sensor,blocked,2024-05-03 00:10:59,weighbridge10,WS10
WS10_IR4,sensor,blocked,2024-05-03 00:10:59,weighbridge10,WS10
WS06_IR1,sensor,partially blocked,2024-05-03 10:02:15,weighbridge6,WS06
WS06_IR2,sensor,blocked,2024-05-03 10:02:15,weighbridge6,WS06
WS06_IR3,sensor,blocked,2024-05-03 10:02:15,weighbridge6,WS06
WS06_IR4,sensor,blocked,2024-05-03 10:02:15,weighbridge6,WS06
WS16_IR1,sensor,blocked,2024-05-03 10:09:38,weighbridge16,WS16
WS16_IR2,sensor,blocked,2024-05-03 10:09:38,weighbridge16,WS16
WS16_IR3,sensor,blocked,2024-05-03 10:09:38,weighbridge16,WS16
WS16_IR4,sensor,blocked,2024-05-03 10:09:38,weighbridge16,WS16
WS17_IR1,sensor,blocked,2024-05-04 06:03:40,weighbridge17,WS17
WS17_IR2,sensor,blocked,2024-05-04 06:03:40,weighbridge17,WS17
WS17_IR3,sensor,unblocked,2024-05-04 06:03:40,weighbridge17,WS17
WS17_IR4,sensor,blocked,2024-05-04 06:03:40,weighbridge17,WS17
WS06_IR1,sensor,partially blocked,2024-05-04 06:07:46,weighbridge6,WS06
WS06_IR2,sensor,blocked,2024-05-04 06:07:46,weighbridge6,WS06
WS06_IR3,sensor,blocked,2024-05-04 06:07:46,weighbridge6,WS06
WS06_IR4,sensor,blocked,2024-05-04 06:07:46,weighbridge6,WS06
WS20_IR1,sensor,blocked,2024-05-04 07:02:26,weighbridge20,WS20
WS20_IR2,sensor,blocked,2024-05-04 07:02:26,weighbridge20,WS20
WS20_IR3,sensor,blocked,2024-05-04 07:02:26,weighbridge20,WS20
WS20_IR4,sensor,blocked,2024-05-04 07:02:26,weighbridge20,WS20
WS09_IR1,sensor,blocked,2024-05-04 07:24:46,weighbridge9,WS09
WS09_IR2,sensor,blocked,2024-05-04 07:24:46,weighbridge9,WS09
WS09_IR3,sensor,blocked,2024-05-04 07:24:46,weighbridge9,WS09
WS09_IR4,sensor,blocked,2024-05-04 07:24:46,weighbridge9,WS09
WS03_IR1,sensor,blocked,2024-05-06 04:57:47,weighbridge3,WS03
WS03_IR2,sensor,blocked,2024-05-06 04:57:47,weighbridge3,WS03
WS03_IR3,sensor,blocked,2024-05-06 04:57:47,weighbridge3,WS03
WS03_IR4,sensor,blocked,2024-05-06 04:57:47,weighbridge3,WS03
WS17_IR1,sensor,blocked,2024-05-06 04:58:54,weighbridge17,WS17
WS17_IR2,sensor,unblocked,2024-05-06 04:58:54,weighbridge17,WS17
WS17_IR3,sensor,unblocked,2024-05-06 04:58:54,weighbridge17,WS17
WS17_IR4,sensor,blocked,2024-05-06 04:58:54,weighbridge17,WS17
WS03_IR1,sensor,blocked,2024-05-06 05:00:22,weighbridge3,WS03
WS03_IR2,sensor,blocked,2024-05-06 05:00:22,weighbridge3,WS03
WS03_IR3,sensor,blocked,2024-05-06 05:00:22,weighbridge3,WS03
WS03_IR4,sensor,blocked,2024-05-06 05:00:22,weighbridge3,WS03
WS06_IR1,sensor,blocked,2024-05-06 05:00:33,weighbridge6,WS06
WS06_IR2,sensor,blocked,2024-05-06 05:00:33,weighbridge6,WS06
WS06_IR3,sensor,blocked,2024-05-06 05:00:33,weighbridge6,WS06
WS06_IR4,sensor,blocked,2024-05-06 05:00:33,weighbridge6,WS06
WS16_IR1,sensor,blocked,2024-05-06 05:04:23,weighbridge16,WS16
WS16_IR2,sensor,blocked,2024-05-06 05:04:23,weighbridge16,WS16
WS16_IR3,sensor,blocked,2024-05-06 05:04:23,weighbridge16,WS16
WS16_IR4,sensor,blocked,2024-05-06 05:04:23,weighbridge16,WS16
WS19_IR1,sensor,partially blocked,2024-05-06 05:04:39,weighbridge19,WS19
WS19_IR2,sensor,blocked,2024-05-06 05:04:39,weighbridge19,WS19
WS19_IR3,sensor,blocked,2024-05-06 05:04:39,weighbridge19,WS19
WS19_IR4,sensor,blocked,2024-05-06 05:04:39,weighbridge19,WS19
WS15_IR1,sensor,blocked,2024-05-06 05:05:16,weighbridge15,WS15
WS15_IR2,sensor,blocked,2024-05-06 05:05:16,weighbridge15,WS15
WS15_IR3,sensor,blocked,2024-05-06 05:05:16,weighbridge15,WS15
WS15_IR4,sensor,blocked,2024-05-06 05:05:16,weighbridge15,WS15
WS09_IR1,sensor,blocked,2024-05-06 05:07:57,weighbridge9,WS09
WS09_IR2,sensor,blocked,2024-05-06 05:07:57,weighbridge9,WS09
WS09_IR3,sensor,blocked,2024-05-06 05:07:57,weighbridge9,WS09
WS09_IR4,sensor,blocked,2024-05-06 05:07:57,weighbridge9,WS09
WS14_IR1,sensor,partially blocked,2024-05-06 05:08:58,weighbridge14,WS14
WS14_IR2,sensor,blocked,2024-05-06 05:08:58,weighbridge14,WS14
WS14_IR3,sensor,blocked,2024-05-06 05:08:58,weighbridge14,WS14
WS14_IR4,sensor,blocked,2024-05-06 05:08:58,weighbridge14,WS14
WS05_IR1,sensor,blocked,2024-05-06 05:14:24,weighbridge5,WS05
WS05_IR2,sensor,blocked,2024-05-06 05:14:24,weighbridge5,WS05
WS05_IR3,sensor,blocked,2024-05-06 05:14:24,weighbridge5,WS05
WS05_IR4,sensor,blocked,2024-05-06 05:14:24,weighbridge5,WS05
WS12_IR1,sensor,blocked,2024-05-06 05:14:53,weighbridge12,WS12
WS12_IR2,sensor,blocked,2024-05-06 05:14:53,weighbridge12,WS12
WS12_IR3,sensor,blocked,2024-05-06 05:14:53,weighbridge12,WS12
WS12_IR4,sensor,blocked,2024-05-06 05:14:53,weighbridge12,WS12
WS14_IR1,sensor,blocked,2024-05-06 05:16:31,weighbridge14,WS14
WS14_IR2,sensor,blocked,2024-05-06 05:16:31,weighbridge14,WS14
WS14_IR3,sensor,blocked,2024-05-06 05:16:31,weighbridge14,WS14
WS14_IR4,sensor,blocked,2024-05-06 05:16:31,weighbridge14,WS14
WS09_IR1,sensor,blocked,2024-05-06 05:17:45,weighbridge9,WS09
WS09_IR2,sensor,blocked,2024-05-06 05:17:45,weighbridge9,WS09
WS09_IR3,sensor,blocked,2024-05-06 05:17:45,weighbridge9,WS09
WS09_IR4,sensor,blocked,2024-05-06 05:17:45,weighbridge9,WS09
WS08_IR1,sensor,blocked,2024-05-06 05:19:49,weighbridge8,WS08
WS08_IR2,sensor,blocked,2024-05-06 05:19:49,weighbridge8,WS08
WS08_IR3,sensor,blocked,2024-05-06 05:19:49,weighbridge8,WS08
WS08_IR4,sensor,blocked,2024-05-06 05:19:49,weighbridge8,WS08
WS06_IR1,sensor,blocked,2024-05-06 05:20:00,weighbridge6,WS06
WS06_IR2,sensor,blocked,2024-05-06 05:20:00,weighbridge6,WS06
WS06_IR3,sensor,blocked,2024-05-06 05:20:00,weighbridge6,WS06
WS06_IR4,sensor,blocked,2024-05-06 05:20:00,weighbridge6,WS06
WS01_IR1,sensor,blocked,2024-05-06 05:20:40,weighbridge1,WS01
WS01_IR2,sensor,blocked,2024-05-06 05:20:40,weighbridge1,WS01
WS01_IR3,sensor,blocked,2024-05-06 05:20:40,weighbridge1,WS01
WS01_IR4,sensor,blocked,2024-05-06 05:20:40,weighbridge1,WS01
WS12_IR1,sensor,blocked,2024-05-06 05:21:36,weighbridge12,WS12
WS12_IR2,sensor,blocked,2024-05-06 05:21:36,weighbridge12,WS12
WS12_IR3,sensor,blocked,2024-05-06 05:21:36,weighbridge12,WS12
WS12_IR4,sensor,blocked,2024-05-06 05:21:36,weighbridge12,WS12
WS06_IR1,sensor,blocked,2024-05-06 05:22:56,weighbridge6,WS06
WS06_IR2,sensor,blocked,2024-05-06 05:22:56,weighbridge6,WS06
WS06_IR3,sensor,blocked,2024-05-06 05:22:56,weighbridge6,WS06
WS06_IR4,sensor,blocked,2024-05-06 05:22:56,weighbridge6,WS06
WS08_IR1,sensor,blocked,2024-05-06 05:23:07,weighbridge8,WS08
WS08_IR2,sensor,blocked,2024-05-06 05:23:07,weighbridge8,WS08
WS08_IR3,sensor,blocked,2024-05-06 05:23:07,weighbridge8,WS08
WS08_IR4,sensor,blocked,2024-05-06 05:23:07,weighbridge8,WS08
WS01_IR1,sensor,partially blocked,2024-05-06 05:24:26,weighbridge1,WS01
WS01_IR2,sensor,blocked,2024-05-06 05:24:26,weighbridge1,WS01
WS01_IR3,sensor,partially blocked,2024-05-06 05:24:26,weighbridge1,WS01
WS01_IR4,sensor,blocked,2024-05-06 05:24:26,weighbridge1,WS01
WS07_IR1,sensor,blocked,2024-05-06 05:25:42,weighbridge7,WS07
WS07_IR2,sensor,blocked,2024-05-06 05:25:42,weighbridge7,WS07
WS07_IR3,sensor,blocked,2024-05-06 05:25:42,weighbridge7,WS07
WS07_IR4,sensor,blocked,2024-05-06 05:25:42,weighbridge7,WS07
WS07_IR1,sensor,blocked,2024-05-06 05:27:11,weighbridge7,WS07
WS07_IR2,sensor,blocked,2024-05-06 05:27:11,weighbridge7,WS07
WS07_IR3,sensor,blocked,2024-05-06 05:27:11,weighbridge7,WS07
WS07_IR4,sensor,blocked,2024-05-06 05:27:11,weighbridge7,WS07
WS13_IR1,sensor,blocked,2024-05-06 05:28:17,weighbridge13,WS13
WS13_IR2,sensor,blocked,2024-05-06 05:28:17,weighbridge13,WS13
WS13_IR3,sensor,blocked,2024-05-06 05:28:17,weighbridge13,WS13
WS13_IR4,sensor,blocked,2024-05-06 05:28:17,weighbridge13,WS13
WS05_IR1,sensor,blocked,2024-05-06 05:28:27,weighbridge5,WS05
WS05_IR2,sensor,blocked,2024-05-06 05:28:27,weighbridge5,WS05
WS05_IR3,sensor,blocked,2024-05-06 05:28:27,weighbridge5,WS05
WS05_IR4,sensor,blocked,2024-05-06 05:28:27,weighbridge5,WS05
WS11_IR1,sensor,blocked,2024-05-06 05:28:59,weighbridge11,WS11
WS11_IR2,sensor,blocked,2024-05-06 05:28:59,weighbridge11,WS11
WS11_IR3,sensor,blocked,2024-05-06 05:28:59,weighbridge11,WS11
WS11_IR4,sensor,blocked,2024-05-06 05:28:59,weighbridge11,WS11
WS15_IR1,sensor,blocked,2024-05-06 05:30:43,weighbridge15,WS15
WS15_IR2,sensor,blocked,2024-05-06 05:30:43,weighbridge15,WS15
WS15_IR3,sensor,blocked,2024-05-06 05:30:43,weighbridge15,WS15
WS15_IR4,sensor,blocked,2024-05-06 05:30:43,weighbridge15,WS15
WS07_IR1,sensor,blocked,2024-05-06 05:30:48,weighbridge7,WS07
WS07_IR2,sensor,blocked,2024-05-06 05:30:48,weighbridge7,WS07
WS07_IR3,sensor,blocked,2024-05-06 05:30:48,weighbridge7,WS07
WS07_IR4,sensor,blocked,2024-05-06 05:30:48,weighbridge7,WS07
WS05_IR1,sensor,blocked,2024-05-06 05:32:34,weighbridge5,WS05
WS05_IR2,sensor,blocked,2024-05-06 05:32:34,weighbridge5,WS05
WS05_IR3,sensor,blocked,2024-05-06 05:32:34,weighbridge5,WS05
WS05_IR4,sensor,blocked,2024-05-06 05:32:34,weighbridge5,WS05
WS06_IR1,sensor,blocked,2024-05-06 05:32:36,weighbridge6,WS06
WS06_IR2,sensor,blocked,2024-05-06 05:32:36,weighbridge6,WS06
WS06_IR3,sensor,blocked,2024-05-06 05:32:36,weighbridge6,WS06
WS06_IR4,sensor,blocked,2024-05-06 05:32:36,weighbridge6,WS06
WS03_IR1,sensor,blocked,2024-05-06 05:34:26,weighbridge3,WS03
WS03_IR2,sensor,blocked,2024-05-06 05:34:26,weighbridge3,WS03
WS03_IR3,sensor,blocked,2024-05-06 05:34:26,weighbridge3,WS03
WS03_IR4,sensor,blocked,2024-05-06 05:34:26,weighbridge3,WS03
WS05_IR1,sensor,blocked,2024-05-06 05:35:54,weighbridge5,WS05
WS05_IR2,sensor,blocked,2024-05-06 05:35:54,weighbridge5,WS05
WS05_IR3,sensor,blocked,2024-05-06 05:35:54,weighbridge5,WS05
WS05_IR4,sensor,blocked,2024-05-06 05:35:54,weighbridge5,WS05
WS18_IR1,sensor,blocked,2024-05-06 05:36:46,weighbridge18,WS18
WS18_IR2,sensor,blocked,2024-05-06 05:36:46,weighbridge18,WS18
WS18_IR3,sensor,blocked,2024-05-06 05:36:46,weighbridge18,WS18
WS18_IR4,sensor,partially blocked,2024-05-06 05:36:46,weighbridge18,WS18
WS07_IR1,sensor,blocked,2024-05-06 05:37:39,weighbridge7,WS07
WS07_IR2,sensor,blocked,2024-05-06 05:37:39,weighbridge7,WS07
WS07_IR3,sensor,blocked,2024-05-06 05:37:39,weighbridge7,WS07
WS07_IR4,sensor,blocked,2024-05-06 05:37:39,weighbridge7,WS07
WS04_IR1,sensor,blocked,2024-05-06 05:41:51,weighbridge4,WS04
WS04_IR2,sensor,blocked,2024-05-06 05:41:51,weighbridge4,WS04
WS04_IR3,sensor,blocked,2024-05-06 05:41:51,weighbridge4,WS04
WS04_IR4,sensor,blocked,2024-05-06 05:41:51,weighbridge4,WS04
WS08_IR1,sensor,partially blocked,2024-05-06 05:42:17,weighbridge8,WS08
WS08_IR2,sensor,blocked,2024-05-06 05:42:17,weighbridge8,WS08
WS08_IR3,sensor,blocked,2024-05-06 05:42:17,weighbridge8,WS08
WS08_IR4,sensor,blocked,2024-05-06 05:42:17,weighbridge8,WS08
WS18_IR1,sensor,blocked,2024-05-06 05:42:44,weighbridge18,WS18
WS18_IR2,sensor,blocked,2024-05-06 05:42:44,weighbridge18,WS18
WS18_IR3,sensor,blocked,2024-05-06 05:42:44,weighbridge18,WS18
WS18_IR4,sensor,blocked,2024-05-06 05:42:44,weighbridge18,WS18
WS19_IR1,sensor,blocked,2024-05-06 05:44:53,weighbridge19,WS19
WS19_IR2,sensor,unblocked,2024-05-06 05:44:53,weighbridge19,WS19
WS19_IR3,sensor,blocked,2024-05-06 05:44:53,weighbridge19,WS19
WS19_IR4,sensor,blocked,2024-05-06 05:44:53,weighbridge19,WS19
WS14_IR1,sensor,blocked,2024-05-06 05:54:19,weighbridge14,WS14
WS14_IR2,sensor,blocked,2024-05-06 05:54:19,weighbridge14,WS14
WS14_IR3,sensor,blocked,2024-05-06 05:54:19,weighbridge14,WS14
WS14_IR4,sensor,blocked,2024-05-06 05:54:19,weighbridge14,WS14
WS20_IR1,sensor,blocked,2024-05-06 05:55:30,weighbridge20,WS20
WS20_IR2,sensor,blocked,2024-05-06 05:55:30,weighbridge20,WS20
WS20_IR3,sensor,blocked,2024-05-06 05:55:30,weighbridge20,WS20
WS20_IR4,sensor,blocked,2024-05-06 05:55:30,weighbridge20,WS20
WS14_IR1,sensor,blocked,2024-05-06 12:10:25,weighbridge14,WS14
WS14_IR2,sensor,blocked,2024-05-06 12:10:25,weighbridge14,WS14
WS14_IR3,sensor,blocked,2024-05-06 12:10:25,weighbridge14,WS14
WS14_IR4,sensor,blocked,2024-05-06 12:10:25,weighbridge14,WS14
WS14_IR1,sensor,blocked,2024-05-06 12:11:58,weighbridge14,WS14
WS14_IR2,sensor,blocked,2024-05-06 12:11:58,weighbridge14,WS14
WS14_IR3,sensor,blocked,2024-05-06 12:11:58,weighbridge14,WS14
WS14_IR4,sensor,blocked,2024-05-06 12:11:58,weighbridge14,WS14
WS17_IR1,sensor,blocked,2024-05-06 12:16:24,weighbridge17,WS17
WS17_IR2,sensor,blocked,2024-05-06 12:16:24,weighbridge17,WS17
WS17_IR3,sensor,blocked,2024-05-06 12:16:24,weighbridge17,WS17
WS17_IR4,sensor,blocked,2024-05-06 12:16:24,weighbridge17,WS17
WS10_IR1,sensor,blocked,2024-05-06 12:20:17,weighbridge10,WS10
WS10_IR2,sensor,blocked,2024-05-06 12:20:17,weighbridge10,WS10
WS10_IR3,sensor,blocked,2024-05-06 12:20:17,weighbridge10,WS10
WS10_IR4,sensor,blocked,2024-05-06 12:20:17,weighbridge10,WS10
WS12_IR1,sensor,blocked,2024-05-06 12:23:19,weighbridge12,WS12
WS12_IR2,sensor,blocked,2024-05-06 12:23:19,weighbridge12,WS12
WS12_IR3,sensor,blocked,2024-05-06 12:23:19,weighbridge12,WS12
WS12_IR4,sensor,blocked,2024-05-06 12:23:19,weighbridge12,WS12
WS03_IR1,sensor,blocked,2024-05-06 12:26:32,weighbridge3,WS03
WS03_IR2,sensor,partially blocked,2024-05-06 12:26:32,weighbridge3,WS03
WS03_IR3,sensor,blocked,2024-05-06 12:26:32,weighbridge3,WS03
WS03_IR4,sensor,blocked,2024-05-06 12:26:32,weighbridge3,WS03
WS15_IR1,sensor,blocked,2024-05-06 12:28:50,weighbridge15,WS15
WS15_IR2,sensor,partially blocked,2024-05-06 12:28:50,weighbridge15,WS15
WS15_IR3,sensor,blocked,2024-05-06 12:28:50,weighbridge15,WS15
WS15_IR4,sensor,blocked,2024-05-06 12:28:50,weighbridge15,WS15
WS13_IR1,sensor,blocked,2024-05-06 12:29:50,weighbridge13,WS13
WS13_IR2,sensor,blocked,2024-05-06 12:29:50,weighbridge13,WS13
WS13_IR3,sensor,blocked,2024-05-06 12:29:50,weighbridge13,WS13
WS13_IR4,sensor,blocked,2024-05-06 12:29:50,weighbridge13,WS13
WS08_IR1,sensor,blocked,2024-05-06 12:32:00,weighbridge8,WS08
WS08_IR2,sensor,blocked,2024-05-06 12:32:00,weighbridge8,WS08
WS08_IR3,sensor,blocked,2024-05-06 12:32:00,weighbridge8,WS08
WS08_IR4,sensor,blocked,2024-05-06 12:32:00,weighbridge8,WS08
WS12_IR1,sensor,blocked,2024-05-06 12:32:12,weighbridge12,WS12
WS12_IR2,sensor,blocked,2024-05-06 12:32:12,weighbridge12,WS12
WS12_IR3,sensor,blocked,2024-05-06 12:32:12,weighbridge12,WS12
WS12_IR4,sensor,blocked,2024-05-06 12:32:12,weighbridge12,WS12
WS06_IR1,sensor,blocked,2024-05-06 12:33:50,weighbridge6,WS06
WS06_IR2,sensor,blocked,2024-05-06 12:33:50,weighbridge6,WS06
WS06_IR3,sensor,blocked,2024-05-06 12:33:50,weighbridge6,WS06
WS06_IR4,sensor,blocked,2024-05-06 12:33:50,weighbridge6,WS06
WS20_IR1,sensor,blocked,2024-05-08 05:13:21,weighbridge20,WS20
WS20_IR2,sensor,blocked,2024-05-08 05:13:21,weighbridge20,WS20
WS20_IR3,sensor,blocked,2024-05-08 05:13:21,weighbridge20,WS20
WS20_IR4,sensor,blocked,2024-05-08 05:13:21,weighbridge20,WS20
WS02_IR1,sensor,blocked,2024-05-08 05:24:56,weighbridge2,WS02
WS02_IR2,sensor,blocked,2024-05-08 05:24:56,weighbridge2,WS02
WS02_IR3,sensor,blocked,2024-05-08 05:24:56,weighbridge2,WS02
WS02_IR4,sensor,blocked,2024-05-08 05:24:56,weighbridge2,WS02
WS20_IR1,sensor,blocked,2024-05-08 05:37:33,weighbridge20,WS20
WS20_IR2,sensor,blocked,2024-05-08 05:37:33,weighbridge20,WS20
WS20_IR3,sensor,blocked,2024-05-08 05:37:33,weighbridge20,WS20
WS20_IR4,sensor,blocked,2024-05-08 05:37:33,weighbridge20,WS20
WS13_IR1,sensor,blocked,2024-05-08 05:45:13,weighbridge13,WS13
WS13_IR2,sensor,blocked,2024-05-08 05:45:13,weighbridge13,WS13
WS13_IR3,sensor,blocked,2024-05-08 05:45:13,weighbridge13,WS13
WS13_IR4,sensor,blocked,2024-05-08 05:45:13,weighbridge13,WS13
WS16_IR1,sensor,blocked,2024-05-08 05:46:30,weighbridge16,WS16
WS16_IR2,sensor,blocked,2024-05-08 05:46:30,weighbridge16,WS16
WS16_IR3,sensor,blocked,2024-05-08 05:46:30,weighbridge16,WS16
WS16_IR4,sensor,blocked,2024-05-08 05:46:30,weighbridge16,WS16
WS14_IR1,sensor,blocked,2024-05-08 05:56:53,weighbridge14,WS14
WS14_IR2,sensor,blocked,2024-05-08 05:56:53,weighbridge14,WS14
WS14_IR3,sensor,blocked,2024-05-08 05:56:53,weighbridge14,WS14
WS14_IR4,sensor,blocked,2024-05-08 05:56:53,weighbridge14,WS14
WS05_IR1,sensor,blocked,2024-05-08 06:08:11,weighbridge5,WS05
WS05_IR2,sensor,blocked,2024-05-08 06:08:11,weighbridge5,WS05
WS05_IR3,sensor,blocked,2024-05-08 06:08:11,weighbridge5,WS05
WS05_IR4,sensor,blocked,2024-05-08 06:08:11,weighbridge5,WS05
WS09_IR1,sensor,blocked,2024-05-08 06:10:35,weighbridge9,WS09
WS09_IR2,sensor,blocked,2024-05-08 06:10:35,weighbridge9,WS09
WS09_IR3,sensor,blocked,2024-05-08 06:10:35,weighbridge9,WS09
WS09_IR4,sensor,blocked,2024-05-08 06:10:35,weighbridge9,WS09
WS06_IR1,sensor,blocked,2024-05-08 06:16:07,weighbridge6,WS06
WS06_IR2,sensor,blocked,2024-05-08 06:16:07,weighbridge6,WS06
WS06_IR3,sensor,blocked,2024-05-08 06:16:07,weighbridge6,WS06
WS06_IR4,sensor,blocked,2024-05-08 06:16:07,weighbridge6,WS06
WS03_IR1,sensor,blocked,2024-05-08 06:18:27,weighbridge3,WS03
WS03_IR2,sensor,blocked,2024-05-08 06:18:27,weighbridge3,WS03
WS03_IR3,sensor,blocked,2024-05-08 06:18:27,weighbridge3,WS03
WS03_IR4,sensor,blocked,2024-05-08 06:18:27,weighbridge3,WS03
WS12_IR1,sensor,blocked,2024-05-08 06:18:36,weighbridge12,WS12
WS12_IR2,sensor,blocked,2024-05-08 06:18:36,weighbridge12,WS12
WS12_IR3,sensor,blocked,2024-05-08 06:18:36,weighbridge12,WS12
WS12_IR4,sensor,blocked,2024-05-08 06:18:36,weighbridge12,WS12
WS05_IR1,sensor,blocked,2024-05-08 06:22:07,weighbridge5,WS05
WS05_IR2,sensor,blocked,2024-05-08 06:22:07,weighbridge5,WS05
WS05_IR3,sensor,blocked,2024-05-08 06:22:07,weighbridge5,WS05
WS05_IR4,sensor,blocked,2024-05-08 06:22:07,weighbridge5,WS05
WS08_IR1,sensor,blocked,2024-05-08 06:22:35,weighbridge8,WS08
WS08_IR2,sensor,blocked,2024-05-08 06:22:35,weighbridge8,WS08
WS08_IR3,sensor,blocked,2024-05-08 06:22:35,weighbridge8,WS08
WS08_IR4,sensor,blocked,2024-05-08 06:22:35,weighbridge8,WS08
WS09_IR1,sensor,blocked,2024-05-08 06:25:34,weighbridge9,WS09
WS09_IR2,sensor,blocked,2024-05-08 06:25:34,weighbridge9,WS09
WS09_IR3,sensor,blocked,2024-05-08 06:25:34,weighbridge9,WS09
WS09_IR4,sensor,partially blocked,2024-05-08 06:25:34,weighbridge9,WS09
WS01_IR1,sensor,blocked,2024-05-08 06:26:24,weighbridge1,WS01
WS01_IR2,sensor,unblocked,2024-05-08 06:26:24,weighbridge1,WS01
WS01_IR3,sensor,blocked,2024-05-08 06:26:24,weighbridge1,WS01
WS01_IR4,sensor,blocked,2024-05-08 06:26:24,weighbridge1,WS01
WS12_IR1,sensor,blocked,2024-05-08 06:27:02,weighbridge12,WS12
WS12_IR2,sensor,blocked,2024-05-08 06:27:02,weighbridge12,WS12
WS12_IR3,sensor,partially blocked,2024-05-08 06:27:02,weighbridge12,WS12
WS12_IR4,sensor,blocked,2024-05-08 06:27:02,weighbridge12,WS12
WS18_IR1,sensor,blocked,2024-05-08 06:30:06,weighbridge18,WS18
WS18_IR2,sensor,blocked,2024-05-08 06:30:06,weighbridge18,WS18
WS18_IR3,sensor,blocked,2024-05-08 06:30:06,weighbridge18,WS18
WS18_IR4,sensor,blocked,2024-05-08 06:30:06,weighbridge18,WS18
WS01_IR1,sensor,blocked,2024-05-08 06:32:11,weighbridge1,WS01
WS01_IR2,sensor,blocked,2024-05-08 06:32:11,weighbridge1,WS01
WS01_IR3,sensor,blocked,2024-05-08 06:32:11,weighbridge1,WS01
WS01_IR4,sensor,blocked,2024-05-08 06:32:11,weighbridge1,WS01
WS08_IR1,sensor,blocked,2024-05-08 06:34:04,weighbridge8,WS08
WS08_IR2,sensor,blocked,2024-05-08 06:34:04,weighbridge8,WS08
WS08_IR3,sensor,blocked,2024-05-08 06:34:04,weighbridge8,WS08
WS08_IR4,sensor,blocked,2024-05-08 06:34:04,weighbridge8,WS08
WS03_IR1,sensor,unblocked,2024-05-08 06:34:10,weighbridge3,WS03
WS03_IR2,sensor,blocked,2024-05-08 06:34:10,weighbridge3,WS03
WS03_IR3,sensor,blocked,2024-05-08 06:34:10,weighbridge3,WS03
WS03_IR4,sensor,blocked,2024-05-08 06:34:10,weighbridge3,WS03
WS08_IR1,sensor,blocked,2024-05-08 06:45:03,weighbridge8,WS08
WS08_IR2,sensor,blocked,2024-05-08 06:45:03,weighbridge8,WS08
WS08_IR3,sensor,blocked,2024-05-08 06:45:03,weighbridge8,WS08
WS08_IR4,sensor,blocked,2024-05-08 06:45:03,weighbridge8,WS08
WS04_IR1,sensor,blocked,2024-05-08 06:51:40,weighbridge4,WS04
WS04_IR2,sensor,blocked,2024-05-08 06:51:40,weighbridge4,WS04
WS04_IR3,sensor,blocked,2024-05-08 06:51:40,weighbridge4,WS04
WS04_IR4,sensor,blocked,2024-05-08 06:51:40,weighbridge4,WS04
WS18_IR1,sensor,blocked,2024-05-08 06:52:42,weighbridge18,WS18
WS18_IR2,sensor,blocked,2024-05-08 06:52:42,weighbridge18,WS18
WS18_IR3,sensor,unblocked,2024-05-08 06:52:42,weighbridge18,WS18
WS18_IR4,sensor,blocked,2024-05-08 06:52:42,weighbridge18,WS18
WS11_IR1,sensor,blocked,2024-05-08 06:54:20,weighbridge11,WS11
WS11_IR2,sensor,blocked,2024-05-08 06:54:20,weighbridge11,WS11
WS11_IR3,sensor,blocked,2024-05-08 06:54:20,weighbridge11,WS11
WS11_IR4,sensor,blocked,2024-05-08 06:54:20,weighbridge11,WS11
WS19_IR1,sensor,blocked,2024-05-08 06:55:03,weighbridge19,WS19
WS19_IR2,sensor,blocked,2024-05-08 06:55:03,weighbridge19,WS19
WS19_IR3,sensor,blocked,2024-05-08 06:55:03,weighbridge19,WS19
WS19_IR4,sensor,blocked,2024-05-08 06:55:03,weighbridge19,WS19
WS06_IR1,sensor,blocked,2024-05-08 07:00:38,weighbridge6,WS06
WS06_IR2,sensor,blocked,2024-05-08 07:00:38,weighbridge6,WS06
WS06_IR3,sensor,blocked,2024-05-08 07:00:38,weighbridge6,WS06
WS06_IR4,sensor,blocked,2024-05-08 07:00:38,weighbridge6,WS06
WS05_IR1,sensor,blocked,2024-05-08 07:01:02,weighbridge5,WS05
WS05_IR2,sensor,blocked,2024-05-08 07:01:02,weighbridge5,WS05
WS05_IR3,sensor,blocked,2024-05-08 07:01:02,weighbridge5,WS05
WS05_IR4,sensor,blocked,2024-05-08 07:01:02,weighbridge5,WS05
WS15_IR1,sensor,blocked,2024-05-08 07:01:13,weighbridge15,WS15
WS15_IR2,sensor,blocked,2024-05-08 07:01:13,weighbridge15,WS15
WS15_IR3,sensor,blocked,2024-05-08 07:01:13,weighbridge15,WS15
WS15_IR4,sensor,blocked,2024-05-08 07:01:13,weighbridge15,WS15
WS02_IR1,sensor,blocked,2024-05-08 07:01:16,weighbridge2,WS02
WS02_IR2,sensor,blocked,2024-05-08 07:01:16,weighbridge2,WS02
WS02_IR3,sensor,blocked,2024-05-08 07:01:16,weighbridge2,WS02
WS02_IR4,sensor,blocked,2024-05-08 07:01:16,weighbridge2,WS02
WS06_IR1,sensor,blocked,2024-05-08 07:06:37,weighbridge6,WS06
WS06_IR2,sensor,blocked,2024-05-08 07:06:37,weighbridge6,WS06
WS06_IR3,sensor,partially blocked,2024-05-08 07:06:37,weighbridge6,WS06
WS06_IR4,sensor,blocked,2024-05-08 07:06:37,weighbridge6,WS06
WS15_IR1,sensor,blocked,2024-05-08 07:08:52,weighbridge15,WS15
WS15_IR2,sensor,blocked,2024-05-08 07:08:52,weighbridge15,WS15
WS15_IR3,sensor,blocked,2024-05-08 07:08:52,weighbridge15,WS15
WS15_IR4,sensor,blocked,2024-05-08 07:08:52,weighbridge15,WS15
WS16_IR1,sensor,blocked,2024-05-08 07:09:30,weighbridge16,WS16
WS16_IR2,sensor,blocked,2024-05-08 07:09:30,weighbridge16,WS16
WS16_IR3,sensor,blocked,2024-05-08 07:09:30,weighbridge16,WS16
WS16_IR4,sensor,blocked,2024-05-08 07:09:30,weighbridge16,WS16
WS05_IR1,sensor,blocked,2024-05-08 07:12:13,weighbridge5,WS05
WS05_IR2,sensor,blocked,2024-05-08 07:12:13,weighbridge5,WS05
WS05_IR3,sensor,blocked,2024-05-08 07:12:13,weighbridge5,WS05
WS05_IR4,sensor,blocked,2024-05-08 07:12:13,weighbridge5,WS05
WS14_IR1,sensor,blocked,2024-05-08 07:15:32,weighbridge14,WS14
WS14_IR2,sensor,blocked,2024-05-08 07:15:32,weighbridge14,WS14
WS14_IR3,sensor,partially blocked,2024-05-08 07:15:32,weighbridge14,WS14
WS14_IR4,sensor,partially blocked,2024-05-08 07:15:32,weighbridge14,WS14
WS14_IR1,sensor,blocked,2024-05-08 07:20:24,weighbridge14,WS14
WS14_IR2,sensor,blocked,2024-05-08 07:20:24,weighbridge14,WS14
WS14_IR3,sensor,blocked,2024-05-08 07:20:24,weighbridge14,WS14
WS14_IR4,sensor,blocked,2024-05-08 07:20:24,weighbridge14,WS14
WS07_IR1,sensor,blocked,2024-05-08 07:24:57,weighbridge7,WS07
WS07_IR2,sensor,blocked,2024-05-08 07:24:57,weighbridge7,WS07
WS07_IR3,sensor,blocked,2024-05-08 07:24:57,weighbridge7,WS07
WS07_IR4,sensor,blocked,2024-05-08 07:24:57,weighbridge7,WS07
WS12_IR1,sensor,blocked,2024-05-08 07:36:12,weighbridge12,WS12
WS12_IR2,sensor,blocked,2024-05-08 07:36:12,weighbridge12,WS12
WS12_IR3,sensor,blocked,2024-05-08 07:36:12,weighbridge12,WS12
WS12_IR4,sensor,blocked,2024-05-08 07:36:12,weighbridge12,WS12
WS12_IR1,sensor,blocked,2024-05-08 07:48:34,weighbridge12,WS12
WS12_IR2,sensor,blocked,2024-05-08 07:48:34,weighbridge12,WS12
WS12_IR3,sensor,blocked,2024-05-08 07:48:34,weighbridge12,WS12
WS12_IR4,sensor,blocked,2024-05-08 07:48:34,weighbridge12,WS12
WS13_IR1,sensor,blocked,2024-05-08 08:06:10,weighbridge13,WS13
WS13_IR2,sensor,blocked,2024-05-08 08:06:10,weighbridge13,WS13
WS13_IR3,sensor,unblocked,2024-05-08 08:06:10,weighbridge13,WS13
WS13_IR4,sensor,blocked,2024-05-08 08:06:10,weighbridge13,WS13
WS16_IR1,sensor,blocked,2024-05-08 12:59:27,weighbridge16,WS16
WS16_IR2,sensor,blocked,2024-05-08 12:59:27,weighbridge16,WS16
WS16_IR3,sensor,blocked,2024-05-08 12:59:27,weighbridge16,WS16
WS16_IR4,sensor,blocked,2024-05-08 12:59:27,weighbridge16,WS16
WS03_IR1,sensor,blocked,2024-05-08 13:23:55,weighbridge3,WS03
WS03_IR2,sensor,blocked,2024-05-08 13:23:55,weighbridge3,WS03
WS03_IR3,sensor,blocked,2024-05-08 13:23:55,weighbridge3,WS03
WS03_IR4,sensor,blocked,2024-05-08 13:23:55,weighbridge3,WS03
WS05_IR1,sensor,blocked,2024-05-08 13:25:24,weighbridge5,WS05
WS05_IR2,sensor,partially blocked,2024-05-08 13:25:24,weighbridge5,WS05
WS05_IR3,sensor,blocked,2024-05-08 13:25:24,weighbridge5,WS05
WS05_IR4,sensor,blocked,2024-05-08 13:25:24,weighbridge5,WS05
WS19_IR1,sensor,blocked,2024-05-08 13:29:41,weighbridge19,WS19
WS19_IR2,sensor,blocked,2024-05-08 13:29:41,weighbridge19,WS19
WS19_IR3,sensor,blocked,2024-05-08 13:29:41,weighbridge19,WS19
WS19_IR4,sensor,blocked,2024-05-08 13:29:41,weighbridge19,WS19
WS01_IR1,sensor,blocked,2024-05-08 13:32:04,weighbridge1,WS01
WS01_IR2,sensor,blocked,2024-05-08 13:32:04,weighbridge1,WS01
WS01_IR3,sensor,partially blocked,2024-05-08 13:32:04,weighbridge1,WS01
WS01_IR4,sensor,blocked,2024-05-08 13:32:04,weighbridge1,WS01
WS08_IR1,sensor,blocked,2024-05-08 13:33:01,weighbridge8,WS08
WS08_IR2,sensor,blocked,2024-05-08 13:33:01,weighbridge8,WS08
WS08_IR3,sensor,blocked,2024-05-08 13:33:01,weighbridge8,WS08
WS08_IR4,sensor,partially blocked,2024-05-08 13:33:01,weighbridge8,WS08
WS07_IR1,sensor,blocked,2024-05-08 13:43:34,weighbridge7,WS07
WS07_IR2,sensor,blocked,2024-05-08 13:43:34,weighbridge7,WS07
WS07_IR3,sensor,blocked,2024-05-08 13:43:34,weighbridge7,WS07
WS07_IR4,sensor,blocked,2024-05-08 13:43:34,weighbridge7,WS07
WS19_IR1,sensor,blocked,2024-05-08 13:55:37,weighbridge19,WS19
WS19_IR2,sensor,blocked,2024-05-08 13:55:37,weighbridge19,WS19
WS19_IR3,sensor,blocked,2024-05-08 13:55:37,weighbridge19,WS19
WS19_IR4,sensor,partially blocked,2024-05-08 13:55:37,weighbridge19,WS19
WS01_IR1,sensor,blocked,2024-05-08 14:20:55,weighbridge1,WS01
WS01_IR2,sensor,blocked,2024-05-08 14:20:55,weighbridge1,WS01
WS01_IR3,sensor,partially blocked,2024-05-08 14:20:55,weighbridge1,WS01
WS01_IR4,sensor,blocked,2024-05-08 14:20:55,weighbridge1,WS01
WS20_IR1,sensor,partially blocked,2024-05-08 14:35:21,weighbridge20,WS20
WS20_IR2,sensor,blocked,2024-05-08 14:35:21,weighbridge20,WS20
WS20_IR3,sensor,blocked,2024-05-08 14:35:21,weighbridge20,WS20
WS20_IR4,sensor,blocked,2024-05-08 14:35:21,weighbridge20,WS20
WS10_IR1,sensor,blocked,2024-05-08 15:05:16,weighbridge10,WS10
WS10_IR2,sensor,blocked,2024-05-08 15:05:16,weighbridge10,WS10
WS10_IR3,sensor,blocked,2024-05-08 15:05:16,weighbridge10,WS10
WS10_IR4,sensor,blocked,2024-05-08 15:05:16,weighbridge10,WS10
WS06_IR1,sensor,blocked,2024-05-10 05:54:43,weighbridge6,WS06
WS06_IR2,sensor,unblocked,2024-05-10 05:54:43,weighbridge6,WS06
WS06_IR3,sensor,blocked,2024-05-10 05:54:43,weighbridge6,WS06
WS06_IR4,sensor,blocked,2024-05-10 05:54:43,weighbridge6,WS06
WS10_IR1,sensor,partially blocked,2024-05-10 06:57:40,weighbridge10,WS10
WS10_IR2,sensor,blocked,2024-05-10 06:57:40,weighbridge10,WS10
WS10_IR3,sensor,blocked,2024-05-10 06:57:40,weighbridge10,WS10
WS10_IR4,sensor,blocked,2024-05-10 06:57:40,weighbridge10,WS10
WS10_IR1,sensor,blocked,2024-05-10 07:04:30,weighbridge10,WS10
WS10_IR2,sensor,blocked,2024-05-10 07:04:30,weighbridge10,WS10
WS10_IR3,sensor,blocked,2024-05-10 07:04:30,weighbridge10,WS10
WS10_IR4,sensor,partially blocked,2024-05-10 07:04:30,weighbridge10,WS10
WS04_IR1,sensor,blocked,2024-05-10 07:13:46,weighbridge4,WS04
WS04_IR2,sensor,blocked,2024-05-10 07:13:46,weighbridge4,WS04
WS04_IR3,sensor,blocked,2024-05-10 07:13:46,weighbridge4,WS04
WS04_IR4,sensor,blocked,2024-05-10 07:13:46,weighbridge4,WS04
WS05_IR1,sensor,blocked,2024-05-10 07:15:33,weighbridge5,WS05
WS05_IR2,sensor,blocked,2024-05-10 07:15:33,weighbridge5,WS05
WS05_IR3,sensor,blocked,2024-05-10 07:15:33,weighbridge5,WS05
WS05_IR4,sensor,blocked,2024-05-10 07:15:33,weighbridge5,WS05
WS01_IR1,sensor,blocked,2024-05-10 07:20:59,weighbridge1,WS01
WS01_IR2,sensor,blocked,2024-05-10 07:20:59,weighbridge1,WS01
WS01_IR3,sensor,blocked,2024-05-10 07:20:59,weighbridge1,WS01
WS01_IR4,sensor,blocked,2024-05-10 07:20:59,weighbridge1,WS01
WS15_IR1,sensor,blocked,2024-05-10 07:31:40,weighbridge15,WS15
WS15_IR2,sensor,blocked,2024-05-10 07:31:40,weighbridge15,WS15
WS15_IR3,sensor,blocked,2024-05-10 07:31:40,weighbridge15,WS15
WS15_IR4,sensor,blocked,2024-05-10 07:31:40,weighbridge15,WS15
WS08_IR1,sensor,blocked,2024-05-10 07:38:46,weighbridge8,WS08
WS08_IR2,sensor,blocked,2024-05-10 07:38:46,weighbridge8,WS08
WS08_IR3,sensor,blocked,2024-05-10 07:38:46,weighbridge8,WS08
WS08_IR4,sensor,unblocked,2024-05-10 07:38:46,weighbridge8,WS08
WS07_IR1,sensor,blocked,2024-05-10 07:38:48,weighbridge7,WS07
WS07_IR2,sensor,blocked,2024-05-10 07:38:48,weighbridge7,WS07
WS07_IR3,sensor,blocked,2024-05-10 07:38:48,weighbridge7,WS07
WS07_IR4,sensor,blocked,2024-05-10 07:38:48,weighbridge7,WS07
WS14_IR1,sensor,blocked,2024-05-10 07:46:35,weighbridge14,WS14
WS14_IR2,sensor,blocked,2024-05-10 07:46:35,weighbridge14,WS14
WS14_IR3,sensor,blocked,2024-05-10 07:46:35,weighbridge14,WS14
WS14_IR4,sensor,blocked,2024-05-10 07:46:35,weighbridge14,WS14
WS04_IR1,sensor,unblocked,2024-05-10 07:47:07,weighbridge4,WS04
WS04_IR2,sensor,blocked,2024-05-10 07:47:07,weighbridge4,WS04
WS04_IR3,sensor,blocked,2024-05-10 07:47:07,weighbridge4,WS04
WS04_IR4,sensor,blocked,2024-05-10 07:47:07,weighbridge4,WS04
WS19_IR1,sensor,blocked,2024-05-10 07:51:34,weighbridge19,WS19
WS19_IR2,sensor,blocked,2024-05-10 07:51:34,weighbridge19,WS19
WS19_IR3,sensor,blocked,2024-05-10 07:51:34,weighbridge19,WS19
WS19_IR4,sensor,blocked,2024-05-10 07:51:34,weighbridge19,WS19
WS05_IR1,sensor,blocked,2024-05-10 07:52:25,weighbridge5,WS05
WS05_IR2,sensor,blocked,2024-05-10 07:52:25,weighbridge5,WS05
WS05_IR3,sensor,blocked,2024-05-10 07:52:25,weighbridge5,WS05
WS05_IR4,sensor,blocked,2024-05-10 07:52:25,weighbridge5,WS05
WS16_IR1,sensor,blocked,2024-05-10 07:52:39,weighbridge16,WS16
WS16_IR2,sensor,blocked,2024-05-10 07:52:39,weighbridge16,WS16
WS16_IR3,sensor,blocked,2024-05-10 07:52:39,weighbridge16,WS16
WS16_IR4,sensor,partially blocked,2024-05-10 07:52:39,weighbridge16,WS16
WS20_IR1,sensor,partially blocked,2024-05-10 07:53:20,weighbridge20,WS20
WS20_IR2,sensor,blocked,2024-05-10 07:53:20,weighbridge20,WS20
WS20_IR3,sensor,blocked,2024-05-10 07:53:20,weighbridge20,WS20
WS20_IR4,sensor,blocked,2024-05-10 07:53:20,weighbridge20,WS20
WS18_IR1,sensor,blocked,2024-05-10 07:55:14,weighbridge18,WS18
WS18_IR2,sensor,blocked,2024-05-10 07:55:14,weighbridge18,WS18
WS18_IR3,sensor,blocked,2024-05-10 07:55:14,weighbridge18,WS18
WS18_IR4,sensor,blocked,2024-05-10 07:55:14,weighbridge18,WS18
WS15_IR1,sensor,blocked,2024-05-10 07:55:35,weighbridge15,WS15
WS15_IR2,sensor,unblocked,2024-05-10 07:55:35,weighbridge15,WS15
WS15_IR3,sensor,blocked,2024-05-10 07:55:35,weighbridge15,WS15
WS15_IR4,sensor,blocked,2024-05-10 07:55:35,weighbridge15,WS15
WS06_IR1,sensor,blocked,2024-05-10 08:04:48,weighbridge6,WS06
WS06_IR2,sensor,unblocked,2024-05-10 08:04:48,weighbridge6,WS06
WS06_IR3,sensor,blocked,2024-05-10 08:04:48,weighbridge6,WS06
WS06_IR4,sensor,blocked,2024-05-10 08:04:48,weighbridge6,WS06
WS05_IR1,sensor,blocked,2024-05-10 08:06:21,weighbridge5,WS05
WS05_IR2,sensor,blocked,2024-05-10 08:06:21,weighbridge5,WS05
WS05_IR3,sensor,blocked,2024-05-10 08:06:21,weighbridge5,WS05
WS05_IR4,sensor,blocked,2024-05-10 08:06:21,weighbridge5,WS05
WS01_IR1,sensor,blocked,2024-05-10 08:11:42,weighbridge1,WS01
WS01_IR2,sensor,blocked,2024-05-10 08:11:42,weighbridge1,WS01
WS01_IR3,sensor,unblocked,2024-05-10 08:11:42,weighbridge1,WS01
WS01_IR4,sensor,blocked,2024-05-10 08:11:42,weighbridge1,WS01
WS14_IR1,sensor,blocked,2024-05-10 08:13:40,weighbridge14,WS14
WS14_IR2,sensor,blocked,2024-05-10 08:13:40,weighbridge14,WS14
WS14_IR3,sensor,blocked,2024-05-10 08:13:40,weighbridge14,WS14
WS14_IR4,sensor,blocked,2024-05-10 08:13:40,weighbridge14,WS14
WS09_IR1,sensor,partially blocked,2024-05-10 08:16:43,weighbridge9,WS09
WS09_IR2,sensor,blocked,2024-05-10 08:16:43,weighbridge9,WS09
WS09_IR3,sensor,blocked,2024-05-10 08:16:43,weighbridge9,WS09
WS09_IR4,sensor,blocked,2024-05-10 08:16:43,weighbridge9,WS09
WS12_IR1,sensor,blocked,2024-05-10 08:19:21,weighbridge12,WS12
WS12_IR2,sensor,blocked,2024-05-10 08:19:21,weighbridge12,WS12
WS12_IR3,sensor,blocked,2024-05-10 08:19:21,weighbridge12,WS12
WS12_IR4,sensor,blocked,2024-05-10 08:19:21,weighbridge12,WS12
WS15_IR1,sensor,blocked,2024-05-10 08:20:22,weighbridge15,WS15
WS15_IR2,sensor,blocked,2024-05-10 08:20:22,weighbridge15,WS15
WS15_IR3,sensor,blocked,2024-05-10 08:20:22,weighbridge15,WS15
WS15_IR4,sensor,blocked,2024-05-10 08:20:22,weighbridge15,WS15
WS17_IR1,sensor,blocked,2024-05-10 08:20:38,weighbridge17,WS17
WS17_IR2,sensor,blocked,2024-05-10 08:20:38,weighbridge17,WS17
WS17_IR3,sensor,blocked,2024-05-10 08:20:38,weighbridge17,WS17
WS17_IR4,sensor,blocked,2024-05-10 08:20:38,weighbridge17,WS17
WS10_IR1,sensor,blocked,2024-05-10 08:21:41,weighbridge10,WS10
WS10_IR2,sensor,blocked,2024-05-10 08:21:41,weighbridge10,WS10
WS10_IR3,sensor,blocked,2024-05-10 08:21:41,weighbridge10,WS10
WS10_IR4,sensor,blocked,2024-05-10 08:21:41,weighbridge10,WS10
WS19_IR1,sensor,blocked,2024-05-10 08:24:25,weighbridge19,WS19
WS19_IR2,sensor,blocked,2024-05-10 08:24:25,weighbridge19,WS19
WS19_IR3,sensor,blocked,2024-05-10 08:24:25,weighbridge19,WS19
WS19_IR4,sensor,blocked,2024-05-10 08:24:25,weighbridge19,WS19
WS11_IR1,sensor,partially blocked,2024-05-10 08:26:49,weighbridge11,WS11
WS11_IR2,sensor,blocked,2024-05-10 08:26:49,weighbridge11,WS11
WS11_IR3,sensor,blocked,2024-05-10 08:26:49,weighbridge11,WS11
WS11_IR4,sensor,blocked,2024-05-10 08:26:49,weighbridge11,WS11
WS03_IR1,sensor,blocked,2024-05-10 08:34:57,weighbridge3,WS03
WS03_IR2,sensor,blocked,2024-05-10 08:34:57,weighbridge3,WS03
WS03_IR3,sensor,blocked,2024-05-10 08:34:57,weighbridge3,WS03
WS03_IR4,sensor,blocked,2024-05-10 08:34:57,weighbridge3,WS03
WS10_IR1,sensor,unblocked,2024-05-10 08:36:51,weighbridge10,WS10
WS10_IR2,sensor,blocked,2024-05-10 08:36:51,weighbridge10,WS10
WS10_IR3,sensor,blocked,2024-05-10 08:36:51,weighbridge10,WS10
WS10_IR4,sensor,blocked,2024-05-10 08:36:51,weighbridge10,WS10
WS17_IR1,sensor,blocked,2024-05-10 08:38:15,weighbridge17,WS17
WS17_IR2,sensor,blocked,2024-05-10 08:38:15,weighbridge17,WS17
WS17_IR3,sensor,blocked,2024-05-10 08:38:15,weighbridge17,WS17
WS17_IR4,sensor,blocked,2024-05-10 08:38:15,weighbridge17,WS17
WS03_IR1,sensor,blocked,2024-05-10 08:40:29,weighbridge3,WS03
WS03_IR2,sensor,blocked,2024-05-10 08:40:29,weighbridge3,WS03
WS03_IR3,sensor,blocked,2024-05-10 08:40:29,weighbridge3,WS03
WS03_IR4,sensor,blocked,2024-05-10 08:40:29,weighbridge3,WS03
WS05_IR1,sensor,blocked,2024-05-10 08:42:04,weighbridge5,WS05
WS05_IR2,sensor,blocked,2024-05-10 08:42:04,weighbridge5,WS05
WS05_IR3,sensor,blocked,2024-05-10 08:42:04,weighbridge5,WS05
WS05_IR4,sensor,blocked,2024-05-10 08:42:04,weighbridge5,WS05
WS08_IR1,sensor,blocked,2024-05-10 08:46:58,weighbridge8,WS08
WS08_IR2,sensor,blocked,2024-05-10 08:46:58,weighbridge8,WS08
WS08_IR3,sensor,blocked,2024-05-10 08:46:58,weighbridge8,WS08
WS08_IR4,sensor,blocked,2024-05-10 08:46:58,weighbridge8,WS08
WS02_IR1,sensor,blocked,2024-05-10 09:12:42,weighbridge2,WS02
WS02_IR2,sensor,blocked,2024-05-10 09:12:42,weighbridge2,WS02
WS02_IR3,sensor,blocked,2024-05-10 09:12:42,weighbridge2,WS02
WS02_IR4,sensor,partially blocked,2024-05-10 09:12:42,weighbridge2,WS02
WS20_IR1,sensor,blocked,2024-05-10 09:15:04,weighbridge20,WS20
WS20_IR2,sensor,blocked,2024-05-10 09:15:04,weighbridge20,WS20
WS20_IR3,sensor,blocked,2024-05-10 09:15:04,weighbridge20,WS20
WS20_IR4,sensor,blocked,2024-05-10 09:15:04,weighbridge20,WS20
WS10_IR1,sensor,blocked,2024-05-10 09:36:13,weighbridge10,WS10
WS10_IR2,sensor,partially blocked,2024-05-10 09:36:13,weighbridge10,WS10
WS10_IR3,sensor,blocked,2024-05-10 09:36:13,weighbridge10,WS10
WS10_IR4,sensor,blocked,2024-05-10 09:36:13,weighbridge10,WS10
WS16_IR1,sensor,blocked,2024-05-10 09:59:40,weighbridge16,WS16
WS16_IR2,sensor,blocked,2024-05-10 09:59:40,weighbridge16,WS16
WS16_IR3,sensor,blocked,2024-05-10 09:59:40,weighbridge16,WS16
WS16_IR4,sensor,blocked,2024-05-10 09:59:40,weighbridge16,WS16
WS06_IR1,sensor,blocked,2024-05-10 10:02:06,weighbridge6,WS06
WS06_IR2,sensor,blocked,2024-05-10 10:02:06,weighbridge6,WS06
WS06_IR3,sensor,blocked,2024-05-10 10:02:06,weighbridge6,WS06
WS06_IR4,sensor,blocked,2024-05-10 10:02:06,weighbridge6,WS06
WS10_IR1,sensor,blocked,2024-05-10 13:43:49,weighbridge10,WS10
WS10_IR2,sensor,blocked,2024-05-10 13:43:49,weighbridge10,WS10
WS10_IR3,sensor,blocked,2024-05-10 13:43:49,weighbridge10,WS10
WS10_IR4,sensor,blocked,2024-05-10 13:43:49,weighbridge10,WS10
WS17_IR1,sensor,blocked,2024-05-10 13:58:22,weighbridge17,WS17
WS17_IR2,sensor,blocked,2024-05-10 13:58:22,weighbridge17,WS17
WS17_IR3,sensor,blocked,2024-05-10 13:58:22,weighbridge17,WS17
WS17_IR4,sensor,blocked,2024-05-10 13:58:22,weighbridge17,WS17
WS02_IR1,sensor,blocked,2024-05-10 14:21:59,weighbridge2,WS02
WS02_IR2,sensor,blocked,2024-05-10 14:21:59,weighbridge2,WS02
WS02_IR3,sensor,blocked,2024-05-10 14:21:59,weighbridge2,WS02
WS02_IR4,sensor,blocked,2024-05-10 14:21:59,weighbridge2,WS02
WS09_IR1,sensor,blocked,2024-05-10 14:22:58,weighbridge9,WS09
WS09_IR2,sensor,partially blocked,2024-05-10 14:22:58,weighbridge9,WS09
WS09_IR3,sensor,blocked,2024-05-10 14:22:58,weighbridge9,WS09
WS09_IR4,sensor,blocked,2024-05-10 14:22:58,weighbridge9,WS09
WS06_IR1,sensor,blocked,2024-05-10 14:29:22,weighbridge6,WS06
WS06_IR2,sensor,blocked,2024-05-10 14:29:22,weighbridge6,WS06
WS06_IR3,sensor,blocked,2024-05-10 14:29:22,weighbridge6,WS06
WS06_IR4,sensor,blocked,2024-05-10 14:29:22,weighbridge6,WS06
WS17_IR1,sensor,blocked,2024-05-10 14:37:37,weighbridge17,WS17
WS17_IR2,sensor,blocked,2024-05-10 14:37:37,weighbridge17,WS17
WS17_IR3,sensor,blocked,2024-05-10 14:37:37,weighbridge17,WS17
WS17_IR4,sensor,blocked,2024-05-10 14:37:37,weighbridge17,WS17
WS04_IR1,sensor,blocked,2024-05-10 15:26:02,weighbridge4,WS04
WS04_IR2,sensor,blocked,2024-05-10 15:26:02,weighbridge4,WS04
WS04_IR3,sensor,blocked,2024-05-10 15:26:02,weighbridge4,WS04
WS04_IR4,sensor,blocked,2024-05-10 15:26:02,weighbridge4,WS04
WS08_IR1,sensor,blocked,2024-05-10 15:37:34,weighbridge8,WS08
WS08_IR2,sensor,blocked,2024-05-10 15:37:34,weighbridge8,WS08
WS08_IR3,sensor,blocked,2024-05-10 15:37:34,weighbridge8,WS08
WS08_IR4,sensor,blocked,2024-05-10 15:37:34,weighbridge8,WS08
WS17_IR1,sensor,blocked,2024-05-10 16:01:15,weighbridge17,WS17
WS17_IR2,sensor,blocked,2024-05-10 16:01:15,weighbridge17,WS17
WS17_IR3,sensor,blocked,2024-05-10 16:01:15,weighbridge17,WS17
WS17_IR4,sensor,partially blocked,2024-05-10 16:01:15,weighbridge17,WS17
WS14_IR1,sensor,blocked,2024-05-10 16:07:30,weighbridge14,WS14
WS14_IR2,sensor,blocked,2024-05-10 16:07:30,weighbridge14,WS14
WS14_IR3,sensor,partially blocked,2024-05-10 16:07:30,weighbridge14,WS14
WS14_IR4,sensor,blocked,2024-05-10 16:07:30,weighbridge14,WS14
WS07_IR1,sensor,blocked,2024-05-10 16:23:20,weighbridge7,WS07
WS07_IR2,sensor,blocked,2024-05-10 16:23:20,weighbridge7,WS07
WS07_IR3,sensor,blocked,2024-05-10 16:23:20,weighbridge7,WS07
WS07_IR4,sensor,blocked,2024-05-10 16:23:20,weighbridge7,WS07
WS18_IR1,sensor,blocked,2024-05-12 06:50:55,weighbridge18,WS18
WS18_IR2,sensor,blocked,2024-05-12 06:50:55,weighbridge18,WS18
WS18_IR3,sensor,blocked,2024-05-12 06:50:55,weighbridge18,WS18
WS18_IR4,sensor,blocked,2024-05-12 06:50:55,weighbridge18,WS18
WS08_IR1,sensor,blocked,2024-05-12 08:25:04,weighbridge8,WS08
WS08_IR2,sensor,blocked,2024-05-12 08:25:04,weighbridge8,WS08
WS08_IR3,sensor,blocked,2024-05-12 08:25:04,weighbridge8,WS08
WS08_IR4,sensor,blocked,2024-05-12 08:25:04,weighbridge8,WS08
WS04_IR1,sensor,blocked,2024-05-12 08:26:07,weighbridge4,WS04
WS04_IR2,sensor,blocked,2024-05-12 08:26:07,weighbridge4,WS04
WS04_IR3,sensor,blocked,2024-05-12 08:26:07,weighbridge4,WS04
WS04_IR4,sensor,blocked,2024-05-12 08:26:07,weighbridge4,WS04
WS08_IR1,sensor,blocked,2024-05-12 08:38:12,weighbridge8,WS08
WS08_IR2,sensor,blocked,2024-05-12 08:38:12,weighbridge8,WS08
WS08_IR3,sensor,blocked,2024-05-12 08:38:12,weighbridge8,WS08
WS08_IR4,sensor,blocked,2024-05-12 08:38:12,weighbridge8,WS08
WS01_IR1,sensor,blocked,2024-05-12 08:43:56,weighbridge1,WS01
WS01_IR2,sensor,blocked,2024-05-12 08:43:56,weighbridge1,WS01
WS01_IR3,sensor,blocked,2024-05-12 08:43:56,weighbridge1,WS01
WS01_IR4,sensor,blocked,2024-05-12 08:43:56,weighbridge1,WS01
WS02_IR1,sensor,blocked,2024-05-12 08:47:22,weighbridge2,WS02
WS02_IR2,sensor,blocked,2024-05-12 08:47:22,weighbridge2,WS02
WS02_IR3,sensor,blocked,2024-05-12 08:47:22,weighbridge2,WS02
WS02_IR4,sensor,partially blocked,2024-05-12 08:47:22,weighbridge2,WS02
WS11_IR1,sensor,partially blocked,2024-05-12 08:47:46,weighbridge11,WS11
WS11_IR2,sensor,blocked,2024-05-12 08:47:46,weighbridge11,WS11
WS11_IR3,sensor,unblocked,2024-05-12 08:47:46,weighbridge11,WS11
WS11_IR4,sensor,blocked,2024-05-12 08:47:46,weighbridge11,WS11
WS04_IR1,sensor,blocked,2024-05-12 08:55:13,weighbridge4,WS04
WS04_IR2,sensor,blocked,2024-05-12 08:55:13,weighbridge4,WS04
WS04_IR3,sensor,blocked,2024-05-12 08:55:13,weighbridge4,WS04
WS04_IR4,sensor,blocked,2024-05-12 08:55:13,weighbridge4,WS04
WS10_IR1,sensor,blocked,2024-05-12 08:58:41,weighbridge10,WS10
WS10_IR2,sensor,blocked,2024-05-12 08:58:41,weighbridge10,WS10
WS10_IR3,sensor,blocked,2024-05-12 08:58:41,weighbridge10,WS10
WS10_IR4,sensor,blocked,2024-05-12 08:58:41,weighbridge10,WS10
WS09_IR1,sensor,unblocked,2024-05-12 09:07:57,weighbridge9,WS09
WS09_IR2,sensor,blocked,2024-05-12 09:07:57,weighbridge9,WS09
WS09_IR3,sensor,blocked,2024-05-12 09:07:57,weighbridge9,WS09
WS09_IR4,sensor,blocked,2024-05-12 09:07:57,weighbridge9,WS09
WS15_IR1,sensor,blocked,2024-05-12 09:14:19,weighbridge15,WS15
WS15_IR2,sensor,blocked,2024-05-12 09:14:19,weighbridge15,WS15
WS15_IR3,sensor,blocked,2024-05-12 09:14:19,weighbridge15,WS15
WS15_IR4,sensor,blocked,2024-05-12 09:14:19,weighbridge15,WS15
WS12_IR1,sensor,blocked,2024-05-12 09:15:28,weighbridge12,WS12
WS12_IR2,sensor,blocked,2024-05-12 09:15:28,weighbridge12,WS12
WS12_IR3,sensor,partially blocked,2024-05-12 09:15:28,weighbridge12,WS12
WS12_IR4,sensor,blocked,2024-05-12 09:15:28,weighbridge12,WS12
WS06_IR1,sensor,blocked,2024-05-12 09:18:19,weighbridge6,WS06
WS06_IR2,sensor,blocked,2024-05-12 09:18:19,weighbridge6,WS06
WS06_IR3,sensor,blocked,2024-05-12 09:18:19,weighbridge6,WS06
WS06_IR4,sensor,blocked,2024-05-12 09:18:19,weighbridge6,WS06
WS14_IR1,sensor,blocked,2024-05-12 09:28:59,weighbridge14,WS14
WS14_IR2,sensor,blocked,2024-05-12 09:28:59,weighbridge14,WS14
WS14_IR3,sensor,blocked,2024-05-12 09:28:59,weighbridge14,WS14
WS14_IR4,sensor,blocked,2024-05-12 09:28:59,weighbridge14,WS14
WS14_IR1,sensor,blocked,2024-05-12 09:39:56,weighbridge14,WS14
WS14_IR2,sensor,blocked,2024-05-12 09:39:56,weighbridge14,WS14
WS14_IR3,sensor,blocked,2024-05-12 09:39:56,weighbridge14,WS14
WS14_IR4,sensor,blocked,2024-05-12 09:39:56,weighbridge14,WS14
WS13_IR1,sensor,blocked,2024-05-12 09:40:18,weighbridge13,WS13
WS13_IR2,sensor,blocked,2024-05-12 09:40:18,weighbridge13,WS13
WS13_IR3,sensor,blocked,2024-05-12 09:40:18,weighbridge13,WS13
WS13_IR4,sensor,blocked,2024-05-12 09:40:18,weighbridge13,WS13
WS06_IR1,sensor,blocked,2024-05-12 09:42:53,weighbridge6,WS06
WS06_IR2,sensor,blocked,2024-05-12 09:42:53,weighbridge6,WS06
WS06_IR3,sensor,blocked,2024-05-12 09:42:53,weighbridge6,WS06
WS06_IR4,sensor,blocked,2024-05-12 09:42:53,weighbridge6,WS06
WS13_IR1,sensor,blocked,2024-05-12 09:43:56,weighbridge13,WS13
WS13_IR2,sensor,partially blocked,2024-05-12 09:43:56,weighbridge13,WS13
WS13_IR3,sensor,blocked,2024-05-12 09:43:56,weighbridge13,WS13
WS13_IR4,sensor,blocked,2024-05-12 09:43:56,weighbridge13,WS13
WS12_IR1,sensor,blocked,2024-05-12 09:45:08,weighbridge12,WS12
WS12_IR2,sensor,blocked,2024-05-12 09:45:08,weighbridge12,WS12
WS12_IR3,sensor,blocked,2024-05-12 09:45:08,weighbridge12,WS12
WS12_IR4,sensor,blocked,2024-05-12 09:45:08,weighbridge12,WS12
WS06_IR1,sensor,blocked,2024-05-12 09:51:35,weighbridge6,WS06
WS06_IR2,sensor,blocked,2024-05-12 09:51:35,weighbridge6,WS06
WS06_IR3,sensor,blocked,2024-05-12 09:51:35,weighbridge6,WS06
WS06_IR4,sensor,blocked,2024-05-12 09:51:35,weighbridge6,WS06
WS06_IR1,sensor,blocked,2024-05-12 10:00:23,weighbridge6,WS06
WS06_IR2,sensor,blocked,2024-05-12 10:00:23,weighbridge6,WS06
WS06_IR3,sensor,blocked,2024-05-12 10:00:23,weighbridge6,WS06
WS06_IR4,sensor,blocked,2024-05-12 10:00:23,weighbridge6,WS06
WS04_IR1,sensor,blocked,2024-05-12 10:00:31,weighbridge4,WS04
WS04_IR2,sensor,blocked,2024-05-12 10:00:31,weighbridge4,WS04
WS04_IR3,sensor,blocked,2024-05-12 10:00:31,weighbridge4,WS04
WS04_IR4,sensor,blocked,2024-05-12 10:00:31,weighbridge4,WS04
WS18_IR1,sensor,blocked,2024-05-12 10:01:07,weighbridge18,WS18
WS18_IR2,sensor,blocked,2024-05-12 10:01:07,weighbridge18,WS18
WS18_IR3,sensor,blocked,2024-05-12 10:01:07,weighbridge18,WS18
WS18_IR4,sensor,blocked,2024-05-12 10:01:07,weighbridge18,WS18
WS12_IR1,sensor,blocked,2024-05-12 10:01:55,weighbridge12,WS12
WS12_IR2,sensor,blocked,2024-05-12 10:01:55,weighbridge12,WS12
WS12_IR3,sensor,blocked,2024-05-12 10:01:55,weighbridge12,WS12
WS12_IR4,sensor,blocked,2024-05-12 10:01:55,weighbridge12,WS12
WS13_IR1,sensor,blocked,2024-05-12 10:04:23,weighbridge13,WS13
WS13_IR2,sensor,blocked,2024-05-12 10:04:23,weighbridge13,WS13
WS13_IR3,sensor,blocked,2024-05-12 10:04:23,weighbridge13,WS13
WS13_IR4,sensor,blocked,2024-05-12 10:04:23,weighbridge13,WS13
WS04_IR1,sensor,blocked,2024-05-12 10:08:10,weighbridge4,WS04
WS04_IR2,sensor,blocked,2024-05-12 10:08:10,weighbridge4,WS04
WS04_IR3,sensor,blocked,2024-05-12 10:08:10,weighbridge4,WS04
WS04_IR4,sensor,blocked,2024-05-12 10:08:10,weighbridge4,WS04
WS09_IR1,sensor,blocked,2024-05-12 10:19:18,weighbridge9,WS09
WS09_IR2,sensor,blocked,2024-05-12 10:19:18,weighbridge9,WS09
WS09_IR3,sensor,blocked,2024-05-12 10:19:18,weighbridge9,WS09
WS09_IR4,sensor,blocked,2024-05-12 10:19:18,weighbridge9,WS09
WS16_IR1,sensor,blocked,2024-05-12 10:19:37,weighbridge16,WS16
WS16_IR2,sensor,blocked,2024-05-12 10:19:37,weighbridge16,WS16
WS16_IR3,sensor,blocked,2024-05-12 10:19:37,weighbridge16,WS16
WS16_IR4,sensor,unblocked,2024-05-12 10:19:37,weighbridge16,WS16
WS13_IR1,sensor,blocked,2024-05-12 10:30:52,weighbridge13,WS13
WS13_IR2,sensor,blocked,2024-05-12 10:30:52,weighbridge13,WS13
WS13_IR3,sensor,blocked,2024-05-12 10:30:52,weighbridge13,WS13
WS13_IR4,sensor,blocked,2024-05-12 10:30:52,weighbridge13,WS13
WS03_IR1,sensor,blocked,2024-05-12 10:32:20,weighbridge3,WS03
WS03_IR2,sensor,blocked,2024-05-12 10:32:20,weighbridge3,WS03
WS03_IR3,sensor,blocked,2024-05-12 10:32:20,weighbridge3,WS03
WS03_IR4,sensor,blocked,2024-05-12 10:32:20,weighbridge3,WS03
WS14_IR1,sensor,blocked,2024-05-12 10:40:03,weighbridge14,WS14
WS14_IR2,sensor,blocked,2024-05-12 10:40:03,weighbridge14,WS14
WS14_IR3,sensor,blocked,2024-05-12 10:40:03,weighbridge14,WS14
WS14_IR4,sensor,blocked,2024-05-12 10:40:03,weighbridge14,WS14
WS13_IR1,sensor,blocked,2024-05-12 10:48:40,weighbridge13,WS13
WS13_IR2,sensor,blocked,2024-05-12 10:48:40,weighbridge13,WS13
WS13_IR3,sensor,blocked,2024-05-12 10:48:40,weighbridge13,WS13
WS13_IR4,sensor,blocked,2024-05-12 10:48:40,weighbridge13,WS13
WS18_IR1,sensor,blocked,2024-05-12 10:51:22,weighbridge18,WS18
WS18_IR2,sensor,blocked,2024-05-12 10:51:22,weighbridge18,WS18
WS18_IR3,sensor,blocked,2024-05-12 10:51:22,weighbridge18,WS18
WS18_IR4,sensor,unblocked,2024-05-12 10:51:22,weighbridge18,WS18
WS07_IR1,sensor,blocked,2024-05-12 10:54:39,weighbridge7,WS07
WS07_IR2,sensor,blocked,2024-05-12 10:54:39,weighbridge7,WS07
WS07_IR3,sensor,blocked,2024-05-12 10:54:39,weighbridge7,WS07
WS07_IR4,sensor,blocked,2024-05-12 10:54:39,weighbridge7,WS07
WS19_IR1,sensor,partially blocked,2024-05-12 11:06:14,weighbridge19,WS19
WS19_IR2,sensor,blocked,2024-05-12 11:06:14,weighbridge19,WS19
WS19_IR3,sensor,blocked,2024-05-12 11:06:14,weighbridge19,WS19
WS19_IR4,sensor,blocked,2024-05-12 11:06:14,weighbridge19,WS19
WS15_IR1,sensor,blocked,2024-05-12 11:20:35,weighbridge15,WS15
WS15_IR2,sensor,blocked,2024-05-12 11:20:35,weighbridge15,WS15
WS15_IR3,sensor,partially blocked,2024-05-12 11:20:35,weighbridge15,WS15
WS15_IR4,sensor,blocked,2024-05-12 11:20:35,weighbridge15,WS15
WS09_IR1,sensor,partially blocked,2024-05-12 12:07:45,weighbridge9,WS09
WS09_IR2,sensor,blocked,2024-05-12 12:07:45,weighbridge9,WS09
WS09_IR3,sensor,blocked,2024-05-12 12:07:45,weighbridge9,WS09
WS09_IR4,sensor,blocked,2024-05-12 12:07:45,weighbridge9,WS09
WS18_IR1,sensor,blocked,2024-05-12 12:31:43,weighbridge18,WS18
WS18_IR2,sensor,blocked,2024-05-12 12:31:43,weighbridge18,WS18
WS18_IR3,sensor,blocked,2024-05-12 12:31:43,weighbridge18,WS18
WS18_IR4,sensor,blocked,2024-05-12 12:31:43,weighbridge18,WS18
WS09_IR1,sensor,blocked,2024-05-12 12:48:58,weighbridge9,WS09
WS09_IR2,sensor,blocked,2024-05-12 12:48:58,weighbridge9,WS09
WS09_IR3,sensor,blocked,2024-05-12 12:48:58,weighbridge9,WS09
WS09_IR4,sensor,blocked,2024-05-12 12:48:58,weighbridge9,WS09
WS11_IR1,sensor,blocked,2024-05-12 14:57:43,weighbridge11,WS11
WS11_IR2,sensor,blocked,2024-05-12 14:57:43,weighbridge11,WS11
WS11_IR3,sensor,blocked,2024-05-12 14:57:43,weighbridge11,WS11
WS11_IR4,sensor,blocked,2024-05-12 14:57:43,weighbridge11,WS11
WS11_IR1,sensor,partially blocked,2024-05-12 15:15:25,weighbridge11,WS11
WS11_IR2,sensor,blocked,2024-05-12 15:15:25,weighbridge11,WS11
WS11_IR3,sensor,partially blocked,2024-05-12 15:15:25,weighbridge11,WS11
WS11_IR4,sensor,blocked,2024-05-12 15:15:25,weighbridge11,WS11
WS11_IR1,sensor,blocked,2024-05-12 15:23:28,weighbridge11,WS11
WS11_IR2,sensor,blocked,2024-05-12 15:23:28,weighbridge11,WS11
WS11_IR3,sensor,blocked,2024-05-12 15:23:28,weighbridge11,WS11
WS11_IR4,sensor,blocked,2024-05-12 15:23:28,weighbridge11,WS11
WS05_IR1,sensor,blocked,2024-05-12 16:35:37,weighbridge5,WS05
WS05_IR2,sensor,blocked,2024-05-12 16:35:37,weighbridge5,WS05
WS05_IR3,sensor,blocked,2024-05-12 16:35:37,weighbridge5,WS05
WS05_IR4,sensor,blocked,2024-05-12 16:35:37,weighbridge5,WS05
WS15_IR1,sensor,blocked,2024-05-12 16:37:48,weighbridge15,WS15
WS15_IR2,sensor,blocked,2024-05-12 16:37:48,weighbridge15,WS15
WS15_IR3,sensor,blocked,2024-05-12 16:37:48,weighbridge15,WS15
WS15_IR4,sensor,blocked,2024-05-12 16:37:48,weighbridge15,WS15
WS11_IR1,sensor,partially blocked,2024-05-12 17:35:49,weighbridge11,WS11
WS11_IR2,sensor,blocked,2024-05-12 17:35:49,weighbridge11,WS11
WS11_IR3,sensor,blocked,2024-05-12 17:35:49,weighbridge11,WS11
WS11_IR4,sensor,blocked,2024-05-12 17:35:49,weighbridge11,WS11
WS12_IR1,sensor,blocked,2024-05-12 17:37:20,weighbridge12,WS12
WS12_IR2,sensor,blocked,2024-05-12 17:37:20,weighbridge12,WS12
WS12_IR3,sensor,blocked,2024-05-12 17:37:20,weighbridge12,WS12
WS12_IR4,sensor,blocked,2024-05-12 17:37:20,weighbridge12,WS12
WS14_IR1,sensor,blocked,2024-05-12 17:40:20,weighbridge14,WS14
WS14_IR2,sensor,blocked,2024-05-12 17:40:20,weighbridge14,WS14
WS14_IR3,sensor,blocked,2024-05-12 17:40:20,weighbridge14,WS14
WS14_IR4,sensor,blocked,2024-05-12 17:40:20,weighbridge14,WS14
WS12_IR1,sensor,partially blocked,2024-05-12 17:44:39,weighbridge12,WS12
WS12_IR2,sensor,blocked,2024-05-12 17:44:39,weighbridge12,WS12
WS12_IR3,sensor,blocked,2024-05-12 17:44:39,weighbridge12,WS12
WS12_IR4,sensor,blocked,2024-05-12 17:44:39,weighbridge12,WS12
WS05_IR1,sensor,blocked,2024-05-12 17:56:17,weighbridge5,WS05
WS05_IR2,sensor,blocked,2024-05-12 17:56:17,weighbridge5,WS05
WS05_IR3,sensor,blocked,2024-05-12 17:56:17,weighbridge5,WS05
WS05_IR4,sensor,blocked,2024-05-12 17:56:17,weighbridge5,WS05
WS01_IR1,sensor,blocked,2024-05-12 19:52:33,weighbridge1,WS01
WS01_IR2,sensor,blocked,2024-05-12 19:52:33,weighbridge1,WS01
WS01_IR3,sensor,blocked,2024-05-12 19:52:33,weighbridge1,WS01
WS01_IR4,sensor,blocked,2024-05-12 19:52:33,weighbridge1,WS01
WS02_IR1,sensor,blocked,2024-05-14 08:34:16,weighbridge2,WS02
WS02_IR2,sensor,blocked,2024-05-14 08:34:16,weighbridge2,WS02
WS02_IR3,sensor,blocked,2024-05-14 08:34:16,weighbridge2,WS02
WS02_IR4,sensor,blocked,2024-05-14 08:34:16,weighbridge2,WS02
WS18_IR1,sensor,blocked,2024-05-14 09:07:44,weighbridge18,WS18
WS18_IR2,sensor,blocked,2024-05-14 09:07:44,weighbridge18,WS18
WS18_IR3,sensor,blocked,2024-05-14 09:07:44,weighbridge18,WS18
WS18_IR4,sensor,blocked,2024-05-14 09:07:44,weighbridge18,WS18
WS09_IR1,sensor,blocked,2024-05-14 09:09:23,weighbridge9,WS09
WS09_IR2,sensor,blocked,2024-05-14 09:09:23,weighbridge9,WS09
WS09_IR3,sensor,blocked,2024-05-14 09:09:23,weighbridge9,WS09
WS09_IR4,sensor,blocked,2024-05-14 09:09:23,weighbridge9,WS09
WS13_IR1,sensor,blocked,2024-05-14 09:51:10,weighbridge13,WS13
WS13_IR2,sensor,blocked,2024-05-14 09:51:10,weighbridge13,WS13
WS13_IR3,sensor,blocked,2024-05-14 09:51:10,weighbridge13,WS13
WS13_IR4,sensor,blocked,2024-05-14 09:51:10,weighbridge13,WS13
WS19_IR1,sensor,blocked,2024-05-14 10:07:16,weighbridge19,WS19
WS19_IR2,sensor,blocked,2024-05-14 10:07:16,weighbridge19,WS19
WS19_IR3,sensor,blocked,2024-05-14 10:07:16,weighbridge19,WS19
WS19_IR4,sensor,blocked,2024-05-14 10:07:16,weighbridge19,WS19
WS04_IR1,sensor,blocked,2024-05-14 10:41:26,weighbridge4,WS04
WS04_IR2,sensor,blocked,2024-05-14 10:41:26,weighbridge4,WS04
WS04_IR3,sensor,blocked,2024-05-14 10:41:26,weighbridge4,WS04
WS04_IR4,sensor,partially blocked,2024-05-14 10:41:26,weighbridge4,WS04
WS11_IR1,sensor,blocked,2024-05-14 10:42:24,weighbridge11,WS11
WS11_IR2,sensor,blocked,2024-05-14 10:42:24,weighbridge11,WS11
WS11_IR3,sensor,blocked,2024-05-14 10:42:24,weighbridge11,WS11
WS11_IR4,sensor,blocked,2024-05-14 10:42:24,weighbridge11,WS11
WS07_IR1,sensor,blocked,2024-05-14 10:42:59,weighbridge7,WS07
WS07_IR2,sensor,blocked,2024-05-14 10:42:59,weighbridge7,WS07
WS07_IR3,sensor,partially blocked,2024-05-14 10:42:59,weighbridge7,WS07
WS07_IR4,sensor,blocked,2024-05-14 10:42:59,weighbridge7,WS07
WS08_IR1,sensor,blocked,2024-05-14 10:43:04,weighbridge8,WS08
WS08_IR2,sensor,blocked,2024-05-14 10:43:04,weighbridge8,WS08
WS08_IR3,sensor,blocked,2024-05-14 10:43:04,weighbridge8,WS08
WS08_IR4,sensor,partially blocked,2024-05-14 10:43:04,weighbridge8,WS08
WS16_IR1,sensor,blocked,2024-05-14 10:43:55,weighbridge16,WS16
WS16_IR2,sensor,blocked,2024-05-14 10:43:55,weighbridge16,WS16
WS16_IR3,sensor,blocked,2024-05-14 10:43:55,weighbridge16,WS16
WS16_IR4,sensor,blocked,2024-05-14 10:43:55,weighbridge16,WS16
WS04_IR1,sensor,blocked,2024-05-14 10:49:28,weighbridge4,WS04
WS04_IR2,sensor,blocked,2024-05-14 10:49:28,weighbridge4,WS04
WS04_IR3,sensor,blocked,2024-05-14 10:49:28,weighbridge4,WS04
WS04_IR4,sensor,partially blocked,2024-05-14 10:49:28,weighbridge4,WS04
WS13_IR1,sensor,blocked,2024-05-14 10:51:43,weighbridge13,WS13
WS13_IR2,sensor,blocked,2024-05-14 10:51:43,weighbridge13,WS13
WS13_IR3,sensor,blocked,2024-05-14 10:51:43,weighbridge13,WS13
WS13_IR4,sensor,blocked,2024-05-14 10:51:43,weighbridge13,WS13
WS06_IR1,sensor,partially blocked,2024-05-14 10:54:18,weighbridge6,WS06
WS06_IR2,sensor,blocked,2024-05-14 10:54:18,weighbridge6,WS06
WS06_IR3,sensor,blocked,2024-05-14 10:54:18,weighbridge6,WS06
WS06_IR4,sensor,blocked,2024-05-14 10:54:18,weighbridge6,WS06
WS08_IR1,sensor,blocked,2024-05-14 10:57:43,weighbridge8,WS08
WS08_IR2,sensor,blocked,2024-05-14 10:57:43,weighbridge8,WS08
WS08_IR3,sensor,blocked,2024-05-14 10:57:43,weighbridge8,WS08
WS08_IR4,sensor,blocked,2024-05-14 10:57:43,weighbridge8,WS08
WS01_IR1,sensor,blocked,2024-05-14 10:58:11,weighbridge1,WS01
WS01_IR2,sensor,blocked,2024-05-14 10:58:11,weighbridge1,WS01
WS01_IR3,sensor,blocked,2024-05-14 10:58:11,weighbridge1,WS01
WS01_IR4,sensor,blocked,2024-05-14 10:58:11,weighbridge1,WS01
WS17_IR1,sensor,blocked,2024-05-14 11:01:06,weighbridge17,WS17
WS17_IR2,sensor,blocked,2024-05-14 11:01:06,weighbridge17,WS17
WS17_IR3,sensor,blocked,2024-05-14 11:01:06,weighbridge17,WS17
WS17_IR4,sensor,blocked,2024-05-14 11:01:06,weighbridge17,WS17
WS11_IR1,sensor,blocked,2024-05-14 11:03:36,weighbridge11,WS11
WS11_IR2,sensor,blocked,2024-05-14 11:03:36,weighbridge11,WS11
WS11_IR3,sensor,blocked,2024-05-14 11:03:36,weighbridge11,WS11
WS11_IR4,sensor,blocked,2024-05-14 11:03:36,weighbridge11,WS11
WS06_IR1,sensor,unblocked,2024-05-14 11:05:01,weighbridge6,WS06
WS06_IR2,sensor,blocked,2024-05-14 11:05:01,weighbridge6,WS06
WS06_IR3,sensor,blocked,2024-05-14 11:05:01,weighbridge6,WS06
WS06_IR4,sensor,blocked,2024-05-14 11:05:01,weighbridge6,WS06
WS13_IR1,sensor,blocked,2024-05-14 11:17:01,weighbridge13,WS13
WS13_IR2,sensor,unblocked,2024-05-14 11:17:01,weighbridge13,WS13
WS13_IR3,sensor,blocked,2024-05-14 11:17:01,weighbridge13,WS13
WS13_IR4,sensor,blocked,2024-05-14 11:17:01,weighbridge13,WS13
WS19_IR1,sensor,partially blocked,2024-05-14 11:17:12,weighbridge19,WS19
WS19_IR2,sensor,blocked,2024-05-14 11:17:12,weighbridge19,WS19
WS19_IR3,sensor,blocked,2024-05-14 11:17:12,weighbridge19,WS19
WS19_IR4,sensor,blocked,2024-05-14 11:17:12,weighbridge19,WS19
WS13_IR1,sensor,blocked,2024-05-14 11:22:16,weighbridge13,WS13
WS13_IR2,sensor,blocked,2024-05-14 11:22:16,weighbridge13,WS13
WS13_IR3,sensor,blocked,2024-05-14 11:22:16,weighbridge13,WS13
WS13_IR4,sensor,partially blocked,2024-05-14 11:22:16,weighbridge13,WS13
WS17_IR1,sensor,blocked,2024-05-14 11:31:03,weighbridge17,WS17
WS17_IR2,sensor,blocked,2024-05-14 11:31:03,weighbridge17,WS17
WS17_IR3,sensor,blocked,2024-05-14 11:31:03,weighbridge17,WS17
WS17_IR4,sensor,blocked,2024-05-14 11:31:03,weighbridge17,WS17
WS04_IR1,sensor,blocked,2024-05-14 11:36:10,weighbridge4,WS04
WS04_IR2,sensor,blocked,2024-05-14 11:36:10,weighbridge4,WS04
WS04_IR3,sensor,blocked,2024-05-14 11:36:10,weighbridge4,WS04
WS04_IR4,sensor,blocked,2024-05-14 11:36:10,weighbridge4,WS04
WS14_IR1,sensor,blocked,2024-05-14 11:38:10,weighbridge14,WS14
WS14_IR2,sensor,blocked,2024-05-14 11:38:10,weighbridge14,WS14
WS14_IR3,sensor,blocked,2024-05-14 11:38:10,weighbridge14,WS14
WS14_IR4,sensor,blocked,2024-05-14 11:38:10,weighbridge14,WS14
WS08_IR1,sensor,blocked,2024-05-14 11:40:55,weighbridge8,WS08
WS08_IR2,sensor,blocked,2024-05-14 11:40:55,weighbridge8,WS08
WS08_IR3,sensor,blocked,2024-05-14 11:40:55,weighbridge8,WS08
WS08_IR4,sensor,blocked,2024-05-14 11:40:55,weighbridge8,WS08
WS13_IR1,sensor,blocked,2024-05-14 11:42:27,weighbridge13,WS13
WS13_IR2,sensor,blocked,2024-05-14 11:42:27,weighbridge13,WS13
WS13_IR3,sensor,blocked,2024-05-14 11:42:27,weighbridge13,WS13
WS13_IR4,sensor,blocked,2024-05-14 11:42:27,weighbridge13,WS13
WS03_IR1,sensor,blocked,2024-05-14 12:00:48,weighbridge3,WS03
WS03_IR2,sensor,blocked,2024-05-14 12:00:48,weighbridge3,WS03
WS03_IR3,sensor,blocked,2024-05-14 12:00:48,weighbridge3,WS03
WS03_IR4,sensor,blocked,2024-05-14 12:00:48,weighbridge3,WS03
WS06_IR1,sensor,blocked,2024-05-14 12:01:53,weighbridge6,WS06
WS06_IR2,sensor,blocked,2024-05-14 12:01:53,weighbridge6,WS06
WS06_IR3,sensor,blocked,2024-05-14 12:01:53,weighbridge6,WS06
WS06_IR4,sensor,blocked,2024-05-14 12:01:53,weighbridge6,WS06
WS14_IR1,sensor,blocked,2024-05-14 12:04:54,weighbridge14,WS14
WS14_IR2,sensor,blocked,2024-05-14 12:04:54,weighbridge14,WS14
WS14_IR3,sensor,blocked,2024-05-14 12:04:54,weighbridge14,WS14
WS14_IR4,sensor,blocked,2024-05-14 12:04:54,weighbridge14,WS14
WS12_IR1,sensor,blocked,2024-05-14 12:06:28,weighbridge12,WS12
WS12_IR2,sensor,blocked,2024-05-14 12:06:28,weighbridge12,WS12
WS12_IR3,sensor,blocked,2024-05-14 12:06:28,weighbridge12,WS12
WS12_IR4,sensor,blocked,2024-05-14 12:06:28,weighbridge12,WS12
WS08_IR1,sensor,blocked,2024-05-14 12:06:59,weighbridge8,WS08
WS08_IR2,sensor,blocked,2024-05-14 12:06:59,weighbridge8,WS08
WS08_IR3,sensor,blocked,2024-05-14 12:06:59,weighbridge8,WS08
WS08_IR4,sensor,unblocked,2024-05-14 12:06:59,weighbridge8,WS08
WS16_IR1,sensor,blocked,2024-05-14 12:10:38,weighbridge16,WS16
WS16_IR2,sensor,blocked,2024-05-14 12:10:38,weighbridge16,WS16
WS16_IR3,sensor,unblocked,2024-05-14 12:10:38,weighbridge16,WS16
WS16_IR4,sensor,blocked,2024-05-14 12:10:38,weighbridge16,WS16
WS20_IR1,sensor,blocked,2024-05-14 12:12:36,weighbridge20,WS20
WS20_IR2,sensor,blocked,2024-05-14 12:12:36,weighbridge20,WS20
WS20_IR3,sensor,blocked,2024-05-14 12:12:36,weighbridge20,WS20
WS20_IR4,sensor,blocked,2024-05-14 12:12:36,weighbridge20,WS20
WS10_IR1,sensor,blocked,2024-05-14 12:32:22,weighbridge10,WS10
WS10_IR2,sensor,blocked,2024-05-14 12:32:22,weighbridge10,WS10
WS10_IR3,sensor,blocked,2024-05-14 12:32:22,weighbridge10,WS10
WS10_IR4,sensor,blocked,2024-05-14 12:32:22,weighbridge10,WS10
WS09_IR1,sensor,blocked,2024-05-14 12:36:48,weighbridge9,WS09
WS09_IR2,sensor,blocked,2024-05-14 12:36:48,weighbridge9,WS09
WS09_IR3,sensor,blocked,2024-05-14 12:36:48,weighbridge9,WS09
WS09_IR4,sensor,blocked,2024-05-14 12:36:48,weighbridge9,WS09
WS17_IR1,sensor,blocked,2024-05-14 12:40:39,weighbridge17,WS17
WS17_IR2,sensor,blocked,2024-05-14 12:40:39,weighbridge17,WS17
WS17_IR3,sensor,blocked,2024-05-14 12:40:39,weighbridge17,WS17
WS17_IR4,sensor,blocked,2024-05-14 12:40:39,weighbridge17,WS17
WS17_IR1,sensor,blocked,2024-05-14 13:16:17,weighbridge17,WS17
WS17_IR2,sensor,blocked,2024-05-14 13:16:17,weighbridge17,WS17
WS17_IR3,sensor,blocked,2024-05-14 13:16:17,weighbridge17,WS17
WS17_IR4,sensor,blocked,2024-05-14 13:16:17,weighbridge17,WS17
WS18_IR1,sensor,blocked,2024-05-14 13:24:56,weighbridge18,WS18
WS18_IR2,sensor,blocked,2024-05-14 13:24:56,weighbridge18,WS18
WS18_IR3,sensor,blocked,2024-05-14 13:24:56,weighbridge18,WS18
WS18_IR4,sensor,blocked,2024-05-14 13:24:56,weighbridge18,WS18
WS03_IR1,sensor,blocked,2024-05-14 13:53:15,weighbridge3,WS03
WS03_IR2,sensor,blocked,2024-05-14 13:53:15,weighbridge3,WS03
WS03_IR3,sensor,blocked,2024-05-14 13:53:15,weighbridge3,WS03
WS03_IR4,sensor,blocked,2024-05-14 13:53:15,weighbridge3,WS03
WS01_IR1,sensor,blocked,2024-05-14 15:57:15,weighbridge1,WS01
WS01_IR2,sensor,blocked,2024-05-14 15:57:15,weighbridge1,WS01
WS01_IR3,sensor,blocked,2024-05-14 15:57:15,weighbridge1,WS01
WS01_IR4,sensor,blocked,2024-05-14 15:57:15,weighbridge1,WS01
WS17_IR1,sensor,blocked,2024-05-14 16:19:21,weighbridge17,WS17
WS17_IR2,sensor,blocked,2024-05-14 16:19:21,weighbridge17,WS17
WS17_IR3,sensor,blocked,2024-05-14 16:19:21,weighbridge17,WS17
WS17_IR4,sensor,partially blocked,2024-05-14 16:19:21,weighbridge17,WS17
WS16_IR1,sensor,blocked,2024-05-14 16:54:29,weighbridge16,WS16
WS16_IR2,sensor,blocked,2024-05-14 16:54:29,weighbridge16,WS16
WS16_IR3,sensor,blocked,2024-05-14 16:54:29,weighbridge16,WS16
WS16_IR4,sensor,blocked,2024-05-14 16:54:29,weighbridge16,WS16
WS07_IR1,sensor,blocked,2024-05-14 18:09:00,weighbridge7,WS07
WS07_IR2,sensor,blocked,2024-05-14 18:09:00,weighbridge7,WS07
WS07_IR3,sensor,partially blocked,2024-05-14 18:09:00,weighbridge7,WS07
WS07_IR4,sensor,blocked,2024-05-14 18:09:00,weighbridge7,WS07
WS10_IR1,sensor,blocked,2024-05-14 18:17:38,weighbridge10,WS10
WS10_IR2,sensor,blocked,2024-05-14 18:17:38,weighbridge10,WS10
WS10_IR3,sensor,blocked,2024-05-14 18:17:38,weighbridge10,WS10
WS10_IR4,sensor,blocked,2024-05-14 18:17:38,weighbridge10,WS10
WS18_IR1,sensor,blocked,2024-05-14 18:31:04,weighbridge18,WS18
WS18_IR2,sensor,blocked,2024-05-14 18:31:04,weighbridge18,WS18
WS18_IR3,sensor,blocked,2024-05-14 18:31:04,weighbridge18,WS18
WS18_IR4,sensor,blocked,2024-05-14 18:31:04,weighbridge18,WS18
WS10_IR1,sensor,blocked,2024-05-14 18:32:06,weighbridge10,WS10
WS10_IR2,sensor,blocked,2024-05-14 18:32:06,weighbridge10,WS10
WS10_IR3,sensor,blocked,2024-05-14 18:32:06,weighbridge10,WS10
WS10_IR4,sensor,blocked,2024-05-14 18:32:06,weighbridge10,WS10
WS20_IR1,sensor,blocked,2024-05-14 18:36:02,weighbridge20,WS20
WS20_IR2,sensor,blocked,2024-05-14 18:36:02,weighbridge20,WS20
WS20_IR3,sensor,blocked,2024-05-14 18:36:02,weighbridge20,WS20
WS20_IR4,sensor,blocked,2024-05-14 18:36:02,weighbridge20,WS20
WS01_IR1,sensor,blocked,2024-05-14 18:54:03,weighbridge1,WS01
WS01_IR2,sensor,blocked,2024-05-14 18:54:03,weighbridge1,WS01
WS01_IR3,sensor,partially blocked,2024-05-14 18:54:03,weighbridge1,WS01
WS01_IR4,sensor,blocked,2024-05-14 18:54:03,weighbridge1,WS01
WS17_IR1,sensor,blocked,2024-05-14 20:45:04,weighbridge17,WS17
WS17_IR2,sensor,blocked,2024-05-14 20:45:04,weighbridge17,WS17
WS17_IR3,sensor,blocked,2024-05-14 20:45:04,weighbridge17,WS17
WS17_IR4,sensor,blocked,2024-05-14 20:45:04,weighbridge17,WS17
WS15_IR1,sensor,blocked,2024-05-14 20:58:18,weighbridge15,WS15
WS15_IR2,sensor,blocked,2024-05-14 20:58:18,weighbridge15,WS15
WS15_IR3,sensor,blocked,2024-05-14 20:58:18,weighbridge15,WS15
WS15_IR4,sensor,blocked,2024-05-14 20:58:18,weighbridge15,WS15
WS13_IR1,sensor,blocked,2024-05-16 09:47:42,weighbridge13,WS13
WS13_IR2,sensor,blocked,2024-05-16 09:47:42,weighbridge13,WS13
WS13_IR3,sensor,blocked,2024-05-16 09:47:42,weighbridge13,WS13
WS13_IR4,sensor,unblocked,2024-05-16 09:47:42,weighbridge13,WS13
WS06_IR1,sensor,blocked,2024-05-16 10:05:28,weighbridge6,WS06
WS06_IR2,sensor,blocked,2024-05-16 10:05:28,weighbridge6,WS06
WS06_IR3,sensor,blocked,2024-05-16 10:05:28,weighbridge6,WS06
WS06_IR4,sensor,blocked,2024-05-16 10:05:28,weighbridge6,WS06
WS04_IR1,sensor,blocked,2024-05-16 10:37:13,weighbridge4,WS04
WS04_IR2,sensor,blocked,2024-05-16 10:37:13,weighbridge4,WS04
WS04_IR3,sensor,blocked,2024-05-16 10:37:13,weighbridge4,WS04
WS04_IR4,sensor,blocked,2024-05-16 10:37:13,weighbridge4,WS04
WS14_IR1,sensor,blocked,2024-05-16 10:49:06,weighbridge14,WS14
WS14_IR2,sensor,blocked,2024-05-16 10:49:06,weighbridge14,WS14
WS14_IR3,sensor,blocked,2024-05-16 10:49:06,weighbridge14,WS14
WS14_IR4,sensor,unblocked,2024-05-16 10:49:06,weighbridge14,WS14
WS02_IR1,sensor,blocked,2024-05-16 11:15:54,weighbridge2,WS02
WS02_IR2,sensor,blocked,2024-05-16 11:15:54,weighbridge2,WS02
WS02_IR3,sensor,blocked,2024-05-16 11:15:54,weighbridge2,WS02
WS02_IR4,sensor,partially blocked,2024-05-16 11:15:54,weighbridge2,WS02
WS06_IR1,sensor,blocked,2024-05-16 11:29:01,weighbridge6,WS06
WS06_IR2,sensor,blocked,2024-05-16 11:29:01,weighbridge6,WS06
WS06_IR3,sensor,blocked,2024-05-16 11:29:01,weighbridge6,WS06
WS06_IR4,sensor,blocked,2024-05-16 11:29:01,weighbridge6,WS06
WS20_IR1,sensor,blocked,2024-05-16 11:36:42,weighbridge20,WS20
WS20_IR2,sensor,blocked,2024-05-16 11:36:42,weighbridge20,WS20
WS20_IR3,sensor,blocked,2024-05-16 11:36:42,weighbridge20,WS20
WS20_IR4,sensor,blocked,2024-05-16 11:36:42,weighbridge20,WS20
WS18_IR1,sensor,blocked,2024-05-16 11:39:45,weighbridge18,WS18
WS18_IR2,sensor,blocked,2024-05-16 11:39:45,weighbridge18,WS18
WS18_IR3,sensor,blocked,2024-05-16 11:39:45,weighbridge18,WS18
WS18_IR4,sensor,blocked,2024-05-16 11:39:45,weighbridge18,WS18
WS13_IR1,sensor,blocked,2024-05-16 11:49:41,weighbridge13,WS13
WS13_IR2,sensor,blocked,2024-05-16 11:49:41,weighbridge13,WS13
WS13_IR3,sensor,blocked,2024-05-16 11:49:41,weighbridge13,WS13
WS13_IR4,sensor,blocked,2024-05-16 11:49:41,weighbridge13,WS13
WS10_IR1,sensor,blocked,2024-05-16 11:54:45,weighbridge10,WS10
WS10_IR2,sensor,blocked,2024-05-16 11:54:45,weighbridge10,WS10
WS10_IR3,sensor,blocked,2024-05-16 11:54:45,weighbridge10,WS10
WS10_IR4,sensor,partially blocked,2024-05-16 11:54:45,weighbridge10,WS10
WS14_IR1,sensor,blocked,2024-05-16 11:56:29,weighbridge14,WS14
WS14_IR2,sensor,blocked,2024-05-16 11:56:29,weighbridge14,WS14
WS14_IR3,sensor,blocked,2024-05-16 11:56:29,weighbridge14,WS14
WS14_IR4,sensor,blocked,2024-05-16 11:56:29,weighbridge14,WS14
WS11_IR1,sensor,blocked,2024-05-16 12:05:44,weighbridge11,WS11
WS11_IR2,sensor,blocked,2024-05-16 12:05:44,weighbridge11,WS11
WS11_IR3,sensor,blocked,2024-05-16 12:05:44,weighbridge11,WS11
WS11_IR4,sensor,blocked,2024-05-16 12:05:44,weighbridge11,WS11
WS05_IR1,sensor,blocked,2024-05-16 12:13:17,weighbridge5,WS05
WS05_IR2,sensor,blocked,2024-05-16 12:13:17,weighbridge5,WS05
WS05_IR3,sensor,blocked,2024-05-16 12:13:17,weighbridge5,WS05
WS05_IR4,sensor,blocked,2024-05-16 12:13:17,weighbridge5,WS05
WS20_IR1,sensor,blocked,2024-05-16 12:14:21,weighbridge20,WS20
WS20_IR2,sensor,blocked,2024-05-16 12:14:21,weighbridge20,WS20
WS20_IR3,sensor,blocked,2024-05-16 12:14:21,weighbridge20,WS20
WS20_IR4,sensor,blocked,2024-05-16 12:14:21,weighbridge20,WS20
WS16_IR1,sensor,blocked,2024-05-16 12:18:26,weighbridge16,WS16
WS16_IR2,sensor,blocked,2024-05-16 12:18:26,weighbridge16,WS16
WS16_IR3,sensor,blocked,2024-05-16 12:18:26,weighbridge16,WS16
WS16_IR4,sensor,blocked,2024-05-16 12:18:26,weighbridge16,WS16
WS14_IR1,sensor,partially blocked,2024-05-16 12:21:17,weighbridge14,WS14
WS14_IR2,sensor,blocked,2024-05-16 12:21:17,weighbridge14,WS14
WS14_IR3,sensor,blocked,2024-05-16 12:21:17,weighbridge14,WS14
WS14_IR4,sensor,partially blocked,2024-05-16 12:21:17,weighbridge14,WS14
WS15_IR1,sensor,blocked,2024-05-16 12:22:58,weighbridge15,WS15
WS15_IR2,sensor,blocked,2024-05-16 12:22:58,weighbridge15,WS15
WS15_IR3,sensor,blocked,2024-05-16 12:22:58,weighbridge15,WS15
WS15_IR4,sensor,blocked,2024-05-16 12:22:58,weighbridge15,WS15
WS13_IR1,sensor,blocked,2024-05-16 12:29:19,weighbridge13,WS13
WS13_IR2,sensor,blocked,2024-05-16 12:29:19,weighbridge13,WS13
WS13_IR3,sensor,blocked,2024-05-16 12:29:19,weighbridge13,WS13
WS13_IR4,sensor,blocked,2024-05-16 12:29:19,weighbridge13,WS13
WS01_IR1,sensor,blocked,2024-05-16 12:35:31,weighbridge1,WS01
WS01_IR2,sensor,blocked,2024-05-16 12:35:31,weighbridge1,WS01
WS01_IR3,sensor,blocked,2024-05-16 12:35:31,weighbridge1,WS01
WS01_IR4,sensor,blocked,2024-05-16 12:35:31,weighbridge1,WS01
WS20_IR1,sensor,blocked,2024-05-16 12:38:09,weighbridge20,WS20
WS20_IR2,sensor,blocked,2024-05-16 12:38:09,weighbridge20,WS20
WS20_IR3,sensor,blocked,2024-05-16 12:38:09,weighbridge20,WS20
WS20_IR4,sensor,blocked,2024-05-16 12:38:09,weighbridge20,WS20
WS12_IR1,sensor,blocked,2024-05-16 12:56:04,weighbridge12,WS12
WS12_IR2,sensor,blocked,2024-05-16 12:56:04,weighbridge12,WS12
WS12_IR3,sensor,blocked,2024-05-16 12:56:04,weighbridge12,WS12
WS12_IR4,sensor,blocked,2024-05-16 12:56:04,weighbridge12,WS12
WS01_IR1,sensor,blocked,2024-05-16 12:59:42,weighbridge1,WS01
WS01_IR2,sensor,partially blocked,2024-05-16 12:59:42,weighbridge1,WS01
WS01_IR3,sensor,blocked,2024-05-16 12:59:42,weighbridge1,WS01
WS01_IR4,sensor,blocked,2024-05-16 12:59:42,weighbridge1,WS01
WS18_IR1,sensor,blocked,2024-05-16 13:09:20,weighbridge18,WS18
WS18_IR2,sensor,unblocked,2024-05-16 13:09:20,weighbridge18,WS18
WS18_IR3,sensor,unblocked,2024-05-16 13:09:20,weighbridge18,WS18
WS18_IR4,sensor,blocked,2024-05-16 13:09:20,weighbridge18,WS18
WS13_IR1,sensor,blocked,2024-05-16 13:17:24,weighbridge13,WS13
WS13_IR2,sensor,blocked,2024-05-16 13:17:24,weighbridge13,WS13
WS13_IR3,sensor,partially blocked,2024-05-16 13:17:24,weighbridge13,WS13
WS13_IR4,sensor,blocked,2024-05-16 13:17:24,weighbridge13,WS13
WS12_IR1,sensor,blocked,2024-05-16 13:18:43,weighbridge12,WS12
WS12_IR2,sensor,blocked,2024-05-16 13:18:43,weighbridge12,WS12
WS12_IR3,sensor,partially blocked,2024-05-16 13:18:43,weighbridge12,WS12
WS12_IR4,sensor,blocked,2024-05-16 13:18:43,weighbridge12,WS12
WS20_IR1,sensor,blocked,2024-05-16 13:32:02,weighbridge20,WS20
WS20_IR2,sensor,partially blocked,2024-05-16 13:32:02,weighbridge20,WS20
WS20_IR3,sensor,blocked,2024-05-16 13:32:02,weighbridge20,WS20
WS20_IR4,sensor,blocked,2024-05-16 13:32:02,weighbridge20,WS20
WS16_IR1,sensor,blocked,2024-05-16 13:35:00,weighbridge16,WS16
WS16_IR2,sensor,blocked,2024-05-16 13:35:00,weighbridge16,WS16
WS16_IR3,sensor,blocked,2024-05-16 13:35:00,weighbridge16,WS16
WS16_IR4,sensor,blocked,2024-05-16 13:35:00,weighbridge16,WS16
WS04_IR1,sensor,blocked,2024-05-16 13:37:49,weighbridge4,WS04
WS04_IR2,sensor,blocked,2024-05-16 13:37:49,weighbridge4,WS04
WS04_IR3,sensor,blocked,2024-05-16 13:37:49,weighbridge4,WS04
WS04_IR4,sensor,blocked,2024-05-16 13:37:49,weighbridge4,WS04
WS06_IR1,sensor,blocked,2024-05-16 13:37:55,weighbridge6,WS06
WS06_IR2,sensor,blocked,2024-05-16 13:37:55,weighbridge6,WS06
WS06_IR3,sensor,blocked,2024-05-16 13:37:55,weighbridge6,WS06
WS06_IR4,sensor,blocked,2024-05-16 13:37:55,weighbridge6,WS06
WS10_IR1,sensor,partially blocked,2024-05-16 13:38:55,weighbridge10,WS10
WS10_IR2,sensor,blocked,2024-05-16 13:38:55,weighbridge10,WS10
WS10_IR3,sensor,blocked,2024-05-16 13:38:55,weighbridge10,WS10
WS10_IR4,sensor,blocked,2024-05-16 13:38:55,weighbridge10,WS10
WS19_IR1,sensor,blocked,2024-05-16 13:40:22,weighbridge19,WS19
WS19_IR2,sensor,blocked,2024-05-16 13:40:22,weighbridge19,WS19
WS19_IR3,sensor,unblocked,2024-05-16 13:40:22,weighbridge19,WS19
WS19_IR4,sensor,blocked,2024-05-16 13:40:22,weighbridge19,WS19
WS05_IR1,sensor,blocked,2024-05-16 13:55:00,weighbridge5,WS05
WS05_IR2,sensor,blocked,2024-05-16 13:55:00,weighbridge5,WS05
WS05_IR3,sensor,blocked,2024-05-16 13:55:00,weighbridge5,WS05
WS05_IR4,sensor,blocked,2024-05-16 13:55:00,weighbridge5,WS05
WS09_IR1,sensor,blocked,2024-05-16 14:16:12,weighbridge9,WS09
WS09_IR2,sensor,blocked,2024-05-16 14:16:12,weighbridge9,WS09
WS09_IR3,sensor,blocked,2024-05-16 14:16:12,weighbridge9,WS09
WS09_IR4,sensor,blocked,2024-05-16 14:16:12,weighbridge9,WS09
WS04_IR1,sensor,blocked,2024-05-16 14:16:26,weighbridge4,WS04
WS04_IR2,sensor,blocked,2024-05-16 14:16:26,weighbridge4,WS04
WS04_IR3,sensor,blocked,2024-05-16 14:16:26,weighbridge4,WS04
WS04_IR4,sensor,blocked,2024-05-16 14:16:26,weighbridge4,WS04
WS14_IR1,sensor,blocked,2024-05-16 14:40:08,weighbridge14,WS14
WS14_IR2,sensor,blocked,2024-05-16 14:40:08,weighbridge14,WS14
WS14_IR3,sensor,blocked,2024-05-16 14:40:08,weighbridge14,WS14
WS14_IR4,sensor,blocked,2024-05-16 14:40:08,weighbridge14,WS14
WS17_IR1,sensor,blocked,2024-05-16 14:41:03,weighbridge17,WS17
WS17_IR2,sensor,blocked,2024-05-16 14:41:03,weighbridge17,WS17
WS17_IR3,sensor,blocked,2024-05-16 14:41:03,weighbridge17,WS17
WS17_IR4,sensor,blocked,2024-05-16 14:41:03,weighbridge17,WS17
WS19_IR1,sensor,blocked,2024-05-16 14:55:51,weighbridge19,WS19
WS19_IR2,sensor,blocked,2024-05-16 14:55:51,weighbridge19,WS19
WS19_IR3,sensor,blocked,2024-05-16 14:55:51,weighbridge19,WS19
WS19_IR4,sensor,blocked,2024-05-16 14:55:51,weighbridge19,WS19
WS06_IR1,sensor,blocked,2024-05-16 15:52:58,weighbridge6,WS06
WS06_IR2,sensor,blocked,2024-05-16 15:52:58,weighbridge6,WS06
WS06_IR3,sensor,blocked,2024-05-16 15:52:58,weighbridge6,WS06
WS06_IR4,sensor,blocked,2024-05-16 15:52:58,weighbridge6,WS06
WS02_IR1,sensor,partially blocked,2024-05-16 16:43:05,weighbridge2,WS02
WS02_IR2,sensor,blocked,2024-05-16 16:43:05,weighbridge2,WS02
WS02_IR3,sensor,blocked,2024-05-16 16:43:05,weighbridge2,WS02
WS02_IR4,sensor,blocked,2024-05-16 16:43:05,weighbridge2,WS02
WS08_IR1,sensor,blocked,2024-05-16 17:10:58,weighbridge8,WS08
WS08_IR2,sensor,blocked,2024-05-16 17:10:58,weighbridge8,WS08
WS08_IR3,sensor,blocked,2024-05-16 17:10:58,weighbridge8,WS08
WS08_IR4,sensor,blocked,2024-05-16 17:10:58,weighbridge8,WS08
WS13_IR1,sensor,blocked,2024-05-16 17:35:24,weighbridge13,WS13
WS13_IR2,sensor,blocked,2024-05-16 17:35:24,weighbridge13,WS13
WS13_IR3,sensor,blocked,2024-05-16 17:35:24,weighbridge13,WS13
WS13_IR4,sensor,blocked,2024-05-16 17:35:24,weighbridge13,WS13
WS18_IR1,sensor,blocked,2024-05-16 17:55:36,weighbridge18,WS18
WS18_IR2,sensor,blocked,2024-05-16 17:55:36,weighbridge18,WS18
WS18_IR3,sensor,blocked,2024-05-16 17:55:36,weighbridge18,WS18
WS18_IR4,sensor,blocked,2024-05-16 17:55:36,weighbridge18,WS18
WS04_IR1,sensor,blocked,2024-05-16 19:25:53,weighbridge4,WS04
WS04_IR2,sensor,blocked,2024-05-16 19:25:53,weighbridge4,WS04
WS04_IR3,sensor,blocked,2024-05-16 19:25:53,weighbridge4,WS04
WS04_IR4,sensor,blocked,2024-05-16 19:25:53,weighbridge4,WS04
WS04_IR1,sensor,blocked,2024-05-16 19:39:21,weighbridge4,WS04
WS04_IR2,sensor,blocked,2024-05-16 19:39:21,weighbridge4,WS04
WS04_IR3,sensor,blocked,2024-05-16 19:39:21,weighbridge4,WS04
WS04_IR4,sensor,blocked,2024-05-16 19:39:21,weighbridge4,WS04
WS07_IR1,sensor,blocked,2024-05-16 19:45:06,weighbridge7,WS07
WS07_IR2,sensor,blocked,2024-05-16 19:45:06,weighbridge7,WS07
WS07_IR3,sensor,blocked,2024-05-16 19:45:06,weighbridge7,WS07
WS07_IR4,sensor,blocked,2024-05-16 19:45:06,weighbridge7,WS07
WS13_IR1,sensor,blocked,2024-05-16 20:36:46,weighbridge13,WS13
WS13_IR2,sensor,blocked,2024-05-16 20:36:46,weighbridge13,WS13
WS13_IR3,sensor,blocked,2024-05-16 20:36:46,weighbridge13,WS13
WS13_IR4,sensor,blocked,2024-05-16 20:36:46,weighbridge13,WS13
WS16_IR1,sensor,blocked,2024-05-16 20:38:50,weighbridge16,WS16
WS16_IR2,sensor,unblocked,2024-05-16 20:38:50,weighbridge16,WS16
WS16_IR3,sensor,blocked,2024-05-16 20:38:50,weighbridge16,WS16
WS16_IR4,sensor,blocked,2024-05-16 20:38:50,weighbridge16,WS16
WS18_IR1,sensor,blocked,2024-05-16 21:01:21,weighbridge18,WS18
WS18_IR2,sensor,blocked,2024-05-16 21:01:21,weighbridge18,WS18
WS18_IR3,sensor,blocked,2024-05-16 21:01:21,weighbridge18,WS18
WS18_IR4,sensor,blocked,2024-05-16 21:01:21,weighbridge18,WS18
WS07_IR1,sensor,blocked,2024-05-16 21:41:49,weighbridge7,WS07
WS07_IR2,sensor,blocked,2024-05-16 21:41:49,weighbridge7,WS07
WS07_IR3,sensor,blocked,2024-05-16 21:41:49,weighbridge7,WS07
WS07_IR4,sensor,blocked,2024-05-16 21:41:49,weighbridge7,WS07
WS20_IR1,sensor,blocked,2024-05-16 21:57:20,weighbridge20,WS20
WS20_IR2,sensor,blocked,2024-05-16 21:57:20,weighbridge20,WS20
WS20_IR3,sensor,blocked,2024-05-16 21:57:20,weighbridge20,WS20
WS20_IR4,sensor,blocked,2024-05-16 21:57:20,weighbridge20,WS20
WS09_IR1,sensor,blocked,2024-05-18 11:29:05,weighbridge9,WS09
WS09_IR2,sensor,blocked,2024-05-18 11:29:05,weighbridge9,WS09
WS09_IR3,sensor,blocked,2024-05-18 11:29:05,weighbridge9,WS09
WS09_IR4,sensor,blocked,2024-05-18 11:29:05,weighbridge9,WS09
WS09_IR1,sensor,blocked,2024-05-18 11:38:41,weighbridge9,WS09
WS09_IR2,sensor,blocked,2024-05-18 11:38:41,weighbridge9,WS09
WS09_IR3,sensor,blocked,2024-05-18 11:38:41,weighbridge9,WS09
WS09_IR4,sensor,blocked,2024-05-18 11:38:41,weighbridge9,WS09
WS06_IR1,sensor,blocked,2024-05-18 11:49:47,weighbridge6,WS06
WS06_IR2,sensor,unblocked,2024-05-18 11:49:47,weighbridge6,WS06
WS06_IR3,sensor,blocked,2024-05-18 11:49:47,weighbridge6,WS06
WS06_IR4,sensor,blocked,2024-05-18 11:49:47,weighbridge6,WS06
WS04_IR1,sensor,blocked,2024-05-18 12:05:08,weighbridge4,WS04
WS04_IR2,sensor,blocked,2024-05-18 12:05:08,weighbridge4,WS04
WS04_IR3,sensor,blocked,2024-05-18 12:05:08,weighbridge4,WS04
WS04_IR4,sensor,partially blocked,2024-05-18 12:05:08,weighbridge4,WS04
WS14_IR1,sensor,blocked,2024-05-18 12:30:57,weighbridge14,WS14
WS14_IR2,sensor,blocked,2024-05-18 12:30:57,weighbridge14,WS14
WS14_IR3,sensor,blocked,2024-05-18 12:30:57,weighbridge14,WS14
WS14_IR4,sensor,partially blocked,2024-05-18 12:30:57,weighbridge14,WS14
WS13_IR1,sensor,blocked,2024-05-18 12:32:26,weighbridge13,WS13
WS13_IR2,sensor,blocked,2024-05-18 12:32:26,weighbridge13,WS13
WS13_IR3,sensor,partially blocked,2024-05-18 12:32:26,weighbridge13,WS13
WS13_IR4,sensor,blocked,2024-05-18 12:32:26,weighbridge13,WS13
WS02_IR1,sensor,blocked,2024-05-18 12:32:52,weighbridge2,WS02
WS02_IR2,sensor,blocked,2024-05-18 12:32:52,weighbridge2,WS02
WS02_IR3,sensor,blocked,2024-05-18 12:32:52,weighbridge2,WS02
WS02_IR4,sensor,blocked,2024-05-18 12:32:52,weighbridge2,WS02
WS18_IR1,sensor,blocked,2024-05-18 12:38:19,weighbridge18,WS18
WS18_IR2,sensor,unblocked,2024-05-18 12:38:19,weighbridge18,WS18
WS18_IR3,sensor,blocked,2024-05-18 12:38:19,weighbridge18,WS18
WS18_IR4,sensor,blocked,2024-05-18 12:38:19,weighbridge18,WS18
WS10_IR1,sensor,blocked,2024-05-18 12:54:01,weighbridge10,WS10
WS10_IR2,sensor,blocked,2024-05-18 12:54:01,weighbridge10,WS10
WS10_IR3,sensor,blocked,2024-05-18 12:54:01,weighbridge10,WS10
WS10_IR4,sensor,blocked,2024-05-18 12:54:01,weighbridge10,WS10
WS15_IR1,sensor,blocked,2024-05-18 12:54:11,weighbridge15,WS15
WS15_IR2,sensor,blocked,2024-05-18 12:54:11,weighbridge15,WS15
WS15_IR3,sensor,blocked,2024-05-18 12:54:11,weighbridge15,WS15
WS15_IR4,sensor,blocked,2024-05-18 12:54:11,weighbridge15,WS15
WS12_IR1,sensor,blocked,2024-05-18 13:09:15,weighbridge12,WS12
WS12_IR2,sensor,blocked,2024-05-18 13:09:15,weighbridge12,WS12
WS12_IR3,sensor,blocked,2024-05-18 13:09:15,weighbridge12,WS12
WS12_IR4,sensor,blocked,2024-05-18 13:09:15,weighbridge12,WS12
WS08_IR1,sensor,blocked,2024-05-18 13:11:27,weighbridge8,WS08
WS08_IR2,sensor,blocked,2024-05-18 13:11:27,weighbridge8,WS08
WS08_IR3,sensor,blocked,2024-05-18 13:11:27,weighbridge8,WS08
WS08_IR4,sensor,blocked,2024-05-18 13:11:27,weighbridge8,WS08
WS20_IR1,sensor,blocked,2024-05-18 13:12:33,weighbridge20,WS20
WS20_IR2,sensor,blocked,2024-05-18 13:12:33,weighbridge20,WS20
WS20_IR3,sensor,blocked,2024-05-18 13:12:33,weighbridge20,WS20
WS20_IR4,sensor,blocked,2024-05-18 13:12:33,weighbridge20,WS20
WS05_IR1,sensor,blocked,2024-05-18 13:12:58,weighbridge5,WS05
WS05_IR2,sensor,blocked,2024-05-18 13:12:58,weighbridge5,WS05
WS05_IR3,sensor,blocked,2024-05-18 13:12:58,weighbridge5,WS05
WS05_IR4,sensor,blocked,2024-05-18 13:12:58,weighbridge5,WS05
WS02_IR1,sensor,blocked,2024-05-18 13:32:22,weighbridge2,WS02
WS02_IR2,sensor,blocked,2024-05-18 13:32:22,weighbridge2,WS02
WS02_IR3,sensor,blocked,2024-05-18 13:32:22,weighbridge2,WS02
WS02_IR4,sensor,blocked,2024-05-18 13:32:22,weighbridge2,WS02
WS07_IR1,sensor,blocked,2024-05-18 13:33:41,weighbridge7,WS07
WS07_IR2,sensor,blocked,2024-05-18 13:33:41,weighbridge7,WS07
WS07_IR3,sensor,blocked,2024-05-18 13:33:41,weighbridge7,WS07
WS07_IR4,sensor,blocked,2024-05-18 13:33:41,weighbridge7,WS07
WS05_IR1,sensor,blocked,2024-05-18 13:38:33,weighbridge5,WS05
WS05_IR2,sensor,blocked,2024-05-18 13:38:33,weighbridge5,WS05
WS05_IR3,sensor,blocked,2024-05-18 13:38:33,weighbridge5,WS05
WS05_IR4,sensor,blocked,2024-05-18 13:38:33,weighbridge5,WS05
WS17_IR1,sensor,blocked,2024-05-18 13:45:00,weighbridge17,WS17
WS17_IR2,sensor,blocked,2024-05-18 13:45:00,weighbridge17,WS17
WS17_IR3,sensor,blocked,2024-05-18 13:45:00,weighbridge17,WS17
WS17_IR4,sensor,blocked,2024-05-18 13:45:00,weighbridge17,WS17
WS09_IR1,sensor,blocked,2024-05-18 13:48:13,weighbridge9,WS09
WS09_IR2,sensor,blocked,2024-05-18 13:48:13,weighbridge9,WS09
WS09_IR3,sensor,blocked,2024-05-18 13:48:13,weighbridge9,WS09
WS09_IR4,sensor,blocked,2024-05-18 13:48:13,weighbridge9,WS09
WS06_IR1,sensor,blocked,2024-05-18 13:50:54,weighbridge6,WS06
WS06_IR2,sensor,blocked,2024-05-18 13:50:54,weighbridge6,WS06
WS06_IR3,sensor,blocked,2024-05-18 13:50:54,weighbridge6,WS06
WS06_IR4,sensor,blocked,2024-05-18 13:50:54,weighbridge6,WS06
WS18_IR1,sensor,blocked,2024-05-18 13:52:58,weighbridge18,WS18
WS18_IR2,sensor,blocked,2024-05-18 13:52:58,weighbridge18,WS18
WS18_IR3,sensor,blocked,2024-05-18 13:52:58,weighbridge18,WS18
WS18_IR4,sensor,blocked,2024-05-18 13:52:58,weighbridge18,WS18
WS18_IR1,sensor,blocked,2024-05-18 14:01:58,weighbridge18,WS18
WS18_IR2,sensor,blocked,2024-05-18 14:01:58,weighbridge18,WS18
WS18_IR3,sensor,blocked,2024-05-18 14:01:58,weighbridge18,WS18
WS18_IR4,sensor,blocked,2024-05-18 14:01:58,weighbridge18,WS18
WS01_IR1,sensor,unblocked,2024-05-18 14:02:21,weighbridge1,WS01
WS01_IR2,sensor,blocked,2024-05-18 14:02:21,weighbridge1,WS01
WS01_IR3,sensor,blocked,2024-05-18 14:02:21,weighbridge1,WS01
WS01_IR4,sensor,blocked,2024-05-18 14:02:21,weighbridge1,WS01
WS16_IR1,sensor,unblocked,2024-05-18 14:07:07,weighbridge16,WS16
WS16_IR2,sensor,blocked,2024-05-18 14:07:07,weighbridge16,WS16
WS16_IR3,sensor,blocked,2024-05-18 14:07:07,weighbridge16,WS16
WS16_IR4,sensor,blocked,2024-05-18 14:07:07,weighbridge16,WS16
WS19_IR1,sensor,blocked,2024-05-18 14:34:19,weighbridge19,WS19
WS19_IR2,sensor,blocked,2024-05-18 14:34:19,weighbridge19,WS19
WS19_IR3,sensor,blocked,2024-05-18 14:34:19,weighbridge19,WS19
WS19_IR4,sensor,blocked,2024-05-18 14:34:19,weighbridge19,WS19
WS06_IR1,sensor,blocked,2024-05-18 14:48:16,weighbridge6,WS06
WS06_IR2,sensor,blocked,2024-05-18 14:48:16,weighbridge6,WS06
WS06_IR3,sensor,blocked,2024-05-18 14:48:16,weighbridge6,WS06
WS06_IR4,sensor,blocked,2024-05-18 14:48:16,weighbridge6,WS06
WS10_IR1,sensor,blocked,2024-05-18 15:02:37,weighbridge10,WS10
WS10_IR2,sensor,blocked,2024-05-18 15:02:37,weighbridge10,WS10
WS10_IR3,sensor,blocked,2024-05-18 15:02:37,weighbridge10,WS10
WS10_IR4,sensor,blocked,2024-05-18 15:02:37,weighbridge10,WS10
WS17_IR1,sensor,blocked,2024-05-18 15:16:39,weighbridge17,WS17
WS17_IR2,sensor,blocked,2024-05-18 15:16:39,weighbridge17,WS17
WS17_IR3,sensor,blocked,2024-05-18 15:16:39,weighbridge17,WS17
WS17_IR4,sensor,blocked,2024-05-18 15:16:39,weighbridge17,WS17
WS10_IR1,sensor,blocked,2024-05-18 15:21:00,weighbridge10,WS10
WS10_IR2,sensor,blocked,2024-05-18 15:21:00,weighbridge10,WS10
WS10_IR3,sensor,blocked,2024-05-18 15:21:00,weighbridge10,WS10
WS10_IR4,sensor,unblocked,2024-05-18 15:21:00,weighbridge10,WS10
WS20_IR1,sensor,blocked,2024-05-18 15:24:31,weighbridge20,WS20
WS20_IR2,sensor,blocked,2024-05-18 15:24:31,weighbridge20,WS20
WS20_IR3,sensor,blocked,2024-05-18 15:24:31,weighbridge20,WS20
WS20_IR4,sensor,blocked,2024-05-18 15:24:31,weighbridge20,WS20
WS08_IR1,sensor,blocked,2024-05-18 15:28:48,weighbridge8,WS08
WS08_IR2,sensor,blocked,2024-05-18 15:28:48,weighbridge8,WS08
WS08_IR3,sensor,blocked,2024-05-18 15:28:48,weighbridge8,WS08
WS08_IR4,sensor,blocked,2024-05-18 15:28:48,weighbridge8,WS08
WS09_IR1,sensor,blocked,2024-05-18 15:38:32,weighbridge9,WS09
WS09_IR2,sensor,blocked,2024-05-18 15:38:32,weighbridge9,WS09
WS09_IR3,sensor,blocked,2024-05-18 15:38:32,weighbridge9,WS09
WS09_IR4,sensor,blocked,2024-05-18 15:38:32,weighbridge9,WS09
WS02_IR1,sensor,blocked,2024-05-18 15:59:02,weighbridge2,WS02
WS02_IR2,sensor,blocked,2024-05-18 15:59:02,weighbridge2,WS02
WS02_IR3,sensor,blocked,2024-05-18 15:59:02,weighbridge2,WS02
WS02_IR4,sensor,blocked,2024-05-18 15:59:02,weighbridge2,WS02
WS06_IR1,sensor,blocked,2024-05-18 16:01:01,weighbridge6,WS06
WS06_IR2,sensor,blocked,2024-05-18 16:01:01,weighbridge6,WS06
WS06_IR3,sensor,blocked,2024-05-18 16:01:01,weighbridge6,WS06
WS06_IR4,sensor,blocked,2024-05-18 16:01:01,weighbridge6,WS06
WS03_IR1,sensor,blocked,2024-05-18 16:09:47,weighbridge3,WS03
WS03_IR2,sensor,blocked,2024-05-18 16:09:47,weighbridge3,WS03
WS03_IR3,sensor,blocked,2024-05-18 16:09:47,weighbridge3,WS03
WS03_IR4,sensor,blocked,2024-05-18 16:09:47,weighbridge3,WS03
WS04_IR1,sensor,blocked,2024-05-18 16:28:57,weighbridge4,WS04
WS04_IR2,sensor,blocked,2024-05-18 16:28:57,weighbridge4,WS04
WS04_IR3,sensor,blocked,2024-05-18 16:28:57,weighbridge4,WS04
WS04_IR4,sensor,blocked,2024-05-18 16:28:57,weighbridge4,WS04
WS17_IR1,sensor,blocked,2024-05-18 16:41:01,weighbridge17,WS17
WS17_IR2,sensor,partially blocked,2024-05-18 16:41:01,weighbridge17,WS17
WS17_IR3,sensor,blocked,2024-05-18 16:41:01,weighbridge17,WS17
WS17_IR4,sensor,blocked,2024-05-18 16:41:01,weighbridge17,WS17
WS04_IR1,sensor,blocked,2024-05-18 16:41:07,weighbridge4,WS04
WS04_IR2,sensor,blocked,2024-05-18 16:41:07,weighbridge4,WS04
WS04_IR3,sensor,blocked,2024-05-18 16:41:07,weighbridge4,WS04
WS04_IR4,sensor,blocked,2024-05-18 16:41:07,weighbridge4,WS04
WS01_IR1,sensor,blocked,2024-05-18 17:18:03,weighbridge1,WS01
WS01_IR2,sensor,blocked,2024-05-18 17:18:03,weighbridge1,WS01
WS01_IR3,sensor,partially blocked,2024-05-18 17:18:03,weighbridge1,WS01
WS01_IR4,sensor,unblocked,2024-05-18 17:18:03,weighbridge1,WS01
WS12_IR1,sensor,partially blocked,2024-05-18 18:13:41,weighbridge12,WS12
WS12_IR2,sensor,blocked,2024-05-18 18:13:41,weighbridge12,WS12
WS12_IR3,sensor,blocked,2024-05-18 18:13:41,weighbridge12,WS12
WS12_IR4,sensor,blocked,2024-05-18 18:13:41,weighbridge12,WS12
WS19_IR1,sensor,blocked,2024-05-18 18:49:45,weighbridge19,WS19
WS19_IR2,sensor,blocked,2024-05-18 18:49:45,weighbridge19,WS19
WS19_IR3,sensor,blocked,2024-05-18 18:49:45,weighbridge19,WS19
WS19_IR4,sensor,blocked,2024-05-18 18:49:45,weighbridge19,WS19
WS04_IR1,sensor,blocked,2024-05-18 19:03:27,weighbridge4,WS04
WS04_IR2,sensor,blocked,2024-05-18 19:03:27,weighbridge4,WS04
WS04_IR3,sensor,partially blocked,2024-05-18 19:03:27,weighbridge4,WS04
WS04_IR4,sensor,blocked,2024-05-18 19:03:27,weighbridge4,WS04
WS20_IR1,sensor,blocked,2024-05-18 20:08:16,weighbridge20,WS20
WS20_IR2,sensor,blocked,2024-05-18 20:08:16,weighbridge20,WS20
WS20_IR3,sensor,blocked,2024-05-18 20:08:16,weighbridge20,WS20
WS20_IR4,sensor,blocked,2024-05-18 20:08:16,weighbridge20,WS20
WS05_IR1,sensor,blocked,2024-05-18 20:48:44,weighbridge5,WS05
WS05_IR2,sensor,blocked,2024-05-18 20:48:44,weighbridge5,WS05
WS05_IR3,sensor,blocked,2024-05-18 20:48:44,weighbridge5,WS05
WS05_IR4,sensor,blocked,2024-05-18 20:48:44,weighbridge5,WS05
WS01_IR1,sensor,partially blocked,2024-05-18 21:18:45,weighbridge1,WS01
WS01_IR2,sensor,blocked,2024-05-18 21:18:45,weighbridge1,WS01
WS01_IR3,sensor,blocked,2024-05-18 21:18:45,weighbridge1,WS01
WS01_IR4,sensor,blocked,2024-05-18 21:18:45,weighbridge1,WS01
WS18_IR1,sensor,blocked,2024-05-18 21:51:20,weighbridge18,WS18
WS18_IR2,sensor,blocked,2024-05-18 21:51:20,weighbridge18,WS18
WS18_IR3,sensor,blocked,2024-05-18 21:51:20,weighbridge18,WS18
WS18_IR4,sensor,blocked,2024-05-18 21:51:20,weighbridge18,WS18
WS18_IR1,sensor,blocked,2024-05-18 22:23:48,weighbridge18,WS18
WS18_IR2,sensor,blocked,2024-05-18 22:23:48,weighbridge18,WS18
WS18_IR3,sensor,blocked,2024-05-18 22:23:48,weighbridge18,WS18
WS18_IR4,sensor,blocked,2024-05-18 22:23:48,weighbridge18,WS18
WS20_IR1,sensor,blocked,2024-05-18 22:36:29,weighbridge20,WS20
WS20_IR2,sensor,blocked,2024-05-18 22:36:29,weighbridge20,WS20
WS20_IR3,sensor,blocked,2024-05-18 22:36:29,weighbridge20,WS20
WS20_IR4,sensor,blocked,2024-05-18 22:36:29,weighbridge20,WS20
WS02_IR1,sensor,blocked,2024-05-19 00:18:15,weighbridge2,WS02
WS02_IR2,sensor,blocked,2024-05-19 00:18:15,weighbridge2,WS02
WS02_IR3,sensor,blocked,2024-05-19 00:18:15,weighbridge2,WS02
WS02_IR4,sensor,unblocked,2024-05-19 00:18:15,weighbridge2,WS02
WS10_IR1,sensor,blocked,2024-05-19 01:06:37,weighbridge10,WS10
WS10_IR2,sensor,blocked,2024-05-19 01:06:37,weighbridge10,WS10
WS10_IR3,sensor,blocked,2024-05-19 01:06:37,weighbridge10,WS10
WS10_IR4,sensor,blocked,2024-05-19 01:06:37,weighbridge10,WS10
WS10_IR1,sensor,blocked,2024-05-20 12:16:20,weighbridge10,WS10
WS10_IR2,sensor,unblocked,2024-05-20 12:16:20,weighbridge10,WS10
WS10_IR3,sensor,blocked,2024-05-20 12:16:20,weighbridge10,WS10
WS10_IR4,sensor,blocked,2024-05-20 12:16:20,weighbridge10,WS10
WS19_IR1,sensor,blocked,2024-05-20 12:47:29,weighbridge19,WS19
WS19_IR2,sensor,blocked,2024-05-20 12:47:29,weighbridge19,WS19
WS19_IR3,sensor,blocked,2024-05-20 12:47:29,weighbridge19,WS19
WS19_IR4,sensor,blocked,2024-05-20 12:47:29,weighbridge19,WS19
WS07_IR1,sensor,blocked,2024-05-20 12:52:03,weighbridge7,WS07
WS07_IR2,sensor,blocked,2024-05-20 12:52:03,weighbridge7,WS07
WS07_IR3,sensor,blocked,2024-05-20 12:52:03,weighbridge7,WS07
WS07_IR4,sensor,blocked,2024-05-20 12:52:03,weighbridge7,WS07
WS15_IR1,sensor,blocked,2024-05-20 13:07:34,weighbridge15,WS15
WS15_IR2,sensor,blocked,2024-05-20 13:07:34,weighbridge15,WS15
WS15_IR3,sensor,blocked,2024-05-20 13:07:34,weighbridge15,WS15
WS15_IR4,sensor,blocked,2024-05-20 13:07:34,weighbridge15,WS15
WS07_IR1,sensor,blocked,2024-05-20 13:37:08,weighbridge7,WS07
WS07_IR2,sensor,blocked,2024-05-20 13:37:08,weighbridge7,WS07
WS07_IR3,sensor,blocked,2024-05-20 13:37:08,weighbridge7,WS07
WS07_IR4,sensor,partially blocked,2024-05-20 13:37:08,weighbridge7,WS07
WS10_IR1,sensor,blocked,2024-05-20 13:37:21,weighbridge10,WS10
WS10_IR2,sensor,blocked,2024-05-20 13:37:21,weighbridge10,WS10
WS10_IR3,sensor,blocked,2024-05-20 13:37:21,weighbridge10,WS10
WS10_IR4,sensor,blocked,2024-05-20 13:37:21,weighbridge10,WS10
WS05_IR1,sensor,blocked,2024-05-20 13:56:45,weighbridge5,WS05
WS05_IR2,sensor,blocked,2024-05-20 13:56:45,weighbridge5,WS05
WS05_IR3,sensor,blocked,2024-05-20 13:56:45,weighbridge5,WS05
WS05_IR4,sensor,blocked,2024-05-20 13:56:45,weighbridge5,WS05
WS15_IR1,sensor,blocked,2024-05-20 14:12:02,weighbridge15,WS15
WS15_IR2,sensor,blocked,2024-05-20 14:12:02,weighbridge15,WS15
WS15_IR3,sensor,blocked,2024-05-20 14:12:02,weighbridge15,WS15
WS15_IR4,sensor,blocked,2024-05-20 14:12:02,weighbridge15,WS15
WS03_IR1,sensor,blocked,2024-05-20 14:13:09,weighbridge3,WS03
WS03_IR2,sensor,blocked,2024-05-20 14:13:09,weighbridge3,WS03
WS03_IR3,sensor,blocked,2024-05-20 14:13:09,weighbridge3,WS03
WS03_IR4,sensor,blocked,2024-05-20 14:13:09,weighbridge3,WS03
WS13_IR1,sensor,blocked,2024-05-20 14:14:30,weighbridge13,WS13
WS13_IR2,sensor,blocked,2024-05-20 14:14:30,weighbridge13,WS13
WS13_IR3,sensor,blocked,2024-05-20 14:14:30,weighbridge13,WS13
WS13_IR4,sensor,blocked,2024-05-20 14:14:30,weighbridge13,WS13
WS07_IR1,sensor,blocked,2024-05-20 14:22:39,weighbridge7,WS07
WS07_IR2,sensor,blocked,2024-05-20 14:22:39,weighbridge7,WS07
WS07_IR3,sensor,blocked,2024-05-20 14:22:39,weighbridge7,WS07
WS07_IR4,sensor,blocked,2024-05-20 14:22:39,weighbridge7,WS07
WS16_IR1,sensor,blocked,2024-05-20 14:23:50,weighbridge16,WS16
WS16_IR2,sensor,blocked,2024-05-20 14:23:50,weighbridge16,WS16
WS16_IR3,sensor,partially blocked,2024-05-20 14:23:50,weighbridge16,WS16
WS16_IR4,sensor,partially blocked,2024-05-20 14:23:50,weighbridge16,WS16
WS20_IR1,sensor,blocked,2024-05-20 14:27:13,weighbridge20,WS20
WS20_IR2,sensor,blocked,2024-05-20 14:27:13,weighbridge20,WS20
WS20_IR3,sensor,blocked,2024-05-20 14:27:13,weighbridge20,WS20
WS20_IR4,sensor,blocked,2024-05-20 14:27:13,weighbridge20,WS20
WS07_IR1,sensor,blocked,2024-05-20 14:29:18,weighbridge7,WS07
WS07_IR2,sensor,blocked,2024-05-20 14:29:18,weighbridge7,WS07
WS07_IR3,sensor,blocked,2024-05-20 14:29:18,weighbridge7,WS07
WS07_IR4,sensor,blocked,2024-05-20 14:29:18,weighbridge7,WS07
WS14_IR1,sensor,blocked,2024-05-20 14:36:59,weighbridge14,WS14
WS14_IR2,sensor,blocked,2024-05-20 14:36:59,weighbridge14,WS14
WS14_IR3,sensor,blocked,2024-05-20 14:36:59,weighbridge14,WS14
WS14_IR4,sensor,blocked,2024-05-20 14:36:59,weighbridge14,WS14
WS03_IR1,sensor,blocked,2024-05-20 14:40:46,weighbridge3,WS03
WS03_IR2,sensor,blocked,2024-05-20 14:40:46,weighbridge3,WS03
WS03_IR3,sensor,blocked,2024-05-20 14:40:46,weighbridge3,WS03
WS03_IR4,sensor,partially blocked,2024-05-20 14:40:46,weighbridge3,WS03
WS15_IR1,sensor,blocked,2024-05-20 14:46:35,weighbridge15,WS15
WS15_IR2,sensor,blocked,2024-05-20 14:46:35,weighbridge15,WS15
WS15_IR3,sensor,blocked,2024-05-20 14:46:35,weighbridge15,WS15
WS15_IR4,sensor,blocked,2024-05-20 14:46:35,weighbridge15,WS15
WS07_IR1,sensor,blocked,2024-05-20 14:48:19,weighbridge7,WS07
WS07_IR2,sensor,blocked,2024-05-20 14:48:19,weighbridge7,WS07
WS07_IR3,sensor,blocked,2024-05-20 14:48:19,weighbridge7,WS07
WS07_IR4,sensor,blocked,2024-05-20 14:48:19,weighbridge7,WS07
WS02_IR1,sensor,blocked,2024-05-20 14:51:01,weighbridge2,WS02
WS02_IR2,sensor,partially blocked,2024-05-20 14:51:01,weighbridge2,WS02
WS02_IR3,sensor,blocked,2024-05-20 14:51:01,weighbridge2,WS02
WS02_IR4,sensor,blocked,2024-05-20 14:51:01,weighbridge2,WS02
WS19_IR1,sensor,blocked,2024-05-20 14:56:57,weighbridge19,WS19
WS19_IR2,sensor,partially blocked,2024-05-20 14:56:57,weighbridge19,WS19
WS19_IR3,sensor,blocked,2024-05-20 14:56:57,weighbridge19,WS19
WS19_IR4,sensor,blocked,2024-05-20 14:56:57,weighbridge19,WS19
WS05_IR1,sensor,blocked,2024-05-20 15:22:16,weighbridge5,WS05
WS05_IR2,sensor,blocked,2024-05-20 15:22:16,weighbridge5,WS05
WS05_IR3,sensor,blocked,2024-05-20 15:22:16,weighbridge5,WS05
WS05_IR4,sensor,blocked,2024-05-20 15:22:16,weighbridge5,WS05
WS02_IR1,sensor,blocked,2024-05-20 15:23:34,weighbridge2,WS02
WS02_IR2,sensor,blocked,2024-05-20 15:23:34,weighbridge2,WS02
WS02_IR3,sensor,blocked,2024-05-20 15:23:34,weighbridge2,WS02
WS02_IR4,sensor,blocked,2024-05-20 15:23:34,weighbridge2,WS02
WS02_IR1,sensor,blocked,2024-05-20 15:40:29,weighbridge2,WS02
WS02_IR2,sensor,blocked,2024-05-20 15:40:29,weighbridge2,WS02
WS02_IR3,sensor,blocked,2024-05-20 15:40:29,weighbridge2,WS02
WS02_IR4,sensor,blocked,2024-05-20 15:40:29,weighbridge2,WS02
WS08_IR1,sensor,blocked,2024-05-20 16:12:48,weighbridge8,WS08
WS08_IR2,sensor,blocked,2024-05-20 16:12:48,weighbridge8,WS08
WS08_IR3,sensor,blocked,2024-05-20 16:12:48,weighbridge8,WS08
WS08_IR4,sensor,blocked,2024-05-20 16:12:48,weighbridge8,WS08
WS16_IR1,sensor,blocked,2024-05-20 16:24:07,weighbridge16,WS16
WS16_IR2,sensor,blocked,2024-05-20 16:24:07,weighbridge16,WS16
WS16_IR3,sensor,blocked,2024-05-20 16:24:07,weighbridge16,WS16
WS16_IR4,sensor,blocked,2024-05-20 16:24:07,weighbridge16,WS16
WS01_IR1,sensor,blocked,2024-05-20 16:25:37,weighbridge1,WS01
WS01_IR2,sensor,blocked,2024-05-20 16:25:37,weighbridge1,WS01
WS01_IR3,sensor,blocked,2024-05-20 16:25:37,weighbridge1,WS01
WS01_IR4,sensor,blocked,2024-05-20 16:25:37,weighbridge1,WS01
WS12_IR1,sensor,blocked,2024-05-20 16:29:20,weighbridge12,WS12
WS12_IR2,sensor,blocked,2024-05-20 16:29:20,weighbridge12,WS12
WS12_IR3,sensor,blocked,2024-05-20 16:29:20,weighbridge12,WS12
WS12_IR4,sensor,blocked,2024-05-20 16:29:20,weighbridge12,WS12
WS04_IR1,sensor,blocked,2024-05-20 16:33:28,weighbridge4,WS04
WS04_IR2,sensor,blocked,2024-05-20 16:33:28,weighbridge4,WS04
WS04_IR3,sensor,blocked,2024-05-20 16:33:28,weighbridge4,WS04
WS04_IR4,sensor,blocked,2024-05-20 16:33:28,weighbridge4,WS04
WS04_IR1,sensor,blocked,2024-05-20 16:36:04,weighbridge4,WS04
WS04_IR2,sensor,blocked,2024-05-20 16:36:04,weighbridge4,WS04
WS04_IR3,sensor,partially blocked,2024-05-20 16:36:04,weighbridge4,WS04
WS04_IR4,sensor,blocked,2024-05-20 16:36:04,weighbridge4,WS04
WS07_IR1,sensor,blocked,2024-05-20 16:45:58,weighbridge7,WS07
WS07_IR2,sensor,blocked,2024-05-20 16:45:58,weighbridge7,WS07
WS07_IR3,sensor,blocked,2024-05-20 16:45:58,weighbridge7,WS07
WS07_IR4,sensor,blocked,2024-05-20 16:45:58,weighbridge7,WS07
WS20_IR1,sensor,blocked,2024-05-20 16:59:15,weighbridge20,WS20
WS20_IR2,sensor,blocked,2024-05-20 16:59:15,weighbridge20,WS20
WS20_IR3,sensor,blocked,2024-05-20 16:59:15,weighbridge20,WS20
WS20_IR4,sensor,blocked,2024-05-20 16:59:15,weighbridge20,WS20
WS06_IR1,sensor,partially blocked,2024-05-20 17:00:29,weighbridge6,WS06
WS06_IR2,sensor,partially blocked,2024-05-20 17:00:29,weighbridge6,WS06
WS06_IR3,sensor,blocked,2024-05-20 17:00:29,weighbridge6,WS06
WS06_IR4,sensor,blocked,2024-05-20 17:00:29,weighbridge6,WS06
WS07_IR1,sensor,blocked,2024-05-20 17:19:06,weighbridge7,WS07
WS07_IR2,sensor,blocked,2024-05-20 17:19:06,weighbridge7,WS07
WS07_IR3,sensor,partially blocked,2024-05-20 17:19:06,weighbridge7,WS07
WS07_IR4,sensor,blocked,2024-05-20 17:19:06,weighbridge7,WS07
WS09_IR1,sensor,blocked,2024-05-20 17:26:45,weighbridge9,WS09
WS09_IR2,sensor,blocked,2024-05-20 17:26:45,weighbridge9,WS09
WS09_IR3,sensor,blocked,2024-05-20 17:26:45,weighbridge9,WS09
WS09_IR4,sensor,partially blocked,2024-05-20 17:26:45,weighbridge9,WS09
WS01_IR1,sensor,blocked,2024-05-20 17:28:34,weighbridge1,WS01
WS01_IR2,sensor,blocked,2024-05-20 17:28:34,weighbridge1,WS01
WS01_IR3,sensor,blocked,2024-05-20 17:28:34,weighbridge1,WS01
WS01_IR4,sensor,blocked,2024-05-20 17:28:34,weighbridge1,WS01
WS07_IR1,sensor,blocked,2024-05-20 18:01:32,weighbridge7,WS07
WS07_IR2,sensor,partially blocked,2024-05-20 18:01:32,weighbridge7,WS07
WS07_IR3,sensor,blocked,2024-05-20 18:01:32,weighbridge7,WS07
WS07_IR4,sensor,blocked,2024-05-20 18:01:32,weighbridge7,WS07
WS07_IR1,sensor,blocked,2024-05-20 18:04:06,weighbridge7,WS07
WS07_IR2,sensor,blocked,2024-05-20 18:04:06,weighbridge7,WS07
WS07_IR3,sensor,blocked,2024-05-20 18:04:06,weighbridge7,WS07
WS07_IR4,sensor,blocked,2024-05-20 18:04:06,weighbridge7,WS07
WS15_IR1,sensor,partially blocked,2024-05-20 18:06:41,weighbridge15,WS15
WS15_IR2,sensor,blocked,2024-05-20 18:06:41,weighbridge15,WS15
WS15_IR3,sensor,blocked,2024-05-20 18:06:41,weighbridge15,WS15
WS15_IR4,sensor,blocked,2024-05-20 18:06:41,weighbridge15,WS15
WS14_IR1,sensor,blocked,2024-05-20 18:10:05,weighbridge14,WS14
WS14_IR2,sensor,blocked,2024-05-20 18:10:05,weighbridge14,WS14
WS14_IR3,sensor,partially blocked,2024-05-20 18:10:05,weighbridge14,WS14
WS14_IR4,sensor,blocked,2024-05-20 18:10:05,weighbridge14,WS14
WS14_IR1,sensor,blocked,2024-05-20 20:08:47,weighbridge14,WS14
WS14_IR2,sensor,blocked,2024-05-20 20:08:47,weighbridge14,WS14
WS14_IR3,sensor,blocked,2024-05-20 20:08:47,weighbridge14,WS14
WS14_IR4,sensor,blocked,2024-05-20 20:08:47,weighbridge14,WS14
WS08_IR1,sensor,blocked,2024-05-20 20:26:17,weighbridge8,WS08
WS08_IR2,sensor,blocked,2024-05-20 20:26:17,weighbridge8,WS08
WS08_IR3,sensor,blocked,2024-05-20 20:26:17,weighbridge8,WS08
WS08_IR4,sensor,blocked,2024-05-20 20:26:17,weighbridge8,WS08
WS16_IR1,sensor,blocked,2024-05-20 20:36:14,weighbridge16,WS16
WS16_IR2,sensor,blocked,2024-05-20 20:36:14,weighbridge16,WS16
WS16_IR3,sensor,blocked,2024-05-20 20:36:14,weighbridge16,WS16
WS16_IR4,sensor,blocked,2024-05-20 20:36:14,weighbridge16,WS16
WS02_IR1,sensor,blocked,2024-05-20 21:06:10,weighbridge2,WS02
WS02_IR2,sensor,blocked,2024-05-20 21:06:10,weighbridge2,WS02
WS02_IR3,sensor,partially blocked,2024-05-20 21:06:10,weighbridge2,WS02
WS02_IR4,sensor,blocked,2024-05-20 21:06:10,weighbridge2,WS02
WS02_IR1,sensor,blocked,2024-05-20 22:24:39,weighbridge2,WS02
WS02_IR2,sensor,blocked,2024-05-20 22:24:39,weighbridge2,WS02
WS02_IR3,sensor,blocked,2024-05-20 22:24:39,weighbridge2,WS02
WS02_IR4,sensor,partially blocked,2024-05-20 22:24:39,weighbridge2,WS02
WS05_IR1,sensor,blocked,2024-05-20 22:42:06,weighbridge5,WS05
WS05_IR2,sensor,blocked,2024-05-20 22:42:06,weighbridge5,WS05
WS05_IR3,sensor,blocked,2024-05-20 22:42:06,weighbridge5,WS05
WS05_IR4,sensor,blocked,2024-05-20 22:42:06,weighbridge5,WS05
WS07_IR1,sensor,blocked,2024-05-20 23:23:53,weighbridge7,WS07
WS07_IR2,sensor,blocked,2024-05-20 23:23:53,weighbridge7,WS07
WS07_IR3,sensor,blocked,2024-05-20 23:23:53,weighbridge7,WS07
WS07_IR4,sensor,blocked,2024-05-20 23:23:53,weighbridge7,WS07
WS16_IR1,sensor,blocked,2024-05-20 23:47:19,weighbridge16,WS16
WS16_IR2,sensor,blocked,2024-05-20 23:47:19,weighbridge16,WS16
WS16_IR3,sensor,blocked,2024-05-20 23:47:19,weighbridge16,WS16
WS16_IR4,sensor,blocked,2024-05-20 23:47:19,weighbridge16,WS16
WS14_IR1,sensor,blocked,2024-05-21 01:06:46,weighbridge14,WS14
WS14_IR2,sensor,partially blocked,2024-05-21 01:06:46,weighbridge14,WS14
WS14_IR3,sensor,blocked,2024-05-21 01:06:46,weighbridge14,WS14
WS14_IR4,sensor,blocked,2024-05-21 01:06:46,weighbridge14,WS14
WS12_IR1,sensor,blocked,2024-05-21 01:17:56,weighbridge12,WS12
WS12_IR2,sensor,blocked,2024-05-21 01:17:56,weighbridge12,WS12
WS12_IR3,sensor,unblocked,2024-05-21 01:17:56,weighbridge12,WS12
WS12_IR4,sensor,blocked,2024-05-21 01:17:56,weighbridge12,WS12
WS19_IR1,sensor,blocked,2024-05-21 02:42:36,weighbridge19,WS19
WS19_IR2,sensor,blocked,2024-05-21 02:42:36,weighbridge19,WS19
WS19_IR3,sensor,unblocked,2024-05-21 02:42:36,weighbridge19,WS19
WS19_IR4,sensor,blocked,2024-05-21 02:42:36,weighbridge19,WS19
WS09_IR1,sensor,blocked,2024-05-22 13:51:02,weighbridge9,WS09
WS09_IR2,sensor,blocked,2024-05-22 13:51:02,weighbridge9,WS09
WS09_IR3,sensor,blocked,2024-05-22 13:51:02,weighbridge9,WS09
WS09_IR4,sensor,blocked,2024-05-22 13:51:02,weighbridge9,WS09
WS14_IR1,sensor,blocked,2024-05-22 14:01:41,weighbridge14,WS14
WS14_IR2,sensor,blocked,2024-05-22 14:01:41,weighbridge14,WS14
WS14_IR3,sensor,blocked,2024-05-22 14:01:41,weighbridge14,WS14
WS14_IR4,sensor,blocked,2024-05-22 14:01:41,weighbridge14,WS14
WS20_IR1,sensor,blocked,2024-05-22 14:12:10,weighbridge20,WS20
WS20_IR2,sensor,blocked,2024-05-22 14:12:10,weighbridge20,WS20
WS20_IR3,sensor,blocked,2024-05-22 14:12:10,weighbridge20,WS20
WS20_IR4,sensor,blocked,2024-05-22 14:12:10,weighbridge20,WS20
WS09_IR1,sensor,blocked,2024-05-22 14:31:39,weighbridge9,WS09
WS09_IR2,sensor,blocked,2024-05-22 14:31:39,weighbridge9,WS09
WS09_IR3,sensor,blocked,2024-05-22 14:31:39,weighbridge9,WS09
WS09_IR4,sensor,blocked,2024-05-22 14:31:39,weighbridge9,WS09
WS20_IR1,sensor,blocked,2024-05-22 14:43:33,weighbridge20,WS20
WS20_IR2,sensor,blocked,2024-05-22 14:43:33,weighbridge20,WS20
WS20_IR3,sensor,blocked,2024-05-22 14:43:33,weighbridge20,WS20
WS20_IR4,sensor,blocked,2024-05-22 14:43:33,weighbridge20,WS20
WS01_IR1,sensor,blocked,2024-05-22 14:54:07,weighbridge1,WS01
WS01_IR2,sensor,blocked,2024-05-22 14:54:07,weighbridge1,WS01
WS01_IR3,sensor,blocked,2024-05-22 14:54:07,weighbridge1,WS01
WS01_IR4,sensor,blocked,2024-05-22 14:54:07,weighbridge1,WS01
WS12_IR1,sensor,partially blocked,2024-05-22 15:00:03,weighbridge12,WS12
WS12_IR2,sensor,blocked,2024-05-22 15:00:03,weighbridge12,WS12
WS12_IR3,sensor,blocked,2024-05-22 15:00:03,weighbridge12,WS12
WS12_IR4,sensor,blocked,2024-05-22 15:00:03,weighbridge12,WS12
WS02_IR1,sensor,blocked,2024-05-22 15:13:02,weighbridge2,WS02
WS02_IR2,sensor,blocked,2024-05-22 15:13:02,weighbridge2,WS02
WS02_IR3,sensor,blocked,2024-05-22 15:13:02,weighbridge2,WS02
WS02_IR4,sensor,blocked,2024-05-22 15:13:02,weighbridge2,WS02
WS12_IR1,sensor,blocked,2024-05-22 15:39:18,weighbridge12,WS12
WS12_IR2,sensor,blocked,2024-05-22 15:39:18,weighbridge12,WS12
WS12_IR3,sensor,blocked,2024-05-22 15:39:18,weighbridge12,WS12
WS12_IR4,sensor,blocked,2024-05-22 15:39:18,weighbridge12,WS12
WS03_IR1,sensor,blocked,2024-05-22 15:43:35,weighbridge3,WS03
WS03_IR2,sensor,blocked,2024-05-22 15:43:35,weighbridge3,WS03
WS03_IR3,sensor,blocked,2024-05-22 15:43:35,weighbridge3,WS03
WS03_IR4,sensor,blocked,2024-05-22 15:43:35,weighbridge3,WS03
WS04_IR1,sensor,blocked,2024-05-22 15:49:52,weighbridge4,WS04
WS04_IR2,sensor,blocked,2024-05-22 15:49:52,weighbridge4,WS04
WS04_IR3,sensor,blocked,2024-05-22 15:49:52,weighbridge4,WS04
WS04_IR4,sensor,blocked,2024-05-22 15:49:52,weighbridge4,WS04
WS20_IR1,sensor,blocked,2024-05-22 15:50:42,weighbridge20,WS20
WS20_IR2,sensor,blocked,2024-05-22 15:50:42,weighbridge20,WS20
WS20_IR3,sensor,blocked,2024-05-22 15:50:42,weighbridge20,WS20
WS20_IR4,sensor,blocked,2024-05-22 15:50:42,weighbridge20,WS20
WS04_IR1,sensor,blocked,2024-05-22 15:58:06,weighbridge4,WS04
WS04_IR2,sensor,blocked,2024-05-22 15:58:06,weighbridge4,WS04
WS04_IR3,sensor,blocked,2024-05-22 15:58:06,weighbridge4,WS04
WS04_IR4,sensor,partially blocked,2024-05-22 15:58:06,weighbridge4,WS04
WS05_IR1,sensor,blocked,2024-05-22 16:04:28,weighbridge5,WS05
WS05_IR2,sensor,blocked,2024-05-22 16:04:28,weighbridge5,WS05
WS05_IR3,sensor,blocked,2024-05-22 16:04:28,weighbridge5,WS05
WS05_IR4,sensor,blocked,2024-05-22 16:04:28,weighbridge5,WS05
WS05_IR1,sensor,blocked,2024-05-22 16:05:23,weighbridge5,WS05
WS05_IR2,sensor,blocked,2024-05-22 16:05:23,weighbridge5,WS05
WS05_IR3,sensor,blocked,2024-05-22 16:05:23,weighbridge5,WS05
WS05_IR4,sensor,blocked,2024-05-22 16:05:23,weighbridge5,WS05
WS14_IR1,sensor,blocked,2024-05-22 16:06:09,weighbridge14,WS14
WS14_IR2,sensor,blocked,2024-05-22 16:06:09,weighbridge14,WS14
WS14_IR3,sensor,blocked,2024-05-22 16:06:09,weighbridge14,WS14
WS14_IR4,sensor,blocked,2024-05-22 16:06:09,weighbridge14,WS14
WS02_IR1,sensor,blocked,2024-05-22 16:09:55,weighbridge2,WS02
WS02_IR2,sensor,blocked,2024-05-22 16:09:55,weighbridge2,WS02
WS02_IR3,sensor,blocked,2024-05-22 16:09:55,weighbridge2,WS02
WS02_IR4,sensor,blocked,2024-05-22 16:09:55,weighbridge2,WS02
WS14_IR1,sensor,unblocked,2024-05-22 16:22:26,weighbridge14,WS14
WS14_IR2,sensor,blocked,2024-05-22 16:22:26,weighbridge14,WS14
WS14_IR3,sensor,blocked,2024-05-22 16:22:26,weighbridge14,WS14
WS14_IR4,sensor,blocked,2024-05-22 16:22:26,weighbridge14,WS14
WS02_IR1,sensor,blocked,2024-05-22 16:29:27,weighbridge2,WS02
WS02_IR2,sensor,blocked,2024-05-22 16:29:27,weighbridge2,WS02
WS02_IR3,sensor,blocked,2024-05-22 16:29:27,weighbridge2,WS02
WS02_IR4,sensor,blocked,2024-05-22 16:29:27,weighbridge2,WS02
WS08_IR1,sensor,partially blocked,2024-05-22 16:34:50,weighbridge8,WS08
WS08_IR2,sensor,blocked,2024-05-22 16:34:50,weighbridge8,WS08
WS08_IR3,sensor,blocked,2024-05-22 16:34:50,weighbridge8,WS08
WS08_IR4,sensor,blocked,2024-05-22 16:34:50,weighbridge8,WS08
WS18_IR1,sensor,blocked,2024-05-22 16:37:29,weighbridge18,WS18
WS18_IR2,sensor,blocked,2024-05-22 16:37:29,weighbridge18,WS18
WS18_IR3,sensor,blocked,2024-05-22 16:37:29,weighbridge18,WS18
WS18_IR4,sensor,blocked,2024-05-22 16:37:29,weighbridge18,WS18
WS07_IR1,sensor,blocked,2024-05-22 17:02:14,weighbridge7,WS07
WS07_IR2,sensor,blocked,2024-05-22 17:02:14,weighbridge7,WS07
WS07_IR3,sensor,blocked,2024-05-22 17:02:14,weighbridge7,WS07
WS07_IR4,sensor,blocked,2024-05-22 17:02:14,weighbridge7,WS07
WS06_IR1,sensor,partially blocked,2024-05-22 17:16:55,weighbridge6,WS06
WS06_IR2,sensor,blocked,2024-05-22 17:16:55,weighbridge6,WS06
WS06_IR3,sensor,blocked,2024-05-22 17:16:55,weighbridge6,WS06
WS06_IR4,sensor,blocked,2024-05-22 17:16:55,weighbridge6,WS06
WS13_IR1,sensor,blocked,2024-05-22 17:20:50,weighbridge13,WS13
WS13_IR2,sensor,blocked,2024-05-22 17:20:50,weighbridge13,WS13
WS13_IR3,sensor,blocked,2024-05-22 17:20:50,weighbridge13,WS13
WS13_IR4,sensor,blocked,2024-05-22 17:20:50,weighbridge13,WS13
WS06_IR1,sensor,blocked,2024-05-22 17:27:50,weighbridge6,WS06
WS06_IR2,sensor,blocked,2024-05-22 17:27:50,weighbridge6,WS06
WS06_IR3,sensor,blocked,2024-05-22 17:27:50,weighbridge6,WS06
WS06_IR4,sensor,blocked,2024-05-22 17:27:50,weighbridge6,WS06
WS12_IR1,sensor,blocked,2024-05-22 17:38:25,weighbridge12,WS12
WS12_IR2,sensor,blocked,2024-05-22 17:38:25,weighbridge12,WS12
WS12_IR3,sensor,blocked,2024-05-22 17:38:25,weighbridge12,WS12
WS12_IR4,sensor,blocked,2024-05-22 17:38:25,weighbridge12,WS12
WS10_IR1,sensor,blocked,2024-05-22 17:45:28,weighbridge10,WS10
WS10_IR2,sensor,blocked,2024-05-22 17:45:28,weighbridge10,WS10
WS10_IR3,sensor,blocked,2024-05-22 17:45:28,weighbridge10,WS10
WS10_IR4,sensor,blocked,2024-05-22 17:45:28,weighbridge10,WS10
WS17_IR1,sensor,unblocked,2024-05-22 18:04:46,weighbridge17,WS17
WS17_IR2,sensor,blocked,2024-05-22 18:04:46,weighbridge17,WS17
WS17_IR3,sensor,blocked,2024-05-22 18:04:46,weighbridge17,WS17
WS17_IR4,sensor,blocked,2024-05-22 18:04:46,weighbridge17,WS17
WS15_IR1,sensor,blocked,2024-05-22 18:05:54,weighbridge15,WS15
WS15_IR2,sensor,unblocked,2024-05-22 18:05:54,weighbridge15,WS15
WS15_IR3,sensor,blocked,2024-05-22 18:05:54,weighbridge15,WS15
WS15_IR4,sensor,blocked,2024-05-22 18:05:54,weighbridge15,WS15
WS06_IR1,sensor,blocked,2024-05-22 18:06:21,weighbridge6,WS06
WS06_IR2,sensor,blocked,2024-05-22 18:06:21,weighbridge6,WS06
WS06_IR3,sensor,blocked,2024-05-22 18:06:21,weighbridge6,WS06
WS06_IR4,sensor,blocked,2024-05-22 18:06:21,weighbridge6,WS06
WS14_IR1,sensor,blocked,2024-05-22 18:08:04,weighbridge14,WS14
WS14_IR2,sensor,blocked,2024-05-22 18:08:04,weighbridge14,WS14
WS14_IR3,sensor,blocked,2024-05-22 18:08:04,weighbridge14,WS14
WS14_IR4,sensor,blocked,2024-05-22 18:08:04,weighbridge14,WS14
WS02_IR1,sensor,blocked,2024-05-22 18:12:07,weighbridge2,WS02
WS02_IR2,sensor,partially blocked,2024-05-22 18:12:07,weighbridge2,WS02
WS02_IR3,sensor,blocked,2024-05-22 18:12:07,weighbridge2,WS02
WS02_IR4,sensor,blocked,2024-05-22 18:12:07,weighbridge2,WS02
WS10_IR1,sensor,blocked,2024-05-22 18:19:30,weighbridge10,WS10
WS10_IR2,sensor,blocked,2024-05-22 18:19:30,weighbridge10,WS10
WS10_IR3,sensor,blocked,2024-05-22 18:19:30,weighbridge10,WS10
WS10_IR4,sensor,blocked,2024-05-22 18:19:30,weighbridge10,WS10
WS05_IR1,sensor,blocked,2024-05-22 18:21:26,weighbridge5,WS05
WS05_IR2,sensor,blocked,2024-05-22 18:21:26,weighbridge5,WS05
WS05_IR3,sensor,blocked,2024-05-22 18:21:26,weighbridge5,WS05
WS05_IR4,sensor,partially blocked,2024-05-22 18:21:26,weighbridge5,WS05
WS17_IR1,sensor,partially blocked,2024-05-22 18:23:55,weighbridge17,WS17
WS17_IR2,sensor,blocked,2024-05-22 18:23:55,weighbridge17,WS17
WS17_IR3,sensor,blocked,2024-05-22 18:23:55,weighbridge17,WS17
WS17_IR4,sensor,blocked,2024-05-22 18:23:55,weighbridge17,WS17
WS17_IR1,sensor,blocked,2024-05-22 18:53:27,weighbridge17,WS17
WS17_IR2,sensor,blocked,2024-05-22 18:53:27,weighbridge17,WS17
WS17_IR3,sensor,blocked,2024-05-22 18:53:27,weighbridge17,WS17
WS17_IR4,sensor,blocked,2024-05-22 18:53:27,weighbridge17,WS17
WS10_IR1,sensor,blocked,2024-05-22 19:03:03,weighbridge10,WS10
WS10_IR2,sensor,blocked,2024-05-22 19:03:03,weighbridge10,WS10
WS10_IR3,sensor,blocked,2024-05-22 19:03:03,weighbridge10,WS10
WS10_IR4,sensor,blocked,2024-05-22 19:03:03,weighbridge10,WS10
WS12_IR1,sensor,blocked,2024-05-22 19:17:08,weighbridge12,WS12
WS12_IR2,sensor,blocked,2024-05-22 19:17:08,weighbridge12,WS12
WS12_IR3,sensor,blocked,2024-05-22 19:17:08,weighbridge12,WS12
WS12_IR4,sensor,blocked,2024-05-22 19:17:08,weighbridge12,WS12
WS16_IR1,sensor,blocked,2024-05-22 20:12:01,weighbridge16,WS16
WS16_IR2,sensor,blocked,2024-05-22 20:12:01,weighbridge16,WS16
WS16_IR3,sensor,blocked,2024-05-22 20:12:01,weighbridge16,WS16
WS16_IR4,sensor,blocked,2024-05-22 20:12:01,weighbridge16,WS16
WS10_IR1,sensor,blocked,2024-05-22 21:23:28,weighbridge10,WS10
WS10_IR2,sensor,blocked,2024-05-22 21:23:28,weighbridge10,WS10
WS10_IR3,sensor,blocked,2024-05-22 21:23:28,weighbridge10,WS10
WS10_IR4,sensor,blocked,2024-05-22 21:23:28,weighbridge10,WS10
WS16_IR1,sensor,blocked,2024-05-22 21:27:59,weighbridge16,WS16
WS16_IR2,sensor,blocked,2024-05-22 21:27:59,weighbridge16,WS16
WS16_IR3,sensor,blocked,2024-05-22 21:27:59,weighbridge16,WS16
WS16_IR4,sensor,blocked,2024-05-22 21:27:59,weighbridge16,WS16
WS18_IR1,sensor,blocked,2024-05-22 21:54:55,weighbridge18,WS18
WS18_IR2,sensor,blocked,2024-05-22 21:54:55,weighbridge18,WS18
WS18_IR3,sensor,blocked,2024-05-22 21:54:55,weighbridge18,WS18
WS18_IR4,sensor,blocked,2024-05-22 21:54:55,weighbridge18,WS18
WS06_IR1,sensor,blocked,2024-05-22 22:22:15,weighbridge6,WS06
WS06_IR2,sensor,blocked,2024-05-22 22:22:15,weighbridge6,WS06
WS06_IR3,sensor,blocked,2024-05-22 22:22:15,weighbridge6,WS06
WS06_IR4,sensor,blocked,2024-05-22 22:22:15,weighbridge6,WS06
WS02_IR1,sensor,blocked,2024-05-22 23:26:32,weighbridge2,WS02
WS02_IR2,sensor,blocked,2024-05-22 23:26:32,weighbridge2,WS02
WS02_IR3,sensor,blocked,2024-05-22 23:26:32,weighbridge2,WS02
WS02_IR4,sensor,blocked,2024-05-22 23:26:32,weighbridge2,WS02
WS20_IR1,sensor,blocked,2024-05-23 00:08:09,weighbridge20,WS20
WS20_IR2,sensor,blocked,2024-05-23 00:08:09,weighbridge20,WS20
WS20_IR3,sensor,blocked,2024-05-23 00:08:09,weighbridge20,WS20
WS20_IR4,sensor,blocked,2024-05-23 00:08:09,weighbridge20,WS20
WS10_IR1,sensor,blocked,2024-05-23 00:27:53,weighbridge10,WS10
WS10_IR2,sensor,blocked,2024-05-23 00:27:53,weighbridge10,WS10
WS10_IR3,sensor,blocked,2024-05-23 00:27:53,weighbridge10,WS10
WS10_IR4,sensor,blocked,2024-05-23 00:27:53,weighbridge10,WS10
WS07_IR1,sensor,blocked,2024-05-23 01:02:16,weighbridge7,WS07
WS07_IR2,sensor,blocked,2024-05-23 01:02:16,weighbridge7,WS07
WS07_IR3,sensor,blocked,2024-05-23 01:02:16,weighbridge7,WS07
WS07_IR4,sensor,blocked,2024-05-23 01:02:16,weighbridge7,WS07
WS16_IR1,sensor,blocked,2024-05-23 02:24:13,weighbridge16,WS16
WS16_IR2,sensor,blocked,2024-05-23 02:24:13,weighbridge16,WS16
WS16_IR3,sensor,blocked,2024-05-23 02:24:13,weighbridge16,WS16
WS16_IR4,sensor,blocked,2024-05-23 02:24:13,weighbridge16,WS16
WS20_IR1,sensor,blocked,2024-05-23 02:56:19,weighbridge20,WS20
WS20_IR2,sensor,blocked,2024-05-23 02:56:19,weighbridge20,WS20
WS20_IR3,sensor,blocked,2024-05-23 02:56:19,weighbridge20,WS20
WS20_IR4,sensor,blocked,2024-05-23 02:56:19,weighbridge20,WS20
WS08_IR1,sensor,blocked,2024-05-23 03:40:34,weighbridge8,WS08
WS08_IR2,sensor,blocked,2024-05-23 03:40:34,weighbridge8,WS08
WS08_IR3,sensor,blocked,2024-05-23 03:40:34,weighbridge8,WS08
WS08_IR4,sensor,unblocked,2024-05-23 03:40:34,weighbridge8,WS08
WS01_IR1,sensor,blocked,2024-05-24 14:45:18,weighbridge1,WS01
WS01_IR2,sensor,blocked,2024-05-24 14:45:18,weighbridge1,WS01
WS01_IR3,sensor,blocked,2024-05-24 14:45:18,weighbridge1,WS01
WS01_IR4,sensor,blocked,2024-05-24 14:45:18,weighbridge1,WS01
WS05_IR1,sensor,blocked,2024-05-24 14:56:25,weighbridge5,WS05
WS05_IR2,sensor,blocked,2024-05-24 14:56:25,weighbridge5,WS05
WS05_IR3,sensor,blocked,2024-05-24 14:56:25,weighbridge5,WS05
WS05_IR4,sensor,blocked,2024-05-24 14:56:25,weighbridge5,WS05
WS07_IR1,sensor,blocked,2024-05-24 15:25:13,weighbridge7,WS07
WS07_IR2,sensor,blocked,2024-05-24 15:25:13,weighbridge7,WS07
WS07_IR3,sensor,blocked,2024-05-24 15:25:13,weighbridge7,WS07
WS07_IR4,sensor,blocked,2024-05-24 15:25:13,weighbridge7,WS07
WS07_IR1,sensor,blocked,2024-05-24 15:33:12,weighbridge7,WS07
WS07_IR2,sensor,blocked,2024-05-24 15:33:12,weighbridge7,WS07
WS07_IR3,sensor,partially blocked,2024-05-24 15:33:12,weighbridge7,WS07
WS07_IR4,sensor,blocked,2024-05-24 15:33:12,weighbridge7,WS07
WS14_IR1,sensor,blocked,2024-05-24 15:41:00,weighbridge14,WS14
WS14_IR2,sensor,blocked,2024-05-24 15:41:00,weighbridge14,WS14
WS14_IR3,sensor,blocked,2024-05-24 15:41:00,weighbridge14,WS14
WS14_IR4,sensor,blocked,2024-05-24 15:41:00,weighbridge14,WS14
WS20_IR1,sensor,blocked,2024-05-24 15:51:44,weighbridge20,WS20
WS20_IR2,sensor,blocked,2024-05-24 15:51:44,weighbridge20,WS20
WS20_IR3,sensor,blocked,2024-05-24 15:51:44,weighbridge20,WS20
WS20_IR4,sensor,blocked,2024-05-24 15:51:44,weighbridge20,WS20
WS06_IR1,sensor,blocked,2024-05-24 15:52:15,weighbridge6,WS06
WS06_IR2,sensor,blocked,2024-05-24 15:52:15,weighbridge6,WS06
WS06_IR3,sensor,blocked,2024-05-24 15:52:15,weighbridge6,WS06
WS06_IR4,sensor,blocked,2024-05-24 15:52:15,weighbridge6,WS06
WS01_IR1,sensor,blocked,2024-05-24 16:35:11,weighbridge1,WS01
WS01_IR2,sensor,blocked,2024-05-24 16:35:11,weighbridge1,WS01
WS01_IR3,sensor,blocked,2024-05-24 16:35:11,weighbridge1,WS01
WS01_IR4,sensor,partially blocked,2024-05-24 16:35:11,weighbridge1,WS01
WS01_IR1,sensor,blocked,2024-05-24 16:38:05,weighbridge1,WS01
WS01_IR2,sensor,blocked,2024-05-24 16:38:05,weighbridge1,WS01
WS01_IR3,sensor,blocked,2024-05-24 16:38:05,weighbridge1,WS01
WS01_IR4,sensor,blocked,2024-05-24 16:38:05,weighbridge1,WS01
WS13_IR1,sensor,blocked,2024-05-24 16:41:53,weighbridge13,WS13
WS13_IR2,sensor,blocked,2024-05-24 16:41:53,weighbridge13,WS13
WS13_IR3,sensor,blocked,2024-05-24 16:41:53,weighbridge13,WS13
WS13_IR4,sensor,blocked,2024-05-24 16:41:53,weighbridge13,WS13
WS01_IR1,sensor,blocked,2024-05-24 17:06:14,weighbridge1,WS01
WS01_IR2,sensor,blocked,2024-05-24 17:06:14,weighbridge1,WS01
WS01_IR3,sensor,blocked,2024-05-24 17:06:14,weighbridge1,WS01
WS01_IR4,sensor,blocked,2024-05-24 17:06:14,weighbridge1,WS01
WS12_IR1,sensor,blocked,2024-05-24 17:07:30,weighbridge12,WS12
WS12_IR2,sensor,blocked,2024-05-24 17:07:30,weighbridge12,WS12
WS12_IR3,sensor,unblocked,2024-05-24 17:07:30,weighbridge12,WS12
WS12_IR4,sensor,blocked,2024-05-24 17:07:30,weighbridge12,WS12
WS17_IR1,sensor,blocked,2024-05-24 17:09:31,weighbridge17,WS17
WS17_IR2,sensor,blocked,2024-05-24 17:09:31,weighbridge17,WS17
WS17_IR3,sensor,partially blocked,2024-05-24 17:09:31,weighbridge17,WS17
WS17_IR4,sensor,blocked,2024-05-24 17:09:31,weighbridge17,WS17
WS20_IR1,sensor,unblocked,2024-05-24 17:11:57,weighbridge20,WS20
WS20_IR2,sensor,blocked,2024-05-24 17:11:57,weighbridge20,WS20
WS20_IR3,sensor,blocked,2024-05-24 17:11:57,weighbridge20,WS20
WS20_IR4,sensor,blocked,2024-05-24 17:11:57,weighbridge20,WS20
WS10_IR1,sensor,blocked,2024-05-24 17:28:20,weighbridge10,WS10
WS10_IR2,sensor,blocked,2024-05-24 17:28:20,weighbridge10,WS10
WS10_IR3,sensor,blocked,2024-05-24 17:28:20,weighbridge10,WS10
WS10_IR4,sensor,blocked,2024-05-24 17:28:20,weighbridge10,WS10
WS20_IR1,sensor,blocked,2024-05-24 17:34:47,weighbridge20,WS20
WS20_IR2,sensor,blocked,2024-05-24 17:34:47,weighbridge20,WS20
WS20_IR3,sensor,blocked,2024-05-24 17:34:47,weighbridge20,WS20
WS20_IR4,sensor,blocked,2024-05-24 17:34:47,weighbridge20,WS20
WS03_IR1,sensor,blocked,2024-05-25 04:24:23,weighbridge3,WS03
WS03_IR2,sensor,partially blocked,2024-05-25 04:24:23,weighbridge3,WS03
WS03_IR3,sensor,blocked,2024-05-25 04:24:23,weighbridge3,WS03
WS03_IR4,sensor,blocked,2024-05-25 04:24:23,weighbridge3,WS03
WS08_IR1,sensor,blocked,2024-05-25 06:25:34,weighbridge8,WS08
WS08_IR2,sensor,blocked,2024-05-25 06:25:34,weighbridge8,WS08
WS08_IR3,sensor,unblocked,2024-05-25 06:25:34,weighbridge8,WS08
WS08_IR4,sensor,blocked,2024-05-25 06:25:34,weighbridge8,WS08
WS19_IR1,sensor,blocked,2024-05-26 00:44:23,weighbridge19,WS19
WS19_IR2,sensor,unblocked,2024-05-26 00:44:23,weighbridge19,WS19
WS19_IR3,sensor,blocked,2024-05-26 00:44:23,weighbridge19,WS19
WS19_IR4,sensor,blocked,2024-05-26 00:44:23,weighbridge19,WS19
WS02_IR1,sensor,blocked,2024-05-26 08:28:53,weighbridge2,WS02
WS02_IR2,sensor,blocked,2024-05-26 08:28:53,weighbridge2,WS02
WS02_IR3,sensor,blocked,2024-05-26 08:28:53,weighbridge2,WS02
WS02_IR4,sensor,blocked,2024-05-26 08:28:53,weighbridge2,WS02
WS07_IR1,sensor,blocked,2024-05-26 08:35:51,weighbridge7,WS07
WS07_IR2,sensor,blocked,2024-05-26 08:35:51,weighbridge7,WS07
WS07_IR3,sensor,partially blocked,2024-05-26 08:35:51,weighbridge7,WS07
WS07_IR4,sensor,blocked,2024-05-26 08:35:51,weighbridge7,WS07
WS15_IR1,sensor,blocked,2024-05-26 08:45:04,weighbridge15,WS15
WS15_IR2,sensor,blocked,2024-05-26 08:45:04,weighbridge15,WS15
WS15_IR3,sensor,blocked,2024-05-26 08:45:04,weighbridge15,WS15
WS15_IR4,sensor,blocked,2024-05-26 08:45:04,weighbridge15,WS15
WS04_IR1,sensor,blocked,2024-05-26 11:10:51,weighbridge4,WS04
WS04_IR2,sensor,blocked,2024-05-26 11:10:51,weighbridge4,WS04
WS04_IR3,sensor,blocked,2024-05-26 11:10:51,weighbridge4,WS04
WS04_IR4,sensor,blocked,2024-05-26 11:10:51,weighbridge4,WS04
WS04_IR1,sensor,blocked,2024-05-26 11:15:47,weighbridge4,WS04
WS04_IR2,sensor,blocked,2024-05-26 11:15:47,weighbridge4,WS04
WS04_IR3,sensor,blocked,2024-05-26 11:15:47,weighbridge4,WS04
WS04_IR4,sensor,blocked,2024-05-26 11:15:47,weighbridge4,WS04
WS17_IR1,sensor,blocked,2024-05-26 11:18:22,weighbridge17,WS17
WS17_IR2,sensor,blocked,2024-05-26 11:18:22,weighbridge17,WS17
WS17_IR3,sensor,blocked,2024-05-26 11:18:22,weighbridge17,WS17
WS17_IR4,sensor,partially blocked,2024-05-26 11:18:22,weighbridge17,WS17
WS12_IR1,sensor,blocked,2024-05-26 11:23:24,weighbridge12,WS12
WS12_IR2,sensor,blocked,2024-05-26 11:23:24,weighbridge12,WS12
WS12_IR3,sensor,unblocked,2024-05-26 11:23:24,weighbridge12,WS12
WS12_IR4,sensor,blocked,2024-05-26 11:23:24,weighbridge12,WS12
WS02_IR1,sensor,blocked,2024-05-26 19:07:52,weighbridge2,WS02
WS02_IR2,sensor,blocked,2024-05-26 19:07:52,weighbridge2,WS02
WS02_IR3,sensor,blocked,2024-05-26 19:07:52,weighbridge2,WS02
WS02_IR4,sensor,blocked,2024-05-26 19:07:52,weighbridge2,WS02
WS15_IR1,sensor,blocked,2024-05-27 08:35:23,weighbridge15,WS15
WS15_IR2,sensor,blocked,2024-05-27 08:35:23,weighbridge15,WS15
WS15_IR3,sensor,blocked,2024-05-27 08:35:23,weighbridge15,WS15
WS15_IR4,sensor,blocked,2024-05-27 08:35:23,weighbridge15,WS15
WS09_IR1,sensor,blocked,2024-05-28 02:46:55,weighbridge9,WS09
WS09_IR2,sensor,blocked,2024-05-28 02:46:55,weighbridge9,WS09
WS09_IR3,sensor,blocked,2024-05-28 02:46:55,weighbridge9,WS09
WS09_IR4,sensor,blocked,2024-05-28 02:46:55,weighbridge9,WS09
WS01_IR1,sensor,blocked,2024-05-29 00:37:40,weighbridge1,WS01
WS01_IR2,sensor,blocked,2024-05-29 00:37:40,weighbridge1,WS01
WS01_IR3,sensor,blocked,2024-05-29 00:37:40,weighbridge1,WS01
WS01_IR4,sensor,blocked,2024-05-29 00:37:40,weighbridge1,WS01
WS10_IR1,sensor,blocked,2024-05-31 08:21:33,weighbridge10,WS10
WS10_IR2,sensor,blocked,2024-05-31 08:21:33,weighbridge10,WS10
WS10_IR3,sensor,unblocked,2024-05-31 08:21:33,weighbridge10,WS10
WS10_IR4,sensor,unblocked,2024-05-31 08:21:33,weighbridge10,WS10
